Sampled date,Collected by,Collected from,Customer id,Date authorised,Description,Group id,Id Numeric,Id Text,Job Name,Motivo ekuis,Obser ekuis,Product,Reception notes,Record id,Sample name,Sample type,Sampling point,Table name,Template id,Test schedule,Enviable ekuis
13-NOV-2024,OSKAR,ducha habitación 105,LAB_MUN,18-DEC-2025,agua de ducha,LM_CAMPO,236761,LEGIONELLA-2024-6905,LEGIONELLA-2024,,,,,,agua caliente sanitaria,AG_ACS,D-1140,,LEGIONELLA,LEGIO-IDEX,
13-NOV-2024,OSKAR,ducha habitación personal pta baja,LAB_MUN,18-DEC-2025,agua de ducha,LM_CAMPO,236762,LEGIONELLA-2024-6906,LEGIONELLA-2024,,,,,,agua caliente sanitaria,AG_ACS,D-1140,,LEGIONELLA,LEGIO-IDEX,
13-NOV-2024,OSKAR,ducha habitación 211,LAB_MUN,18-DEC-2025,agua de ducha,LM_CAMPO,236763,LEGIONELLA-2024-6907,LEGIONELLA-2024,,,,,,agua caliente sanitaria,AG_ACS,D-1140,,LEGIONELLA,LEGIO-IDEX,
17-FEB-2025,OSKAR,grifo baño masc,LAB_MUN,08-OCT-2025,agua de grifo,LM_CAMPO,238091,AG_CONSUMO-D-010-080597,AGUAS-POT-2025,5,,AGUAS_POT,,G1,Agua de consumo,AG_CONSUMO,G-98,REDES,WMM_LM_POT,POT-GRIFO,N
17-FEB-2025,OSKAR,"grifo vest ,2 1ºizd",LAB_MUN,17-OCT-2025,agua de grifo,LM_CAMPO,238092,AG_CONSUMO-G-13-080598,AGUAS-POT-2025,3,,AGUAS_POT,,G1,Agua de consumo,AG_CONSUMO,G-13,REDES,WMM_LM_POT,POT-GRIFO,N
17-FEB-2025,OSKAR,"grifo vest 1, 1º izd",LAB_MUN,24-OCT-2025,agua de grifo,LM_CAMPO,238093,AG_CONSUMO-G-14-080599,AGUAS-POT-2025,3,,AGUAS_POT,,G1,Agua de consumo,AG_CONSUMO,G-14,REDES,WMM_LM_POT,POT-GRIFO,N
17-FEB-2025,OSKAR,grifo baño masc 1º izd,LAB_MUN,24-OCT-2025,agua de grifo,LM_CAMPO,238094,AG_CONSUMO-G-15-080600,AGUAS-POT-2025,3,,AGUAS_POT,,G1,Agua de consumo,AG_CONSUMO,G-15,REDES,WMM_LM_POT,POT-GRIFO,N
17-FEB-2025,OSKAR,grifo baño masc 1º dch,LAB_MUN,24-OCT-2025,agua de grifo,LM_CAMPO,238095,AG_CONSUMO-D-010-080601,AGUAS-POT-2025,3,,AGUAS_POT,,G1,Agua de consumo,AG_CONSUMO,G-16,REDES,WMM_LM_POT,POT-GRIFO,N
17-FEB-2025,OSKAR,grifo baño masc 1º izd,LAB_MUN,24-OCT-2025,agua de grifo,LM_CAMPO,238096,AG_CONSUMO-D-010-080602,AGUAS-POT-2025,3,,AGUAS_POT,,G1,Agua de consumo,AG_CONSUMO,G-18,REDES,WMM_LM_POT,POT-GRIFO,N
17-FEB-2025,OSKAR,grifo bar,LAB_MUN,24-OCT-2025,agua de grifo,LM_CAMPO,238097,AG_CONSUMO-G-61-080603,AGUAS-POT-2025,3,,AGUAS_POT,,G1,Agua de consumo,AG_CONSUMO,G-61,REDES,WMM_LM_POT,POT-GRIFO,N
17-FEB-2025,OSKAR,grifo bar,LAB_MUN,24-OCT-2025,agua de grifo,LM_CAMPO,238098,AG_CONSUMO-G-62-080604,AGUAS-POT-2025,3,,AGUAS_POT,,G1,Agua de consumo,AG_CONSUMO,G-62,REDES,WMM_LM_POT,POT-GRIFO,N
18-FEB-2025,OSKAR,baño masc grifo único,LAB_MUN,24-OCT-2025,agua de grifo,LM_CAMPO,238103,AG_CONSUMO-G-19-080609,AGUAS-POT-2025,3,,AGUAS_POT,,,Agua de consumo,AG_CONSUMO,G-19,REDES,WMM_LM_POT,POT-GRIFO,N
18-FEB-2025,OSKAR,baño masc 1ºdch,LAB_MUN,24-OCT-2025,agua de grifo,LM_CAMPO,238104,AG_CONSUMO-G-21-080610,AGUAS-POT-2025,3,,AGUAS_POT,,,Agua de consumo,AG_CONSUMO,G-21,REDES,WMM_LM_POT,POT-GRIFO,N
18-FEB-2025,OSKAR,baño masc 1º iz,LAB_MUN,24-OCT-2025,agua de grifo,LM_CAMPO,238105,AG_CONSUMO-D-035-080611,AGUAS-POT-2025,3,,AGUAS_POT,,,Agua de consumo,AG_CONSUMO,G-96,REDES,WMM_LM_POT,POT-GRIFO,N
18-FEB-2025,OSKAR,baño masc 1 dch,LAB_MUN,24-OCT-2025,agua de grifo,LM_CAMPO,238106,AG_CONSUMO-D-033-080612,AGUAS-POT-2025,3,,AGUAS_POT,,,Agua de consumo,AG_CONSUMO,G-97,REDES,WMM_LM_POT,POT-GRIFO,N
18-FEB-2025,OSKAR,baño masc 1ºdch,LAB_MUN,24-OCT-2025,agua de grifo,LM_CAMPO,238107,AG_CONSUMO-G-17-080613,AGUAS-POT-2025,3,,AGUAS_POT,,,Agua de consumo,AG_CONSUMO,G-17,REDES,WMM_LM_POT,POT-GRIFO,N
18-FEB-2025,OSKAR,baño masc 1 dch,LAB_MUN,24-OCT-2025,agua de grifo,LM_CAMPO,238108,AG_CONSUMO-G-38-080614,AGUAS-POT-2025,3,,AGUAS_POT,,,Agua de consumo,AG_CONSUMO,G-38,REDES,WMM_LM_POT,POT-GRIFO,N
18-FEB-2025,OSKAR,baño masc 1izd,LAB_MUN,24-OCT-2025,agua de grifo,LM_CAMPO,238109,AG_CONSUMO-G-64-080615,AGUAS-POT-2025,3,,AGUAS_POT,,,Agua de consumo,AG_CONSUMO,G-64,REDES,WMM_LM_POT,POT-GRIFO,N
18-FEB-2025,OSKAR,baño masc 1izd,LAB_MUN,24-OCT-2025,agua de grifo,LM_CAMPO,238110,AG_CONSUMO-G-65-080616,AGUAS-POT-2025,3,,AGUAS_POT,,,Agua de consumo,AG_CONSUMO,G-65,REDES,WMM_LM_POT,POT-GRIFO,N
18-FEB-2025,OSKAR,baño masc 1izd,LAB_MUN,24-OCT-2025,agua de grifo,LM_CAMPO,238111,AG_CONSUMO-G-66-080617,AGUAS-POT-2025,3,,AGUAS_POT,,,Agua de consumo,AG_CONSUMO,G-66,REDES,WMM_LM_POT,POT-GRIFO,N
18-MAR-2025,OSKAR,grifo cocina pistola agua filtrada,LAB_MUN,24-OCT-2025,agua de red,LM_CAMPO,238518,AG_CONSUMO-G-4-080619,AGUAS-POT-2025,3,,AGUAS_POT,,GRIFO,Agua de consumo,AG_CONSUMO,G-4,REDES,WMM_LM_POT,POT-GRIFO,N
18-MAR-2025,OSKAR,grifo cocina,LAB_MUN,24-OCT-2025,agua de red,LM_CAMPO,238519,AG_CONSUMO-G-35-080620,AGUAS-POT-2025,3,,AGUAS_POT,,GRIFO,Agua de consumo,AG_CONSUMO,G-35,REDES,WMM_LM_POT,POT-GRIFO,N
18-MAR-2025,OSKAR,grifo cocina,LAB_MUN,24-OCT-2025,agua de red,LM_CAMPO,238520,AG_CONSUMO-G-60-080621,AGUAS-POT-2025,3,,AGUAS_POT,,GRIFO,Agua de consumo,AG_CONSUMO,G-60,REDES,WMM_LM_POT,POT-GRIFO,N
18-MAR-2025,OSKAR,grifo taller,LAB_MUN,24-OCT-2025,agua de red,LM_CAMPO,238521,AG_CONSUMO-D-017-080622,AGUAS-POT-2025,3,,AGUAS_POT,,GRIFO,Agua de consumo,AG_CONSUMO,G-73,REDES,WMM_LM_POT,POT-GRIFO,N
18-MAR-2025,OSKAR,grifo cocina,LAB_MUN,24-OCT-2025,agua de red,LM_CAMPO,238522,AG_CONSUMO-G-58-080623,AGUAS-POT-2025,3,,AGUAS_POT,,GRIFO,Agua de consumo,AG_CONSUMO,G-58,REDES,WMM_LM_POT,POT-GRIFO,N
18-MAR-2025,OSKAR,grifo bar,LAB_MUN,08-OCT-2025,agua de red,LM_CAMPO,238523,AG_CONSUMO-G-73-080624,AGUAS-POT-2025,3,,AGUAS_POT,,GRIFO,Agua de consumo,AG_CONSUMO,G-73,REDES,WMM_LM_POT,POT-GRIFO,N
19-MAR-2025,OSKAR,grifo bar cafeteria,LAB_MUN,24-OCT-2025,agua de grifo,LM_CAMPO,238529,AG_CONSUMO-G-67-080625,AGUAS-POT-2025,3,,AGUAS_POT,,GRIFOS,Agua de consumo,AG_CONSUMO,G-67,,WMM_LM_POT,POT-GRIFO,N
19-MAR-2025,OSKAR,grifo cafeteria,LAB_MUN,24-OCT-2025,agua de grifo,LM_CAMPO,238530,AG_CONSUMO-G-68-080626,AGUAS-POT-2025,3,,AGUAS_POT,,GRIFOS,Agua de consumo,AG_CONSUMO,G-68,,WMM_LM_POT,POT-GRIFO,N
19-MAR-2025,OSKAR,grifo cafetería no pedal,LAB_MUN,24-OCT-2025,agua de grifo,LM_CAMPO,238531,AG_CONSUMO-G-69-080627,AGUAS-POT-2025,3,,AGUAS_POT,,GRIFOS,Agua de consumo,AG_CONSUMO,G-69,,WMM_LM_POT,POT-GRIFO,N
19-MAR-2025,OSKAR,lavabo izd vest hombresgimnasio abajo,LAB_MUN,24-OCT-2025,agua de grifo,LM_CAMPO,238532,AG_CONSUMO-D-023-080628,AGUAS-POT-2025,3,,AGUAS_POT,,GRIFOS,Agua de consumo,AG_CONSUMO,G-95,,WMM_LM_POT,POT-GRIFO,N
19-MAR-2025,OSKAR,1º lavabo baño masc. al lado cafetería,LAB_MUN,24-OCT-2025,agua de grifo,LM_CAMPO,238533,AG_CONSUMO-G-25-080629,AGUAS-POT-2025,3,,AGUAS_POT,,GRIFOS,Agua de consumo,AG_CONSUMO,G-25,,WMM_LM_POT,POT-GRIFO,N
19-MAR-2025,OSKAR,lavabo central baño masc. mod.1 pta baja,LAB_MUN,24-OCT-2025,agua de grifo,LM_CAMPO,238534,AG_CONSUMO-G-70-080630,AGUAS-POT-2025,3,,AGUAS_POT,,GRIFOS,Agua de consumo,AG_CONSUMO,G-70,,WMM_LM_POT,POT-GRIFO,N
19-MAR-2025,OSKAR,grifo vest.masc. 1ºlavabo izd,LAB_MUN,24-OCT-2025,agua de grifo,LM_CAMPO,238535,AG_CONSUMO-G-71-080631,AGUAS-POT-2025,3,,AGUAS_POT,,GRIFOS,Agua de consumo,AG_CONSUMO,G-71,,WMM_LM_POT,POT-GRIFO,N
19-MAR-2025,OSKAR,grifo cafetería pedal,LAB_MUN,24-OCT-2025,agua de grifo,LM_CAMPO,238536,AG_CONSUMO-G-72-080632,AGUAS-POT-2025,3,,AGUAS_POT,,GRIFOS,Agua de consumo,AG_CONSUMO,G-72,,WMM_LM_POT,POT-GRIFO,N
29-APR-2025,OSKAR,CC Arana  grifo 1º izd sin descarga,LAB_MUN,08-OCT-2025,agua de red,LM_CAMPO,239188,AG_CONSUMO-D-031-080655,AGUAS-POT-2025,3,,AGUAS_POT,,,Agua de consumo,AG_CONSUMO,D-031,,WMM_LM_POT,POT-SANITA,N
29-APR-2025,OSKAR,CC Arana dejando correr 10 min,LAB_MUN,08-OCT-2025,agua de red a los 10 minutos,LM_CAMPO,239189,AG_CONSUMO-D-031-080656,AGUAS-POT-2025,2,comprobacion incidencia Al 238886,AGUAS_POT,,,Agua de consumo,AG_CONSUMO,D-031,,WMM_LM_POT,POT-SANITA,N
29-APR-2025,OSKAR,grifo podología muy cercano a la acometida,LAB_MUN,08-OCT-2025,agua de red,LM_CAMPO,239192,AG_CONSUMO-D-1077-080657,AGUAS-POT-2025,3,,AGUAS_POT,,REDES,Agua de consumo,AG_CONSUMO,D-1077,,WMM_LM_POT,,N
06-MAY-2025,OSKAR,fuente,LAB_MUN,08-OCT-2025,agua de red,LM_CAMPO,239226,AG_CONSUMO-D-161-080674,AGUAS-POT-2025,3,,AGUAS_POT,,P2,Agua de consumo,AG_CONSUMO,D-161,PUEBLOS,WMM_LM_POT,POT-SANITA,N
12-MAY-2025,OSKAR,fuente,LAB_MUN,08-OCT-2025,agua de red,LM_CAMPO,239377,AG_CONSUMO-D-111-080680,AGUAS-POT-2025,3,,AGUAS_POT,,P3,Agua de consumo,AG_CONSUMO,D-111,PUEBLOS,WMM_LM_POT,POT-SANITA,N
12-MAY-2025,OSKAR,fuente,LAB_MUN,08-OCT-2025,agua de red,LM_CAMPO,239378,AG_CONSUMO-D-112-080681,AGUAS-POT-2025,3,,AGUAS_POT,,P3,Agua de consumo,AG_CONSUMO,D-112,PUEBLOS,WMM_LM_POT,POT-SANITA,N
12-MAY-2025,OSKAR,fuente,LAB_MUN,08-OCT-2025,agua de red,LM_CAMPO,239379,AG_CONSUMO-D-115-080682,AGUAS-POT-2025,3,,AGUAS_POT,,P3,Agua de consumo,AG_CONSUMO,D-115,PUEBLOS,WMM_LM_POT,POT-SANITA,N
12-MAY-2025,OSKAR,fuente,LAB_MUN,08-OCT-2025,agua de red,LM_CAMPO,239380,AG_CONSUMO-D-116-080683,AGUAS-POT-2025,3,,AGUAS_POT,,P3,Agua de consumo,AG_CONSUMO,D-116,PUEBLOS,WMM_LM_POT,POT-SANITA,N
12-MAY-2025,OSKAR,casa 6b cocina,LAB_MUN,08-OCT-2025,agua de red,LM_CAMPO,239381,AG_CONSUMO-D-122-080684,AGUAS-POT-2025,3,,AGUAS_POT,,P3,Agua de consumo,AG_CONSUMO,D-122,PUEBLOS,WMM_LM_POT,POT-SANITA,N
12-MAY-2025,OSKAR,fuente,LAB_MUN,08-OCT-2025,agua de red,LM_CAMPO,239382,AG_CONSUMO-D-124-080685,AGUAS-POT-2025,3,,AGUAS_POT,,P3,Agua de consumo,AG_CONSUMO,D-124,PUEBLOS,WMM_LM_POT,POT-SANITA,N
12-MAY-2025,OSKAR,fuente,LAB_MUN,08-OCT-2025,agua de red,LM_CAMPO,239383,AG_CONSUMO-D-125-080686,AGUAS-POT-2025,3,,AGUAS_POT,,P3,Agua de consumo,AG_CONSUMO,D-125,PUEBLOS,WMM_LM_POT,POT-SANITA,N
12-MAY-2025,OSKAR,fuente,LAB_MUN,08-OCT-2025,agua de red,LM_CAMPO,239384,AG_CONSUMO-D-126-080687,AGUAS-POT-2025,3,,AGUAS_POT,,P3,Agua de consumo,AG_CONSUMO,D-126,PUEBLOS,WMM_LM_POT,POT-SANITA,N
12-MAY-2025,OSKAR,fuente,LAB_MUN,08-OCT-2025,agua de red,LM_CAMPO,239385,AG_CONSUMO-D-131-080688,AGUAS-POT-2025,3,,AGUAS_POT,,P3,Agua de consumo,AG_CONSUMO,D-131,PUEBLOS,WMM_LM_POT,POT-SANITA,N
12-MAY-2025,OSKAR,fuente,LAB_MUN,08-OCT-2025,agua de red,LM_CAMPO,239386,AG_CONSUMO-D-132-080689,AGUAS-POT-2025,3,,AGUAS_POT,,P3,Agua de consumo,AG_CONSUMO,D-132,PUEBLOS,WMM_LM_POT,POT-SANITA,N
12-MAY-2025,OSKAR,fuente,LAB_MUN,08-OCT-2025,agua de red,LM_CAMPO,239387,AG_CONSUMO-D-133-080690,AGUAS-POT-2025,3,,AGUAS_POT,,P3,Agua de consumo,AG_CONSUMO,D-133,PUEBLOS,WMM_LM_POT,POT-SANITA,N
13-MAY-2025,OSKAR,fuente,LAB_MUN,08-OCT-2025,agua de red,LM_CAMPO,239403,AG_CONSUMO-D-027-080691,AGUAS-POT-2025,3,,AGUAS_POT,,P4,Agua de consumo,AG_CONSUMO,D-027,PUEBLOS,WMM_LM_POT,POT-SANITA,N
13-MAY-2025,OSKAR,fuente,LAB_MUN,08-OCT-2025,agua de red,LM_CAMPO,239404,AG_CONSUMO-D-151-080692,AGUAS-POT-2025,3,,AGUAS_POT,,P4,Agua de consumo,AG_CONSUMO,D-151,PUEBLOS,WMM_LM_POT,POT-SANITA,N
13-MAY-2025,OSKAR,fuente,LAB_MUN,08-OCT-2025,agua de red,LM_CAMPO,239405,AG_CONSUMO-D-160-080693,AGUAS-POT-2025,3,,AGUAS_POT,,P4,Agua de consumo,AG_CONSUMO,D-160,PUEBLOS,WMM_LM_POT,POT-SANITA,N
13-MAY-2025,OSKAR,fuente,LAB_MUN,08-OCT-2025,agua de red,LM_CAMPO,239406,AG_CONSUMO-D-166-080694,AGUAS-POT-2025,3,,AGUAS_POT,,P4,Agua de consumo,AG_CONSUMO,D-166,PUEBLOS,WMM_LM_POT,POT-SANITA,N
13-MAY-2025,OSKAR,fuente,LAB_MUN,08-OCT-2025,agua de red,LM_CAMPO,239407,AG_CONSUMO-D-170-080695,AGUAS-POT-2025,3,,AGUAS_POT,,P4,Agua de consumo,AG_CONSUMO,D-170,PUEBLOS,WMM_LM_POT,POT-SANITA,N
13-MAY-2025,OSKAR,fuente,LAB_MUN,08-OCT-2025,agua de red,LM_CAMPO,239408,AG_CONSUMO-D-171-080696,AGUAS-POT-2025,3,,AGUAS_POT,,P4,Agua de consumo,AG_CONSUMO,D-171,PUEBLOS,WMM_LM_POT,POT-SANITA,N
13-MAY-2025,OSKAR,fuente,LAB_MUN,08-OCT-2025,agua de red,LM_CAMPO,239409,AG_CONSUMO-D-174-080697,AGUAS-POT-2025,3,,AGUAS_POT,,P4,Agua de consumo,AG_CONSUMO,D-174,PUEBLOS,WMM_LM_POT,POT-SANITA,N
13-MAY-2025,NUMARTIN,fuente,LAB_MUN,08-OCT-2025,agua de red,LM_CAMPO,239410,AG_CONSUMO-D-175-080698,AGUAS-POT-2025,3,,AGUAS_POT,,P4,Agua de consumo,AG_CONSUMO,D-175,PUEBLOS,WMM_LM_POT,POT-SANITA,N
13-MAY-2025,OSKAR,fuente,LAB_MUN,08-OCT-2025,agua de red,LM_CAMPO,239411,AG_CONSUMO-D-176-080699,AGUAS-POT-2025,3,,AGUAS_POT,,P4,Agua de consumo,AG_CONSUMO,D-176,PUEBLOS,WMM_LM_POT,POT-SANITA,N
13-MAY-2025,NUMARTIN,fuente,LAB_MUN,08-OCT-2025,agua de red,LM_CAMPO,239412,AG_CONSUMO-D-172-080700,AGUAS-POT-2025,3,,AGUAS_POT,,P4,Agua de consumo,AG_CONSUMO,D-172,PUEBLOS,WMM_LM_POT,POT-SANITA,N
13-MAY-2025,OSKAR,fuente,LAB_MUN,08-OCT-2025,agua de red,LM_CAMPO,239413,AG_CONSUMO-D-176-080701,AGUAS-POT-2025,3,,AGUAS_POT,,P4,Agua de consumo,AG_CONSUMO,D-173,PUEBLOS,WMM_LM_POT,POT-SANITA,N
13-MAY-2025,OSKAR,fuente,LAB_MUN,08-OCT-2025,agua de red,LM_CAMPO,239414,AG_CONSUMO-D-172-080702,AGUAS-POT-2025,3,,AGUAS_POT,,P4,Agua de consumo,AG_CONSUMO,D-180,PUEBLOS,WMM_LM_POT,POT-SANITA,N
13-MAY-2025,OSKAR,baño adaptado sin descarga,LAB_MUN,08-OCT-2025,agua de red,LM_CAMPO,239415,AG_CONSUMO-D-173-080703,AGUAS-POT-2025,3,,AGUAS_POT,,REDES,Agua de consumo,AG_CONSUMO,D-017,GRIFO,WMM_LM_POT,POT-SANITA,N
13-MAY-2025,OSKAR,baño adaptado 10min descarga AFCH,LAB_MUN,08-OCT-2025,agua de red,LM_CAMPO,239416,AG_CONSUMO-D-180-080704,AGUAS-POT-2025,3,,AGUAS_POT,,REDES,Agua de consumo,AG_CONSUMO,D-1013,DISTRIBUCI,WMM_LM_POT,POT-SANITA,N
14-MAY-2025,OSKAR,FUENTE,LAB_MUN,08-OCT-2025,agua de red,LM_CAMPO,239425,AG_CONSUMO-D-130-080706,AGUAS-POT-2025,2,239198,AGUAS_POT,,PUEBLOS-01,Agua de consumo,AG_CONSUMO,D-130,PUEBLOS,WMM_LM_POT,POT-SANITA,N
14-MAY-2025,OSKAR,FUENTE,LAB_MUN,08-OCT-2025,agua de red,LM_CAMPO,239426,AG_CONSUMO-D-124-080707,AGUAS-POT-2025,2,239382,AGUAS_POT,,PUEBLOS-03,Agua de consumo,AG_CONSUMO,D-124,PUEBLOS,WMM_LM_POT,POT-SANITA,N
21-MAY-2025,OSKAR,fuente,LAB_MUN,08-OCT-2025,agua de red,LM_CAMPO,239515,AG_CONSUMO-D-148-080710,AGUAS-POT-2025,2,comprobacion incidencia 239377,AGUAS_POT,,,Agua de consumo,AG_CONSUMO,D-111,PUEBLOS,WMM_LM_POT,,N
21-MAY-2025,OSKAR,fuente,LAB_MUN,08-OCT-2025,agua de red,LM_CAMPO,239516,AG_CONSUMO-D-115-080711,AGUAS-POT-2025,2,comprobacion incidencia 239379,AGUAS_POT,,,Agua de consumo,AG_CONSUMO,D-115,PUEBLOS,WMM_LM_POT,,N
21-MAY-2025,OSKAR,fuente,LAB_MUN,08-OCT-2025,agua de red,LM_CAMPO,239517,AG_CONSUMO-D-111-080712,AGUAS-POT-2025,2,comprobacion incidencia 239223,AGUAS_POT,,,Agua de consumo,AG_CONSUMO,D-148,PUEBLOS,WMM_LM_POT,,N
09-JUN-2025,NANCY,acometida,LAB_MUN,08-OCT-2025,agua de red,LM_CAMPO,239852,AG_CONSUMO-D-1013-080717,AGUAS-POT-2025,3,,AGUAS_POT,,REDVITORIA,Agua de consumo,AG_CONSUMO,D-1013,REDES,WMM_LM_POT,POT-SANITA,N
09-JUN-2025,OSKAR,baño masc,LAB_MUN,08-OCT-2025,agua de red,LM_CAMPO,239853,AG_CONSUMO-D-1014-080718,AGUAS-POT-2025,3,,AGUAS_POT,,REDVITORIA,Agua de consumo,AG_CONSUMO,D-1014,REDES,WMM_LM_POT,POT-SANITA,N
09-JUN-2025,OSKAR,vest abajo masc,LAB_MUN,08-OCT-2025,agua de red,LM_CAMPO,239854,AG_CONSUMO-D-1021-080719,AGUAS-POT-2025,3,,AGUAS_POT,,REDVITORIA,Agua de consumo,AG_CONSUMO,D-1021,REDES,WMM_LM_POT,POT-SANITA,N
09-JUN-2025,NANCY,baño masc.,LAB_MUN,08-OCT-2025,agua de red,LM_CAMPO,239855,AG_CONSUMO-D-031-080720,AGUAS-POT-2025,3,,AGUAS_POT,,REDVITORIA,Agua de consumo,AG_CONSUMO,D-031,REDES,WMM_LM_POT,POT-SANITA,N
09-JUN-2025,NANCY,baño masc.,LAB_MUN,08-OCT-2025,agua de red,LM_CAMPO,239856,AG_CONSUMO-D-034-080721,AGUAS-POT-2025,3,,AGUAS_POT,,REDVITORIA,Agua de consumo,AG_CONSUMO,D-034,REDES,WMM_LM_POT,POT-SANITA,N
09-JUN-2025,OSKAR,baño masc,LAB_MUN,08-OCT-2025,agua de red,LM_CAMPO,239857,AG_CONSUMO-D-1025-080722,AGUAS-POT-2025,3,,AGUAS_POT,,REDVITORIA,Agua de consumo,AG_CONSUMO,D-1025,REDES,WMM_LM_POT,POT-SANITA,N
09-JUN-2025,OSKAR,acometida,LAB_MUN,08-OCT-2025,agua de red,LM_CAMPO,239858,AG_CONSUMO-D-1022-080723,AGUAS-POT-2025,3,,AGUAS_POT,,REDVITORIA,Agua de consumo,AG_CONSUMO,D-1022,REDES,WMM_LM_POT,POT-SANITA,N
09-JUN-2025,OSKAR,baño femenino,LAB_MUN,08-OCT-2025,agua de red,LM_CAMPO,239859,AG_CONSUMO-D-1078-080724,AGUAS-POT-2025,3,,AGUAS_POT,,REDVITORIA,Agua de consumo,AG_CONSUMO,D-1078,REDES,WMM_LM_POT,POT-SANITA,N
10-JUN-2025,OSKAR,fuente,LAB_MUN,08-OCT-2025,agua de red,LM_CAMPO,239867,AG_CONSUMO-D-026-080725,AGUAS-POT-2025,3,,AGUAS_POT,,PUEBLOS-05,Agua de consumo,AG_CONSUMO,D-026,PUEBLOS,WMM_LM_POT,POT-SANITA,N
10-JUN-2025,NUMARTIN,fuente,LAB_MUN,08-OCT-2025,agua de red,LM_CAMPO,239868,AG_CONSUMO-D-145-080726,AGUAS-POT-2025,3,,AGUAS_POT,,PUEBLOS-05,Agua de consumo,AG_CONSUMO,D-145,PUEBLOS,WMM_LM_POT,POT-SANITA,N
10-JUN-2025,NUMARTIN,fuente,LAB_MUN,08-OCT-2025,agua de red,LM_CAMPO,239869,AG_CONSUMO-D-146-080727,AGUAS-POT-2025,3,,AGUAS_POT,,PUEBLOS-05,Agua de consumo,AG_CONSUMO,D-146,PUEBLOS,WMM_LM_POT,POT-SANITA,N
10-JUN-2025,NUMARTIN,fuente,LAB_MUN,08-OCT-2025,agua de red,LM_CAMPO,239870,AG_CONSUMO-D-150-080728,AGUAS-POT-2025,3,,AGUAS_POT,,PUEBLOS-05,Agua de consumo,AG_CONSUMO,D-150,PUEBLOS,WMM_LM_POT,POT-SANITA,N
10-JUN-2025,OSKAR,fuente,LAB_MUN,08-OCT-2025,agua de red,LM_CAMPO,239871,AG_CONSUMO-D-152-080729,AGUAS-POT-2025,3,,AGUAS_POT,,PUEBLOS-05,Agua de consumo,AG_CONSUMO,D-152,PUEBLOS,WMM_LM_POT,POT-SANITA,N
10-JUN-2025,OSKAR,fuente,LAB_MUN,08-OCT-2025,agua de red,LM_CAMPO,239872,AG_CONSUMO-D-153-080730,AGUAS-POT-2025,3,,AGUAS_POT,,PUEBLOS-05,Agua de consumo,AG_CONSUMO,D-153,PUEBLOS,WMM_LM_POT,POT-SANITA,N
10-JUN-2025,OSKAR,"casa nº 7, grifo patio",LAB_MUN,08-OCT-2025,agua de red,LM_CAMPO,239873,AG_CONSUMO-D-155-080731,AGUAS-POT-2025,3,,AGUAS_POT,,PUEBLOS-05,Agua de consumo,AG_CONSUMO,D-155,PUEBLOS,WMM_LM_POT,POT-SANITA,N
10-JUN-2025,OSKAR,fuente,LAB_MUN,08-OCT-2025,agua de red,LM_CAMPO,239874,AG_CONSUMO-D-164-080732,AGUAS-POT-2025,3,,AGUAS_POT,,PUEBLOS-05,Agua de consumo,AG_CONSUMO,D-164,PUEBLOS,WMM_LM_POT,POT-SANITA,N
10-JUN-2025,NUMARTIN,fuente,LAB_MUN,08-OCT-2025,agua de red,LM_CAMPO,239875,AG_CONSUMO-D-1055-080733,AGUAS-POT-2025,3,,AGUAS_POT,,PUEBLOS-05,Agua de consumo,AG_CONSUMO,D-1055,PUEBLOS,WMM_LM_POT,POT-SANITA,N
10-JUN-2025,NUMARTIN,fuente,LAB_MUN,08-OCT-2025,agua de red,LM_CAMPO,239876,AG_CONSUMO-D-1056-080734,AGUAS-POT-2025,3,,AGUAS_POT,,PUEBLOS-05,Agua de consumo,AG_CONSUMO,D-1056,PUEBLOS,WMM_LM_POT,POT-SANITA,N
11-JUN-2025,OSKAR,"escuela agraria, baño 1º grifo",LAB_MUN,08-OCT-2025,agua de red,LM_CAMPO,239878,AG_CONSUMO-D-014-080735,AGUAS-POT-2025,3,,AGUAS_POT,,PUEBLOS-06,Agua de consumo,AG_CONSUMO,D-014,PUEBLOS,WMM_LM_POT,POT-SANITA,N
11-JUN-2025,OSKAR,fuente,LAB_MUN,08-OCT-2025,agua de red,LM_CAMPO,239879,AG_CONSUMO-D-018-080736,AGUAS-POT-2025,3,,AGUAS_POT,,PUEBLOS-06,Agua de consumo,AG_CONSUMO,D-018,PUEBLOS,WMM_LM_POT,POT-SANITA,N
11-JUN-2025,NUMARTIN,fuente,LAB_MUN,08-OCT-2025,agua de red,LM_CAMPO,239880,AG_CONSUMO-D-024-080737,AGUAS-POT-2025,3,,AGUAS_POT,,PUEBLOS-06,Agua de consumo,AG_CONSUMO,D-024,PUEBLOS,WMM_LM_POT,POT-SANITA,N
11-JUN-2025,OSKAR,"edificio piscinas, baño masculino 1º grifo",LAB_MUN,08-OCT-2025,agua de red,LM_CAMPO,239881,AG_CONSUMO-D-028-080738,AGUAS-POT-2025,3,,AGUAS_POT,,PUEBLOS-06,Agua de consumo,AG_CONSUMO,D-028,PUEBLOS,WMM_LM_POT,POT-SANITA,N
11-JUN-2025,NUMARTIN,fuente,LAB_MUN,08-OCT-2025,agua de red,LM_CAMPO,239882,AG_CONSUMO-D-181-080739,AGUAS-POT-2025,3,,AGUAS_POT,,PUEBLOS-06,Agua de consumo,AG_CONSUMO,D-181,PUEBLOS,WMM_LM_POT,POT-SANITA,N
11-JUN-2025,OSKAR,fuente,LAB_MUN,08-OCT-2025,agua de red,LM_CAMPO,239883,AG_CONSUMO-D-182-080740,AGUAS-POT-2025,3,,AGUAS_POT,,PUEBLOS-06,Agua de consumo,AG_CONSUMO,D-182,PUEBLOS,WMM_LM_POT,POT-SANITA,N
11-JUN-2025,OSKAR,fuente,LAB_MUN,08-OCT-2025,agua de red,LM_CAMPO,239884,AG_CONSUMO-D-183-080741,AGUAS-POT-2025,3,,AGUAS_POT,,PUEBLOS-06,Agua de consumo,AG_CONSUMO,D-183,PUEBLOS,WMM_LM_POT,POT-SANITA,N
11-JUN-2025,OSKAR,fuente,LAB_MUN,08-OCT-2025,agua de red,LM_CAMPO,239885,AG_CONSUMO-D-184-080742,AGUAS-POT-2025,3,,AGUAS_POT,,PUEBLOS-06,Agua de consumo,AG_CONSUMO,D-184,PUEBLOS,WMM_LM_POT,POT-SANITA,N
11-JUN-2025,NUMARTIN,fuente,LAB_MUN,08-OCT-2025,agua de red,LM_CAMPO,239886,AG_CONSUMO-D-185-080743,AGUAS-POT-2025,3,,AGUAS_POT,,PUEBLOS-06,Agua de consumo,AG_CONSUMO,D-185,PUEBLOS,WMM_LM_POT,POT-SANITA,N
23-JUN-2025,NUMARTIN,grifo acometida sin descarga previa,LAB_MUN,08-OCT-2025,agua de red,LM_CAMPO,240122,AG_CONSUMO-D-017-080744,AGUAS-POT-2025,0,Vigilancia municipal,AGUAS_POT,,,Agua de consumo,AG_CONSUMO,D-017,REDES,WMM_LM_POT,,N
23-JUN-2025,NUMARTIN,grifo acometida tras estancamiento 30 min,LAB_MUN,08-OCT-2025,agua de red,LM_CAMPO,240123,AG_CONSUMO-D-017-080745,AGUAS-POT-2025,0,Vigilancia municipal,AGUAS_POT,,,Agua de consumo,AG_CONSUMO,D-017,REDES,WMM_LM_POT,,N
23-JUN-2025,NUMARTIN,grifo bar sin descarga previa,LAB_MUN,08-OCT-2025,agua de red,LM_CAMPO,240124,AG_CONSUMO-D-017-080746,AGUAS-POT-2025,0,Vigilancia municipal,AGUAS_POT,,,Agua de consumo,AG_CONSUMO,D-017,REDES,WMM_LM_POT,,N
23-JUN-2025,NUMARTIN,grifo bar tras estancamiento 30 min,LAB_MUN,08-OCT-2025,agua de red,LM_CAMPO,240125,AG_CONSUMO-D-017-080747,AGUAS-POT-2025,0,Vigilancia municipal,AGUAS_POT,,,Agua de consumo,AG_CONSUMO,D-017,REDES,WMM_LM_POT,,N
23-JUN-2025,NUMARTIN,grifo baño adaptado sin descarga previa,LAB_MUN,08-OCT-2025,agua de red,LM_CAMPO,240126,AG_CONSUMO-D-017-080748,AGUAS-POT-2025,0,Vigilancia municipal,AGUAS_POT,,,Agua de consumo,AG_CONSUMO,D-017,REDES,WMM_LM_POT,,N
23-JUN-2025,NUMARTIN,grifo baño adaptado tras estancamiento 30 min,LAB_MUN,08-OCT-2025,agua de red,LM_CAMPO,240127,AG_CONSUMO-D-017-080749,AGUAS-POT-2025,0,Vigilancia municipal,AGUAS_POT,,,Agua de consumo,AG_CONSUMO,D-017,REDES,WMM_LM_POT,,N
23-JUN-2025,OSKAR,grifo acometida sin descarga previa,LAB_MUN,08-OCT-2025,agua de red,LM_CAMPO,240140,AG_CONSUMO-D-016-080750,AGUAS-POT-2025,0,Vigilancia municipal,AGUAS_POT,,,Agua de consumo,AG_CONSUMO,D-017,REDES,WMM_LM_POT,,N
23-JUN-2025,OSKAR,grifo acometida tras estancamiento 30 min,LAB_MUN,08-OCT-2025,agua de red,LM_CAMPO,240141,AG_CONSUMO-D-016-080751,AGUAS-POT-2025,0,Vigilancia municipal,AGUAS_POT,,,Agua de consumo,AG_CONSUMO,D-017,REDES,WMM_LM_POT,,N
23-JUN-2025,OSKAR,grifo baño adaptado sin descarga previa,LAB_MUN,08-OCT-2025,agua de red,LM_CAMPO,240142,AG_CONSUMO-D-016-080752,AGUAS-POT-2025,0,Vigilancia municipal,AGUAS_POT,,,Agua de consumo,AG_CONSUMO,D-017,REDES,WMM_LM_POT,,N
23-JUN-2025,OSKAR,grifo baño adaptado tras estancamiento 30 min,LAB_MUN,08-OCT-2025,agua de red,LM_CAMPO,240143,AG_CONSUMO-D-016-080753,AGUAS-POT-2025,0,Vigilancia municipal,AGUAS_POT,,,Agua de consumo,AG_CONSUMO,D-017,REDES,WMM_LM_POT,,N
23-JUN-2025,OSKAR,grifo bar sin descarga previa,LAB_MUN,08-OCT-2025,agua de red,LM_CAMPO,240144,AG_CONSUMO-D-016-080754,AGUAS-POT-2025,0,Vigialncia municipal,AGUAS_POT,,,Agua de consumo,AG_CONSUMO,D-017,REDES,WMM_LM_POT,,N
23-JUN-2025,OSKAR,grifo bar tras estancamiento 30 min,LAB_MUN,08-OCT-2025,agua de red,LM_CAMPO,240145,AG_CONSUMO-D-016-080755,AGUAS-POT-2025,0,Vigilancia municipal,AGUAS_POT,,,Agua de consumo,AG_CONSUMO,D-017,REDES,WMM_LM_POT,,N
25-JUN-2025,NUMARTIN,grifo acometida sin descarga previa,LAB_MUN,08-OCT-2025,agua de red,LM_CAMPO,240172,AG_CONSUMO-D-017-080756,AGUAS-POT-2025,0,Vigilancia municipal,AGUAS_POT,,,Agua de consumo,AG_CONSUMO,D-017,REDES,WMM_LM_POT,,N
25-JUN-2025,NUMARTIN,grifo acometida tras estancamiento 30 min,LAB_MUN,08-OCT-2025,agua de red,LM_CAMPO,240173,AG_CONSUMO-D-017-080757,AGUAS-POT-2025,0,Vigilancia municipal,,,,Agua de consumo,AG_CONSUMO,D-017,REDES,WMM_LM_POT,,N
25-JUN-2025,NUMARTIN,grifo bar sin descarga previa,LAB_MUN,08-OCT-2025,agua de red,LM_CAMPO,240174,AG_CONSUMO-D-017-080758,AGUAS-POT-2025,0,Vigilancia municipal,AGUAS_POT,,,Agua de consumo,AG_CONSUMO,D-017,REDES,WMM_LM_POT,,N
25-JUN-2025,NUMARTIN,grifo bar tras estancamiento 30 min,LAB_MUN,08-OCT-2025,agua de red,LM_CAMPO,240175,AG_CONSUMO-D-017-080759,AGUAS-POT-2025,0,Vigilancia municipal,AGUAS_POT,,,Agua de consumo,AG_CONSUMO,D-017,REDES,WMM_LM_POT,,N
25-JUN-2025,NUMARTIN,grifo baño adaptado sin descarga inicial,LAB_MUN,08-OCT-2025,agua de red,LM_CAMPO,240176,AG_CONSUMO-D-017-080760,AGUAS-POT-2025,0,Vigilancia municipal,AGUAS_POT,,,Agua de consumo,AG_CONSUMO,D-017,REDES,WMM_LM_POT,AGUAS_POT,N
25-JUN-2025,NUMARTIN,grifo baño adaptado tras estancamiento 30 min,LAB_MUN,08-OCT-2025,agua de red,LM_CAMPO,240177,AG_CONSUMO-D-017-080761,AGUAS-POT-2025,0,Vigilancia municipal,AGUAS_POT,,,Agua de consumo,AG_CONSUMO,D-017,REDES,WMM_LM_POT,,N
25-JUN-2025,OSKAR,grifo acometida sin descarga previa,LAB_MUN,08-OCT-2025,agua de red,LM_CAMPO,240178,AG_CONSUMO-D-017-080762,AGUAS-POT-2025,0,Vigilancia municipal,AGUAS_POT,,,Agua de consumo,AG_CONSUMO,D-017,REDES,WMM_LM_POT,,N
25-JUN-2025,OSKAR,grifo acometida tras estancamiento 30 min,LAB_MUN,08-OCT-2025,agua de red,LM_CAMPO,240179,AG_CONSUMO-D-017-080763,AGUAS-POT-2025,0,Vigilancia municipal,AGUAS_POT,,,Agua de consumo,AG_CONSUMO,D-017,REDES,WMM_LM_POT,,N
25-JUN-2025,OSKAR,grifo cocina sin descarga previa,LAB_MUN,08-OCT-2025,agua de red,LM_CAMPO,240180,AG_CONSUMO-D-017-080764,AGUAS-POT-2025,0,Vigilancia municipal,AGUAS_POT,,,Agua de consumo,AG_CONSUMO,D-017,REDES,WMM_LM_POT,,N
25-JUN-2025,OSKAR,grifo cocina tras estancamiento 30 min,LAB_MUN,08-OCT-2025,agua de red,LM_CAMPO,240181,AG_CONSUMO-D-017-080765,AGUAS-POT-2025,0,Vigilancia municipal,AGUAS_POT,,,Agua de consumo,AG_CONSUMO,D-017,REDES,WMM_LM_POT,,N
25-JUN-2025,OSKAR,grifo baño adaptado sin descarga previa,LAB_MUN,08-OCT-2025,agua de red,LM_CAMPO,240182,AG_CONSUMO-D-017-080766,AGUAS-POT-2025,0,Vigilancia municipal,AGUAS_POT,,,Agua de consumo,AG_CONSUMO,D-017,REDES,WMM_LM_POT,,N
25-JUN-2025,OSKAR,grifo baño adaptado tras estancamiento 30 min,LAB_MUN,08-OCT-2025,agua de red,LM_CAMPO,240183,AG_CONSUMO-D-017-080767,AGUAS-POT-2025,0,Vigilancia municipal,AGUAS_POT,,,Agua de consumo,AG_CONSUMO,D-017,REDES,WMM_LM_POT,,N
27-JUN-2025,NUMARTIN,grifo acometida sin descarga previa,LAB_MUN,08-OCT-2025,agua de red,LM_CAMPO,240200,AG_CONSUMO-D-017-080768,AGUAS-POT-2025,0,Vigilancia municipal,AGUAS_POT,,GRIFO,Agua de consumo,AG_CONSUMO,D-017,REDES,WMM_LM_POT,AGUAS_POT,N
27-JUN-2025,NUMARTIN,grifo acometida tras estancamiento 30 min,LAB_MUN,08-OCT-2025,agua de grifo,LM_CAMPO,240201,AG_CONSUMO-D-017-080769,AGUAS-POT-2025,0,Vigilancia municipal,AGUAS_POT,,GRIFO,Agua de consumo,AG_CONSUMO,D-017,REDES,WMM_LM_POT,AGUAS_POT,N
27-JUN-2025,NUMARTIN,grifo bar sin descarga previa,LAB_MUN,08-OCT-2025,agua de red,LM_CAMPO,240202,AG_CONSUMO-D-017-080770,AGUAS-POT-2025,0,Vigilancia municipal,AGUAS_POT,,GRIFO,Agua de consumo,AG_CONSUMO,D-017,REDES,WMM_LM_POT,AGUAS_POT,N
27-JUN-2025,NUMARTIN,grifo bar tras estancamiento 30 min,LAB_MUN,08-OCT-2025,agua de red,LM_CAMPO,240203,AG_CONSUMO-D-017-080771,AGUAS-POT-2025,0,Vigilancia municipal,AGUAS_POT,,GRIFO,Agua de consumo,AG_CONSUMO,D-017,REDES,WMM_LM_POT,AGUAS_POT,N
27-JUN-2025,NUMARTIN,grifo baño adaptado sin descarga previa,LAB_MUN,08-OCT-2025,agua de red,LM_CAMPO,240204,AG_CONSUMO-D-017-080772,AGUAS-POT-2025,0,Vigilancia municipal,AGUAS_POT,,GRIFO,Agua de consumo,AG_CONSUMO,D-017,REDES,WMM_LM_POT,AGUAS_POT,N
27-JUN-2025,NUMARTIN,grifo baño adaptado tras estancamiento 30 min,LAB_MUN,08-OCT-2025,agua de red,LM_CAMPO,240205,AG_CONSUMO-D-017-080773,AGUAS-POT-2025,0,Vigilancia municipal,AGUAS_POT,,GRIFO,Agua de consumo,AG_CONSUMO,D-017,REDES,WMM_LM_POT,AGUAS_POT,N
27-JUN-2025,OSKAR,grifo acometida sin descarga previa,LAB_MUN,08-OCT-2025,agua de red,LM_CAMPO,240206,AG_CONSUMO-D-017-080774,AGUAS-POT-2025,0,Vigilancia municipal,AGUAS_POT,,,Agua de consumo,AG_CONSUMO,D-017,REDES,WMM_LM_POT,AGUAS_POT,N
27-JUN-2025,OSKAR,grifo acometida tras estancamiento 30 min,LAB_MUN,08-OCT-2025,agua de red,LM_CAMPO,240207,AG_CONSUMO-D-017-080775,AGUAS-POT-2025,0,Vigilancia municipal,AGUAS_POT,,,Agua de consumo,AG_CONSUMO,D-017,REDES,WMM_LM_POT,AGUAS_POT,N
27-JUN-2025,OSKAR,grifo bar sin descarga previa,LAB_MUN,08-OCT-2025,agua de red,LM_CAMPO,240208,AG_CONSUMO-D-017-080776,AGUAS-POT-2025,0,Vigialncia municipal,AGUAS_POT,,,Agua de consumo,AG_CONSUMO,D-017,REDES,WMM_LM_POT,AGUAS_POT,N
27-JUN-2025,OSKAR,grifo bar tras estancamiento 30 min,LAB_MUN,08-OCT-2025,agua de red,LM_CAMPO,240209,AG_CONSUMO-D-017-080777,AGUAS-POT-2025,0,Vigilancia municipal,AGUAS_POT,,,Agua de consumo,AG_CONSUMO,D-017,REDES,WMM_LM_POT,AGUAS_POT,N
27-JUN-2025,OSKAR,grifo baño adaptado sin descarga previa,LAB_MUN,08-OCT-2025,agua de red,LM_CAMPO,240210,AG_CONSUMO-D-017-080778,AGUAS-POT-2025,0,Vigialncia municipal,AGUAS_POT,,,Agua de consumo,AG_CONSUMO,D-017,REDES,WMM_LM_POT,AGUAS_POT,N
27-JUN-2025,OSKAR,grifo baño adaptado tras estancamiento 30 min,LAB_MUN,08-OCT-2025,agua de red,LM_CAMPO,240211,AG_CONSUMO-D-017-080779,AGUAS-POT-2025,0,Vigilancia municipal,AGUAS_POT,,,Agua de consumo,AG_CONSUMO,D-017,REDES,WMM_LM_POT,AGUAS_POT,N
30-JUN-2025,OSKAR,vaso,LAB_MUN,25-SEP-2025,Agua de aporte de red,LM_CAMPO,240254,LUD-D-223-30-JUN-2025-013746,LUDICAS-2025,,,LUDICAS,,PISCINAS,Agua de piscina,AG_LUDICA,D-223,LUDES,WMM_LUD,LUD-LEGIO,
07-JUL-2025,NUMARTIN,fuente,LAB_MUN,17-OCT-2025,agua de red,LM_CAMPO,240373,AG_CONSUMO-D-113-080780,AGUAS-POT-2025,3,,AGUAS_POT,,PUEBLO-EXT,Agua de consumo,AG_CONSUMO,D-113,PUEBLOS,WMM_LM_POT,POT-SANITA,N
07-JUL-2025,NUMARTIN,fuente,LAB_MUN,24-OCT-2025,agua de red,LM_CAMPO,240374,AG_CONSUMO-D-114-080781,AGUAS-POT-2025,3,,AGUAS_POT,,PUEBLO-EXT,Agua de consumo,AG_CONSUMO,D-114,PUEBLOS,WMM_LM_POT,POT-SANITA,N
07-JUL-2025,NUMARTIN,fuente,LAB_MUN,24-OCT-2025,agua de red,LM_CAMPO,240375,AG_CONSUMO-D-120-080782,AGUAS-POT-2025,3,,AGUAS_POT,,PUEBLO-EXT,Agua de consumo,AG_CONSUMO,D-120,PUEBLOS,WMM_LM_POT,POT-SANITA,N
07-JUL-2025,NUMARTIN,fuente,LAB_MUN,24-OCT-2025,agua de red,LM_CAMPO,240376,AG_CONSUMO-D-130-080783,AGUAS-POT-2025,3,,AGUAS_POT,,PUEBLO-EXT,Agua de consumo,AG_CONSUMO,D-130,PUEBLOS,WMM_LM_POT,POT-SANITA,N
07-JUL-2025,NUMARTIN,fuente,LAB_MUN,24-OCT-2025,agua de red,LM_CAMPO,240377,AG_CONSUMO-D-123-080784,AGUAS-POT-2025,3,,AGUAS_POT,,PUEBLO-EXT,Agua de consumo,AG_CONSUMO,D-123,PUEBLOS,WMM_LM_POT,POT-SANITA,N
07-JUL-2025,NUMARTIN,fuente,LAB_MUN,24-OCT-2025,agua de red,LM_CAMPO,240378,AG_CONSUMO-D-111-080785,AGUAS-POT-2025,3,,AGUAS_POT,,PUEBLO-EXT,Agua de consumo,AG_CONSUMO,D-111,PUEBLOS,WMM_LM_POT,POT-SANITA,N
07-JUL-2025,NUMARTIN,fuente,LAB_MUN,24-OCT-2025,agua de red,LM_CAMPO,240379,AG_CONSUMO-D-122-080786,AGUAS-POT-2025,3,,AGUAS_POT,,PUEBLO-EXT,Agua de consumo,AG_CONSUMO,D-122,PUEBLOS,WMM_LM_POT,POT-SANITA,N
07-JUL-2025,NUMARTIN,fuente,LAB_MUN,24-OCT-2025,agua de red,LM_CAMPO,240380,AG_CONSUMO-D-132-080787,AGUAS-POT-2025,3,,AGUAS_POT,,PUEBLO-EXT,Agua de consumo,AG_CONSUMO,D-132,PUEBLOS,WMM_LM_POT,POT-SANITA,N
07-JUL-2025,NUMARTIN,fuente,LAB_MUN,24-OCT-2025,agua de red,LM_CAMPO,240381,AG_CONSUMO-D-112-080788,AGUAS-POT-2025,3,,AGUAS_POT,,PUEBLO-EXT,Agua de consumo,AG_CONSUMO,D-112,PUEBLOS,WMM_LM_POT,POT-SANITA,N
09-JUL-2025,NUMARTIN,fuente,LAB_MUN,24-OCT-2025,agua de red,LM_CAMPO,240382,AG_CONSUMO-D-170-080789,AGUAS-POT-2025,3,,AGUAS_POT,,PUEBLOEXT,Agua de consumo,AG_CONSUMO,D-170,PUEBLOS,WMM_LM_POT,POT-SANITA,N
09-JUL-2025,NUMARTIN,fuente,LAB_MUN,24-OCT-2025,agua de red,LM_CAMPO,240383,AG_CONSUMO-D-174-080790,AGUAS-POT-2025,3,,AGUAS_POT,,PUEBLOEXT,Agua de consumo,AG_CONSUMO,D-174,PUEBLOS,WMM_LM_POT,POT-SANITA,N
09-JUL-2025,NUMARTIN,fuente,LAB_MUN,24-OCT-2025,agua de red,LM_CAMPO,240384,AG_CONSUMO-D-175-080791,AGUAS-POT-2025,3,,AGUAS_POT,,PUEBLOEXT,Agua de consumo,AG_CONSUMO,D-175,PUEBLOS,WMM_LM_POT,POT-SANITA,N
09-JUL-2025,NUMARTIN,fuente,LAB_MUN,24-OCT-2025,agua de red,LM_CAMPO,240385,AG_CONSUMO-D-171-080792,AGUAS-POT-2025,3,,AGUAS_POT,,PUEBLOEXT,Agua de consumo,AG_CONSUMO,D-171,PUEBLOS,WMM_LM_POT,POT-SANITA,N
09-JUL-2025,NUMARTIN,fuente,LAB_MUN,24-OCT-2025,agua de red,LM_CAMPO,240386,AG_CONSUMO-D-176-080793,AGUAS-POT-2025,3,,AGUAS_POT,,PUEBLOEXT,Agua de consumo,AG_CONSUMO,D-176,PUEBLOS,WMM_LM_POT,POT-SANITA,N
09-JUL-2025,NUMARTIN,fuente,LAB_MUN,24-OCT-2025,agua de red,LM_CAMPO,240387,AG_CONSUMO-D-151-080794,AGUAS-POT-2025,3,,AGUAS_POT,,PUEBLOEXT,Agua de consumo,AG_CONSUMO,D-151,PUEBLOS,WMM_LM_POT,POT-SANITA,N
09-JUL-2025,NUMARTIN,fuente,LAB_MUN,24-OCT-2025,agua de red,LM_CAMPO,240388,AG_CONSUMO-D-150-080795,AGUAS-POT-2025,3,,AGUAS_POT,,PUEBLOEXT,Agua de consumo,AG_CONSUMO,D-150,PUEBLOS,WMM_LM_POT,POT-SANITA,N
09-JUL-2025,NUMARTIN,fuente,LAB_MUN,24-OCT-2025,agua de red,LM_CAMPO,240389,AG_CONSUMO-D-1055-080796,AGUAS-POT-2025,3,,AGUAS_POT,,PUEBLOEXT,Agua de consumo,AG_CONSUMO,D-1055,PUEBLOS,WMM_LM_POT,POT-SANITA,N
09-JUL-2025,NUMARTIN,fuente,LAB_MUN,24-OCT-2025,agua de red,LM_CAMPO,240390,AG_CONSUMO-D-156-080797,AGUAS-POT-2025,3,,AGUAS_POT,,PUEBLOEXT,Agua de consumo,AG_CONSUMO,D-156,PUEBLOS,WMM_LM_POT,POT-SANITA,N
16-JUL-2025,OSKAR,fuente,LAB_MUN,08-OCT-2025,agua de red,LM_CAMPO,240567,AG_CONSUMO-POT-000-080798,FUENTES,5,,AGUAS_POT,,FUENTE-RED,Agua de consumo,AG_CONSUMO,F-208,VARIOS,WMM_LM_POT,POT-FUENTE,N
16-JUL-2025,OSKAR,fuente.,LAB_MUN,08-OCT-2025,agua de red,LM_CAMPO,240568,AG_CONSUMO-POT-000-080799,FUENTES,5,,AGUAS_POT,,FUENTE-RED,Agua de consumo,AG_CONSUMO,F-347,VARIOS,WMM_LM_POT,POT-FUENTE,N
16-JUL-2025,OSKAR,fuentes.,LAB_MUN,08-OCT-2025,agua de red,LM_CAMPO,240569,AG_CONSUMO-POT-000-080800,FUENTES,5,,AGUAS_POT,,FUENTE-RED,Agua de consumo,AG_CONSUMO,F-356,VARIOS,WMM_LM_POT,POT-FUENTE,N
16-JUL-2025,OSKAR,fuente.,LAB_MUN,08-OCT-2025,agua de red,LM_CAMPO,240570,AG_CONSUMO-POT-000-080801,FUENTES,5,,AGUAS_POT,,FUENTE-RED,Agua de consumo,AG_CONSUMO,F-345,VARIOS,WMM_LM_POT,POT-FUENTE,N
16-JUL-2025,OSKAR,fuente.,LAB_MUN,08-OCT-2025,agua de red,LM_CAMPO,240571,AG_CONSUMO-POT-000-080802,FUENTES,5,,AGUAS_POT,,FUENTE-RED,Agua de consumo,AG_CONSUMO,F-342,VARIOS,WMM_LM_POT,POT-FUENTE,N
16-JUL-2025,OSKAR,fuente.,LAB_MUN,08-OCT-2025,agua de red,LM_CAMPO,240572,AG_CONSUMO-POT-000-080803,FUENTES,5,,AGUAS_POT,,FUENTE-RED,Agua de consumo,AG_CONSUMO,F-341,VARIOS,WMM_LM_POT,POT-FUENTE,N
16-JUL-2025,OSKAR,fuente.,LAB_MUN,08-OCT-2025,agua de red,LM_CAMPO,240573,AG_CONSUMO-POT-000-080804,FUENTES,5,,AGUAS_POT,,FUENTE-RED,Agua de consumo,AG_CONSUMO,F-25,VARIOS,WMM_LM_POT,POT-FUENTE,N
16-JUL-2025,OSKAR,fuente.,LAB_MUN,08-OCT-2025,blanco agua consumo,LM_CAMPO,240574,AG_CONSUMO-POT-000-080805,CCI-INSPECCION-2025,5,,AGUAS_POT,,FUENTE-RED,Blanco proceso,CONTROL-PO,F-347,VARIOS,WMM_LM_POT,POT-FUENTE,N
21-JUL-2025,OSKAR,fuente,LAB_MUN,08-OCT-2025,agua de red,LM_CAMPO,240679,AG_CONSUMO-POT-000-080806,FUENTES,5,,AGUAS_POT,,FUENTE-RED,Agua de consumo,AG_CONSUMO,F54,VARIOS,WMM_LM_POT,POT-FUENTE,N
21-JUL-2025,OSKAR,fuente,LAB_MUN,08-OCT-2025,agua de red,LM_CAMPO,240680,AG_CONSUMO-POT-000-080807,FUENTES,5,,AGUAS_POT,,FUENTE-RED,Agua de consumo,AG_CONSUMO,F-97,VARIOS,WMM_LM_POT,POT-FUENTE,N
21-JUL-2025,OSKAR,fuente,LAB_MUN,08-OCT-2025,agua de red,LM_CAMPO,240681,AG_CONSUMO-POT-000-080808,FUENTES,5,,AGUAS_POT,,FUENTE-RED,Agua de consumo,AG_CONSUMO,F-291,VARIOS,WMM_LM_POT,POT-FUENTE,N
21-JUL-2025,OSKAR,fuente,LAB_MUN,08-OCT-2025,agua de red,LM_CAMPO,240682,AG_CONSUMO-POT-000-080809,FUENTES,5,,AGUAS_POT,,FUENTE-RED,Agua de consumo,AG_CONSUMO,F-292,VARIOS,WMM_LM_POT,POT-FUENTE,N
21-JUL-2025,OSKAR,fuente,LAB_MUN,08-OCT-2025,agua de red,LM_CAMPO,240683,AG_CONSUMO-POT-000-080810,FUENTES,5,,AGUAS_POT,,FUENTE-RED,Agua de consumo,AG_CONSUMO,F72,VARIOS,WMM_LM_POT,POT-FUENTE,N
21-JUL-2025,OSKAR,fuente,LAB_MUN,08-OCT-2025,agua de red,LM_CAMPO,240684,AG_CONSUMO-POT-000-080811,FUENTES,5,,AGUAS_POT,,FUENTE-RED,Agua de consumo,AG_CONSUMO,F-40,VARIOS,WMM_LM_POT,POT-FUENTE,N
21-JUL-2025,OSKAR,fuente,LAB_MUN,08-OCT-2025,agua de red,LM_CAMPO,240685,AG_CONSUMO-POT-000-080812,FUENTES,5,,AGUAS_POT,,FUENTE-RED,Agua de consumo,AG_CONSUMO,F-42,VARIOS,WMM_LM_POT,POT-FUENTE,N
21-JUL-2025,OSKAR,fuente,LAB_MUN,08-OCT-2025,agua de red,LM_CAMPO,240686,AG_CONSUMO-POT-000-080813,FUENTES,5,,AGUAS_POT,,FUENTE-RED,Agua de consumo,AG_CONSUMO,F223,VARIOS,WMM_LM_POT,POT-FUENTE,N
28-JUL-2025,OSKAR,fuente,LAB_MUN,08-OCT-2025,agua de red,LM_CAMPO,240741,AG_CONSUMO-F-304-080814,FUENTES,5,,AGUAS_POT,,FUENTES,Agua de consumo,AG_CONSUMO,F-304,VARIOS,WMM_LM_POT,POT-FUENTE,N
28-JUL-2025,OSKAR,fuente,LAB_MUN,08-OCT-2025,agua de red,LM_CAMPO,240742,AG_CONSUMO-F-312-080815,FUENTES,5,,AGUAS_POT,,FUENTES,Agua de consumo,AG_CONSUMO,F-313,VARIOS,WMM_LM_POT,POT-FUENTE,N
28-JUL-2025,OSKAR,fuente,LAB_MUN,08-OCT-2025,agua de red,LM_CAMPO,240743,AG_CONSUMO-F-313-080816,FUENTES,5,,AGUAS_POT,,FUENTES,Agua de consumo,AG_CONSUMO,F-312,VARIOS,WMM_LM_POT,POT-FUENTE,N
28-JUL-2025,NUMARTIN,fuente,LAB_MUN,08-OCT-2025,agua de red,LM_CAMPO,240744,AG_CONSUMO-F-332-080817,FUENTES,5,,AGUAS_POT,,FUENTE-RED,Agua de consumo,AG_CONSUMO,F-332,VARIOS,WMM_LM_POT,POT-FUENTE,N
28-JUL-2025,OSKAR,fuente,LAB_MUN,08-OCT-2025,agua de red,LM_CAMPO,240745,AG_CONSUMO-F-201-080818,FUENTES,5,,AGUAS_POT,,FUENTE-RED,Agua de consumo,AG_CONSUMO,F-201,VARIOS,WMM_LM_POT,POT-FUENTE,N
28-JUL-2025,OSKAR,fuente,LAB_MUN,08-OCT-2025,agua de red,LM_CAMPO,240746,AG_CONSUMO-F-157-080819,FUENTES,5,,AGUAS_POT,,FUENTE-RED,Agua de consumo,AG_CONSUMO,F154,VARIOS,WMM_LM_POT,POT-FUENTE,N
28-JUL-2025,OSKAR,fuente,LAB_MUN,08-OCT-2025,agua de red,LM_CAMPO,240747,AG_CONSUMO-F-152-080820,FUENTES,5,,AGUAS_POT,,FUENTE-RED,Agua de consumo,AG_CONSUMO,F-209,VARIOS,WMM_LM_POT,POT-FUENTE,N
19-AUG-2025,NANCY,FUENTE,LAB_MUN,08-OCT-2025,Agua de red,LM_CAMPO,240949,--080822,FUENTES,3,,AGUAS_POT,,FUENTE-RED,Agua de consumo,AG_CONSUMO,F154,VARIOS,AGUAS-POT,POT-FUENTE,N
19-AUG-2025,NANCY,fuente,LAB_MUN,08-OCT-2025,Agua de red,LM_CAMPO,240950,--080823,FUENTES,3,,AGUAS_POT,,FUENTE-RED,Agua de consumo,AG_CONSUMO,F-158,VARIOS,AGUAS-POT,POT-FUENTE,N
19-AUG-2025,NANCY,fuente,LAB_MUN,08-OCT-2025,agua de red,LM_CAMPO,240951,--080824,FUENTES,3,,AGUAS_POT,,FUENTE-RED,Agua de consumo,AG_CONSUMO,F-157,VARIOS,AGUAS-POT,POT-FUENTE,N
19-AUG-2025,NANCY,fuente,LAB_MUN,08-OCT-2025,Agua de red,LM_CAMPO,240952,--080825,FUENTES,3,,AGUAS_POT,,FUENTE-RED,Agua de consumo,AG_CONSUMO,F-232,VARIOS,AGUAS-POT,POT-FUENTE,N
19-AUG-2025,NANCY,fuente,LAB_MUN,08-OCT-2025,Agua de red,LM_CAMPO,240953,--080826,FUENTES,3,,AGUAS_POT,,FUENTE-RED,Agua de consumo,AG_CONSUMO,F-350,VARIOS,AGUAS-POT,POT-FUENTE,N
19-AUG-2025,NANCY,fuente,LAB_MUN,08-OCT-2025,Agua de red,LM_CAMPO,240954,--080827,FUENTES,3,,AGUAS_POT,,FUENTE-RED,Agua de consumo,AG_CONSUMO,F-102,VARIOS,AGUAS-POT,POT-FUENTE,N
19-AUG-2025,NANCY,fuente,LAB_MUN,08-OCT-2025,Agua de red,LM_CAMPO,240955,--080828,FUENTES,3,,AGUAS_POT,,FUENTE-RED,Agua de consumo,AG_CONSUMO,F104,VARIOS,AGUAS-POT,POT-FUENTE,N
19-AUG-2025,NANCY,fuente,LAB_MUN,08-OCT-2025,Agua de red,LM_CAMPO,240956,--080829,AGUAS-POT-2025,3,,AGUAS_POT,,FUENTE-RED,Agua de consumo,AG_CONSUMO,F103,VARIOS,AGUAS-POT,POT-FUENTE,N
20-AUG-2025,NANCY,fuente,LAB_MUN,08-OCT-2025,Agua de red,LM_CAMPO,240957,--080830,FUENTES,3,,AGUAS_POT,,FUENTE-RED,Agua de consumo,AG_CONSUMO,F-113,VARIOS,AGUAS-POT,POT-FUENTE,N
20-AUG-2025,NANCY,fuente,LAB_MUN,08-OCT-2025,Agya de red,LM_CAMPO,240958,--080831,FUENTES,3,,AGUAS_POT,,FUENTE-RED,Agua de consumo,AG_CONSUMO,F-110,VARIOS,AGUAS-POT,POT-FUENTE,N
20-AUG-2025,NANCY,fuente,LAB_MUN,08-OCT-2025,Agua de red,LM_CAMPO,240959,--080832,FUENTES,3,,AGUAS_POT,,FUENTE-RED,Agua de consumo,AG_CONSUMO,F-112,VARIOS,AGUAS-POT,POT-FUENTE,N
20-AUG-2025,NANCY,fuente,LAB_MUN,08-OCT-2025,Agua de red,LM_CAMPO,240960,--080833,AGUAS-POT-2025,3,,AGUAS_POT,,FUENTE-RED,Agua de consumo,AG_CONSUMO,F-111,VARIOS,AGUAS-POT,POT-FUENTE,N
20-AUG-2025,NANCY,fuente,LAB_MUN,08-OCT-2025,Agua de red,LM_CAMPO,240961,--080834,AGUAS-POT-2025,3,,AGUAS_POT,,FUENTE-RED,Agua de consumo,AG_CONSUMO,F-198,VARIOS,AGUAS-POT,POT-FUENTE,N
20-AUG-2025,NANCY,fuente,LAB_MUN,08-OCT-2025,Agua de red,LM_CAMPO,240962,--080835,AGUAS-POT-2025,3,,AGUAS_POT,,FUENTE-RED,Agua de consumo,AG_CONSUMO,F-71,VARIOS,AGUAS-POT,POT-FUENTE,N
20-AUG-2025,NANCY,fuente,LAB_MUN,08-OCT-2025,Agua de red,LM_CAMPO,240963,--080836,AGUAS-POT-2025,3,,AGUAS_POT,,FUENTE-RED,Agua de consumo,AG_CONSUMO,F-49,VARIOS,AGUAS-POT,POT-FUENTE,N
20-AUG-2025,NANCY,fuente,LAB_MUN,08-OCT-2025,Agua de red,LM_CAMPO,240964,--080837,AGUAS-POT-2025,3,,AGUAS_POT,,FUENTE-RED,Agua de consumo,AG_CONSUMO,F-3,VARIOS,AGUAS-POT,POT-FUENTE,N
25-AUG-2025,CLIENTE,Vaso,PISCI_AYTO,08-OCT-2025,Agua no de consumo tratada,LAB_MUN,241022,AUTOCONTROL-2025-8491,AUTOCONTROL-2025,,,LUDICAS,,PISCINAS,Agua Lúdica,AG_LUDICA,VASO-M2,MUN-R1,WMN_LUD_CL,LUD-LEGIO,
26-AUG-2025,NANCY,cocina,LAB_MUN,16-SEP-2025,agua de grifo cocina (más cercano a caldera individual),LM_CAMPO,241026,LEGIONELLA-2025-8492,LEGIONELLA-2025,,,,,,Agua Caliente Sanitaria,AG_ACS,D-1148,,LEGIONELLA,LEGIO-IDEX,
26-AUG-2025,NANCY,baño al lado de cocina,LAB_MUN,16-SEP-2025,agua de ducha,LM_CAMPO,241028,LEGIONELLA-2025-8493,LEGIONELLA-2025,,,,,,Agua Caliente Sanitaria,AG_ACS,D-1148,,LEGIONELLA,LEGIO-IDEX,
26-AUG-2025,NANCY,baño adaptado más alejado del depósito,LAB_MUN,16-SEP-2025,agua de ducha,LM_CAMPO,241031,LEGIONELLA-2025-8494,LEGIONELLA-2025,,,,,,Agua caliente sanitaria,AG_ACS,D-1148,,LEGIONELLA,LEGIO-IDEX,
26-AUG-2025,NANCY,baño 2 (frente a habitación ricallor),LAB_MUN,16-SEP-2025,agua de ducha,LM_CAMPO,241035,LEGIONELLA-2025-8498,LEGIONELLA-2025,,,,,,Agua caliente sanitaria,AG_ACS,D-1149,,LEGIONELLA,LEGIO-IDEX,
26-AUG-2025,NANCY,baño 1 cercano a oficina,LAB_MUN,16-SEP-2025,agua de ducha,LM_CAMPO,241036,LEGIONELLA-2025-8499,LEGIONELLA-2025,0,,,,,Agua caliente sanitaria,AG_ACS,D-1149,,LEGIONELLA,LEGIO-IDEX,E
26-AUG-2025,NANCY,baño 6,LAB_MUN,16-SEP-2025,agua de ducha,LM_CAMPO,241037,LEGIONELLA-2025-8500,LEGIONELLA-2025,,,,,,Agua caliente sanitaria,AG_ACS,D-1149,,LEGIONELLA,LEGIO-IDEX,
27-AUG-2025,NANCY,fuente,LAB_MUN,08-OCT-2025,agua de red,LM_CAMPO,241048,--080838,FUENTES,3,Incumplimiento Al y Fe,AGUAS_POT,,FUENTE-RED,Agua de consumo,AG_CONSUMO,F-110,VARIOS,AGUAS-POT,POT-FUENTE,N
27-AUG-2025,NANCY,fuente,LAB_MUN,08-OCT-2025,agua de red,LM_CAMPO,241049,--080839,FUENTES,3,incumplimiento en Ni,AGUAS_POT,,FUENTE-RED,Agua de consumo,AG_CONSUMO,F-111,VARIOS,AGUAS-POT,POT-FUENTE,N
27-AUG-2025,NANCY,fuente,LAB_MUN,08-OCT-2025,agua de red,LM_CAMPO,241050,--080840,FUENTES,3,Incumplimiento Al,AGUAS_POT,,FUENTE-RED,Agua de consumo,AG_CONSUMO,F-198,VARIOS,AGUAS-POT,POT-FUENTE,N
08-SEP-2025,NUMARTIN,fuente,LAB_MUN,08-OCT-2025,agua de red,LM_CAMPO,241154,AG_CONSUMO-F-326-080841,FUENTES,5,,AGUAS_POT,,FUENTE-RED,Agua de consumo,AG_CONSUMO,F-168,VARIOS,WMM_LM_POT,POT-FUENTE,N
08-SEP-2025,NUMARTIN,fuente,LAB_MUN,08-OCT-2025,agua de red,LM_CAMPO,241155,AG_CONSUMO-F-328-080842,FUENTES,5,,AGUAS_POT,,FUENTE-RED,Agua de consumo,AG_CONSUMO,F-169,VARIOS,WMM_LM_POT,POT-FUENTE,N
01-SEP-2025,NUMARTIN,fuente,LAB_MUN,08-OCT-2025,agua de red,LM_CAMPO,241156,AG_CONSUMO-F-321-080843,FUENTES,5,,AGUAS_POT,,FUENTE-RED,Agua de consumo,AG_CONSUMO,F-321,VARIOS,WMM_LM_POT,POT-FUENTE,N
01-SEP-2025,NUMARTIN,fuente,LAB_MUN,08-OCT-2025,agua de red,LM_CAMPO,241157,AG_CONSUMO-F-332-080844,FUENTES,5,,AGUAS_POT,,FUENTE-RED,Agua de consumo,AG_CONSUMO,F-322,VARIOS,WMM_LM_POT,POT-FUENTE,N
01-SEP-2025,NUMARTIN,fuente,LAB_MUN,08-OCT-2025,agua de red,LM_CAMPO,241158,AG_CONSUMO-F-301-080845,FUENTES,5,,AGUAS_POT,,FUENTE-RED,Agua de consumo,AG_CONSUMO,F-301,VARIOS,WMM_LM_POT,POT-FUENTE,N
01-SEP-2025,NUMARTIN,fuente,LAB_MUN,08-OCT-2025,agua de red,LM_CAMPO,241159,AG_CONSUMO-F-301-080846,FUENTES,5,,AGUAS_POT,,FUENTE-RED,Agua de consumo,AG_CONSUMO,F-302,VARIOS,WMM_LM_POT,POT-FUENTE,N
01-SEP-2025,NUMARTIN,fuente,LAB_MUN,08-OCT-2025,agua de red,LM_CAMPO,241160,AG_CONSUMO-F-300-080847,FUENTES,5,,AGUAS_POT,,FUENTE-RED,Agua de consumo,AG_CONSUMO,F-300,VARIOS,WMM_LM_POT,POT-FUENTE,N
08-SEP-2025,NUMARTIN,fuente,LAB_MUN,08-OCT-2025,agua de red,LM_CAMPO,241161,AG_CONSUMO-F-363-080848,FUENTES,5,,AGUAS_POT,,FUENTE-RED,Agua de consumo,AG_CONSUMO,F-173,VARIOS,WMM_LM_POT,POT-FUENTE,N
02-SEP-2025,NUMARTIN,grifo baño adaptado,LAB_MUN,08-OCT-2025,agua de red,LM_CAMPO,241162,AG_CONSUMO-D-1013-080849,AGUAS-POT-2025,3,,AGUAS_POT,,RED-VIT,Agua de consumo,AG_CONSUMO,D-1013,REDES,WMM_LM_POT,POT-SANITA,N
02-SEP-2025,NUMARTIN,"grifo 1, baño femenino",LAB_MUN,08-OCT-2025,agua de red,LM_CAMPO,241163,AG_CONSUMO-D-1014-080850,AGUAS-POT-2025,3,,AGUAS_POT,,RED-VIT,Agua de consumo,AG_CONSUMO,D-1014,REDES,WMM_LM_POT,POT-SANITA,N
02-SEP-2025,NUMARTIN,"grifo 1, vestuario femenino cancha",LAB_MUN,08-OCT-2025,agua de red,LM_CAMPO,241164,AG_CONSUMO-D-1021-080851,AGUAS-POT-2025,3,,AGUAS_POT,,RED-VIT,Agua de consumo,AG_CONSUMO,D-1021,REDES,WMM_LM_POT,POT-SANITA,N
02-SEP-2025,NUMARTIN,grifo adaptado baño femenino,LAB_MUN,08-OCT-2025,agua de red,LM_CAMPO,241165,AG_CONSUMO-D-031-080852,AGUAS-POT-2025,3,,AGUAS_POT,,RED-VIT,Agua de consumo,AG_CONSUMO,D-031,REDES,WMM_LM_POT,POT-SANITA,N
02-SEP-2025,NUMARTIN,"grifo 1, baño masculino",LAB_MUN,08-OCT-2025,agua de red,LM_CAMPO,241166,AG_CONSUMO-D-034-080853,AGUAS-POT-2025,3,,AGUAS_POT,,RED-VIT,Agua de consumo,AG_CONSUMO,D-034,REDES,WMM_LM_POT,POT-SANITA,N
02-SEP-2025,NUMARTIN,"grifo 1, aseo femenino",LAB_MUN,08-OCT-2025,agua de red,LM_CAMPO,241167,AG_CONSUMO-D-1025-080854,AGUAS-POT-2025,3,,AGUAS_POT,,RED-VIT,Agua de consumo,AG_CONSUMO,D-1025,REDES,WMM_LM_POT,POT-SANITA,N
02-SEP-2025,NUMARTIN,"grifo 1, vestuario 3 femenino",LAB_MUN,08-OCT-2025,agua de red,LM_CAMPO,241168,AG_CONSUMO-D-1022-080855,AGUAS-POT-2025,3,,AGUAS_POT,,RED-VIT,Agua de consumo,AG_CONSUMO,D-1022,REDES,WMM_LM_POT,POT-SANITA,N
02-SEP-2025,NUMARTIN,"grifo 2, aseo femenino",LAB_MUN,08-OCT-2025,agua de red,LM_CAMPO,241169,AG_CONSUMO-D-1078-080856,AGUAS-POT-2025,3,,AGUAS_POT,,RED-VIT,Agua de consumo,AG_CONSUMO,D-1078,REDES,WMM_LM_POT,POT-SANITA,N
04-SEP-2025,NUMARTIN,ducha en domicilio C/ Puerto Rico 14,LAB_MUN,22-SEP-2025,agua de ducha,LM_CAMPO,241174,LEGIONELLA-2025-8566,LEGIONELLA-2025,,Caso 012507,,,,Agua Caliente Sanitaria,AG_ACS,LEGIO-000,,LEGIONELLA,LEGIO-IDEX,
04-SEP-2025,NUMARTIN,depósito,LAB_MUN,22-SEP-2025,agua de depósito,LM_CAMPO,241175,LEGIONELLA-2025-8567,LEGIONELLA-2025,,,,,,agua lavacoches,AG-LAVACO,D-1147,,LEGIONELLA,LEGIO-PA-S,
04-SEP-2025,NUMARTIN,lanza 2,LAB_MUN,22-SEP-2025,agua de lanza 2,LM_CAMPO,241176,LEGIONELLA-2025-8568,LEGIONELLA-2025,,,,,,agua depósito,AG-LAVACO,D-1083,,LEGIONELLA,LEGIO-PA-S,
04-SEP-2025,NUMARTIN,lanza 1,LAB_MUN,22-SEP-2025,agua de depósito,LM_CAMPO,241177,LEGIONELLA-2025-8569,LEGIONELLA-2025,,,,,,Agua lavacoches,AG-LAVACO,D-1079,,LEGIONELLA,LEGIO-PA-S,
04-SEP-2025,NUMARTIN,lanza 1,LAB_MUN,22-SEP-2025,agua de lavacoches,LM_CAMPO,241178,LEGIONELLA-2025-8570,LEGIONELLA-2025,,,,,,agua depósito,AG-LAVACO,D-1080,,LEGIONELLA,LEGIO-PA-S,
08-SEP-2025,NUMARTIN,fuente,LAB_MUN,08-OCT-2025,agua de red,LM_CAMPO,241226,AG_CONSUMO-F-175-080857,FUENTES,5,,AGUAS_POT,,FUENTE-RED,Agua de consumo,AG_CONSUMO,F-175,VARIOS,WMM_LM_POT,POT-FUENTE,N
08-SEP-2025,NUMARTIN,fuente,LAB_MUN,08-OCT-2025,agua de red,LM_CAMPO,241227,AG_CONSUMO-F-176-080858,FUENTES,5,,AGUAS_POT,,FUENTE-RED,Agua de consumo,AG_CONSUMO,F-176,VARIOS,WMM_LM_POT,POT-FUENTE,N
08-SEP-2025,NUMARTIN,fuente,LAB_MUN,08-OCT-2025,agua de red,LM_CAMPO,241228,AG_CONSUMO-F-178-080859,FUENTES,5,,AGUAS_POT,,FUENTE-RED,Agua de consumo,AG_CONSUMO,F-178,VARIOS,WMM_LM_POT,POT-FUENTE,N
08-SEP-2025,NUMARTIN,fuente,LAB_MUN,08-OCT-2025,agua de red,LM_CAMPO,241229,AG_CONSUMO-F-181-080860,FUENTES,5,,AGUAS_POT,,FUENTE-RED,Agua de consumo,AG_CONSUMO,F-181,VARIOS,WMM_LM_POT,POT-FUENTE,N
08-SEP-2025,NUMARTIN,fuente,LAB_MUN,08-OCT-2025,agua de red,LM_CAMPO,241230,AG_CONSUMO-F-184-080861,FUENTES,5,,AGUAS_POT,,FUENTE-RED,Agua de consumo,AG_CONSUMO,F-184,VARIOS,WMM_LM_POT,POT-FUENTE,N
10-SEP-2025,OSKAR,ducha baño fondo 1,LAB_MUN,22-SEP-2025,agua de ducha,LM_CAMPO,241247,LEGIONELLA-2025-8577,LEGIONELLA-2025,,,,,,agua caliente sanitaria,AG_ACS,D-1150,,LEGIONELLA,LEGIO-IDEX,
10-SEP-2025,OSKAR,ducha baño fondo 3,LAB_MUN,22-SEP-2025,agua de ducha,LM_CAMPO,241248,LEGIONELLA-2025-8578,LEGIONELLA-2025,,,,,,agua caliente sanitaria,AG_ACS,D-1150,,LEGIONELLA,LEGIO-IDEX,
10-SEP-2025,OSKAR,ducha baño pasillo 2,LAB_MUN,22-SEP-2025,agua de ducha,LM_CAMPO,241249,LEGIONELLA-2025-8579,LEGIONELLA-2025,,,,,,agua caliente sanitaria,AG_ACS,D-1150,,LEGIONELLA,LEGIO-IDEX,
10-SEP-2025,OSKAR,ducha vest. masc planta 0 alejada,LAB_MUN,22-SEP-2025,agua de ducha,LM_CAMPO,241250,LEGIONELLA-2025-8580,LEGIONELLA-2025,,,,,,agua caliente sanitaria,AG_ACS,D-1154,,LEGIONELLA,LEGIO-IDEX,
10-SEP-2025,NUMARTIN,ducha ap 310,LAB_MUN,22-SEP-2025,agua de ducha,LM_CAMPO,241251,LEGIONELLA-2025-8581,LEGIONELLA-2025,,,,,,agua caliente sanitaria,AG_ACS,D-1154,,LEGIONELLA,LEGIO-IDEX,
10-SEP-2025,NUMARTIN,ducha ap 502,LAB_MUN,22-SEP-2025,agua de ducha,LM_CAMPO,241252,LEGIONELLA-2025-8582,LEGIONELLA-2025,,,,,,agua caliente sanitaria,AG_ACS,D-1154,,LEGIONELLA,LEGIO-IDEX,
10-SEP-2025,OSKAR,ducha baño ático,LAB_MUN,22-SEP-2025,agua de ducha,LM_CAMPO,241258,LEGIONELLA-2025-8586,LEGIONELLA-2025,,,,,,agua caliente sanitaria,AG_ACS,D-1152,,LEGIONELLA,LEGIO-IDEX,
10-SEP-2025,OSKAR,ducha baño planta 1,LAB_MUN,22-SEP-2025,agua de ducha,LM_CAMPO,241259,LEGIONELLA-2025-8587,LEGIONELLA-2025,,,,,,agua caliente sanitaria,AG_ACS,D-1152,,LEGIONELLA,LEGIO-IDEX,
10-SEP-2025,OSKAR,ducha baño abajo planta 0,LAB_MUN,22-SEP-2025,agua de ducha,LM_CAMPO,241260,LEGIONELLA-2025-8588,LEGIONELLA-2025,,,,,,agua caliente sanitaria,AG_ACS,D-1152,,LEGIONELLA,LEGIO-IDEX,
16-SEP-2025,OSKAR,"grifo 2º derecha, vestuario masculino cancha",LAB_MUN,24-OCT-2025,agua de grifo (instalaciones interiores),LM_CAMPO,241422,AG_CONSUMO-G-23-080862,AGUAS-POT-2025,3,,AGUAS_POT,,GRIFO,Agua de consumo,AG_CONSUMO,G-23,REDES,WMM_LM_POT,POT-GRIFO,N
16-SEP-2025,OSKAR,"grifo 1º izquierda, aseo femenino cancha",LAB_MUN,24-OCT-2025,agua de grifo (instalaciones interiores),LM_CAMPO,241423,AG_CONSUMO-G-44-080863,AGUAS-POT-2025,3,,AGUAS_POT,,GRIFO,Agua de consumo,AG_CONSUMO,G-44,REDES,WMM_LM_POT,POT-GRIFO,N
16-SEP-2025,OSKAR,"grifo 1º derecha, vestuario 2 abajo femenino",LAB_MUN,24-OCT-2025,agua de grifo (instalaciones interiores),LM_CAMPO,241424,AG_CONSUMO-G-26-080864,AGUAS-POT-2025,3,,AGUAS_POT,,GRIFO,Agua de consumo,AG_CONSUMO,G-26,REDES,WMM_LM_POT,POT-GRIFO,N
16-SEP-2025,OSKAR,"grifo 1º derecha,vestuario 2 masculino cancha",LAB_MUN,24-OCT-2025,agua de grifo (instalaciones interiores),LM_CAMPO,241425,AG_CONSUMO-G-22-080865,AGUAS-POT-2025,3,,AGUAS_POT,,GRIFO,Agua de consumo,AG_CONSUMO,G-22,REDES,WMM_LM_POT,POT-GRIFO,N
16-SEP-2025,OSKAR,"grifo 1º derecha, aseo masculino planta 0",LAB_MUN,24-OCT-2025,agua de grifo (instalaciones interiores),LM_CAMPO,241426,AG_CONSUMO-G-41-080866,AGUAS-POT-2025,3,,AGUAS_POT,,GRIFO,Agua de consumo,AG_CONSUMO,G-41,REDES,WMM_LM_POT,POT-GRIFO,N
16-SEP-2025,OSKAR,"grifo 1º derecha, vestuario 4",LAB_MUN,24-OCT-2025,agua de grifo (instalaciones interiores),LM_CAMPO,241427,AG_CONSUMO-G-20-080867,AGUAS-POT-2025,3,,AGUAS_POT,,GRIFO,Agua de consumo,AG_CONSUMO,G-20,REDES,WMM_LM_POT,POT-GRIFO,N
18-SEP-2025,OSKAR,lanza 3,LAB_MUN,03-OCT-2025,agua de lanza,LM_CAMPO,241437,LEGIONELLA-2025-8633,LEGIONELLA-2025,,,,,,agua de lavacoches,AG-LAVACO,D-1038,,LEGIONELLA,LEGIO-PA-S,
18-SEP-2025,OSKAR,lanza 2,LAB_MUN,03-OCT-2025,agua de lanza,LM_CAMPO,241438,LEGIONELLA-2025-8634,LEGIONELLA-2025,,,,,,agua de lavacoches,AG-LAVACO,D-1069,,LEGIONELLA,LEGIO-PA-S,
18-SEP-2025,OSKAR,lanza 2,LAB_MUN,03-OCT-2025,agua de lanza,LM_CAMPO,241439,LEGIONELLA-2025-8635,LEGIONELLA-2025,,,,,,agua de lavacoches,AG-LAVACO,D-1071,,LEGIONELLA,LEGIO-PA-S,
18-SEP-2025,OSKAR,acumulador,LAB_MUN,03-OCT-2025,agua de acumulador,LM_CAMPO,241440,LEGIONELLA-2025-8636,LEGIONELLA-2025,,,,,,agua caliente sanitaria,AG_ACS,D-322,,LEGIONELLA,LEGIO-PA,
18-SEP-2025,OSKAR,ducha habitación 114 A,LAB_MUN,08-OCT-2025,agua de ducha,LM_CAMPO,241441,LEGIONELLA-2025-8637,LEGIONELLA-2025,,,,,,agua caliente sanitaria,AG_ACS,D-322,,LEGIONELLA,LEGIO-PA,
18-SEP-2025,OSKAR,ducha habitación 157 B,LAB_MUN,08-OCT-2025,agua de ducha,LM_CAMPO,241442,LEGIONELLA-2025-8638,LEGIONELLA-2025,,,,,,agua caliente sanitaria,AG_ACS,D-322,,LEGIONELLA,LEGIO-PA,
22-SEP-2025,CLIENTE,vaso,PISCI_AYTO,08-OCT-2025,Agua no de consumo tratada,LAB_MUN,241450,AUTOCONTROL-2025-8643,AUTOCONTROL-2025,,,LUDICAS,,PISCINAS,Agua Lúdica,AG_LUDICA,VASO-A1,MUN-R1,WMN_LUD_CL,LUD-AMPLIA,
22-SEP-2025,CLIENTE,vaso,PISCI_AYTO,08-OCT-2025,Agua no de consumo tratada,LAB_MUN,241451,AUTOCONTROL-2025-8644,AUTOCONTROL-2025,,,LUDICAS,,PISCINAS,Agua Lúdica,AG_LUDICA,VASO-A2,MUN-R1,WMN_LUD_CL,LUD-AMPLIA,
22-SEP-2025,CLIENTE,vaso,PISCI_AYTO,08-OCT-2025,Agua no de consumo tratada,LAB_MUN,241452,AUTOCONTROL-2025-8645,AUTOCONTROL-2025,,,LUDICAS,,PISCINAS,Agua Lúdica,AG_LUDICA,VASO-I1,MUN-R1,WMN_LUD_CL,LUD-AMPLIA,
22-SEP-2025,CLIENTE,vaso,PISCI_AYTO,08-OCT-2025,Agua no de consumo tratada,LAB_MUN,241453,AUTOCONTROL-2025-8646,AUTOCONTROL-2025,,,LUDICAS,,PISCINAS,Agua Lúdica,AG_LUDICA,VASO-I2,MUN-R1,WMN_LUD_CL,LUD-AMPLIA,
22-SEP-2025,CLIENTE,vaso,PISCI_AYTO,08-OCT-2025,Agua no de consumo tratada,LAB_MUN,241454,AUTOCONTROL-2025-8647,AUTOCONTROL-2025,,,LUDICAS,,PISCINAS,Agua Lúdica,AG_LUDICA,VASO-AB1,MUN-R1,WMN_LUD_CL,LUD-AMPLIA,
22-SEP-2025,CLIENTE,vaso,PISCI_AYTO,08-OCT-2025,Agua no de consumo tratada,LAB_MUN,241455,AUTOCONTROL-2025-8648,AUTOCONTROL-2025,,,LUDICAS,,PISCINAS,Agua Lúdica,AG_LUDICA,VASO-AB2,MUN-R1,WMN_LUD_CL,LUD-AMPLIA,
22-SEP-2025,CLIENTE,vaso,PISCI_AYTO,08-OCT-2025,Agua no de consumo tratada,LAB_MUN,241456,AUTOCONTROL-2025-8649,AUTOCONTROL-2025,,,LUDICAS,,PISCINAS,Agua Lúdica,AG_LUDICA,VASO-IB-1,MUN-R1,WMN_LUD_CL,LUD-AMPLIA,
22-SEP-2025,CLIENTE,vaso,PISCI_AYTO,08-OCT-2025,Agua no de consumo tratada,LAB_MUN,241457,AUTOCONTROL-2025-8650,AUTOCONTROL-2025,,,LUDICAS,,PISCINAS,Agua Lúdica,AG_LUDICA,VASO-IB-2,MUN-R1,WMN_LUD_CL,LUD-AMPLIA,
22-SEP-2025,CLIENTE,vaso,PISCI_AYTO,08-OCT-2025,Agua no de consumo tratada,LAB_MUN,241458,AUTOCONTROL-2025-8651,AUTOCONTROL-2025,,,LUDICAS,,PISCINAS,Agua Lúdica,AG_LUDICA,VASO-IB-3,MUN-R1,WMN_LUD_CL,LUD-AMPLIA,
22-SEP-2025,CLIENTE,vaso,PISCI_AYTO,08-OCT-2025,Agua no de consumo tratada,LAB_MUN,241459,AUTOCONTROL-2025-8652,AUTOCONTROL-2025,,,LUDICAS,,PISCINAS,Agua Lúdica,AG_LUDICA,VASO-M1,MUN-R1,WMN_LUD_CL,LUD-AMPLIA,
22-SEP-2025,CLIENTE,vaso,PISCI_AYTO,08-OCT-2025,Agua no de consumo tratada,LAB_MUN,241460,AUTOCONTROL-2025-8653,AUTOCONTROL-2025,,,LUDICAS,,PISCINAS,Agua Lúdica,AG_LUDICA,VASO-M2,MUN-R1,WMN_LUD_CL,LUD-AMPLIA,
23-SEP-2025,CLIENTE,vaso,PISCI_AYTO,08-OCT-2025,Agua no de consumo tratada,LAB_MUN,241462,AUTOCONTROL-2025-8654,AUTOCONTROL-2025,,,LUDICAS,,PISCINAS,Agua Lúdica,AG_LUDICA,VASO-H1,MUN-R2,WMN_LUD_CL,LUD-AMPLIA,
23-SEP-2025,CLIENTE,vaso,PISCI_AYTO,08-OCT-2025,Agua no de consumo tratada,LAB_MUN,241463,AUTOCONTROL-2025-8655,AUTOCONTROL-2025,,,LUDICAS,,PISCINAS,Agua Lúdica,AG_LUDICA,VASO-L1,MUN-R2,WMN_LUD_CL,LUD-AMPLIA,
23-SEP-2025,CLIENTE,vaso,PISCI_AYTO,08-OCT-2025,Agua no de consumo tratada,LAB_MUN,241464,AUTOCONTROL-2025-8656,AUTOCONTROL-2025,,,LUDICAS,,PISCINAS,Agua Lúdica,AG_LUDICA,VASO-L2,MUN-R2,WMN_LUD_CL,LUD-AMPLIA,
23-SEP-2025,CLIENTE,vaso,PISCI_AYTO,08-OCT-2025,Agua no de consumo tratada,LAB_MUN,241465,AUTOCONTROL-2025-8657,AUTOCONTROL-2025,,,LUDICAS,,PISCINAS,Agua Lúdica,AG_LUDICA,VASO-SA1,MUN-R2,WMN_LUD_CL,LUD-AMPLIA,
23-SEP-2025,CLIENTE,vaso,PISCI_AYTO,08-OCT-2025,Agua no de consumo tratada,LAB_MUN,241466,AUTOCONTROL-2025-8658,AUTOCONTROL-2025,,,LUDICAS,,PISCINAS,Agua Lúdica,AG_LUDICA,VASO-SA2,MUN-R2,WMN_LUD_CL,LUD-AMPLIA,
23-SEP-2025,CLIENTE,vaso,PISCI_AYTO,08-OCT-2025,Agua no de consumo tratada,LAB_MUN,241467,AUTOCONTROL-2025-8659,AUTOCONTROL-2025,,,LUDICAS,,PISCINAS,Agua Lúdica,AG_LUDICA,VASO-SB1,MUN-R2,WMN_LUD_CL,LUD-AMPLIA,
23-SEP-2025,CLIENTE,vaso,PISCI_AYTO,08-OCT-2025,Agua no de consumo tratada,LAB_MUN,241468,AUTOCONTROL-2025-8660,AUTOCONTROL-2025,,,LUDICAS,,PISCINAS,Agua Lúdica,AG_LUDICA,VASO-SB2,MUN-R2,WMN_LUD_CL,LUD-AMPLIA,
23-SEP-2025,CLIENTE,vaso,PISCI_AYTO,08-OCT-2025,Agua no de consumo tratada,LAB_MUN,241469,AUTOCONTROL-2025-8661,AUTOCONTROL-2025,,,LUDICAS,,PISCINAS,Agua Lúdica,AG_LUDICA,VASO-ZA1,MUN-R2,WMN_LUD_CL,LUD-AMPLIA,
23-SEP-2025,CLIENTE,vaso,PISCI_AYTO,08-OCT-2025,Agua no de consumo tratada,LAB_MUN,241470,AUTOCONTROL-2025-8662,AUTOCONTROL-2025,,,LUDICAS,,PISCINAS,Agua Lúdica,AG_LUDICA,VASO-ZA2,MUN-R2,WMN_LUD_CL,LUD-AMPLIA,
24-SEP-2025,OSKAR,vaso,LAB_MUN,08-OCT-2025,Agua de aporte de red,LM_CAMPO,241514,LUD-D-221-24-SEP-2025-013757,LUDICAS-2025,,,LUDICAS,,PISCINAS,Agua de piscina,AG_LUDICA,D-221,CUBIERTA-1,WMM_LUD,LUD-BASICO,
24-SEP-2025,NUMARTIN,vaso,LAB_MUN,08-OCT-2025,Agua de aporte de red,LM_CAMPO,241516,LUD-D-225-24-SEP-2025-013759,LUDICAS-2025,,,LUDICAS,,PISCINAS,Agua de piscina,AG_LUDICA,D-225,CUBIERTA-1,WMM_LUD,LUD-BASICO,
24-SEP-2025,OSKAR,vaso,LAB_MUN,08-OCT-2025,Agua de aporte de red,LM_CAMPO,241517,LUD-D-237-24-SEP-2025-013760,LUDICAS-2025,,,LUDICAS,,PISCINAS,Agua de piscina,AG_LUDICA,D-237,CUBIERTA-1,WMM_LUD,LUD-BASICO,
24-SEP-2025,NUMARTIN,vaso,LAB_MUN,08-OCT-2025,Agua de aporte de red,LM_CAMPO,241518,LUD-D-238-24-SEP-2025-013761,LUDICAS-2025,,,LUDICAS,,PISCINAS,Agua de piscina,AG_LUDICA,D-238,CUBIERTA-1,WMM_LUD,LUD-BASICO,
24-SEP-2025,NUMARTIN,vaso,LAB_MUN,08-OCT-2025,Agua de aporte de red,LM_CAMPO,241519,LUD-D-252-24-SEP-2025-013762,LUDICAS-2025,,,LUDICAS,,PISCINAS,Agua de piscina,AG_LUDICA,D-252,CUBIERTA-1,WMM_LUD,LUD-BASICO,
24-SEP-2025,NUMARTIN,vaso,LAB_MUN,08-OCT-2025,Agua de aporte de red,LM_CAMPO,241520,LUD-D-254-24-SEP-2025-013763,LUDICAS-2025,,,LUDICAS,,PISCINAS,Agua de piscina,AG_LUDICA,D-254,CUBIERTA-1,WMM_LUD,LUD-BASICO,
25-SEP-2025,NUMARTIN,"ducha 1º derecha, vestuario pisc exterior femenino",LAB_MUN,16-OCT-2025,agua de ducha,LM_CAMPO,241524,AGUAS-POT-2025-8705,LEGIONELLA-2025,,,,,,agua de ACS,AG_ACS,D-392,,LEGIONELLA,LEGIO-PA,
25-SEP-2025,NUMARTIN,"ducha 1º izquierda, vestuario piscina cubierta femenino",LAB_MUN,16-OCT-2025,agua de ducha,LM_CAMPO,241525,AGUAS-POT-2025-8706,LEGIONELLA-2025,,,,,,agua ACS,AG_ACS,D-392,,LEGIONELLA,LEGIO-PA,
25-SEP-2025,NUMARTIN,ducha central vestuario 2 polideportivo,LAB_MUN,16-OCT-2025,agua de ducha,LM_CAMPO,241526,AGUAS-POT-2025-8707,LEGIONELLA-2025,,,,,,agua ACS,AG_ACS,D-392,,LEGIONELLA,LEGIO-PA,
25-SEP-2025,OSKAR,retorno general ACS,LAB_MUN,16-OCT-2025,agua de retorno,LM_CAMPO,241527,AGUAS-POT-2025-8708,LEGIONELLA-2025,,,,,,agua ACS,AG_ACS,D-392,,LEGIONELLA,LEGIO-PA,
25-SEP-2025,OSKAR,ducha tropical,LAB_MUN,16-OCT-2025,agua de ducha,LM_CAMPO,241528,AGUAS-POT-2025-8709,LEGIONELLA-2025,,,,,,agua de ducha,AG_ACS,D-392,,LEGIONELLA,LEGIO-PA,
25-SEP-2025,OSKAR,ducha multisectorial,LAB_MUN,16-OCT-2025,agua de ducha,LM_CAMPO,241529,AGUAS-POT-2025-8710,LEGIONELLA-2025,,,,,,agua ACS,AG_ACS,D-392,,LEGIONELLA,LEGIO-PA,
29-SEP-2025,NUMARTIN,ducha domicilio caso 12510,LAB_MUN,08-OCT-2025,agua de ducha,LM_CAMPO,241653,LEGIONELLA-2025-8758,LEGIONELLA-2025,0,,,,,Agua Caliente Sanitaria,AG_ACS,LEGIO-000,,LEGIONELLA,LEGIO-IDEX,N
29-SEP-2025,OSKAR,G-40,LAB_MUN,08-OCT-2025,blanco potables proceso,LAB_MUN,241654,CCI-INSPECCION-2025-8759,CCI-INSPECCION-2025,0,,,,,agua blanco potables grifo,CONTROL-PO,G-40,,AGUAS,POT-GRIFO,N
29-SEP-2025,OSKAR,"grifo 1º izquierda, aseo masculino 3",LAB_MUN,24-OCT-2025,agua de red,LM_CAMPO,241655,AG_CONSUMO-G-40-080868,AGUAS-POT-2025,3,,AGUAS_POT,,GRIFO,Agua de consumo,AG_CONSUMO,G-40,REDES,WMM_LM_POT,POT-GRIFO,N
29-SEP-2025,OSKAR,"grifo 1º izquierda, vestuario 1, planta 0",LAB_MUN,24-OCT-2025,agua de red,LM_CAMPO,241656,AG_CONSUMO-G-42-080869,AGUAS-POT-2025,3,,AGUAS_POT,,GRIFO,Agua de consumo,AG_CONSUMO,G-94,REDES,WMM_LM_POT,POT-GRIFO,N
29-SEP-2025,OSKAR,"grifo 2º izquierda zona interior, aseo masculino cancha",LAB_MUN,24-OCT-2025,agua de red,LM_CAMPO,241657,AG_CONSUMO-G-43-080870,AGUAS-POT-2025,3,,AGUAS_POT,,GRIFO,Agua de consumo,AG_CONSUMO,G-43,REDES,WMM_LM_POT,POT-GRIFO,N
29-SEP-2025,OSKAR,"grifo, aseo masculino, planta -2",LAB_MUN,24-OCT-2025,agua de red,LM_CAMPO,241658,AG_CONSUMO-G-36-080871,AGUAS-POT-2025,3,,AGUAS_POT,,GRIFO,Agua de consumo,AG_CONSUMO,G-36,REDES,WMM_LM_POT,POT-GRIFO,N
01-OCT-2025,OSKAR,"ducha nº 2, vestuario masculino",LAB_MUN,08-OCT-2025,agua de ducha,LM_CAMPO,241683,LEGIONELLA-2025-8764,LEGIONELLA-2025,,,,,,agua caliente sanitaria,AG_ACS,D-1058,,LEGIONELLA,LEGIO-LAMP,
01-OCT-2025,NUMARTIN,"ducha 1º derecha, vestuario femenino",LAB_MUN,08-OCT-2025,agua de ducha,LM_CAMPO,241684,LEGIONELLA-2025-8765,LEGIONELLA-2025,0,,,,,agua caliente sanitaria,AG_ACS,D-1157,,LEGIONELLA,LEGIO-LAMP,E
01-OCT-2025,OSKAR,"ducha 2º izquierda, vestuario masculino",LAB_MUN,08-OCT-2025,agua de ducha,LM_CAMPO,241685,LEGIONELLA-2025-8766,LEGIONELLA-2025,,,,,,agua caliente sanitaria,AG_ACS,D-1116,,LEGIONELLA,LEGIO-LAMP,
01-OCT-2025,OSKAR,"ducha 1º, vestuario masculino",LAB_MUN,08-OCT-2025,agua de ducha,LM_CAMPO,241686,LEGIONELLA-2025-8767,LEGIONELLA-2025,,,,,,agua caliente sanitaria,AG_ACS,D-1057,,LEGIONELLA,LEGIO-LAMP,
01-OCT-2025,NUMARTIN,ducha vestuario femenino adaptado,LAB_MUN,08-OCT-2025,agua de ducha,LM_CAMPO,241687,LEGIONELLA-2025-8768,LEGIONELLA-2025,,,,,,agua caliente sanitaria,AG_ACS,D-1059,,LEGIONELLA,LEGIO-LAMP,
01-OCT-2025,OSKAR,"ducha 1º izquierda, vestuario masculino",LAB_MUN,08-OCT-2025,agua de ducha,LM_CAMPO,241688,LEGIONELLA-2025-8769,LEGIONELLA-2025,,,,,,agua caliente sanitaria,AG_ACS,D-1128,,LEGIONELLA,LEGIO-LAMP,
01-OCT-2025,NUMARTIN,ducha derecha,LAB_MUN,08-OCT-2025,agua de ducha,LM_CAMPO,241689,LEGIONELLA-2025-8770,LEGIONELLA-2025,,,,,,agua caliente sanitaria,AG_ACS,D-1155,,LEGIONELLA,LEGIO-LAMP,
01-OCT-2025,OSKAR,"ducha 1º izquierda, vestuario masculino",LAB_MUN,08-OCT-2025,agua de ducha,LM_CAMPO,241690,LEGIONELLA-2025-8771,LEGIONELLA-2025,,,,,,agua caliente sanitaria,AG_ACS,D-1156,,LEGIONELLA,LEGIO-LAMP,
02-OCT-2025,OSKAR,ducha vest femenino 1º ducha izd,LAB_MUN,08-OCT-2025,agua de ducha,LM_CAMPO,241701,LEGIONELLA-2025-8772,LEGIONELLA-2025,,,,,,agua caliente sanitaria,AG_ACS,D-1166,,LEGIONELLA,LEGIO-LAMP,
02-OCT-2025,OSKAR,ducha individual dcha vest masc.,LAB_MUN,08-OCT-2025,agua de ducha,LM_CAMPO,241702,LEGIONELLA-2025-8773,LEGIONELLA-2025,,,,,,agua caliente sanitaria,AG_ACS,D-1159,,LEGIONELLA,LEGIO-LAMP,
02-OCT-2025,NUMARTIN,ducha frente 1º vestuario único,LAB_MUN,08-OCT-2025,agua de ducha,LM_CAMPO,241703,LEGIONELLA-2025-8774,LEGIONELLA-2025,,,,,,agua caliente sanitaria,AG_ACS,D-1160,,LEGIONELLA,LEGIO-LAMP,
02-OCT-2025,OSKAR,ducha 2º izd vest. mascul.,LAB_MUN,08-OCT-2025,agua de ducha,LM_CAMPO,241704,LEGIONELLA-2025-8775,LEGIONELLA-2025,,,,,,agua caliente sanitaria,AG_ACS,D-1161,,LEGIONELLA,LEGIO-LAMP,
02-OCT-2025,NUMARTIN,ducha adaptada vest. femen.,LAB_MUN,08-OCT-2025,agua de ducha,LM_CAMPO,241705,LEGIONELLA-2025-8776,LEGIONELLA-2025,,,,,,agua caliente sanitaria,AG_ACS,D-1162,,LEGIONELLA,LEGIO-LAMP,
02-OCT-2025,NUMARTIN,ducha 1º dcha vest. femenino,LAB_MUN,08-OCT-2025,agua de ducha,LM_CAMPO,241706,LEGIONELLA-2025-8777,LEGIONELLA-2025,,,,,,agua caliente sanitaria,AG_ACS,D-1163,,LEGIONELLA,LEGIO-LAMP,
02-OCT-2025,NUMARTIN,ducha adaptada,LAB_MUN,08-OCT-2025,agua de ducha,LM_CAMPO,241707,LEGIONELLA-2025-8778,LEGIONELLA-2025,,,,,,agua caliente sanitaria,AG_ACS,D-1164,,LEGIONELLA,LEGIO-LAMP,
02-OCT-2025,NUMARTIN,ducha 1º dcha ves. femenino,LAB_MUN,08-OCT-2025,agua de ducha,LM_CAMPO,241708,LEGIONELLA-2025-8779,LEGIONELLA-2025,,,,,,agua caliente sanitaria,AG_ACS,D-1165,,LEGIONELLA,LEGIO-LAMP,
06-OCT-2025,NUMARTIN,grifo aseo adaptado,LAB_MUN,13-OCT-2025,agua de red,LM_CAMPO,241722,AG_CONSUMO-D-1013-080872,AGUAS-POT-2025,3,,AGUAS_POT,,RED-VIT,Agua de consumo,AG_CONSUMO,D-1013,REDES,WMM_LM_POT,POT-SANITA,N
06-OCT-2025,NUMARTIN,grifo 1º izquierda aseo femenino,LAB_MUN,13-OCT-2025,agua de red,LM_CAMPO,241723,AG_CONSUMO-D-1014-080873,AGUAS-POT-2025,3,,AGUAS_POT,,RED-VIT,Agua de consumo,AG_CONSUMO,D-1014,REDES,WMM_LM_POT,POT-SANITA,N
06-OCT-2025,NUMARTIN,grifo 1º derecha vestuario femenino cancha,LAB_MUN,13-OCT-2025,agua de red,LM_CAMPO,241724,AG_CONSUMO-D-1021-080874,AGUAS-POT-2025,3,,AGUAS_POT,,RED-VIT,Agua de consumo,AG_CONSUMO,D-1021,REDES,WMM_LM_POT,POT-SANITA,N
06-OCT-2025,NUMARTIN,grifo adaptado aseo femenino,LAB_MUN,13-OCT-2025,agua de red,LM_CAMPO,241725,AG_CONSUMO-D-031-080875,AGUAS-POT-2025,3,,AGUAS_POT,,RED-VIT,Agua de consumo,AG_CONSUMO,D-031,REDES,WMM_LM_POT,POT-SANITA,N
06-OCT-2025,NUMARTIN,grifo 1º  derecha aseo masculino,LAB_MUN,13-OCT-2025,agua de red,LM_CAMPO,241726,AG_CONSUMO-D-034-080876,AGUAS-POT-2025,3,,AGUAS_POT,,RED-VIT,Agua de consumo,AG_CONSUMO,D-034,REDES,WMM_LM_POT,POT-SANITA,N
06-OCT-2025,NUMARTIN,grifo 1º izquierda aseo femenino,LAB_MUN,13-OCT-2025,agua de red,LM_CAMPO,241727,AG_CONSUMO-D-1025-080877,AGUAS-POT-2025,3,,AGUAS_POT,,RED-VIT,Agua de consumo,AG_CONSUMO,D-1025,REDES,WMM_LM_POT,POT-SANITA,N
06-OCT-2025,NUMARTIN,grifo 1º derecha vestuario femenino 3 cancha,LAB_MUN,13-OCT-2025,agua de red,LM_CAMPO,241728,AG_CONSUMO-D-1022-080878,AGUAS-POT-2025,3,,AGUAS_POT,,RED-VIT,Agua de consumo,AG_CONSUMO,D-1022,REDES,WMM_LM_POT,POT-SANITA,N
06-OCT-2025,NUMARTIN,grifo 2º derecha aseo femenino,LAB_MUN,13-OCT-2025,agua de red,LM_CAMPO,241729,AG_CONSUMO-D-1078-080879,AGUAS-POT-2025,3,,AGUAS_POT,,RED-VIT,Agua de consumo,AG_CONSUMO,D-1078,REDES,WMM_LM_POT,POT-SANITA,N
08-OCT-2025,OSKAR,ducha,LAB_MUN,16-OCT-2025,agua de ducha,LM_CAMPO,241747,LEGIONELLA-2025-8798,LEGIONELLA-2025,,,,,,agua caliente sanitaria,AG_ACS,LEGIO-000,,LEGIONELLA,LEGIO-IDEX,
08-OCT-2025,OSKAR,"grifo 1º izquierda, aseo masculino planta 0",LAB_MUN,24-OCT-2025,agua de grifo,LM_CAMPO,241748,AG_CONSUMO-G-39-080880,AGUAS-POT-2025,3,,AGUAS_POT,,GRIFO,Agua de consumo,AG_CONSUMO,G-39,REDES,WMM_LM_POT,POT-GRIFO,N
08-OCT-2025,OSKAR,grifo 1º izquierda cancha,LAB_MUN,24-OCT-2025,agua de grifo,LM_CAMPO,241749,AG_CONSUMO-G-42-080881,AGUAS-POT-2025,3,,AGUAS_POT,,GRIFO,Agua de consumo,AG_CONSUMO,G-42,REDES,WMM_LM_POT,POT-GRIFO,N
08-OCT-2025,OSKAR,grifo aseo vestuario 1 edificio oficinas,LAB_MUN,24-OCT-2025,agua de grifo,LM_CAMPO,241750,AG_CONSUMO-G-37-080882,AGUAS-POT-2025,3,,AGUAS_POT,,GRIFO,Agua de consumo,AG_CONSUMO,G-37,REDES,WMM_LM_POT,POT-GRIFO,N
08-OCT-2025,OSKAR,grifo 1º izquierda aseo femenino,LAB_MUN,24-OCT-2025,agua de grifo,LM_CAMPO,241751,AG_CONSUMO-G-27-080883,AGUAS-POT-2025,3,,AGUAS_POT,,GRIFO,Agua de consumo,AG_CONSUMO,G-27,REDES,WMM_LM_POT,POT-GRIFO,N
08-OCT-2025,OSKAR,"grifo 1º izquierda vestuario visitante 3 masculino, edificio campo fútbol interior",LAB_MUN,24-OCT-2025,agua de grifo,LM_CAMPO,241752,AG_CONSUMO-G-24-080884,AGUAS-POT-2025,3,,AGUAS_POT,,GRIFO,Agua de consumo,AG_CONSUMO,G-24,REDES,WMM_LM_POT,POT-GRIFO,N
09-OCT-2025,NUMARTIN,ducha derecha,LAB_MUN,22-OCT-2025,agua de grifo,LM_CAMPO,241753,LEGIONELLA-2025-8799,LEGIONELLA-2025,,,,,,agua caliente sanitaria,AG_ACS,D-1155,,LEGIONELLA,LEGIO-PA,
09-OCT-2025,NUMARTIN,ducha derecha individual vestuario femenino,LAB_MUN,22-OCT-2025,agua de ducha,LM_CAMPO,241754,LEGIONELLA-2025-8800,LEGIONELLA-2025,,,,,,agua caliente sanitaria,AG_ACS,D-1159,,LEGIONELLA,LEGIO-PA,
09-OCT-2025,NUMARTIN,ducha derecha individual vestuario masculino,LAB_MUN,22-OCT-2025,agua de ducha,LM_CAMPO,241755,LEGIONELLA-2025-8801,LEGIONELLA-2025,,,,,,agua caliente sanitaria,AG_ACS,D-1159,,LEGIONELLA,LEGIO-PA,
14-OCT-2025,OSKAR,"ducha 1º izquierda, vestuario masculino",LAB_MUN,16-OCT-2025,agua de ducha,LM_CAMPO,241955,LEGIONELLA-2025-8870,LEGIONELLA-2025,,,,,,agua caliente sanitaria,AG_ACS,D-1167,,LEGIONELLA,LEGIO-LAMP,
14-OCT-2025,NUMARTIN,"ducha 1º izquierda, vestuario femenino",LAB_MUN,16-OCT-2025,agua de ducha,LM_CAMPO,241956,LEGIONELLA-2025-8871,LEGIONELLA-2025,,,,,,agua caliente sanitaria,AG_ACS,D-1168,,LEGIONELLA,LEGIO-LAMP,
14-OCT-2025,NUMARTIN,"ducha 1º izquierda, vestuario femenino",LAB_MUN,16-OCT-2025,agua de ducha,LM_CAMPO,241957,LEGIONELLA-2025-8872,LEGIONELLA-2025,,,,,,agua caliente sanitaria,AG_ACS,D-1169,,LEGIONELLA,LEGIO-LAMP,
15-OCT-2025,OSKAR,purga acumulador,LAB_MUN,04-NOV-2025,agua de purga,LM_CAMPO,241966,LEGIONELLA-2025-8876,LEGIONELLA-2025,,,,,,agua caliente sanitaria,AG_ACS,D-301,,LEGIONELLA,LEGIO-IDEX,
15-OCT-2025,OSKAR,retorno,LAB_MUN,04-NOV-2025,agua de purga,LM_CAMPO,241967,LEGIONELLA-2025-8877,LEGIONELLA-2025,,,,,,agua caliente sanitaria,AG_ACS,D-301,,LEGIONELLA,LEGIO-IDEX,
15-OCT-2025,OSKAR,"ducha fondo izquierda, vestuario 4 masculino",LAB_MUN,04-NOV-2025,agua de ducha,LM_CAMPO,241968,LEGIONELLA-2025-8878,LEGIONELLA-2025,,,,,,agua de caliente sanitaria,AG_ACS,D-301,,LEGIONELLA,LEGIO-IDEX,
15-OCT-2025,OSKAR,acumulador,LAB_MUN,04-NOV-2025,agua de purga,LM_CAMPO,241969,LEGIONELLA-2025-8879,LEGIONELLA-2025,,,,,,agua caliente sanitaria,AG_ACS,D-316,,LEGIONELLA,LEGIO-IDEX,
15-OCT-2025,OSKAR,retorno,LAB_MUN,04-NOV-2025,agua de purga,LM_CAMPO,241970,LEGIONELLA-2025-8880,LEGIONELLA-2025,,,,,,agua caliente sanitaria,AG_ACS,D-316,,LEGIONELLA,LEGIO-IDEX,
15-OCT-2025,OSKAR,"ducha 1º izquierda, vestuario 6 masculino cancha",LAB_MUN,04-NOV-2025,agua de ducha,LM_CAMPO,241971,LEGIONELLA-2025-8881,LEGIONELLA-2025,,,,,,agua caliente sanitaria,AG_ACS,D-316,,LEGIONELLA,LEGIO-IDEX,
15-OCT-2025,OSKAR,ducha aseo 5,LAB_MUN,04-NOV-2025,agua de ducha,LM_CAMPO,241972,LEGIONELLA-2025-8882,LEGIONELLA-2025,,,,,,agua caliente sanitaria,AG_ACS,D-953,,LEGIONELLA,LEGIO-IDEX,
15-OCT-2025,OSKAR,ducha aseo 3,LAB_MUN,04-NOV-2025,agua de ducha,LM_CAMPO,241973,LEGIONELLA-2025-8883,LEGIONELLA-2025,,,,,,agua caliente sanitaria,AG_ACS,D-953,,LEGIONELLA,LEGIO-IDEX,
15-OCT-2025,OSKAR,ducha aseo 2,LAB_MUN,04-NOV-2025,agua de ducha,LM_CAMPO,241974,LEGIONELLA-2025-8884,LEGIONELLA-2025,,,,,,agua caleinte sanitaria,AG_ACS,D-953,,LEGIONELLA,LEGIO-IDEX,
21-OCT-2025,OSKAR,vaso,LAB_MUN,03-NOV-2025,Agua de aporte de red,LM_CAMPO,242008,LUD-D-226-21-OCT-2025-013764,LUDICAS-2025,,,LUDICAS,,PISCINAS,Agua de piscina,AG_LUDICA,D-226,LU2,WMM_LUD,LUD-BASICO,
21-OCT-2025,OSKAR,vaso,LAB_MUN,03-NOV-2025,Agua de aporte de red,LM_CAMPO,242009,LUD-D-248-21-OCT-2025-013765,LUDICAS-2025,,,LUDICAS,,PISCINAS,Agua de piscina,AG_LUDICA,D-248,LU2,WMM_LUD,LUD-BASICO,
21-OCT-2025,OSKAR,vaso,LAB_MUN,03-NOV-2025,Agua de aporte de pozo,LM_CAMPO,242010,LUD-D-244-21-OCT-2025-013766,LUDICAS-2025,,,LUDICAS,,PISCINAS,Agua de piscina,AG_LUDICA,D-244,LU2,WMM_LUD,LUD-BASICO,
21-OCT-2025,OSKAR,vaso,LAB_MUN,03-NOV-2025,Agua de aporte de pozo,LM_CAMPO,242011,LUD-D-245-21-OCT-2025-013767,LUDICAS-2025,,,LUDICAS,,PISCINAS,Agua de piscina,AG_LUDICA,D-245,LU2,WMM_LUD,LUD-BASICO,
21-OCT-2025,OSKAR,vaso,LAB_MUN,03-NOV-2025,Agua de aporte de pozo,LM_CAMPO,242012,LUD-D-246-21-OCT-2025-013768,LUDICAS-2025,,,LUDICAS,,PISCINAS,Agua de piscina,AG_LUDICA,D-246,LU2,WMM_LUD,LUD-BASICO,
21-OCT-2025,OSKAR,vaso,LAB_MUN,03-NOV-2025,Agua de aporte de pozo,LM_CAMPO,242013,LUD-D-247-21-OCT-2025-013769,LUDICAS-2025,,,LUDICAS,,PISCINAS,Agua de piscina,AG_LUDICA,D-247,LU2,WMM_LUD,LUD-BASICO,
21-OCT-2025,OSKAR,vaso,LAB_MUN,03-NOV-2025,Agua de aporte de pozo,LM_CAMPO,242014,LUD-D-256-21-OCT-2025-013770,LUDICAS-2025,,,LUDICAS,,PISCINAS,Agua de piscina,AG_LUDICA,D-256,LU2,WMM_LUD,LUD-BASICO,
21-OCT-2025,OSKAR,vaso,LAB_MUN,03-NOV-2025,Agua de aporte de pozo,LM_CAMPO,242015,LUD-D-257-21-OCT-2025-013771,LUDICAS-2025,,,LUDICAS,,PISCINAS,Agua de piscina,AG_LUDICA,D-257,LU2,WMM_LUD,LUD-BASICO,
21-OCT-2025,OSKAR,vaso,LAB_MUN,03-NOV-2025,Agua de aporte de pozo,LM_CAMPO,242016,LUD-D-258-21-OCT-2025-013772,LUDICAS-2025,,,LUDICAS,,PISCINAS,Agua de piscina,AG_LUDICA,D-258,LU2,WMM_LUD,LUD-BASICO,
21-OCT-2025,OSKAR,vaso,LAB_MUN,03-NOV-2025,Agua de aporte de red,LM_CAMPO,242017,LUD-D-1035-21-OCT-2025-013773,LUDICAS-2025,,,LUDICAS,,PISCINAS,Agua de piscina,AG_LUDICA,D-1035,LU2,WMM_LUD,LUD-BASICO,
21-OCT-2025,OSKAR,.,LAB_MUN,03-NOV-2025,Agua de aporte de red,LM_CAMPO,242018,LUD-D-1035-21-OCT-2025-013774,CCI-INSPECCION-2025,,,LUDICAS,,PISCINAS,Agua de piscina,AG_LUDICA,D-1035,,WMM_LUD,LUD-BASICO,
23-OCT-2025,OSKAR,salida acumulador ACS,LAB_MUN,10-NOV-2025,agua de ACS,LM_CAMPO,242053,LEGIONELLA-2025-8929,LEGIONELLA-2025,,,,,,agua caliente sanitaria,AG_ACS,D-1170,,LEGIONELLA,LEGIO-PA,
23-OCT-2025,OSKAR,ducha habitación 118,LAB_MUN,10-NOV-2025,agua de ducha,LM_CAMPO,242054,LEGIONELLA-2025-8930,LEGIONELLA-2025,,,,,,agua caliente sanitaria,AG_ACS,D-1170,,LEGIONELLA,LEGIO-PA,
23-OCT-2025,OSKAR,ducha habitación 131,LAB_MUN,10-NOV-2025,agua de ducha,LM_CAMPO,242055,LEGIONELLA-2025-8931,LEGIONELLA-2025,,,,,,agua caliente sanitaria,AG_ACS,D-1170,,LEGIONELLA,LEGIO-PA,
23-OCT-2025,OSKAR,ducha única baño geriatrico-1 centro día,LAB_MUN,10-NOV-2025,agua de ducha,LM_CAMPO,242056,LEGIONELLA-2025-8932,LEGIONELLA-2025,,,,,,agua caliente sanitaria,AG_ACS,D-398,,LEGIONELLA,LEGIO-PA,
23-OCT-2025,OSKAR,ducha habitación 103,LAB_MUN,10-NOV-2025,agua de ducha,LM_CAMPO,242057,LEGIONELLA-2025-8933,LEGIONELLA-2025,,,,,,agua caliente sanitaria,AG_ACS,D-398,,LEGIONELLA,LEGIO-PA,
23-OCT-2025,OSKAR,ducha habitación 212,LAB_MUN,10-NOV-2025,agua de ducha,LM_CAMPO,242058,LEGIONELLA-2025-8934,LEGIONELLA-2025,,,,,,agua caliente sanitaria,AG_ACS,D-398,,LEGIONELLA,LEGIO-PA,
23-OCT-2025,OSKAR,blanco,LAB_MUN,10-NOV-2025,blanco legio,LM_CAMPO,242059,CCI-INSPECCION-2025-8935,CCI-INSPECCION-2025,,,,,,blanco proceso,CONTROL-LE,D-398,,LEGIONELLA,LEGIO-PA,
27-OCT-2025,CLIENTE,Vaso,PISCI_AYTO,04-NOV-2025,Agua no de consumo tratada,LAB_MUN,242140,AUTOCONTROL-2025-8985,AUTOCONTROL-2025,,,LUDICAS,,PISCINAS,Agua Lúdica,AG_LUDICA,VASO-A1,MUN-R1,WMN_LUD_CL,LUD-BASICO,
27-OCT-2025,CLIENTE,Vaso,PISCI_AYTO,04-NOV-2025,Agua no de consumo tratada,LAB_MUN,242141,AUTOCONTROL-2025-8986,AUTOCONTROL-2025,,,LUDICAS,,PISCINAS,Agua Lúdica,AG_LUDICA,VASO-A2,MUN-R1,WMN_LUD_CL,LUD-BASICO,
27-OCT-2025,CLIENTE,Vaso,PISCI_AYTO,04-NOV-2025,Agua no de consumo tratada,LAB_MUN,242142,AUTOCONTROL-2025-8987,AUTOCONTROL-2025,,,LUDICAS,,PISCINAS,Agua Lúdica,AG_LUDICA,VASO-I1,MUN-R1,WMN_LUD_CL,LUD-BASICO,
27-OCT-2025,CLIENTE,Vaso,PISCI_AYTO,04-NOV-2025,Agua no de consumo tratada,LAB_MUN,242143,AUTOCONTROL-2025-8988,AUTOCONTROL-2025,,,LUDICAS,,PISCINAS,Agua Lúdica,AG_LUDICA,VASO-I2,MUN-R1,WMN_LUD_CL,LUD-BASICO,
27-OCT-2025,CLIENTE,Vaso,PISCI_AYTO,04-NOV-2025,Agua no de consumo tratada,LAB_MUN,242144,AUTOCONTROL-2025-8989,AUTOCONTROL-2025,,,LUDICAS,,PISCINAS,Agua Lúdica,AG_LUDICA,VASO-AB1,MUN-R1,WMN_LUD_CL,LUD-BASICO,
27-OCT-2025,CLIENTE,Vaso,PISCI_AYTO,04-NOV-2025,Agua no de consumo tratada,LAB_MUN,242145,AUTOCONTROL-2025-8990,AUTOCONTROL-2025,,,LUDICAS,,PISCINAS,Agua Lúdica,AG_LUDICA,VASO-AB2,MUN-R1,WMN_LUD_CL,LUD-BASICO,
27-OCT-2025,CLIENTE,Vaso,PISCI_AYTO,04-NOV-2025,Agua no de consumo tratada,LAB_MUN,242146,AUTOCONTROL-2025-8991,AUTOCONTROL-2025,,,LUDICAS,,PISCINAS,Agua Lúdica,AG_LUDICA,VASO-IB-1,MUN-R1,WMN_LUD_CL,LUD-BASICO,
27-OCT-2025,CLIENTE,Vaso,PISCI_AYTO,04-NOV-2025,Agua no de consumo tratada,LAB_MUN,242147,AUTOCONTROL-2025-8992,AUTOCONTROL-2025,,,LUDICAS,,PISCINAS,Agua Lúdica,AG_LUDICA,VASO-IB-2,MUN-R1,WMN_LUD_CL,LUD-BASICO,
27-OCT-2025,CLIENTE,Vaso,PISCI_AYTO,04-NOV-2025,Agua no de consumo tratada,LAB_MUN,242148,AUTOCONTROL-2025-8993,AUTOCONTROL-2025,,,LUDICAS,,PISCINAS,Agua Lúdica,AG_LUDICA,VASO-IB-3,MUN-R1,WMN_LUD_CL,LUD-LEGIO,
27-OCT-2025,CLIENTE,Vaso,PISCI_AYTO,04-NOV-2025,Agua no de consumo tratada,LAB_MUN,242149,AUTOCONTROL-2025-8994,AUTOCONTROL-2025,,,LUDICAS,,PISCINAS,Agua Lúdica,AG_LUDICA,VASO-M1,MUN-R1,WMN_LUD_CL,LUD-BASICO,
27-OCT-2025,CLIENTE,Vaso,PISCI_AYTO,04-NOV-2025,Agua no de consumo tratada,LAB_MUN,242150,AUTOCONTROL-2025-8995,AUTOCONTROL-2025,,,LUDICAS,,PISCINAS,Agua Lúdica,AG_LUDICA,VASO-M2,MUN-R1,WMN_LUD_CL,LUD-LEGIO,
28-OCT-2025,CLIENTE,Vaso,PISCI_AYTO,04-NOV-2025,Agua no de consumo tratada,LAB_MUN,242152,AUTOCONTROL-2025-8996,AUTOCONTROL-2025,,,LUDICAS,,PISCINAS,Agua Lúdica,AG_LUDICA,VASO-H1,MUN-R2,WMN_LUD_CL,LUD-BASICO,
28-OCT-2025,CLIENTE,Vaso,PISCI_AYTO,04-NOV-2025,Agua no de consumo tratada,LAB_MUN,242153,AUTOCONTROL-2025-8997,AUTOCONTROL-2025,,,LUDICAS,,PISCINAS,Agua Lúdica,AG_LUDICA,VASO-L1,MUN-R2,WMN_LUD_CL,LUD-BASICO,
28-OCT-2025,CLIENTE,Vaso,PISCI_AYTO,04-NOV-2025,Agua no de consumo tratada,LAB_MUN,242154,AUTOCONTROL-2025-8998,AUTOCONTROL-2025,,,LUDICAS,,PISCINAS,Agua Lúdica,AG_LUDICA,VASO-L2,MUN-R2,WMN_LUD_CL,LUD-BASICO,
28-OCT-2025,CLIENTE,Vaso,PISCI_AYTO,04-NOV-2025,Agua no de consumo tratada,LAB_MUN,242155,AUTOCONTROL-2025-8999,AUTOCONTROL-2025,,,LUDICAS,,PISCINAS,Agua Lúdica,AG_LUDICA,VASO-SA1,MUN-R2,WMN_LUD_CL,LUD-BASICO,
28-OCT-2025,CLIENTE,Vaso,PISCI_AYTO,04-NOV-2025,Agua no de consumo tratada,LAB_MUN,242156,AUTOCONTROL-2025-9000,AUTOCONTROL-2025,,,LUDICAS,,PISCINAS,Agua Lúdica,AG_LUDICA,VASO-SA2,MUN-R2,WMN_LUD_CL,LUD-BASICO,
28-OCT-2025,CLIENTE,Vaso,PISCI_AYTO,04-NOV-2025,Agua no de consumo tratada,LAB_MUN,242157,AUTOCONTROL-2025-9001,AUTOCONTROL-2025,,,LUDICAS,,PISCINAS,Agua Lúdica,AG_LUDICA,VASO-SB1,MUN-R2,WMN_LUD_CL,LUD-BASICO,
28-OCT-2025,CLIENTE,Vaso,PISCI_AYTO,04-NOV-2025,Agua no de consumo tratada,LAB_MUN,242158,AUTOCONTROL-2025-9002,AUTOCONTROL-2025,,,LUDICAS,,PISCINAS,Agua Lúdica,AG_LUDICA,VASO-SB2,MUN-R2,WMN_LUD_CL,LUD-BASICO,
28-OCT-2025,CLIENTE,Vaso,PISCI_AYTO,04-NOV-2025,Agua no de consumo tratada,LAB_MUN,242159,AUTOCONTROL-2025-9003,AUTOCONTROL-2025,,,LUDICAS,,PISCINAS,Agua Lúdica,AG_LUDICA,VASO-ZA1,MUN-R2,WMN_LUD_CL,LUD-BASICO,
28-OCT-2025,CLIENTE,Vaso,PISCI_AYTO,04-NOV-2025,Agua no de consumo tratada,LAB_MUN,242160,AUTOCONTROL-2025-9004,AUTOCONTROL-2025,,,LUDICAS,,PISCINAS,Agua Lúdica,AG_LUDICA,VASO-ZA2,MUN-R2,WMN_LUD_CL,LUD-BASICO,
30-OCT-2025,OSKAR,ducha baño fondo planta 3,LAB_MUN,12-NOV-2025,agua de ducha,LM_CAMPO,242168,LEGIONELLA-2025-9011,LEGIONELLA-2025,,,,,,agua caliente sanitaria,AG_ACS,D-1171,,LEGIONELLA,LEGIO-PA,
30-OCT-2025,OSKAR,ducha baño planta 2,LAB_MUN,12-NOV-2025,agua de ducha,LM_CAMPO,242169,LEGIONELLA-2025-9012,LEGIONELLA-2025,,,,,,agua caliente sanitaria,AG_ACS,D-1171,,LEGIONELLA,LEGIO-PA,
30-OCT-2025,OSKAR,ducha baño planta 1,LAB_MUN,12-NOV-2025,agua de ducha,LM_CAMPO,242170,LEGIONELLA-2025-9013,LEGIONELLA-2025,,,,,,agua caliente sanitaria,AG_ACS,D-1171,,LEGIONELLA,LEGIO-PA,
30-OCT-2025,OSKAR,ducha baño pasillo planta superior,LAB_MUN,12-NOV-2025,agua de ducha,LM_CAMPO,242171,LEGIONELLA-2025-9014,LEGIONELLA-2025,,,,,,agua caliente sanitaria,AG_ACS,D-1172,,LEGIONELLA,LEGIO-PA,
30-OCT-2025,OSKAR,ducha baño geriatrico escaleras planta 0,LAB_MUN,12-NOV-2025,agua de ducha,LM_CAMPO,242172,LEGIONELLA-2025-9015,LEGIONELLA-2025,,,,,,agua caliente sanitaria,AG_ACS,D-1172,,LEGIONELLA,LEGIO-PA,
30-OCT-2025,NUMARTIN,ducha baño geriatrico pasillo planta 0,LAB_MUN,12-NOV-2025,agua de ducha,LM_CAMPO,242173,LEGIONELLA-2025-9016,LEGIONELLA-2025,,,,,,agua caliente sanitaria,AG_ACS,D-1172,,LEGIONELLA,LEGIO-PA,
03-NOV-2025,NUMARTIN,fuente,LAB_MUN,17-NOV-2025,agua de red,LM_CAMPO,242227,AG_CONSUMO-D-113-080885,AGUAS-POT-2025,3,,AGUAS_POT,,PUEBLOS-01,Agua de consumo,AG_CONSUMO,D-113,PUEBLOS,WMM_LM_POT,POT-SANITA,N
03-NOV-2025,NUMARTIN,fuente,LAB_MUN,17-NOV-2025,agua de red,LM_CAMPO,242228,AG_CONSUMO-D-114-080886,AGUAS-POT-2025,3,,AGUAS_POT,,PUEBLOS-01,Agua de consumo,AG_CONSUMO,D-114,PUEBLOS,WMM_LM_POT,POT-SANITA,N
03-NOV-2025,OSKAR,fuente,LAB_MUN,17-NOV-2025,agua de red,LM_CAMPO,242229,AG_CONSUMO-D-120-080887,AGUAS-POT-2025,3,,AGUAS_POT,,PUEBLOS-01,Agua de consumo,AG_CONSUMO,D-120,PUEBLOS,WMM_LM_POT,POT-SANITA,N
03-NOV-2025,NUMARTIN,fuente,LAB_MUN,17-NOV-2025,agua de red,LM_CAMPO,242230,AG_CONSUMO-D-121-080888,AGUAS-POT-2025,3,,AGUAS_POT,,PUEBLOS-01,Agua de consumo,AG_CONSUMO,D-121,PUEBLOS,WMM_LM_POT,POT-SANITA,N
03-NOV-2025,OSKAR,fuente,LAB_MUN,17-NOV-2025,agua de red,LM_CAMPO,242231,AG_CONSUMO-D-123-080889,AGUAS-POT-2025,3,,AGUAS_POT,,PUEBLOS-01,Agua de consumo,AG_CONSUMO,D-123,PUEBLOS,WMM_LM_POT,POT-SANITA,N
03-NOV-2025,NUMARTIN,fuente,LAB_MUN,17-NOV-2025,agua de red,LM_CAMPO,242232,AG_CONSUMO-D-130-080890,AGUAS-POT-2025,3,,AGUAS_POT,,PUEBLOS-01,Agua de consumo,AG_CONSUMO,D-130,PUEBLOS,WMM_LM_POT,POT-SANITA,N
03-NOV-2025,NUMARTIN,fuente,LAB_MUN,17-NOV-2025,agua de red,LM_CAMPO,242233,AG_CONSUMO-D-134-080891,AGUAS-POT-2025,3,,AGUAS_POT,,PUEBLOS-01,Agua de consumo,AG_CONSUMO,D-134,PUEBLOS,WMM_LM_POT,POT-SANITA,N
03-NOV-2025,OSKAR,fuente,LAB_MUN,17-NOV-2025,agua de red,LM_CAMPO,242234,AG_CONSUMO-D-143-080892,AGUAS-POT-2025,3,,AGUAS_POT,,PUEBLOS-01,Agua de consumo,AG_CONSUMO,D-143,PUEBLOS,WMM_LM_POT,POT-SANITA,N
04-NOV-2025,OSKAR,acumulador,LAB_MUN,12-NOV-2025,agua de acumulador,LM_CAMPO,242249,LEGIONELLA-2025-9026,LEGIONELLA-2025,,,,,,Agua caliente sanitaria,AG_ACS,D-382-1,,LEGIONELLA,LEGIO-IDEX,
04-NOV-2025,OSKAR,retorno,LAB_MUN,12-NOV-2025,agua de retorno,LM_CAMPO,242250,LEGIONELLA-2025-9027,LEGIONELLA-2025,,,,,,Agua caliente sanitaria,AG_ACS,D-382-1,,LEGIONELLA,LEGIO-IDEX,
04-NOV-2025,OSKAR,ducha baño turco,LAB_MUN,12-NOV-2025,agua de ducha,LM_CAMPO,242251,LEGIONELLA-2025-9028,LEGIONELLA-2025,,,,,,Agua caliente sanitaria,AG_ACS,D-382-1,,LEGIONELLA,LEGIO-IDEX,
04-NOV-2025,OSKAR,acumulador,LAB_MUN,12-NOV-2025,agua de acumulador,LM_CAMPO,242252,LEGIONELLA-2025-9029,LEGIONELLA-2025,,,,,,Agua caliente sanitaria,AG_ACS,D-382-2,,LEGIONELLA,LEGIO-IDEX,
04-NOV-2025,OSKAR,retorno,LAB_MUN,12-NOV-2025,agua de retorno,LM_CAMPO,242253,LEGIONELLA-2025-9030,LEGIONELLA-2025,,,,,,agua caliente sanitaria,AG_ACS,D-382-2,,LEGIONELLA,LEGIO-IDEX,
04-NOV-2025,OSKAR,"ducha 1º derecha, vestuario infantil",LAB_MUN,12-NOV-2025,agua de ducha,LM_CAMPO,242254,LEGIONELLA-2025-9031,LEGIONELLA-2025,,,,,,agua caliente sanitaria,AG_ACS,D-382-2,,LEGIONELLA,LEGIO-IDEX,
04-NOV-2025,OSKAR,acumulador,LAB_MUN,12-NOV-2025,agua de acumulador,LM_CAMPO,242255,LEGIONELLA-2025-9032,LEGIONELLA-2025,,,,,,agua caliente sanitaria,AG_ACS,D-382-3,,LEGIONELLA,LEGIO-IDEX,
04-NOV-2025,OSKAR,retorno,LAB_MUN,12-NOV-2025,agua de retorno,LM_CAMPO,242256,LEGIONELLA-2025-9033,LEGIONELLA-2025,,,,,,agua caliente sanitaria,AG_ACS,D-382-3,,LEGIONELLA,LEGIO-IDEX,
04-NOV-2025,OSKAR,"ducha 1º derecha, vestuario masculino",LAB_MUN,12-NOV-2025,agua de ducha,LM_CAMPO,242257,LEGIONELLA-2025-9034,LEGIONELLA-2025,,,,,,agua caliente sanitaria,AG_ACS,D-382-3,,LEGIONELLA,LEGIO-IDEX,
05-NOV-2025,NUMARTIN,fuente,LAB_MUN,17-NOV-2025,agua de red,LM_CAMPO,242258,AG_CONSUMO-D-140-080893,AGUAS-POT-2025,3,,AGUAS_POT,,PUEBLOS-02,Agua de consumo,AG_CONSUMO,D-140,PUEBLOS,WMM_LM_POT,POT-SANITA,N
05-NOV-2025,NUMARTIN,fuente,LAB_MUN,17-NOV-2025,agua de red,LM_CAMPO,242259,AG_CONSUMO-D-141-080894,AGUAS-POT-2025,3,,AGUAS_POT,,PUEBLOS-02,Agua de consumo,AG_CONSUMO,D-141,PUEBLOS,WMM_LM_POT,POT-SANITA,N
05-NOV-2025,NUMARTIN,fuente,LAB_MUN,17-NOV-2025,agua de red,LM_CAMPO,242260,AG_CONSUMO-D-142-080895,AGUAS-POT-2025,3,,AGUAS_POT,,PUEBLOS-02,Agua de consumo,AG_CONSUMO,D-142,PUEBLOS,WMM_LM_POT,POT-SANITA,N
05-NOV-2025,NUMARTIN,"grifo casa, nº 12",LAB_MUN,17-NOV-2025,agua de red,LM_CAMPO,242262,AG_CONSUMO-D-154-080897,AGUAS-POT-2025,3,,AGUAS_POT,,PUEBLOS-02,Agua de consumo,AG_CONSUMO,D-154,PUEBLOS,WMM_LM_POT,POT-SANITA,N
05-NOV-2025,NUMARTIN,fuente,LAB_MUN,17-NOV-2025,agua de red,LM_CAMPO,242263,AG_CONSUMO-D-156-080898,AGUAS-POT-2025,3,,AGUAS_POT,,PUEBLOS-02,Agua de consumo,AG_CONSUMO,D-156,PUEBLOS,WMM_LM_POT,POT-SANITA,N
05-NOV-2025,NUMARTIN,fuente,LAB_MUN,17-NOV-2025,agua de red,LM_CAMPO,242264,AG_CONSUMO-D-161-080899,AGUAS-POT-2025,3,,AGUAS_POT,,PUEBLOS-02,Agua de consumo,AG_CONSUMO,D-161,PUEBLOS,WMM_LM_POT,POT-SANITA,N
05-NOV-2025,NUMARTIN,fuente,LAB_MUN,17-NOV-2025,agua de red,LM_CAMPO,242265,AG_CONSUMO-D-162-080900,AGUAS-POT-2025,3,,AGUAS_POT,,PUEBLOS-02,Agua de consumo,AG_CONSUMO,D-162,PUEBLOS,WMM_LM_POT,POT-SANITA,N
05-NOV-2025,NUMARTIN,fuente,LAB_MUN,17-NOV-2025,agua de red,LM_CAMPO,242266,AG_CONSUMO-D-163-080901,AGUAS-POT-2025,3,,AGUAS_POT,,PUEBLOS-02,Agua de consumo,AG_CONSUMO,D-163,PUEBLOS,WMM_LM_POT,POT-SANITA,N
05-NOV-2025,NUMARTIN,fuente,LAB_MUN,17-NOV-2025,agua de red,LM_CAMPO,242267,AG_CONSUMO-D-165-080902,AGUAS-POT-2025,3,,AGUAS_POT,,PUEBLOS-02,Agua de consumo,AG_CONSUMO,D-165,PUEBLOS,WMM_LM_POT,POT-SANITA,N
05-NOV-2025,NUMARTIN,fuente,LAB_MUN,17-NOV-2025,agua de red,LM_CAMPO,242268,AG_CONSUMO-D-143-080903,AGUAS-POT-2025,2,"comprobacion incumplimiento Nº242234, D-143",AGUAS_POT,,PUEBLOS-01,Agua de consumo,AG_CONSUMO,D-143,PUEBLOS,WMM_LM_POT,POT-SANITA,N
07-NOV-2025,NUMARTIN,fuente,LAB_MUN,17-NOV-2025,agua de red,LM_CAMPO,242269,AG_CONSUMO-D-143-080904,AGUAS-POT-2025,2,Seguimiento incidencia nº muestra 242234,AGUAS_POT,,PUEBLOS-01,Agua de consumo,AG_CONSUMO,D-143,PUEBLOS,WMM_LM_POT,POT-SANITA,N
10-NOV-2025,OSKAR,vaso,LAB_MUN,17-NOV-2025,Agua de aporte de red,LM_CAMPO,242357,LUD-VASO-A1-10-NOV-2025-013775,LUDICAS-2025,,,LUDICAS,,PISCINAS,Agua de piscina,AG_LUDICA,VASO-A1,MUNR1,WMM_LUD,LUD-BASICO,
10-NOV-2025,OSKAR,vaso,LAB_MUN,17-NOV-2025,Agua de aporte de red,LM_CAMPO,242358,LUD-VASO-A2-10-NOV-2025-013776,LUDICAS-2025,,,LUDICAS,,PISCINAS,Agua de piscina,AG_LUDICA,VASO-A2,MUNR1,WMM_LUD,LUD-BASICO,
10-NOV-2025,OSKAR,vaso,LAB_MUN,17-NOV-2025,Agua de aporte de red,LM_CAMPO,242359,LUD-VASO-I1-10-NOV-2025-013777,LUDICAS-2025,,,LUDICAS,,PISCINAS,Agua de piscina,AG_LUDICA,VASO-I1,MUNR1,WMM_LUD,LUD-BASICO,
10-NOV-2025,OSKAR,vaso,LAB_MUN,17-NOV-2025,Agua de aporte de red,LM_CAMPO,242360,LUD-VASO-I2-10-NOV-2025-013778,LUDICAS-2025,,,LUDICAS,,PISCINAS,Agua de piscina,AG_LUDICA,VASO-I2,MUNR1,WMM_LUD,LUD-BASICO,
10-NOV-2025,OSKAR,vaso,LAB_MUN,17-NOV-2025,Agua de aporte de red,LM_CAMPO,242361,LUD-VASO-AB1-10-NOV-2025-01377,LUDICAS-2025,,,LUDICAS,,PISCINAS,Agua de piscina,AG_LUDICA,VASO-AB1,MUNR1,WMM_LUD,LUD-BASICO,
10-NOV-2025,OSKAR,vaso,LAB_MUN,17-NOV-2025,Agua de aporte de red,LM_CAMPO,242362,LUD-VASO-AB2-10-NOV-2025-01378,LUDICAS-2025,,,LUDICAS,,PISCINAS,Agua de piscina,AG_LUDICA,VASO-AB2,MUNR1,WMM_LUD,LUD-BASICO,
10-NOV-2025,OSKAR,vaso,LAB_MUN,17-NOV-2025,Agua de aporte de red,LM_CAMPO,242363,LUD-VASO-IB-1-10-NOV-2025-0137,LUDICAS-2025,,,LUDICAS,,PISCINAS,Agua de piscina,AG_LUDICA,VASO-IB-1,MUNR1,WMM_LUD,LUD-BASICO,
10-NOV-2025,OSKAR,vaso,LAB_MUN,17-NOV-2025,Agua de aporte de red,LM_CAMPO,242364,LUD-VASO-IB-2-10-NOV-2025-0137,LUDICAS-2025,,,LUDICAS,,PISCINAS,Agua de piscina,AG_LUDICA,VASO-IB-2,MUNR1,WMM_LUD,LUD-BASICO,
10-NOV-2025,OSKAR,vaso,LAB_MUN,17-NOV-2025,Agua de aporte de red,LM_CAMPO,242365,LUD-VASO-IB-3-10-NOV-2025-0137,LUDICAS-2025,,,LUDICAS,,PISCINAS,Agua de piscina,AG_LUDICA,VASO-IB-3,MUNR1,WMM_LUD,LUD-BASICO,
10-NOV-2025,OSKAR,vaso,LAB_MUN,17-NOV-2025,Agua de aporte de red,LM_CAMPO,242366,LUD-VASO-M1-10-NOV-2025-013784,LUDICAS-2025,,,LUDICAS,,PISCINAS,Agua de piscina,AG_LUDICA,VASO-M1,MUNR1,WMM_LUD,LUD-BASICO,
10-NOV-2025,OSKAR,vaso,LAB_MUN,17-NOV-2025,Agua de aporte de red,LM_CAMPO,242367,LUD-VASO-M2-10-NOV-2025-013785,LUDICAS-2025,,,LUDICAS,,PISCINAS,Agua de piscina,AG_LUDICA,VASO-M2,MUNR1,WMM_LUD,LUD-BASICO,
10-NOV-2025,NUMARTIN,fuente,LAB_MUN,17-NOV-2025,agua de red,LM_CAMPO,242368,AG_CONSUMO-D-143-080905,AGUAS-POT-2025,4,Seguimiento incumplimiento nº muestra 242234,AGUAS_POT,,PUEBLOS-01,Agua de consumo,AG_CONSUMO,D-143,PUEBLOS,WMM_LM_POT,POT-SANITA,N
10-NOV-2025,OSKAR,lud,LAB_MUN,17-NOV-2025,BLANCO PROCESO,LAB_MUN,242369,CCI-INSPECCION-2025-9077,CCI-INSPECCION-2025,,,,,,AGUA BLANCO LUD,CONTROL-LU,VASO-AB1,,AGUAS,LUD-BASICO,
11-NOV-2025,OSKAR,vaso,LAB_MUN,17-NOV-2025,Agua de aporte de red,LM_CAMPO,242370,LUD-VASO-H1-11-NOV-2025-013786,LUDICAS-2025,,,LUDICAS,,PISCINAS,Agua de piscina,AG_LUDICA,VASO-H1,MUN-R2,WMM_LUD,LUD-BASICO,
11-NOV-2025,OSKAR,vaso,LAB_MUN,17-NOV-2025,Agua de aporte de red,LM_CAMPO,242371,LUD-VASO-L1-11-NOV-2025-013787,LUDICAS-2025,,,LUDICAS,,PISCINAS,Agua de piscina,AG_LUDICA,VASO-L1,MUN-R2,WMM_LUD,LUD-BASICO,
11-NOV-2025,OSKAR,vaso,LAB_MUN,17-NOV-2025,Agua de aporte de red,LM_CAMPO,242372,LUD-VASO-L2-11-NOV-2025-013788,LUDICAS-2025,,,LUDICAS,,PISCINAS,Agua de piscina,AG_LUDICA,VASO-L2,MUN-R2,WMM_LUD,LUD-BASICO,
11-NOV-2025,OSKAR,vaso,LAB_MUN,17-NOV-2025,Agua de aporte de red,LM_CAMPO,242373,LUD-VASO-SA1-11-NOV-2025-01378,LUDICAS-2025,,,LUDICAS,,PISCINAS,Agua de piscina,AG_LUDICA,VASO-SA1,MUN-R2,WMM_LUD,LUD-BASICO,
11-NOV-2025,OSKAR,vaso,LAB_MUN,17-NOV-2025,Agua de aporte de red,LM_CAMPO,242374,LUD-VASO-SA2-11-NOV-2025-01379,LUDICAS-2025,,,LUDICAS,,PISCINAS,Agua de piscina,AG_LUDICA,VASO-SA2,MUN-R2,WMM_LUD,LUD-BASICO,
11-NOV-2025,OSKAR,vaso,LAB_MUN,17-NOV-2025,Agua de aporte de red,LM_CAMPO,242375,LUD-VASO-SB1-11-NOV-2025-01379,LUDICAS-2025,,,LUDICAS,,PISCINAS,Agua de piscina,AG_LUDICA,VASO-SB1,MUN-R2,WMM_LUD,LUD-BASICO,
11-NOV-2025,OSKAR,vaso,LAB_MUN,17-NOV-2025,Agua de aporte de red,LM_CAMPO,242376,LUD-VASO-SB2-11-NOV-2025-01379,LUDICAS-2025,,,LUDICAS,,PISCINAS,Agua de piscina,AG_LUDICA,VASO-SB2,MUN-R2,WMM_LUD,LUD-BASICO,
11-NOV-2025,OSKAR,vaso,LAB_MUN,17-NOV-2025,Agua de aporte de red,LM_CAMPO,242377,LUD-VASO-ZA1-11-NOV-2025-01379,LUDICAS-2025,,,LUDICAS,,PISCINAS,Agua de piscina,AG_LUDICA,VASO-ZA1,MUN-R2,WMM_LUD,LUD-BASICO,
11-NOV-2025,OSKAR,vaso,LAB_MUN,17-NOV-2025,Agua de aporte de red,LM_CAMPO,242378,LUD-VASO-ZA2-11-NOV-2025-01379,LUDICAS-2025,,,LUDICAS,,PISCINAS,Agua de piscina,AG_LUDICA,VASO-ZA2,MUN-R2,WMM_LUD,LUD-BASICO,
14-NOV-2025,OSKAR,ducha baño geriatrico planta 0,LAB_MUN,04-DEC-2025,agua de ducha,LM_CAMPO,242385,LEGIONELLA-2025-9084,LEGIONELLA-2025,,,,,,agua caliente sanitaria,AG_ACS,D-1175,,LEGIONELLA,LEGIO-PA,
14-NOV-2025,OSKAR,ducha baño geriatrico planta 3 izd,LAB_MUN,04-DEC-2025,agua de ducha,LM_CAMPO,242386,LEGIONELLA-2025-9085,LEGIONELLA-2025,,,,,,agua caliente sanitaria,AG_ACS,D-1175,,LEGIONELLA,LEGIO-PA,
14-NOV-2025,OSKAR,ducha baño geriatrico planta 2 dcha,LAB_MUN,04-DEC-2025,agua de ducha,LM_CAMPO,242387,LEGIONELLA-2025-9086,LEGIONELLA-2025,,,,,,agua caliente sanitaria,AG_ACS,D-1175,,LEGIONELLA,LEGIO-PA,
13-NOV-2025,OSKAR,ducha baño geriátrico único,LAB_MUN,04-DEC-2025,agua de ducha,LM_CAMPO,242388,LEGIONELLA-2025-9087,LEGIONELLA-2025,,,,,,agua caliente sanitaria,AG_ACS,D-1174,,LEGIONELLA,LEGIO-PA,
13-NOV-2025,OSKAR,grifo lavanderia,LAB_MUN,04-DEC-2025,agua de ACS,LM_CAMPO,242389,LEGIONELLA-2025-9088,LEGIONELLA-2025,,,,,,agua caliente sanitaria,AG_ACS,D-1174,,LEGIONELLA,LEGIO-PA,
17-NOV-2025,OSKAR,ducha baño al lado de la cocina,LAB_MUN,04-DEC-2025,agua de ducha,LM_CAMPO,242533,LEGIONELLA-2025-9091,LEGIONELLA-2025,,,,,,agua caliente sanitaria,AG_ACS,D-1153,,LEGIONELLA,LEGIO-PA,
17-NOV-2025,OSKAR,ducha general,LAB_MUN,04-DEC-2025,agua de ducha,LM_CAMPO,242534,LEGIONELLA-2025-9092,LEGIONELLA-2025,,,,,,agua caliente sanitaria,AG_ACS,D-1153,,LEGIONELLA,LEGIO-PA,
17-NOV-2025,OSKAR,ducha baño planta 0,LAB_MUN,04-DEC-2025,agua de ducha,LM_CAMPO,242536,LEGIONELLA-2025-9094,LEGIONELLA-2025,,,,,,agua caliente sanitaria,AG_ACS,D-1029,,LEGIONELLA,LEGIO-PA,
17-NOV-2025,OSKAR,"ducha planta 1, baño izquierda",LAB_MUN,04-DEC-2025,agua de ducha,LM_CAMPO,242537,LEGIONELLA-2025-9095,LEGIONELLA-2025,,,,,,agua caliente sanitaria,AG_ACS,D-1029,,LEGIONELLA,LEGIO-PA,
17-NOV-2025,OSKAR,"ducha planta 1, baño derecha",LAB_MUN,04-DEC-2025,agua de ducha,LM_CAMPO,242538,LEGIONELLA-2025-9096,LEGIONELLA-2025,,,,,,agua caliente sanitaria,AG_ACS,D-1029,,LEGIONELLA,LEGIO-PA,
24-NOV-2025,CLIENTE,Vaso,PISCI_AYTO,28-NOV-2025,Agua no de consumo tratada,LAB_MUN,242614,AUTOCONTROL-2025-9165,AUTOCONTROL-2025,,,LUDICAS,,PISCINAS,Agua Lúdica,AG_LUDICA,VASO-A1,MUN-R1,WMN_LUD_CL,LUD-BASICO,
24-NOV-2025,CLIENTE,Vaso,PISCI_AYTO,28-NOV-2025,Agua no de consumo tratada,LAB_MUN,242615,AUTOCONTROL-2025-9166,AUTOCONTROL-2025,,,LUDICAS,,PISCINAS,Agua Lúdica,AG_LUDICA,VASO-A2,MUN-R1,WMN_LUD_CL,LUD-BASICO,
24-NOV-2025,CLIENTE,Vaso,PISCI_AYTO,28-NOV-2025,Agua no de consumo tratada,LAB_MUN,242616,AUTOCONTROL-2025-9167,AUTOCONTROL-2025,,,LUDICAS,,PISCINAS,Agua Lúdica,AG_LUDICA,VASO-I1,MUN-R1,WMN_LUD_CL,LUD-BASICO,
24-NOV-2025,CLIENTE,Vaso,PISCI_AYTO,28-NOV-2025,Agua no de consumo tratada,LAB_MUN,242617,AUTOCONTROL-2025-9168,AUTOCONTROL-2025,,,LUDICAS,,PISCINAS,Agua Lúdica,AG_LUDICA,VASO-I2,MUN-R1,WMN_LUD_CL,LUD-BASICO,
24-NOV-2025,CLIENTE,Vaso,PISCI_AYTO,28-NOV-2025,Agua no de consumo tratada,LAB_MUN,242618,AUTOCONTROL-2025-9169,AUTOCONTROL-2025,,,LUDICAS,,PISCINAS,Agua Lúdica,AG_LUDICA,VASO-AB1,MUN-R1,WMN_LUD_CL,LUD-BASICO,
24-NOV-2025,CLIENTE,Vaso,PISCI_AYTO,28-NOV-2025,Agua no de consumo tratada,LAB_MUN,242619,AUTOCONTROL-2025-9170,AUTOCONTROL-2025,,,LUDICAS,,PISCINAS,Agua Lúdica,AG_LUDICA,VASO-AB2,MUN-R1,WMN_LUD_CL,LUD-BASICO,
24-NOV-2025,CLIENTE,Vaso,PISCI_AYTO,28-NOV-2025,Agua no de consumo tratada,LAB_MUN,242620,AUTOCONTROL-2025-9171,AUTOCONTROL-2025,,,LUDICAS,,PISCINAS,Agua Lúdica,AG_LUDICA,VASO-IB-1,MUN-R1,WMN_LUD_CL,LUD-BASICO,
24-NOV-2025,CLIENTE,Vaso,PISCI_AYTO,28-NOV-2025,Agua no de consumo tratada,LAB_MUN,242621,AUTOCONTROL-2025-9172,AUTOCONTROL-2025,,,LUDICAS,,PISCINAS,Agua Lúdica,AG_LUDICA,VASO-IB-2,MUN-R1,WMN_LUD_CL,LUD-BASICO,
24-NOV-2025,CLIENTE,Vaso,PISCI_AYTO,16-DEC-2025,Agua no de consumo tratada,LAB_MUN,242622,AUTOCONTROL-2025-9173,AUTOCONTROL-2025,,,LUDICAS,,PISCINAS,Agua Lúdica,AG_LUDICA,VASO-IB-3,MUN-R1,WMN_LUD_CL,LUD-LEGIO,
24-NOV-2025,CLIENTE,Vaso,PISCI_AYTO,28-NOV-2025,Agua no de consumo tratada,LAB_MUN,242623,AUTOCONTROL-2025-9174,AUTOCONTROL-2025,,,LUDICAS,,PISCINAS,Agua Lúdica,AG_LUDICA,VASO-M1,MUN-R1,WMN_LUD_CL,LUD-BASICO,
24-NOV-2025,CLIENTE,Vaso,PISCI_AYTO,16-DEC-2025,Agua no de consumo tratada,LAB_MUN,242624,AUTOCONTROL-2025-9175,AUTOCONTROL-2025,,,LUDICAS,,PISCINAS,Agua Lúdica,AG_LUDICA,VASO-M2,MUN-R1,WMN_LUD_CL,LUD-LEGIO,
25-NOV-2025,CLIENTE,Vaso,PISCI_AYTO,28-NOV-2025,Agua no de consumo tratada,LAB_MUN,242630,AUTOCONTROL-2025-9181,AUTOCONTROL-2025,,,LUDICAS,,PISCINAS,Agua Lúdica,AG_LUDICA,VASO-H1,MUN-R2,WMN_LUD_CL,LUD-BASICO,
25-NOV-2025,CLIENTE,Vaso,PISCI_AYTO,28-NOV-2025,Agua no de consumo tratada,LAB_MUN,242631,AUTOCONTROL-2025-9182,AUTOCONTROL-2025,,,LUDICAS,,PISCINAS,Agua Lúdica,AG_LUDICA,VASO-L1,MUN-R2,WMN_LUD_CL,LUD-BASICO,
25-NOV-2025,CLIENTE,Vaso,PISCI_AYTO,28-NOV-2025,Agua no de consumo tratada,LAB_MUN,242632,AUTOCONTROL-2025-9183,AUTOCONTROL-2025,,,LUDICAS,,PISCINAS,Agua Lúdica,AG_LUDICA,VASO-L2,MUN-R2,WMN_LUD_CL,LUD-BASICO,
25-NOV-2025,CLIENTE,Vaso,PISCI_AYTO,28-NOV-2025,Agua no de consumo tratada,LAB_MUN,242633,AUTOCONTROL-2025-9184,AUTOCONTROL-2025,,,LUDICAS,,PISCINAS,Agua Lúdica,AG_LUDICA,VASO-SA1,MUN-R2,WMN_LUD_CL,LUD-BASICO,
25-NOV-2025,CLIENTE,Vaso,PISCI_AYTO,28-NOV-2025,Agua no de consumo tratada,LAB_MUN,242634,AUTOCONTROL-2025-9185,AUTOCONTROL-2025,,,LUDICAS,,PISCINAS,Agua Lúdica,AG_LUDICA,VASO-SA2,MUN-R2,WMN_LUD_CL,LUD-BASICO,
25-NOV-2025,CLIENTE,Vaso,PISCI_AYTO,28-NOV-2025,Agua no de consumo tratada,LAB_MUN,242635,AUTOCONTROL-2025-9186,AUTOCONTROL-2025,,,LUDICAS,,PISCINAS,Agua Lúdica,AG_LUDICA,VASO-SB1,MUN-R2,WMN_LUD_CL,LUD-BASICO,
25-NOV-2025,CLIENTE,Vaso,PISCI_AYTO,28-NOV-2025,Agua no de consumo tratada,LAB_MUN,242636,AUTOCONTROL-2025-9187,AUTOCONTROL-2025,,,LUDICAS,,PISCINAS,Agua Lúdica,AG_LUDICA,VASO-SB2,MUN-R2,WMN_LUD_CL,LUD-BASICO,
25-NOV-2025,CLIENTE,Vaso,PISCI_AYTO,28-NOV-2025,Agua no de consumo tratada,LAB_MUN,242637,AUTOCONTROL-2025-9188,AUTOCONTROL-2025,,,LUDICAS,,PISCINAS,Agua Lúdica,AG_LUDICA,VASO-ZA1,MUN-R2,WMN_LUD_CL,LUD-BASICO,
25-NOV-2025,CLIENTE,Vaso,PISCI_AYTO,28-NOV-2025,Agua no de consumo tratada,LAB_MUN,242638,AUTOCONTROL-2025-9189,AUTOCONTROL-2025,,,LUDICAS,,PISCINAS,Agua Lúdica,AG_LUDICA,VASO-ZA2,MUN-R2,WMN_LUD_CL,LUD-BASICO,
26-NOV-2025,NUMARTIN,"ducha habitación 113, 1º piso",LAB_MUN,04-DEC-2025,agua de ducha,LM_CAMPO,242649,LEGIONELLA-2025-9200,LEGIONELLA-2025,,,,,,Agua caliente sanitaria,AG_ACS,D-1176,,LEGIONELLA,LEGIO-IDEX,
26-NOV-2025,NUMARTIN,retorno,LAB_MUN,04-DEC-2025,agua de retorno,LM_CAMPO,242650,LEGIONELLA-2025-9201,LEGIONELLA-2025,,,,,,agua caliente sanitaria,AG_ACS,D-1176,,LEGIONELLA,LEGIO-IDEX,
26-NOV-2025,NUMARTIN,"ducha habitación 214, 2º piso",LAB_MUN,04-DEC-2025,agua de ducha,LM_CAMPO,242651,LEGIONELLA-2025-9202,LEGIONELLA-2025,,,,,,agua caliente sanitaria,AG_ACS,D-1176,,LEGIONELLA,LEGIO-IDEX,
26-NOV-2025,NUMARTIN,"ducha habitación 301, planta 3",LAB_MUN,04-DEC-2025,agua de ducha,LM_CAMPO,242652,LEGIONELLA-2025-9203,LEGIONELLA-2025,,,,,,agua caliente sanitaria,AG_ACS,D-1177,,LEGIONELLA,LEGIO-IDEX,
26-NOV-2025,NUMARTIN,"ducha habitación 201,  2º piso",LAB_MUN,04-DEC-2025,agua de ducha,LM_CAMPO,242654,LEGIONELLA-2025-9205,LEGIONELLA-2025,,,,,,agua caliente sanitaria,AG_ACS,D-1177,,LEGIONELLA,LEGIO-IDEX,
26-NOV-2025,NUMARTIN,"ducha, planta baja, baño a la izquierda",LAB_MUN,04-DEC-2025,agua de ducha,LM_CAMPO,242655,LEGIONELLA-2025-9206,LEGIONELLA-2025,,,,,,agua cliente sanitaria,AG_ACS,D-1178,,LEGIONELLA,LEGIO-IDEX,
26-NOV-2025,NUMARTIN,"ducha, planta 1, 1º baño derecha",LAB_MUN,04-DEC-2025,agua de ducha,LM_CAMPO,242656,LEGIONELLA-2025-9207,LEGIONELLA-2025,,,,,,agua caliente sanitaria,AG_ACS,D-1178,,LEGIONELLA,LEGIO-IDEX,
26-NOV-2025,NUMARTIN,"ducha, planta 1, 2º baño derecha",LAB_MUN,04-DEC-2025,agua de ducha,LM_CAMPO,242657,LEGIONELLA-2025-9208,LEGIONELLA-2025,,,,,,agua caliente sanitaria,AG_ACS,D-1178,,LEGIONELLA,LEGIO-IDEX,
04-DEC-2025,NUMARTIN,acumulador general edificio gimnasio,LAB_MUN,18-DEC-2025,agua de acumulador,LM_CAMPO,242699,LEGIONELLA-2025-9215,LEGIONELLA-2025,,,,,,agua caliente sanitaria,AG_ACS,D-314,,LEGIONELLA,LEGIO-PA,
04-DEC-2025,NUMARTIN,retorno general edificio gimnasio,LAB_MUN,18-DEC-2025,agua de retorno,LM_CAMPO,242700,LEGIONELLA-2025-9216,LEGIONELLA-2025,,,,,,agua caliente sanitaria,AG_ACS,D-314,,LEGIONELLA,LEGIO-PA,
04-DEC-2025,NUMARTIN,acumulador edificio piscina,LAB_MUN,18-DEC-2025,agua de acumulador,LM_CAMPO,242701,LEGIONELLA-2025-9217,LEGIONELLA-2025,,,,,,agua caliente sanitaria,AG_ACS,D-314-2,,LEGIONELLA,LEGIO-PA,
04-DEC-2025,NUMARTIN,"ducha vestuario masculino, edificio hostelería",LAB_MUN,18-DEC-2025,agua de ducha,LM_CAMPO,242702,LEGIONELLA-2025-9218,LEGIONELLA-2025,,,,,,agua caliente sanitaria,AG_ACS,D-314,,LEGIONELLA,LEGIO-PA,
04-DEC-2025,NUMARTIN,"ducha 1º, vestuario femenino, edificio gimnasio",LAB_MUN,18-DEC-2025,agua de ducha,LM_CAMPO,242703,LEGIONELLA-2025-9219,LEGIONELLA-2025,,,,,,agua caliente sanitaria,AG_ACS,D-314,,LEGIONELLA,LEGIO-PA,
04-DEC-2025,NUMARTIN,retorno edificio pìscina,LAB_MUN,18-DEC-2025,agua de retorno,LM_CAMPO,242704,LEGIONELLA-2025-9220,LEGIONELLA-2025,,,,,,agua caliente sanitaria,AG_ACS,D-314,,LEGIONELLA,LEGIO-PA,
09-DEC-2025,NUMARTIN,grifo baño adaptado,LAB_MUN,16-DEC-2025,agua de red,LM_CAMPO,242740,AG_CONSUMO-D-1013-080909,AGUAS-POT-2025,3,,AGUAS_POT,,RED-VIT,Agua de consumo,AG_CONSUMO,D-1013,REDES,WMM_LM_POT,POT-SANITA,N
09-DEC-2025,NUMARTIN,"grifo 1º izquierda, aseo femenino",LAB_MUN,16-DEC-2025,agua de red,LM_CAMPO,242741,AG_CONSUMO-D-1014-080910,AGUAS-POT-2025,3,,AGUAS_POT,,RED-VIT,Agua de consumo,AG_CONSUMO,D-1014,REDES,WMM_LM_POT,POT-SANITA,N
09-DEC-2025,NUMARTIN,grifo 1º vestuario femenino cancha,LAB_MUN,16-DEC-2025,agua de red,LM_CAMPO,242742,AG_CONSUMO-D-1021-080911,AGUAS-POT-2025,3,,AGUAS_POT,,RED-VIT,Agua de consumo,AG_CONSUMO,D-1021,REDES,WMM_LM_POT,POT-SANITA,N
09-DEC-2025,NUMARTIN,grifo adaptado aseo femenino,LAB_MUN,16-DEC-2025,agua de red,LM_CAMPO,242743,AG_CONSUMO-D-031-080912,AGUAS-POT-2025,3,,AGUAS_POT,,RED-VIT,Agua de consumo,AG_CONSUMO,D-031,REDES,WMM_LM_POT,POT-SANITA,N
09-DEC-2025,NUMARTIN,"grifo 1º derecha, aseo masculino",LAB_MUN,16-DEC-2025,agua de red,LM_CAMPO,242744,AG_CONSUMO-D-034-080913,AGUAS-POT-2025,3,,AGUAS_POT,,RED-VIT,Agua de consumo,AG_CONSUMO,D-034,REDES,WMM_LM_POT,POT-SANITA,N
09-DEC-2025,NUMARTIN,grifo 1º aseo femenino gimnasio,LAB_MUN,16-DEC-2025,agua de red,LM_CAMPO,242745,AG_CONSUMO-D-1025-080914,AGUAS-POT-2025,3,,AGUAS_POT,,RED-VIT,Agua de consumo,AG_CONSUMO,D-1025,REDES,WMM_LM_POT,POT-SANITA,N
09-DEC-2025,NUMARTIN,"grifo 2º vestuario femenino 3, cancha",LAB_MUN,16-DEC-2025,agua de red,LM_CAMPO,242746,AG_CONSUMO-D-1022-080915,AGUAS-POT-2025,3,,AGUAS_POT,,RED-VIT,Agua de consumo,AG_CONSUMO,D-1022,REDES,WMM_LM_POT,POT-SANITA,N
09-DEC-2025,NUMARTIN,grifo 3º izquierda,LAB_MUN,16-DEC-2025,agua de red,LM_CAMPO,242747,AG_CONSUMO-D-1078-080916,AGUAS-POT-2025,3,,AGUAS_POT,,RED-VIT,Agua de consumo,AG_CONSUMO,D-1078,REDES,WMM_LM_POT,POT-SANITA,N
10-DEC-2025,NUMARTIN,"grifo cocina, punto más cercano al acumulador",LAB_MUN,19-DEC-2025,agua de ducha,LM_CAMPO,242748,LEGIONELLA-2025-9221,LEGIONELLA-2025,,,,,,agua caliente sanitaria,AG_ACS,D-1104,,LEGIONELLA,LEGIO-IDEX,
10-DEC-2025,NUMARTIN,"ducha nº 10, planta 1",LAB_MUN,19-DEC-2025,agua de ducha,LM_CAMPO,242749,LEGIONELLA-2025-9222,LEGIONELLA-2025,,,,,,agua caliente sanitaria,AG_ACS,D-1104,,LEGIONELLA,LEGIO-IDEX,
10-DEC-2025,NUMARTIN,"ducha nº 17, planta 2",LAB_MUN,19-DEC-2025,agua de ducha,LM_CAMPO,242750,LEGIONELLA-2025-9223,LEGIONELLA-2025,,,,,,agua caliente sanitaria,AG_ACS,D-1104,,LEGIONELLA,LEGIO-IDEX,
10-DEC-2025,NUMARTIN,acumulador,LAB_MUN,19-DEC-2025,agua de acumulador,LM_CAMPO,242751,LEGIONELLA-2025-9224,LEGIONELLA-2025,,,,,,agua caliente sanitaria,AG_ACS,D-1179,,LEGIONELLA,LEGIO-IDEX,
10-DEC-2025,NUMARTIN,retorno,LAB_MUN,19-DEC-2025,agua de retorno,LM_CAMPO,242752,LEGIONELLA-2025-9225,LEGIONELLA-2025,,,,,,agua caliente sanitaria,AG_ACS,D-1179,,LEGIONELLA,LEGIO-IDEX,
10-DEC-2025,NUMARTIN,ducha vestuario masculino,LAB_MUN,19-DEC-2025,agua de ducha,LM_CAMPO,242753,LEGIONELLA-2025-9226,LEGIONELLA-2025,,,,,,agua caliente sanitaria,AG_ACS,D-1179,,LEGIONELLA,LEGIO-IDEX,
10-DEC-2025,NUMARTIN,"ducha nº 10, planta baja (más cercana al acumulador)",LAB_MUN,19-DEC-2025,agua de ducha,LM_CAMPO,242754,LEGIONELLA-2025-9227,LEGIONELLA-2025,,,,,,agua caliente sanitaria,AG_ACS,D-1180,,LEGIONELLA,LEGIO-IDEX,
10-DEC-2025,NUMARTIN,"ducha nº 2, planta baja",LAB_MUN,19-DEC-2025,agua de ducha,LM_CAMPO,242755,LEGIONELLA-2025-9228,LEGIONELLA-2025,,,,,,agua caliente sanitaria,AG_ACS,D-1180,,LEGIONELLA,LEGIO-IDEX,
10-DEC-2025,NUMARTIN,"ducha nº 18, planta 1",LAB_MUN,19-DEC-2025,agua de ducha,LM_CAMPO,242756,LEGIONELLA-2025-9229,LEGIONELLA-2025,,,,,,agua caliente sanitaria,AG_ACS,D-1180,,LEGIONELLA,LEGIO-IDEX,
11-DEC-2025,NUMARTIN,ducha domicilio particular C/Andalucía Nº41,LAB_MUN,19-DEC-2025,agua de ducha,LM_CAMPO,242775,LEGIONELLA-2025-9230,LEGIONELLA-2025,,caso 012513,,,,agua caliente sanitaria,AG_ACS,LEGIO-000,,LEGIONELLA,LEGIO-IDEX,
11-DEC-2025,NUMARTIN,ducha domicilio particular C/Santa Isabel nº10,LAB_MUN,19-DEC-2025,agua de ducha,LM_CAMPO,242776,LEGIONELLA-2025-9231,LEGIONELLA-2025,,caso 012514,,,,agua caliente sanitaria,AG_ACS,LEGIO-000,,LEGIONELLA,LEGIO-IDEX,
11-DEC-2025,NUMARTIN,ducha,LAB_MUN,19-DEC-2025,agua de ducha,LM_CAMPO,242777,LEGIONELLA-2025-9232,LEGIONELLA-2025,,caso 012513,,,,agua caliente sanitaria,AG_ACS,LEGIO-000,,LEGIONELLA,LEGIO-IDEX,
15-DEC-2025,CLIENTE,Vaso,PISCI_AYTO,18-DEC-2025,Agua no de consumo tratada,LAB_MUN,242862,AUTOCONTROL-2025-9233,AUTOCONTROL-2025,,,LUDICAS,,PISCINAS,Agua Lúdica,AG_LUDICA,VASO-A1,MUN-R1,WMN_LUD_CL,LUD-BASICO,
15-DEC-2025,CLIENTE,Vaso,PISCI_AYTO,18-DEC-2025,Agua no de consumo tratada,LAB_MUN,242863,AUTOCONTROL-2025-9234,AUTOCONTROL-2025,,,LUDICAS,,PISCINAS,Agua Lúdica,AG_LUDICA,VASO-A2,MUN-R1,WMN_LUD_CL,LUD-BASICO,
15-DEC-2025,CLIENTE,Vaso,PISCI_AYTO,18-DEC-2025,Agua no de consumo tratada,LAB_MUN,242864,AUTOCONTROL-2025-9235,AUTOCONTROL-2025,,,LUDICAS,,PISCINAS,Agua Lúdica,AG_LUDICA,VASO-I1,MUN-R1,WMN_LUD_CL,LUD-BASICO,
15-DEC-2025,CLIENTE,Vaso,PISCI_AYTO,18-DEC-2025,Agua no de consumo tratada,LAB_MUN,242865,AUTOCONTROL-2025-9236,AUTOCONTROL-2025,,,LUDICAS,,PISCINAS,Agua Lúdica,AG_LUDICA,VASO-I2,MUN-R1,WMN_LUD_CL,LUD-BASICO,
15-DEC-2025,CLIENTE,Vaso,PISCI_AYTO,18-DEC-2025,Agua no de consumo tratada,LAB_MUN,242866,AUTOCONTROL-2025-9237,AUTOCONTROL-2025,,,LUDICAS,,PISCINAS,Agua Lúdica,AG_LUDICA,VASO-AB1,MUN-R1,WMN_LUD_CL,LUD-BASICO,
15-DEC-2025,CLIENTE,Vaso,PISCI_AYTO,18-DEC-2025,Agua no de consumo tratada,LAB_MUN,242867,AUTOCONTROL-2025-9238,AUTOCONTROL-2025,,,LUDICAS,,PISCINAS,Agua Lúdica,AG_LUDICA,VASO-AB2,MUN-R1,WMN_LUD_CL,LUD-BASICO,
15-DEC-2025,CLIENTE,Vaso,PISCI_AYTO,18-DEC-2025,Agua no de consumo tratada,LAB_MUN,242868,AUTOCONTROL-2025-9239,AUTOCONTROL-2025,,,LUDICAS,,PISCINAS,Agua Lúdica,AG_LUDICA,VASO-IB-1,MUN-R1,WMN_LUD_CL,LUD-BASICO,
15-DEC-2025,CLIENTE,Vaso,PISCI_AYTO,18-DEC-2025,Agua no de consumo tratada,LAB_MUN,242869,AUTOCONTROL-2025-9240,AUTOCONTROL-2025,,,LUDICAS,,PISCINAS,Agua Lúdica,AG_LUDICA,VASO-IB-2,MUN-R1,WMN_LUD_CL,LUD-BASICO,
15-DEC-2025,CLIENTE,Vaso,PISCI_AYTO,13-JAN-2026,Agua no de consumo tratada,LAB_MUN,242870,AUTOCONTROL-2025-9241,AUTOCONTROL-2025,,,LUDICAS,,PISCINAS,Agua Lúdica,AG_LUDICA,VASO-IB-3,MUN-R1,WMN_LUD_CL,LUD-LEGIO,
15-DEC-2025,CLIENTE,Vaso,PISCI_AYTO,18-DEC-2025,Agua no de consumo tratada,LAB_MUN,242871,AUTOCONTROL-2025-9242,AUTOCONTROL-2025,,,LUDICAS,,PISCINAS,Agua Lúdica,AG_LUDICA,VASO-M1,MUN-R1,WMN_LUD_CL,LUD-BASICO,
15-DEC-2025,CLIENTE,Vaso,PISCI_AYTO,13-JAN-2026,Agua no de consumo tratada,LAB_MUN,242872,AUTOCONTROL-2025-9243,AUTOCONTROL-2025,,,LUDICAS,,PISCINAS,Agua Lúdica,AG_LUDICA,VASO-M2,MUN-R1,WMN_LUD_CL,LUD-LEGIO,
15-DEC-2025,OSKAR,Caso 012515,LAB_MUN,08-JAN-2026,agua de ducha,LM_CAMPO,242873,LEGIONELLA-2025-9244,LEGIONELLA-2025,,,,,,agua caliente sanitaria,AG_ACS,LEGIO-000,,LEGIONELLA,LEGIO-IDEX,
16-DEC-2025,CLIENTE,Vaso,PISCI_AYTO,18-DEC-2025,Agua no de consumo tratada,LAB_MUN,242874,AUTOCONTROL-2025-9245,AUTOCONTROL-2025,,,LUDICAS,,PISCINAS,Agua Lúdica,AG_LUDICA,VASO-H1,MUN-R2,WMN_LUD_CL,LUD-BASICO,
16-DEC-2025,CLIENTE,Vaso,PISCI_AYTO,18-DEC-2025,Agua no de consumo tratada,LAB_MUN,242875,AUTOCONTROL-2025-9246,AUTOCONTROL-2025,,,LUDICAS,,PISCINAS,Agua Lúdica,AG_LUDICA,VASO-L1,MUN-R2,WMN_LUD_CL,LUD-BASICO,
16-DEC-2025,CLIENTE,Vaso,PISCI_AYTO,18-DEC-2025,Agua no de consumo tratada,LAB_MUN,242876,AUTOCONTROL-2025-9247,AUTOCONTROL-2025,,,LUDICAS,,PISCINAS,Agua Lúdica,AG_LUDICA,VASO-L2,MUN-R2,WMN_LUD_CL,LUD-BASICO,
16-DEC-2025,CLIENTE,Vaso,PISCI_AYTO,18-DEC-2025,Agua no de consumo tratada,LAB_MUN,242877,AUTOCONTROL-2025-9248,AUTOCONTROL-2025,,,LUDICAS,,PISCINAS,Agua Lúdica,AG_LUDICA,VASO-SA1,MUN-R2,WMN_LUD_CL,LUD-BASICO,
16-DEC-2025,CLIENTE,Vaso,PISCI_AYTO,18-DEC-2025,Agua no de consumo tratada,LAB_MUN,242878,AUTOCONTROL-2025-9249,AUTOCONTROL-2025,,,LUDICAS,,PISCINAS,Agua Lúdica,AG_LUDICA,VASO-SA2,MUN-R2,WMN_LUD_CL,LUD-BASICO,
16-DEC-2025,CLIENTE,Vaso,PISCI_AYTO,18-DEC-2025,Agua no de consumo tratada,LAB_MUN,242879,AUTOCONTROL-2025-9250,AUTOCONTROL-2025,,,LUDICAS,,PISCINAS,Agua Lúdica,AG_LUDICA,VASO-SB1,MUN-R2,WMN_LUD_CL,LUD-BASICO,
16-DEC-2025,CLIENTE,Vaso,PISCI_AYTO,18-DEC-2025,Agua no de consumo tratada,LAB_MUN,242880,AUTOCONTROL-2025-9251,AUTOCONTROL-2025,,,LUDICAS,,PISCINAS,Agua Lúdica,AG_LUDICA,VASO-SB2,MUN-R2,WMN_LUD_CL,LUD-BASICO,
16-DEC-2025,CLIENTE,Vaso,PISCI_AYTO,18-DEC-2025,Agua no de consumo tratada,LAB_MUN,242881,AUTOCONTROL-2025-9252,AUTOCONTROL-2025,,,LUDICAS,,PISCINAS,Agua Lúdica,AG_LUDICA,VASO-ZA1,MUN-R2,WMN_LUD_CL,LUD-BASICO,
16-DEC-2025,CLIENTE,Vaso,PISCI_AYTO,18-DEC-2025,Agua no de consumo tratada,LAB_MUN,242882,AUTOCONTROL-2025-9253,AUTOCONTROL-2025,,,LUDICAS,,PISCINAS,Agua Lúdica,AG_LUDICA,VASO-ZA2,MUN-R2,WMN_LUD_CL,LUD-BASICO,
08-JAN-2026,NUMARTIN,acumulador,LAB_MUN,22-JAN-2026,agua de acumulador,LM_CAMPO,243041,LEGIONELLA-2026-9316,LEGIONELLA-2026,,,,,,Agua caliente sanitaria,AG_ACS,D-1181,,LEGIONELLA,LEGIO-PA,
08-JAN-2026,NUMARTIN,retorno,LAB_MUN,22-JAN-2026,agua de retorno,LM_CAMPO,243042,LEGIONELLA-2026-9317,LEGIONELLA-2026,,,,,,Agua caliente sanitaria,AG_ACS,D-1181,,LEGIONELLA,LEGIO-PA,
08-JAN-2026,NUMARTIN,ducha habitación 302,LAB_MUN,22-JAN-2026,agua de ducha,LM_CAMPO,243043,LEGIONELLA-2026-9318,LEGIONELLA-2026,,,,,,agua caliente sanitaria,AG_ACS,D-1181,,LEGIONELLA,LEGIO-PA,
08-JAN-2026,NUMARTIN,acumulador,LAB_MUN,22-JAN-2026,agua de acumulador,LM_CAMPO,243044,LEGIONELLA-2026-9319,LEGIONELLA-2026,,,,,,agua caliente sanitaria,AG_ACS,D-1182,,LEGIONELLA,LEGIO-PA,
08-JAN-2026,NUMARTIN,retorno,LAB_MUN,22-JAN-2026,agua de retorno,LM_CAMPO,243045,LEGIONELLA-2026-9320,LEGIONELLA-2026,,,,,,agua caliente sanitaria,AG_ACS,D-1182,,LEGIONELLA,LEGIO-PA,
08-JAN-2026,NUMARTIN,ducha habitación 007,LAB_MUN,22-JAN-2026,agua de ducha,LM_CAMPO,243046,LEGIONELLA-2026-9321,LEGIONELLA-2026,,,,,,agua caliente sanitaria,AG_ACS,D-1182,,LEGIONELLA,LEGIO-PA,
12-JAN-2026,OSKAR,vaso,LAB_MUN,22-JAN-2026,Agua de aporte de red,LM_CAMPO,243111,LUD-D-221-12-JAN-2026-013795,LUDICAS-2026,,,LUDICAS,,PISCINAS,Agua de piscina,AG_LUDICA,D-221,CUBIERTA-1,WMM_LUD,LUD-BASICO,
12-JAN-2026,OSKAR,vaso,LAB_MUN,22-JAN-2026,Agua de aporte de red,LM_CAMPO,243112,LUD-D-223-12-JAN-2026-013796,LUDICAS-2026,,,LUDICAS,,PISCINAS,Agua de piscina,AG_LUDICA,D-223,CUBIERTA-1,WMM_LUD,LUD-BASICO,
12-JAN-2026,OSKAR,vaso,LAB_MUN,22-JAN-2026,Agua de aporte no de red,LM_CAMPO,243113,LUD-D-225-12-JAN-2026-013797,LUDICAS-2026,,,LUDICAS,,PISCINAS,Agua de piscina,AG_LUDICA,D-225,CUBIERTA-1,WMM_LUD,LUD-BASICO,
12-JAN-2026,OSKAR,vaso,LAB_MUN,22-JAN-2026,Agua de aporte de red,LM_CAMPO,243114,LUD-D-237-12-JAN-2026-013798,LUDICAS-2026,,,LUDICAS,,PISCINAS,Agua de piscina,AG_LUDICA,D-237,CUBIERTA-1,WMM_LUD,LUD-BASICO,
12-JAN-2026,OSKAR,chorro dcha,LAB_MUN,26-JAN-2026,Agua de aporte de red,LM_CAMPO,243115,LUD-D-238-12-JAN-2026-013799,LUDICAS-2026,,,LUDICAS,,PISCINAS,Agua de piscina,AG_LUDICA,D-238,CUBIERTA-1,WMM_LUD,LUD-LEGIO,
12-JAN-2026,OSKAR,vaso,LAB_MUN,26-JAN-2026,Agua de aporte de red,LM_CAMPO,243116,LUD-D-252-12-JAN-2026-013800,LUDICAS-2026,,,LUDICAS,,PISCINAS,Agua de piscina,AG_LUDICA,D-252,CUBIERTA-1,WMM_LUD,LUD-LEGIO,
12-JAN-2026,NUMARTIN,vaso,LAB_MUN,26-JAN-2026,Agua de aporte de red,LM_CAMPO,243117,LUD-D-254-12-JAN-2026-013801,LUDICAS-2026,,,LUDICAS,,PISCINAS,Agua de piscina,AG_LUDICA,D-254,CUBIERTA-1,WMM_LUD,LUD-LEGIO,
12-JAN-2026,OSKAR,D-221,LAB_MUN,22-JAN-2026,blanco piscinas,LAB_MUN,243118,CCI-INSPECCION-2026-9322,CCI-INSPECCION-2026,,,,,,agua blanco proceso,CONTROL-PO,D-221,,AGUAS,LUD-BASICO,
14-JAN-2026,OSKAR,retorno,LAB_MUN,23-JAN-2026,agua de retorno,LM_CAMPO,243134,LEGIONELLA-2026-9331,LEGIONELLA-2026,,,,,,agua caliente sanitaria,AG_ACS,D-302-PI,,LEGIONELLA,LEGIO-IDEX,
14-JAN-2026,OSKAR,acumulador,LAB_MUN,23-JAN-2026,agua de acumulador,LM_CAMPO,243135,LEGIONELLA-2026-9332,LEGIONELLA-2026,,,,,,agua caliente sanitaria,AG_ACS,D-302-PI,,LEGIONELLA,LEGIO-IDEX,
14-JAN-2026,OSKAR,ducha anden 1º izd,LAB_MUN,23-JAN-2026,agua de ducha,LM_CAMPO,243136,LEGIONELLA-2026-9333,LEGIONELLA-2026,,,,,,agua caliente sanitaria,AG_ACS,D-302-PI,,LEGIONELLA,LEGIO-IDEX,
14-JAN-2026,OSKAR,retorno,LAB_MUN,23-JAN-2026,agua de retorno,LM_CAMPO,243137,LEGIONELLA-2026-9334,LEGIONELLA-2026,,,,,,agua caliente sanitaria,AG_ACS,D-302,,LEGIONELLA,LEGIO-IDEX,
14-JAN-2026,OSKAR,acumulador,LAB_MUN,23-JAN-2026,agua de acumulador,LM_CAMPO,243138,LEGIONELLA-2026-9335,LEGIONELLA-2026,,,,,,agua caliente sanitaria,AG_ACS,D-302,,LEGIONELLA,LEGIO-IDEX,
14-JAN-2026,OSKAR,ducha 1 vestuario 4,LAB_MUN,23-JAN-2026,agua de ducha,LM_CAMPO,243139,LEGIONELLA-2026-9336,LEGIONELLA-2026,,,,,,agua caliente sanitaria,AG_ACS,D-302,,LEGIONELLA,LEGIO-IDEX,
14-JAN-2026,OSKAR,ducha 3ºdcha vest 3 femenino cancha,LAB_MUN,23-JAN-2026,agua de ducha,LM_CAMPO,243140,LEGIONELLA-2026-9337,LEGIONELLA-2026,,,,,,agua caliente sanitaria,AG_ACS,D-375,,LEGIONELLA,LEGIO-IDEX,
14-JAN-2026,OSKAR,acumulador,LAB_MUN,23-JAN-2026,agua de acumulador,LM_CAMPO,243141,LEGIONELLA-2026-9338,LEGIONELLA-2026,,,,,,agua caliente sanitaria,AG_ACS,D-375,,LEGIONELLA,LEGIO-IDEX,
14-JAN-2026,NUMARTIN,ducha anden 6º izd,LAB_MUN,23-JAN-2026,agua de ducha,LM_CAMPO,243142,LEGIONELLA-2026-9339,LEGIONELLA-2026,,,,,,agua caliente sanitaria,AG_ACS,D-375,,LEGIONELLA,LEGIO-IDEX,
14-JAN-2026,NUMARTIN,ducha 1º dcha vest  femenino piscinas,LAB_MUN,23-JAN-2026,agua de ducha,LM_CAMPO,243143,LEGIONELLA-2026-9340,LEGIONELLA-2026,,,,,,agua caliente sanitaria,AG_ACS,D-375,,LEGIONELLA,LEGIO-IDEX,
14-JAN-2026,OSKAR,ducha 3º dcha vest 6 masc cancha,LAB_MUN,23-JAN-2026,agua de ducha,LM_CAMPO,243144,LEGIONELLA-2026-9341,LEGIONELLA-2026,,,,,,agua caliente sanitaria,AG_ACS,D-375,,LEGIONELLA,LEGIO-IDEX,
14-JAN-2026,NUMARTIN,"caso 012601, ducha domicilio, C/ Monseñor Mateo Múgica nº4",LAB_MUN,23-JAN-2026,agua de ducha,LM_CAMPO,243148,LEGIONELLA-2026-9345,LEGIONELLA-2026,,,,,,agua caliente sanitaria,AG_ACS,LEGIO-000,,LEGIONELLA,LEGIO-IDEX,
14-JAN-2026,OSKAR,"caso 012601, acumulador ACS comunidad, C/ Monseñor Mateo Múgica nº4",LAB_MUN,23-JAN-2026,agua de acumulador ACS,LM_CAMPO,243149,LEGIONELLA-2026-9346,LEGIONELLA-2026,,,,,,agua caliente sanitaria,AG_ACS,LEGIO-000,,LEGIONELLA,LEGIO-IDEX,
14-JAN-2026,OSKAR,"caso 012601, Retorno ACS comunidad, C/ Monseñor Mateo Múgica nº4",LAB_MUN,23-JAN-2026,agua de ACS retorno,LM_CAMPO,243150,LEGIONELLA-2026-9347,LEGIONELLA-2026,,,,,,agua caliente sanitaria,AG_ACS,LEGIO-000,,LEGIONELLA,LEGIO-IDEX,
26-JAN-2026,CLIENTE,Vaso,PISCI_AYTO,03-FEB-2026,Agua no de consumo tratada,LAB_MUN,243313,AUTOCONTROL-2026-9409,AUTOCONTROL-2026,,,LUDICAS,,PISCINAS,Agua Lúdica,AG_LUDICA,VASO-A1,MUN-R1,WMN_LUD_CL,LUD-BASICO,
26-JAN-2026,CLIENTE,Vaso,PISCI_AYTO,03-FEB-2026,Agua no de consumo tratada,LAB_MUN,243314,AUTOCONTROL-2026-9410,AUTOCONTROL-2026,,,LUDICAS,,PISCINAS,Agua Lúdica,AG_LUDICA,VASO-A2,MUN-R1,WMN_LUD_CL,LUD-BASICO,
26-JAN-2026,CLIENTE,Vaso,PISCI_AYTO,03-FEB-2026,Agua no de consumo tratada,LAB_MUN,243315,AUTOCONTROL-2026-9411,AUTOCONTROL-2026,,,LUDICAS,,PISCINAS,Agua Lúdica,AG_LUDICA,VASO-I1,MUN-R1,WMN_LUD_CL,LUD-BASICO,
26-JAN-2026,CLIENTE,Vaso,PISCI_AYTO,03-FEB-2026,Agua no de consumo tratada,LAB_MUN,243316,AUTOCONTROL-2026-9412,AUTOCONTROL-2026,,,LUDICAS,,PISCINAS,Agua Lúdica,AG_LUDICA,VASO-I2,MUN-R1,WMN_LUD_CL,LUD-BASICO,
26-JAN-2026,CLIENTE,Vaso,PISCI_AYTO,03-FEB-2026,Agua no de consumo tratada,LAB_MUN,243317,AUTOCONTROL-2026-9413,AUTOCONTROL-2026,,,LUDICAS,,PISCINAS,Agua Lúdica,AG_LUDICA,VASO-AB1,MUN-R1,WMN_LUD_CL,LUD-BASICO,
26-JAN-2026,CLIENTE,Vaso,PISCI_AYTO,03-FEB-2026,Agua no de consumo tratada,LAB_MUN,243318,AUTOCONTROL-2026-9414,AUTOCONTROL-2026,,,LUDICAS,,PISCINAS,Agua Lúdica,AG_LUDICA,VASO-AB2,MUN-R1,WMN_LUD_CL,LUD-BASICO,
26-JAN-2026,CLIENTE,Vaso,PISCI_AYTO,03-FEB-2026,Agua no de consumo tratada,LAB_MUN,243319,AUTOCONTROL-2026-9415,AUTOCONTROL-2026,,,LUDICAS,,PISCINAS,Agua Lúdica,AG_LUDICA,VASO-IB-1,MUN-R1,WMN_LUD_CL,LUD-BASICO,
26-JAN-2026,CLIENTE,Vaso,PISCI_AYTO,03-FEB-2026,Agua no de consumo tratada,LAB_MUN,243320,AUTOCONTROL-2026-9416,AUTOCONTROL-2026,,,LUDICAS,,PISCINAS,Agua Lúdica,AG_LUDICA,VASO-IB-2,MUN-R1,WMN_LUD_CL,LUD-BASICO,
26-JAN-2026,CLIENTE,Vaso,PISCI_AYTO,27-MAR-2026,Agua no de consumo tratada,LAB_MUN,243321,AUTOCONTROL-2026-9417,AUTOCONTROL-2026,,,LUDICAS,,PISCINAS,Agua Lúdica,AG_LUDICA,VASO-IB-3,MUN-R1,WMN_LUD_CL,LUD-LEGIO,
26-JAN-2026,CLIENTE,Vaso,PISCI_AYTO,03-FEB-2026,Agua no de consumo tratada,LAB_MUN,243322,AUTOCONTROL-2026-9418,AUTOCONTROL-2026,,,LUDICAS,,PISCINAS,Agua Lúdica,AG_LUDICA,VASO-M1,MUN-R1,WMN_LUD_CL,LUD-BASICO,
26-JAN-2026,CLIENTE,Vaso,PISCI_AYTO,27-MAR-2026,Agua no de consumo tratada,LAB_MUN,243323,AUTOCONTROL-2026-9419,AUTOCONTROL-2026,,,LUDICAS,,PISCINAS,Agua Lúdica,AG_LUDICA,VASO-M2,MUN-R1,WMN_LUD_CL,LUD-LEGIO,
27-JAN-2026,CLIENTE,Vaso,PISCI_AYTO,03-FEB-2026,Agua no de consumo tratada,LAB_MUN,243344,AUTOCONTROL-2026-9420,AUTOCONTROL-2026,,,LUDICAS,,PISCINAS,Agua Lúdica,AG_LUDICA,VASO-H1,MUN-R2,WMN_LUD_CL,LUD-BASICO,
27-JAN-2026,CLIENTE,Vaso,PISCI_AYTO,03-FEB-2026,Agua no de consumo tratada,LAB_MUN,243345,AUTOCONTROL-2026-9421,AUTOCONTROL-2026,,,LUDICAS,,PISCINAS,Agua Lúdica,AG_LUDICA,VASO-L1,MUN-R2,WMN_LUD_CL,LUD-BASICO,
27-JAN-2026,CLIENTE,Vaso,PISCI_AYTO,03-FEB-2026,Agua no de consumo tratada,LAB_MUN,243346,AUTOCONTROL-2026-9422,AUTOCONTROL-2026,,,LUDICAS,,PISCINAS,Agua Lúdica,AG_LUDICA,VASO-L2,MUN-R2,WMN_LUD_CL,LUD-BASICO,
27-JAN-2026,CLIENTE,Vaso,PISCI_AYTO,03-FEB-2026,Agua no de consumo tratada,LAB_MUN,243347,AUTOCONTROL-2026-9423,AUTOCONTROL-2026,,,LUDICAS,,PISCINAS,Agua Lúdica,AG_LUDICA,VASO-SA1,MUN-R2,WMN_LUD_CL,LUD-BASICO,
27-JAN-2026,CLIENTE,Vaso,PISCI_AYTO,03-FEB-2026,Agua no de consumo tratada,LAB_MUN,243348,AUTOCONTROL-2026-9424,AUTOCONTROL-2026,,,LUDICAS,,PISCINAS,Agua Lúdica,AG_LUDICA,VASO-SA2,MUN-R2,WMN_LUD_CL,LUD-BASICO,
27-JAN-2026,CLIENTE,Vaso,PISCI_AYTO,03-FEB-2026,Agua no de consumo tratada,LAB_MUN,243349,AUTOCONTROL-2026-9425,AUTOCONTROL-2026,,,LUDICAS,,PISCINAS,Agua Lúdica,AG_LUDICA,VASO-SB1,MUN-R2,WMN_LUD_CL,LUD-BASICO,
27-JAN-2026,CLIENTE,Vaso,PISCI_AYTO,03-FEB-2026,Agua no de consumo tratada,LAB_MUN,243350,AUTOCONTROL-2026-9426,AUTOCONTROL-2026,,,LUDICAS,,PISCINAS,Agua Lúdica,AG_LUDICA,VASO-SB2,MUN-R2,WMN_LUD_CL,LUD-BASICO,
27-JAN-2026,CLIENTE,Vaso,PISCI_AYTO,03-FEB-2026,Agua no de consumo tratada,LAB_MUN,243351,AUTOCONTROL-2026-9427,AUTOCONTROL-2026,,,LUDICAS,,PISCINAS,Agua Lúdica,AG_LUDICA,VASO-ZA1,MUN-R2,WMN_LUD_CL,LUD-BASICO,
27-JAN-2026,CLIENTE,Vaso,PISCI_AYTO,03-FEB-2026,Agua no de consumo tratada,LAB_MUN,243352,AUTOCONTROL-2026-9428,AUTOCONTROL-2026,,,LUDICAS,,PISCINAS,Agua Lúdica,AG_LUDICA,VASO-ZA2,MUN-R2,WMN_LUD_CL,LUD-BASICO,
02-FEB-2026,NUMARTIN,fuente,LAB_MUN,09-FEB-2026,agua de red,LM_CAMPO,243475,AG_CONSUMO-D-113-080918,AGUAS-POT-2026,3,,AGUAS_POT,,PUEBLOS-1,Agua de consumo,AG_CONSUMO,D-113,PUEBLOS,WMM_LM_POT,POT-SANITA,N
02-FEB-2026,OSKAR,fuente,LAB_MUN,09-FEB-2026,agua de red,LM_CAMPO,243476,AG_CONSUMO-D-114-080919,AGUAS-POT-2026,3,,AGUAS_POT,,PUEBLOS-1,Agua de consumo,AG_CONSUMO,D-114,PUEBLOS,WMM_LM_POT,POT-SANITA,N
02-FEB-2026,OSKAR,fuente,LAB_MUN,09-FEB-2026,agua de red,LM_CAMPO,243477,AG_CONSUMO-D-120-080920,AGUAS-POT-2026,3,,AGUAS_POT,,PUEBLOS-1,Agua de consumo,AG_CONSUMO,D-120,PUEBLOS,WMM_LM_POT,POT-SANITA,N
02-FEB-2026,OSKAR,fuente,LAB_MUN,09-FEB-2026,agua de red,,243478,AG_CONSUMO-D-121-080921,AGUAS-POT-2026,3,,AGUAS_POT,,PUEBLOS-1,Agua de consumo,AG_CONSUMO,D-121,PUEBLOS,WMM_LM_POT,POT-SANITA,N
02-FEB-2026,OSKAR,fuente,LAB_MUN,09-FEB-2026,agua de red,LM_CAMPO,243479,AG_CONSUMO-D-123-080922,AGUAS-POT-2026,3,,AGUAS_POT,,PUEBLOS-1,Agua de consumo,AG_CONSUMO,D-123,PUEBLOS,WMM_LM_POT,POT-SANITA,N
02-FEB-2026,OSKAR,fuente,LAB_MUN,09-FEB-2026,agua de red,LM_CAMPO,243480,AG_CONSUMO-D-130-080923,AGUAS-POT-2026,3,,AGUAS_POT,,PUEBLOS-1,Agua de consumo,AG_CONSUMO,D-130,PUEBLOS,WMM_LM_POT,POT-SANITA,N
02-FEB-2026,NUMARTIN,casa 9B,LAB_MUN,09-FEB-2026,agua de red,LM_CAMPO,243481,AG_CONSUMO-D-134-080924,AGUAS-POT-2026,3,,AGUAS_POT,,PUEBLOS-1,Agua de consumo,AG_CONSUMO,D-134,PUEBLOS,WMM_LM_POT,POT-SANITA,N
02-FEB-2026,OSKAR,fuente,LAB_MUN,09-FEB-2026,agua de red,LM_CAMPO,243482,AG_CONSUMO-D-143-080925,AGUAS-POT-2026,3,,AGUAS_POT,,PUEBLOS-1,Agua de consumo,AG_CONSUMO,D-143,PUEBLOS,WMM_LM_POT,POT-SANITA,N
02-FEB-2026,OSKAR,Castillo,LAB_MUN,09-FEB-2026,agua blanco proceso pot,LAB_MUN,243483,CCI-INSPECCION-2026-9501,CCI-INSPECCION-2026,,,,,,agua blanco proceso pot,CONTROL-PO,D-143,,AGUAS,POT-SANITA,
03-FEB-2026,NUMARTIN,fuente,LAB_MUN,09-FEB-2026,agua de red,LM_CAMPO,243499,AG_CONSUMO-D-140-080926,AGUAS-POT-2026,3,,AGUAS_POT,,PUEBLOS-02,Agua de consumo,AG_CONSUMO,D-140,PUEBLOS,WMM_LM_POT,POT-SANITA,N
03-FEB-2026,NUMARTIN,fuente,LAB_MUN,09-FEB-2026,agua de red,LM_CAMPO,243500,AG_CONSUMO-D-141-080927,AGUAS-POT-2026,3,,AGUAS_POT,,PUEBLOS-02,Agua de consumo,AG_CONSUMO,D-141,PUEBLOS,WMM_LM_POT,POT-SANITA,N
03-FEB-2026,OSKAR,fuente,LAB_MUN,09-FEB-2026,agua de red,LM_CAMPO,243501,AG_CONSUMO-D-142-080928,AGUAS-POT-2026,3,,AGUAS_POT,,PUEBLOS-02,Agua de consumo,AG_CONSUMO,D-142,PUEBLOS,WMM_LM_POT,POT-SANITA,N
03-FEB-2026,OSKAR,grifo casa nº 8,LAB_MUN,09-FEB-2026,agua de red,LM_CAMPO,243502,AG_CONSUMO-D-154-080929,AGUAS-POT-2026,3,,AGUAS_POT,,PUEBLOS-02,Agua de consumo,AG_CONSUMO,D-154,PUEBLOS,WMM_LM_POT,POT-SANITA,N
03-FEB-2026,OSKAR,fuente,LAB_MUN,09-FEB-2026,agua de red,LM_CAMPO,243503,AG_CONSUMO-D-156-080930,AGUAS-POT-2026,3,,AGUAS_POT,,PUEBLOS-02,Agua de consumo,AG_CONSUMO,D-156,PUEBLOS,WMM_LM_POT,POT-SANITA,N
03-FEB-2026,OSKAR,"fuente, enfrente de la casa nº 12",LAB_MUN,09-FEB-2026,agua de red,LM_CAMPO,243504,AG_CONSUMO-D-161-080931,AGUAS-POT-2026,3,,AGUAS_POT,,PUEBLOS-02,Agua de consumo,AG_CONSUMO,D-161,PUEBLOS,WMM_LM_POT,POT-SANITA,N
03-FEB-2026,OSKAR,fuente,LAB_MUN,09-FEB-2026,agua de red,LM_CAMPO,243505,AG_CONSUMO-D-162-080932,AGUAS-POT-2026,3,,AGUAS_POT,,PUEBLOS-02,Agua de consumo,AG_CONSUMO,D-162,PUEBLOS,WMM_LM_POT,POT-SANITA,N
03-FEB-2026,NUMARTIN,grifo casa nº 20,LAB_MUN,09-FEB-2026,agua de red,LM_CAMPO,243506,AG_CONSUMO-D-163-080933,AGUAS-POT-2026,3,,AGUAS_POT,,PUEBLOS-02,Agua de consumo,AG_CONSUMO,D-163,PUEBLOS,WMM_LM_POT,POT-SANITA,N
03-FEB-2026,OSKAR,fuente,LAB_MUN,09-FEB-2026,agua de red,LM_CAMPO,243507,AG_CONSUMO-D-165-080934,AGUAS-POT-2026,3,,AGUAS_POT,,PUEBLOS-02,Agua de consumo,AG_CONSUMO,D-165,PUEBLOS,WMM_LM_POT,POT-SANITA,N
04-FEB-2026,OSKAR,acometida,LAB_MUN,09-FEB-2026,agua de red,LM_CAMPO,243514,AG_CONSUMO-D-1030-080935,AGUAS-POT-2026,3,,AGUAS_POT,,RED-VIT,Agua de consumo,AG_CONSUMO,D-1013,REDES,WMM_LM_POT,POT-SANITA,N
04-FEB-2026,NUMARTIN,grifo 1º derecha aseo masc,LAB_MUN,09-FEB-2026,agua de red,LM_CAMPO,243515,AG_CONSUMO-D-1014-080936,AGUAS-POT-2026,3,,AGUAS_POT,,RED-VIT,Agua de consumo,AG_CONSUMO,D-1014,REDES,WMM_LM_POT,POT-SANITA,N
04-FEB-2026,OSKAR,grifo 2º derecha vestuario masc cancha,LAB_MUN,09-FEB-2026,agua de red,LM_CAMPO,243516,AG_CONSUMO-D-1021-080937,AGUAS-POT-2026,3,,AGUAS_POT,,RED-VIT,Agua de consumo,AG_CONSUMO,D-1021,REDES,WMM_LM_POT,POT-SANITA,N
04-FEB-2026,OSKAR,grifo adaptado aseo masc,LAB_MUN,09-FEB-2026,agua de red,LM_CAMPO,243517,AG_CONSUMO-D-031-080938,AGUAS-POT-2026,3,,AGUAS_POT,,RED-VIT,Agua de consumo,AG_CONSUMO,D-031,REDES,WMM_LM_POT,POT-SANITA,N
04-FEB-2026,OSKAR,grifo 1º derecha aseo masc,LAB_MUN,09-FEB-2026,agua de red,LM_CAMPO,243518,AG_CONSUMO-D-034-080939,AGUAS-POT-2026,3,,AGUAS_POT,,RED-VIT,Agua de consumo,AG_CONSUMO,D-034,REDES,WMM_LM_POT,POT-SANITA,N
04-FEB-2026,OSKAR,grifo adaptado aseo masc. gimnasio,LAB_MUN,09-FEB-2026,agua de red,LM_CAMPO,243519,AG_CONSUMO-D-1025-080940,AGUAS-POT-2026,3,,AGUAS_POT,,RED-VIT,Agua de consumo,AG_CONSUMO,D-1025,REDES,WMM_LM_POT,POT-SANITA,N
04-FEB-2026,OSKAR,acometida,LAB_MUN,09-FEB-2026,agua de red,LM_CAMPO,243520,AG_CONSUMO-D-1022-080941,AGUAS-POT-2026,3,,AGUAS_POT,,RED-VIT,Agua de consumo,AG_CONSUMO,D-1022,REDES,WMM_LM_POT,POT-SANITA,N
04-FEB-2026,NUMARTIN,grifo 2º derecha,LAB_MUN,09-FEB-2026,agua de red,LM_CAMPO,243521,AG_CONSUMO-D-1078-080942,AGUAS-POT-2026,3,,AGUAS_POT,,RED-VIT,Agua de consumo,AG_CONSUMO,D-1078,REDES,WMM_LM_POT,POT-SANITA,N
04-FEB-2026,OSKAR,grifo berrostegieta  punto entrega AMVISA,LAB_MUN,09-FEB-2026,agua de red,LM_CAMPO,243522,AG_CONSUMO-D-148-080943,AGUAS-POT-2026,3,,AGUAS_POT,,PUEBLOS-02,Agua de consumo,AG_CONSUMO,D-148,PUEBLOS,WMM_LM_POT,POT-SANITA,N
04-FEB-2026,NUMARTIN,ducha 1º izquierda / vestuario familiar piscinas,LAB_MUN,12-FEB-2026,agua de ducha,LM_CAMPO,243523,LEGIONELLA-2026-9513,LEGIONELLA-2026,,,,,,agua caliente sanitaria,AG_ACS,D-1001,,LEGIONELLA,LEGIO-IDEX,
04-FEB-2026,NUMARTIN,ducha 4º derecha/ vestuario gimnasio femenino 1º planta,LAB_MUN,12-FEB-2026,agua de ducha,LM_CAMPO,243524,LEGIONELLA-2026-9514,LEGIONELLA-2026,,,,,,agua caliente sanitaria,AG_ACS,D-1001,,LEGIONELLA,LEGIO-IDEX,
04-FEB-2026,OSKAR,acumulador,LAB_MUN,12-FEB-2026,agua de acumulador,LM_CAMPO,243525,LEGIONELLA-2026-9515,LEGIONELLA-2026,,,,,,agua caliente sanitaria,AG_ACS,D-1001,,LEGIONELLA,LEGIO-IDEX,
04-FEB-2026,OSKAR,retorno,LAB_MUN,12-FEB-2026,agua de retorno,LM_CAMPO,243526,LEGIONELLA-2026-9516,LEGIONELLA-2026,,,,,,agua caliente sanitaria,AG_ACS,D-1001,,LEGIONELLA,LEGIO-IDEX,
05-FEB-2026,OSKAR,grifo purga,LAB_MUN,02-MAR-2026,agua de torre de refrigeración,LM_CAMPO,243527,LEGIONELLA-2026-9517,LEGIONELLA-2026,,,,,,agua torre,AG_TORRE,D-359-1,,LEGIONELLA,LEGIO-PA-S,
05-FEB-2026,OSKAR,grifo purga,LAB_MUN,02-MAR-2026,agua de torre de refrigeracion,LM_CAMPO,243528,LEGIONELLA-2026-9518,LEGIONELLA-2026,,,,,,agua torre,AG_TORRE,D-359-2,,LEGIONELLA,LEGIO-PA-S,
05-FEB-2026,OSKAR,grifo purga,LAB_MUN,02-MAR-2026,agua de torre de refrigeracion,LM_CAMPO,243529,LEGIONELLA-2026-9519,LEGIONELLA-2026,,,,,,agua torre,AG_TORRE,D-359-3,,LEGIONELLA,LEGIO-PA-S,
05-FEB-2026,OSKAR,grifo purga,LAB_MUN,02-MAR-2026,agua de torre de refrigeracion,LM_CAMPO,243530,LEGIONELLA-2026-9520,LEGIONELLA-2026,,,,,,agua torre,AG_TORRE,D-359-4,,LEGIONELLA,LEGIO-PA-S,
05-FEB-2026,NUMARTIN,balsa,LAB_MUN,02-MAR-2026,agua de torre de refrigeracion,LM_CAMPO,243531,LEGIONELLA-2026-9521,LEGIONELLA-2026,,,,,,agua torre,AG_TORRE,D-363,,LEGIONELLA,LEGIO-PA-S,
05-FEB-2026,NUMARTIN,lanza junto túnel de lavado,LAB_MUN,20-FEB-2026,agua lanza box,LM_CAMPO,243578,LEGIONELLA-2026-9522,LEGIONELLA-2026,,,,,,agua lavacoches,AG-LAVACO,D-1083,,LEGIONELLA,LEGIO-PA-S,
09-FEB-2026,NUMARTIN,vaso,LAB_MUN,20-FEB-2026,Agua de aporte de red,LM_CAMPO,243581,LUD-D-226-9-FEB-2026-013802,LUDICAS-2026,,,LUDICAS,,PISCINAS,Agua de piscina,AG_LUDICA,D-226,CUBIERTA-2,WMM_LUD,LUD-BASICO,
09-FEB-2026,NUMARTIN,vaso,LAB_MUN,25-FEB-2026,Agua de aporte de red,LM_CAMPO,243582,LUD-D-248-9-FEB-2026-013803,LUDICAS-2026,,,LUDICAS,,PISCINAS,Agua de piscina,AG_LUDICA,D-248,CUBIERTA-2,WMM_LUD,LUD-LEGIO,
09-FEB-2026,OSKAR,vaso,LAB_MUN,20-FEB-2026,Agua de aporte no de red,LM_CAMPO,243583,LUD-D-244-9-FEB-2026-013804,LUDICAS-2026,,,LUDICAS,,PISCINAS,Agua de piscina,AG_LUDICA,D-244,CUBIERTA-2,WMM_LUD,LUD-BASICO,
09-FEB-2026,OSKAR,vaso,LAB_MUN,02-MAR-2026,Agua de aporte no de red,LM_CAMPO,243584,LUD-D-245-9-FEB-2026-013805,LUDICAS-2026,,,LUDICAS,,PISCINAS,Agua de piscina,AG_LUDICA,D-245,CUBIERTA-2,WMM_LUD,LUD-LEGIO,
09-FEB-2026,OSKAR,vaso,LAB_MUN,20-FEB-2026,Agua de aporte no de red,LM_CAMPO,243585,LUD-D-246-9-FEB-2026-013806,LUDICAS-2026,,,LUDICAS,,PISCINAS,Agua de piscina,AG_LUDICA,D-246,CUBIERTA-2,WMM_LUD,LUD-BASICO,
09-FEB-2026,OSKAR,vaso,LAB_MUN,20-FEB-2026,Agua de aporte no de red,LM_CAMPO,243586,LUD-D-247-9-FEB-2026-013807,LUDICAS-2026,,,LUDICAS,,PISCINAS,Agua de piscina,AG_LUDICA,D-247,CUBIERTA-2,WMM_LUD,LUD-BASICO,
09-FEB-2026,OSKAR,vaso,LAB_MUN,25-FEB-2026,Agua de aporte no de red,LM_CAMPO,243587,LUD-D-256-9-FEB-2026-013808,LUDICAS-2026,,,LUDICAS,,PISCINAS,Agua de piscina,AG_LUDICA,D-256,CUBIERTA-2,WMM_LUD,LUD-LEGIO,
09-FEB-2026,OSKAR,vaso,LAB_MUN,25-FEB-2026,Agua de aporte no de red,LM_CAMPO,243588,LUD-D-257-9-FEB-2026-013809,LUDICAS-2026,,,LUDICAS,,PISCINAS,Agua de piscina,AG_LUDICA,D-257,CUBIERTA-2,WMM_LUD,LUD-LEGIO,
09-FEB-2026,OSKAR,vaso,LAB_MUN,20-FEB-2026,Agua de aporte no de red,LM_CAMPO,243589,LUD-D-258-9-FEB-2026-013810,LUDICAS-2026,,,LUDICAS,,PISCINAS,Agua de piscina,AG_LUDICA,D-258,CUBIERTA-2,WMM_LUD,LUD-BASICO,
09-FEB-2026,OSKAR,vaso,LAB_MUN,25-FEB-2026,Agua de aporte de red,LM_CAMPO,243590,LUD-D-1035-9-FEB-2026-013811,LUDICAS-2026,,,LUDICAS,,PISCINAS,Agua de piscina,AG_LUDICA,D-1035,CUBIERTA-2,WMM_LUD,LUD-LEGIO,
09-FEB-2026,OSKAR,D-226,LAB_MUN,20-FEB-2026,duplicado lud  de 243582,LAB_MUN,243591,LUDICAS-2026-9525,CCI-INSPECCION-2026,,,,,,duplicado lud 243582,CONTROL-LU,D-248,,AGUAS,LUD-BASICO,
10-FEB-2026,NUMARTIN,entrada al acumulador,LAB_MUN,20-FEB-2026,agua de  acumulador,LM_CAMPO,243593,LEGIONELLA-2026-9527,LEGIONELLA-2026,,,,,,agua caliente sanitaria,AG_ACS,LEGIO-000,,LEGIONELLA,LEGIO-IDEX,
10-FEB-2026,NUMARTIN,retorno,LAB_MUN,20-FEB-2026,agua de retorno,LM_CAMPO,243594,LEGIONELLA-2026-9528,LEGIONELLA-2026,,,,,,agua caliente sanitaria,AG_ACS,LEGIO-000,,LEGIONELLA,LEGIO-IDEX,
10-FEB-2026,NUMARTIN,"ducha domicilio, baño 1",LAB_MUN,20-FEB-2026,agua de ducha,LM_CAMPO,243595,LEGIONELLA-2026-9529,LEGIONELLA-2026,,,,,,agua caliente sanitaria,AG_ACS,LEGIO-000,,LEGIONELLA,LEGIO-IDEX,
10-FEB-2026,OSKAR,1º ducha  dcha vestuario masc. planta 0,LAB_MUN,20-FEB-2026,agua de ducha,LM_CAMPO,243596,LEGIONELLA-2026-9530,LEGIONELLA-2026,,,,,,agua caliente sanitaria,AG_ACS,D-313-1,,LEGIONELLA,LEGIO-IDEX,
10-FEB-2026,OSKAR,1º ducha izda vestuario fem. personal,LAB_MUN,20-FEB-2026,agua de ducha,LM_CAMPO,243597,LEGIONELLA-2026-9531,LEGIONELLA-2026,,,,,,agua caliente sanitaria,AG_ACS,D-313-1,,LEGIONELLA,LEGIO-IDEX,
10-FEB-2026,OSKAR,1º ducha izda vestuario masc. personal,LAB_MUN,20-FEB-2026,agua de ducha,LM_CAMPO,243598,LEGIONELLA-2026-9532,LEGIONELLA-2026,,,,,,agua caliente sanitaria,AG_ACS,D-313-1,,LEGIONELLA,LEGIO-IDEX,
10-FEB-2026,OSKAR,1º ducha izda vestuario masc. cancha,LAB_MUN,20-FEB-2026,agua de ducha,LM_CAMPO,243599,LEGIONELLA-2026-9533,LEGIONELLA-2026,,,,,,agua caliente sanitaria,AG_ACS,D-313-2,,LEGIONELLA,LEGIO-IDEX,
10-FEB-2026,OSKAR,3º ducha izda vestuario masc. piscinas,LAB_MUN,20-FEB-2026,agua de ducha,LM_CAMPO,243600,LEGIONELLA-2026-9534,LEGIONELLA-2026,,,,,,agua calienta sanitaria,AG_ACS,D-313-2,,LEGIONELLA,LEGIO-IDEX,
10-FEB-2026,OSKAR,1º ducha izda vestuario masc. gimnasio planta 1,LAB_MUN,20-FEB-2026,agua de ducha,LM_CAMPO,243601,LEGIONELLA-2026-9535,LEGIONELLA-2026,,,,,,agua caliente sanitaria,AG_ACS,D-313-2,,LEGIONELLA,LEGIO-IDEX,
10-FEB-2026,OSKAR,1º ducha izda Vestuario 1,LAB_MUN,20-FEB-2026,agua de ducha,LM_CAMPO,243602,LEGIONELLA-2026-9536,LEGIONELLA-2026,,,,,,agua caliente sanitaria,AG_ACS,D-313-3,,LEGIONELLA,LEGIO-IDEX,
10-FEB-2026,OSKAR,1º ducha izda Vestuario 5,LAB_MUN,20-FEB-2026,agua de ducha,LM_CAMPO,243603,LEGIONELLA-2026-9537,LEGIONELLA-2026,,,,,,agua caliente sanitaria,AG_ACS,D-313-3,,LEGIONELLA,LEGIO-IDEX,
10-FEB-2026,OSKAR,1º  ducha izda Vestuario 8,LAB_MUN,20-FEB-2026,agua de ducha,LM_CAMPO,243604,LEGIONELLA-2026-9538,LEGIONELLA-2026,,,,,,agua caliente sanitaria,AG_ACS,D-313-3,,LEGIONELLA,LEGIO-IDEX,
10-FEB-2026,NUMARTIN,ducha-bañera domicilio baño 2,LAB_MUN,20-FEB-2026,agua de ducha,LM_CAMPO,243605,LEGIONELLA-2026-9539,LEGIONELLA-2026,,,,,,agua caliente sanitaria,AG_ACS,LEGIO-000,,LEGIONELLA,LEGIO-IDEX,
16-FEB-2026,NUMARTIN,grifo aseo femenino,LAB_MUN,30-MAR-2026,agua de grifo,LM_CAMPO,243727,AG_CONSUMO-G-98-080944,AGUAS-POT-2026,5,,AGUAS_POT,,GRIFO,Agua de consumo,AG_CONSUMO,G-98,RED,WMM_LM_POT,POT-GRIFO,N
16-FEB-2026,OSKAR,"grifo izquierda, vestuario masc. 4",LAB_MUN,24-MAR-2026,agua de grifo,LM_CAMPO,243728,AG_CONSUMO-G-14-080945,AGUAS-POT-2026,5,,AGUAS_POT,,GRIFO,Agua de consumo,AG_CONSUMO,G-14,RED,WMM_LM_POT,POT-GRIFO,N
16-FEB-2026,OSKAR,"grifo 1º izquierda, aseo masculino",LAB_MUN,24-MAR-2026,agua de grifo,LM_CAMPO,243729,AG_CONSUMO-G-15-080946,AGUAS-POT-2026,5,,AGUAS_POT,,GRIFO,Agua de consumo,AG_CONSUMO,G-15,RED,WMM_LM_POT,POT-GRIFO,N
16-FEB-2026,OSKAR,"grifo 1º derecha, aseo masculino",LAB_MUN,24-MAR-2026,agua de grifo,LM_CAMPO,243730,AG_CONSUMO-G-16-080947,AGUAS-POT-2026,5,,AGUAS_POT,,GRIFO,Agua de consumo,AG_CONSUMO,G-16,RED,WMM_LM_POT,POT-GRIFO,N
16-FEB-2026,NUMARTIN,"grifo 1 izquierda, vestuario femenino",LAB_MUN,24-MAR-2026,agua de grifo,LM_CAMPO,243731,AG_CONSUMO-G-18-080948,AGUAS-POT-2026,5,,AGUAS_POT,,GRIFO,Agua de consumo,AG_CONSUMO,G-18,RED,WMM_LM_POT,POT-GRIFO,N
16-FEB-2026,NUMARTIN,grifo aseo femenino junto a peluqueria,LAB_MUN,24-MAR-2026,agua de grifo,LM_CAMPO,243732,AG_CONSUMO-G-61-080949,AGUAS-POT-2026,5,,AGUAS_POT,,GRIFO,Agua de consumo,AG_CONSUMO,G-62,RED,WMM_LM_POT,POT-GRIFO,N
16-FEB-2026,OSKAR,grifo del bar,LAB_MUN,24-MAR-2026,agua de grifo,LM_CAMPO,243733,AG_CONSUMO-G-62-080950,AGUAS-POT-2026,5,,AGUAS_POT,,GRIFO,Agua de consumo,AG_CONSUMO,G-62,RED,WMM_LM_POT,POT-GRIFO,N
16-FEB-2026,OSKAR,"grifo 1º izquierda, aseo masculino pasillo almacén limpieza",LAB_MUN,24-MAR-2026,agua de grifo,LM_CAMPO,243734,AG_CONSUMO-G-63-080951,AGUAS-POT-2026,5,,AGUAS_POT,,GRIFO,Agua de consumo,AG_CONSUMO,G-63,RED,WMM_LM_POT,POT-GRIFO,N
17-FEB-2026,NUMARTIN,"grifo 1º derecha, aseo femenino planta baja",LAB_MUN,24-MAR-2026,agua de grifo,LM_CAMPO,243735,AG_CONSUMO-G-19-080952,AGUAS-POT-2026,5,,AGUAS_POT,,GRIFO,Agua de consumo,AG_CONSUMO,G-19,RED,WMM_LM_POT,POT-GRIFO,N
17-FEB-2026,NUMARTIN,"grifo 1º derecha, aseo femenino personal planta baja -cafeteria",LAB_MUN,24-MAR-2026,agua de grifo,LM_CAMPO,243736,AG_CONSUMO-G-21-080953,AGUAS-POT-2026,5,,AGUAS_POT,,GRIFO,Agua de consumo,AG_CONSUMO,G-21,RED,WMM_LM_POT,POT-GRIFO,N
17-FEB-2026,NUMARTIN,"grifo 4º derecha, aseo femenino",LAB_MUN,24-MAR-2026,agua de grifo,LM_CAMPO,243737,AG_CONSUMO-G-96-080954,AGUAS-POT-2026,5,,AGUAS_POT,,GRIFO,Agua de consumo,AG_CONSUMO,G-96,REDES,WMM_LM_POT,POT-GRIFO,N
17-FEB-2026,NUMARTIN,"grifo 1º izquierda, aseo femenino",LAB_MUN,24-MAR-2026,agua de grifo,LM_CAMPO,243738,AG_CONSUMO-G-97-080955,AGUAS-POT-2026,5,,AGUAS_POT,,GRIFO,Agua de consumo,AG_CONSUMO,G-97,REDES,WMM_LM_POT,POT-GRIFO,N
17-FEB-2026,NUMARTIN,"grifo 1º izquierda, aseo femenino izquierda",LAB_MUN,24-MAR-2026,agua de grifo,LM_CAMPO,243739,AG_CONSUMO-G-17-080956,AGUAS-POT-2026,5,,AGUAS_POT,,GRIFO,Agua de consumo,AG_CONSUMO,G-17,REDES,WMM_LM_POT,POT-GRIFO,N
17-FEB-2026,NUMARTIN,"grifo 2º derecha, aseo femenino",LAB_MUN,24-MAR-2026,agua de grifo,LM_CAMPO,243740,AG_CONSUMO-G-38-080957,AGUAS-POT-2026,5,,AGUAS_POT,,GRIFO,Agua de consumo,AG_CONSUMO,G-38,REDES,WMM_LM_POT,POT-GRIFO,N
17-FEB-2026,NUMARTIN,"grifo 1º izquierda, aseo femenino",LAB_MUN,24-MAR-2026,agua de grifo,LM_CAMPO,243742,AG_CONSUMO-G-65-080959,AGUAS-POT-2026,5,,AGUAS_POT,,GRIFO,Agua de consumo,AG_CONSUMO,G-65,REDES,WMM_LM_POT,POT-GRIFO,N
17-FEB-2026,NUMARTIN,"grifo 1º izquierda, aseo femenino",LAB_MUN,24-MAR-2026,agua de grifo,LM_CAMPO,243743,AG_CONSUMO-G-66-080960,AGUAS-POT-2026,5,,AGUAS_POT,,GRIFO,Agua de consumo,AG_CONSUMO,G-66,REDES,WMM_LM_POT,POT-GRIFO,N
16-FEB-2026,OSKAR,envase 11/2/2026,LAB_MUN,25-FEB-2026,blanco envase,LAB_MUN,243744,CCI-INSPECCION-2026-9575,CCI-INSPECCION-2026,,,,,,agua blanco envase,CONTROL-PO,POT-000,,AGUAS,POT-GRIFO,
19-FEB-2026,OSKAR,acumulador purga,LAB_MUN,17-MAR-2026,agua de acumulador,LM_CAMPO,243760,LEGIONELLA-2026-9588,LEGIONELLA-2026,,,,,,agua caliente sanitaria,AG_ACS,D-1091,,LEGIONELLA,LEGIO-PA,
19-FEB-2026,NUMARTIN,retorno,LAB_MUN,17-MAR-2026,agua de retorno,LM_CAMPO,243761,LEGIONELLA-2026-9589,LEGIONELLA-2026,,,,,,agua caliente sanitaria,AG_ACS,D-1091,,LEGIONELLA,LEGIO-PA,
19-FEB-2026,NUMARTIN,ducha habitacion 211,LAB_MUN,17-MAR-2026,agua de ducha,LM_CAMPO,243762,LEGIONELLA-2026-9590,LEGIONELLA-2026,,,,,,agua caliente sanitaria,AG_ACS,D-1091,,LEGIONELLA,LEGIO-PA,
20-FEB-2026,OSKAR,Grifo,LAB_MUN,20-FEB-2026,agua de red,LM_CAMPO,243813,AG_CONSUMO-D-016-080961,AGUAS-POT-2026,3,OBS TEST,AGUAS_POT,,,Agua de consumo,AG_CONSUMO,D-016,,WMM_LM_POT,POT-SANITA,N
23-FEB-2026,CLIENTE,Vaso,PISCI_AYTO,25-FEB-2026,Agua no de consumo tratada,LAB_MUN,243814,AUTOCONTROL-2026-9592,AUTOCONTROL-2026,,,LUDICAS,,PISCINAS,Agua Lúdica,AG_LUDICA,VASO-A1,MUN-R1,WMN_LUD_CL,LUD-BASICO,
23-FEB-2026,CLIENTE,Vaso,PISCI_AYTO,25-FEB-2026,Agua no de consumo tratada,LAB_MUN,243815,AUTOCONTROL-2026-9593,AUTOCONTROL-2026,,,LUDICAS,,PISCINAS,Agua Lúdica,AG_LUDICA,VASO-A2,MUN-R1,WMN_LUD_CL,LUD-BASICO,
23-FEB-2026,CLIENTE,Vaso,PISCI_AYTO,25-FEB-2026,Agua no de consumo tratada,LAB_MUN,243816,AUTOCONTROL-2026-9594,AUTOCONTROL-2026,,,LUDICAS,,PISCINAS,Agua Lúdica,AG_LUDICA,VASO-I1,MUN-R1,WMN_LUD_CL,LUD-BASICO,
23-FEB-2026,CLIENTE,Vaso,PISCI_AYTO,02-MAR-2026,Agua no de consumo tratada,LAB_MUN,243817,AUTOCONTROL-2026-9595,AUTOCONTROL-2026,,,LUDICAS,,PISCINAS,Agua Lúdica,AG_LUDICA,VASO-I2,MUN-R1,WMN_LUD_CL,LUD-BASICO,
23-FEB-2026,CLIENTE,Vaso,PISCI_AYTO,02-MAR-2026,Agua no de consumo tratada,LAB_MUN,243818,AUTOCONTROL-2026-9596,AUTOCONTROL-2026,,,LUDICAS,,PISCINAS,Agua Lúdica,AG_LUDICA,VASO-AB1,MUN-R1,WMN_LUD_CL,LUD-BASICO,
23-FEB-2026,CLIENTE,Vaso,PISCI_AYTO,02-MAR-2026,Agua no de consumo tratada,LAB_MUN,243819,AUTOCONTROL-2026-9597,AUTOCONTROL-2026,,,LUDICAS,,PISCINAS,Agua Lúdica,AG_LUDICA,VASO-AB2,MUN-R1,WMN_LUD_CL,LUD-BASICO,
23-FEB-2026,CLIENTE,Vaso,PISCI_AYTO,02-MAR-2026,Agua no de consumo tratada,LAB_MUN,243820,AUTOCONTROL-2026-9598,AUTOCONTROL-2026,,,LUDICAS,,PISCINAS,Agua Lúdica,AG_LUDICA,VASO-IB-1,MUN-R1,WMN_LUD_CL,LUD-BASICO,
23-FEB-2026,CLIENTE,Vaso,PISCI_AYTO,02-MAR-2026,Agua no de consumo tratada,LAB_MUN,243821,AUTOCONTROL-2026-9599,AUTOCONTROL-2026,,,LUDICAS,,PISCINAS,Agua Lúdica,AG_LUDICA,VASO-IB-2,MUN-R1,WMN_LUD_CL,LUD-BASICO,
23-FEB-2026,CLIENTE,Vaso,PISCI_AYTO,02-MAR-2026,Agua no de consumo tratada,LAB_MUN,243822,AUTOCONTROL-2026-9600,AUTOCONTROL-2026,,,LUDICAS,,PISCINAS,Agua Lúdica,AG_LUDICA,VASO-IB-3,MUN-R1,WMN_LUD_CL,LUD-BASICO,
23-FEB-2026,CLIENTE,Vaso,PISCI_AYTO,02-MAR-2026,Agua no de consumo tratada,LAB_MUN,243823,AUTOCONTROL-2026-9601,AUTOCONTROL-2026,,,LUDICAS,,PISCINAS,Agua Lúdica,AG_LUDICA,VASO-M1,MUN-R1,WMN_LUD_CL,LUD-BASICO,
23-FEB-2026,CLIENTE,Vaso,PISCI_AYTO,02-MAR-2026,Agua no de consumo tratada,LAB_MUN,243824,AUTOCONTROL-2026-9602,AUTOCONTROL-2026,,,LUDICAS,,PISCINAS,Agua Lúdica,AG_LUDICA,VASO-M2,MUN-R1,WMN_LUD_CL,LUD-BASICO,
24-FEB-2026,CLIENTE,Vaso,PISCI_AYTO,02-MAR-2026,Agua no de consumo tratada,LAB_MUN,243851,AUTOCONTROL-2026-9608,AUTOCONTROL-2026,,,LUDICAS,,PISCINAS,Agua Lúdica,AG_LUDICA,VASO-H1,MUN-R2,WMN_LUD_CL,LUD-BASICO,
24-FEB-2026,CLIENTE,Vaso,PISCI_AYTO,02-MAR-2026,Agua no de consumo tratada,LAB_MUN,243852,AUTOCONTROL-2026-9609,AUTOCONTROL-2026,,,LUDICAS,,PISCINAS,Agua Lúdica,AG_LUDICA,VASO-L1,MUN-R2,WMN_LUD_CL,LUD-BASICO,
24-FEB-2026,CLIENTE,Vaso,PISCI_AYTO,02-MAR-2026,Agua no de consumo tratada,LAB_MUN,243853,AUTOCONTROL-2026-9610,AUTOCONTROL-2026,,,LUDICAS,,PISCINAS,Agua Lúdica,AG_LUDICA,VASO-L2,MUN-R2,WMN_LUD_CL,LUD-BASICO,
24-FEB-2026,CLIENTE,Vaso,PISCI_AYTO,02-MAR-2026,Agua no de consumo tratada,LAB_MUN,243854,AUTOCONTROL-2026-9611,AUTOCONTROL-2026,,,LUDICAS,,PISCINAS,Agua Lúdica,AG_LUDICA,VASO-SA1,MUN-R2,WMN_LUD_CL,LUD-BASICO,
24-FEB-2026,CLIENTE,Vaso,PISCI_AYTO,02-MAR-2026,Agua no de consumo tratada,LAB_MUN,243855,AUTOCONTROL-2026-9612,AUTOCONTROL-2026,,,LUDICAS,,PISCINAS,Agua Lúdica,AG_LUDICA,VASO-SA2,MUN-R2,WMN_LUD_CL,LUD-BASICO,
24-FEB-2026,CLIENTE,Vaso,PISCI_AYTO,02-MAR-2026,Agua no de consumo tratada,LAB_MUN,243856,AUTOCONTROL-2026-9613,AUTOCONTROL-2026,,,LUDICAS,,PISCINAS,Agua Lúdica,AG_LUDICA,VASO-SB1,MUN-R2,WMN_LUD_CL,LUD-BASICO,
24-FEB-2026,CLIENTE,Vaso,PISCI_AYTO,02-MAR-2026,Agua no de consumo tratada,LAB_MUN,243857,AUTOCONTROL-2026-9614,AUTOCONTROL-2026,,,LUDICAS,,PISCINAS,Agua Lúdica,AG_LUDICA,VASO-SB2,MUN-R2,WMN_LUD_CL,LUD-BASICO,
24-FEB-2026,CLIENTE,Vaso,PISCI_AYTO,02-MAR-2026,Agua no de consumo tratada,LAB_MUN,243858,AUTOCONTROL-2026-9615,AUTOCONTROL-2026,,,LUDICAS,,PISCINAS,Agua Lúdica,AG_LUDICA,VASO-ZA1,MUN-R2,WMN_LUD_CL,LUD-BASICO,
24-FEB-2026,CLIENTE,Vaso,PISCI_AYTO,02-MAR-2026,Agua no de consumo tratada,LAB_MUN,243859,AUTOCONTROL-2026-9616,AUTOCONTROL-2026,,,LUDICAS,,PISCINAS,Agua Lúdica,AG_LUDICA,VASO-ZA2,MUN-R2,WMN_LUD_CL,LUD-BASICO,
26-FEB-2026,OSKAR,acumulador,LAB_MUN,17-MAR-2026,agua de acumulador,LM_CAMPO,243869,LEGIONELLA-2026-9623,LEGIONELLA-2026,,,,,,agua caliente sanitaria,AG_ACS,D-321,,LEGIONELLA,LEGIO-PA,
26-FEB-2026,OSKAR,ducha baño geriátrico planta 1,LAB_MUN,17-MAR-2026,agua de ducha,LM_CAMPO,243870,LEGIONELLA-2026-9624,LEGIONELLA-2026,,,,,,agua caliente sanitaria,AG_ACS,D-321,,LEGIONELLA,LEGIO-PA,
26-FEB-2026,OSKAR,ducha habitación 533,LAB_MUN,17-MAR-2026,agua de ducha,LM_CAMPO,243871,LEGIONELLA-2026-9625,LEGIONELLA-2026,,,,,,agua caliente sanitaria,AG_ACS,D-321,,LEGIONELLA,LEGIO-PA,
26-FEB-2026,NUMARTIN,acumulador,LAB_MUN,17-MAR-2026,agua de acumulador,LM_CAMPO,243872,LEGIONELLA-2026-9626,LEGIONELLA-2026,,,,,,agua caliente sanitaria,AG_ACS,D-320,,LEGIONELLA,LEGIO-PA,
26-FEB-2026,OSKAR,retorno,LAB_MUN,17-MAR-2026,agua de retorno,LM_CAMPO,243873,LEGIONELLA-2026-9627,LEGIONELLA-2026,,,,,,agua caliente sanitaria,AG_ACS,D-320,,LEGIONELLA,LEGIO-PA,
26-FEB-2026,NUMARTIN,ducha habitación 127,LAB_MUN,17-MAR-2026,agua de ducha,LM_CAMPO,243874,LEGIONELLA-2026-9628,LEGIONELLA-2026,,,,,,agua caliente sanitaria,AG_ACS,D-320,,LEGIONELLA,LEGIO-PA,
02-MAR-2026,NUMARTIN,grifo bar,LAB_MUN,24-MAR-2026,agua de grifo,LM_CAMPO,243923,AG_CONSUMO-G-67-080964,AGUAS-POT-2026,5,,AGUAS_POT,,GRIFO,Agua de consumo,AG_CONSUMO,G-67,RED,WMM_LM_POT,POT-GRIFO,N
02-MAR-2026,NUMARTIN,grifo bar,LAB_MUN,24-MAR-2026,agua de grifo,LM_CAMPO,243924,AG_CONSUMO-G-68-080965,AGUAS-POT-2026,5,,AGUAS_POT,,GRIFO,Agua de consumo,AG_CONSUMO,G-68,RED,WMM_LM_POT,POT-GRIFO,N
02-MAR-2026,OSKAR,grifo bar,LAB_MUN,24-MAR-2026,agua de grifo,LM_CAMPO,243925,AG_CONSUMO-G-69-080966,AGUAS-POT-2026,5,,AGUAS_POT,,GRIFO,Agua de consumo,AG_CONSUMO,G-69,RED,WMM_LM_POT,POT-GRIFO,N
02-MAR-2026,NUMARTIN,grifo 1º izquierda vestuario femenino cancha,LAB_MUN,24-MAR-2026,agua de grifo,LM_CAMPO,243926,AG_CONSUMO-G-95-080967,AGUAS-POT-2026,5,,AGUAS_POT,,GRIFO,Agua de consumo,AG_CONSUMO,G-95,RED,WMM_LM_POT,POT-GRIFO,N
02-MAR-2026,OSKAR,grifo 2º izquierda aseo masculino,LAB_MUN,24-MAR-2026,agua de grifo,LM_CAMPO,243927,AG_CONSUMO-G-25-080968,AGUAS-POT-2026,5,,AGUAS_POT,,GRIFO,Agua de consumo,AG_CONSUMO,G-25,RED,WMM_LM_POT,POT-GRIFO,N
02-MAR-2026,NUMARTIN,grifo 1º izquierda aseo femenino planta baja,LAB_MUN,24-MAR-2026,agua de grifo,LM_CAMPO,243928,AG_CONSUMO-G-70-080969,AGUAS-POT-2026,5,,AGUAS_POT,,GRIFO,Agua de consumo,AG_CONSUMO,G-70,RED,WMM_LM_POT,POT-GRIFO,N
02-MAR-2026,NUMARTIN,grifo 1º izquierda vestuario femenino gimnasio,LAB_MUN,24-MAR-2026,agua de grifo,LM_CAMPO,243929,AG_CONSUMO-G-71-080970,AGUAS-POT-2026,5,,AGUAS_POT,,GRIFO,Agua de consumo,AG_CONSUMO,G-71,RED,WMM_LM_POT,POT-GRIFO,N
02-MAR-2026,NUMARTIN,grifo bar,LAB_MUN,24-MAR-2026,agua de grifo,LM_CAMPO,243930,AG_CONSUMO-G-72-080971,AGUAS-POT-2026,5,,AGUAS_POT,,GRIFO,Agua de consumo,AG_CONSUMO,G-72,RED,WMM_LM_POT,POT-GRIFO,N
02-MAR-2026,NUMARTIN,grifo office edificio 7,LAB_MUN,24-MAR-2026,agua de grifo,LM_CAMPO,243931,AG_CONSUMO-G-100-080972,AGUAS-POT-2026,5,,AGUAS_POT,,GRIFO,Agua de consumo,AG_CONSUMO,G-100,RED,WMM_LM_POT,POT-GRIFO,N
02-MAR-2026,NUMARTIN,grifo bar,LAB_MUN,17-MAR-2026,duplicado de muestra (Nº 243923),LM_CAMPO,243932,CONTROL-PO-G-67-080973,CCI-INSPECCION-2026,5,,AGUAS_POT,,GRIFO,duplicado agua de consumo,CONTROL-PO,G-67,RED,WMM_LM_POT,POT-GRIFO,N
04-MAR-2026,NUMARTIN,grifo muelle reloj cocina,LAB_MUN,24-MAR-2026,agua de grifo,LM_CAMPO,243941,AG_CONSUMO-G-4-080974,AGUAS-POT-2026,5,,AGUAS_POT,,GRIFO,Agua de consumo,AG_CONSUMO,G-4,RED,WMM_LM_POT,POT-GRIFO,N
04-MAR-2026,OSKAR,grifo cocina,LAB_MUN,24-MAR-2026,agua de grifo,LM_CAMPO,243942,AG_CONSUMO-G-35-080975,AGUAS-POT-2026,5,,AGUAS_POT,,GRIFO,Agua de consumo,AG_CONSUMO,G-35,RED,WMM_LM_POT,POT-GRIFO,N
04-MAR-2026,OSKAR,grifo cocina,LAB_MUN,24-MAR-2026,agua de grifo,LM_CAMPO,243943,AG_CONSUMO-G-60-080976,AGUAS-POT-2026,5,,AGUAS_POT,,GRIFO,Agua de consumo,AG_CONSUMO,G-60,RED,WMM_LM_POT,POT-GRIFO,N
04-MAR-2026,OSKAR,grifo cocina,LAB_MUN,24-MAR-2026,agua de grifo,LM_CAMPO,243944,AG_CONSUMO-G-58-080977,AGUAS-POT-2026,5,,AGUAS_POT,,GRIFO,Agua de consumo,AG_CONSUMO,G-58,RED,WMM_LM_POT,POT-GRIFO,N
04-MAR-2026,OSKAR,grifo bar,LAB_MUN,24-MAR-2026,agua de grifo,LM_CAMPO,243945,AG_CONSUMO-G-73-080978,AGUAS-POT-2026,5,,AGUAS_POT,,GRIFO,Agua de consumo,AG_CONSUMO,G-73,RED,WMM_LM_POT,POT-GRIFO,N
04-MAR-2026,NUMARTIN,grifo bar,LAB_MUN,24-MAR-2026,agua de grifo,LM_CAMPO,243946,AG_CONSUMO-G-101-080979,AGUAS-POT-2026,5,,AGUAS_POT,,GRIFO,Agua de consumo,AG_CONSUMO,G-101,RED,WMM_LM_POT,POT-GRIFO,N
04-MAR-2026,OSKAR,grifo bar,LAB_MUN,24-MAR-2026,agua de grifo,LM_CAMPO,243947,AG_CONSUMO-G-102-080980,AGUAS-POT-2026,5,,AGUAS_POT,,GRIFO,Agua de consumo,AG_CONSUMO,G-102,RED,WMM_LM_POT,POT-GRIFO,N
04-MAR-2026,NUMARTIN,grifo bar,LAB_MUN,24-MAR-2026,agua de grifo,LM_CAMPO,243948,AG_CONSUMO-G-103-080981,AGUAS-POT-2026,5,,AGUAS_POT,,GRIFO,Agua de consumo,AG_CONSUMO,G-103,RED,WMM_LM_POT,POT-GRIFO,N
04-MAR-2026,NUMARTIN,grifo bar,LAB_MUN,24-MAR-2026,agua de grifo,LM_CAMPO,243949,AG_CONSUMO-G-104-080982,AGUAS-POT-2026,5,,AGUAS_POT,,GRIFO,Agua de consumo,AG_CONSUMO,G-104,RED,WMM_LM_POT,POT-GRIFO,N
04-MAR-2026,NUMARTIN,ENVASE,LAB_MUN,17-MAR-2026,blanco envase lote 20/1,LAB_MUN,243950,CCI-INSPECCION-2026-9638,CCI-INSPECCION-2026,,,,,,agua blanco,CONTROL-PO,POT-000,,AGUAS,POT-GRIFO,N
05-MAR-2026,OSKAR,acumulador,LAB_MUN,23-MAR-2026,agua de acumulador,LM_CAMPO,243964,LEGIONELLA-2026-9643,LEGIONELLA-2026,,,,,,agua caliente sanitaria,AG_ACS,D-332,,LEGIONELLA,LEGIO-PA,
05-MAR-2026,OSKAR,ducha spa vestuario masculino,LAB_MUN,23-MAR-2026,agua de ducha,LM_CAMPO,243965,LEGIONELLA-2026-9644,LEGIONELLA-2026,,,,,,agua caliente sanitaria,AG_ACS,D-332,,LEGIONELLA,LEGIO-PA,
05-MAR-2026,NUMARTIN,ducha habitación 201,LAB_MUN,23-MAR-2026,agua de ducha,LM_CAMPO,243966,LEGIONELLA-2026-9645,LEGIONELLA-2026,,,,,,agua caliente sanitaria,AG_ACS,D-332,,LEGIONELLA,LEGIO-PA,
05-MAR-2026,OSKAR,acumulador,LAB_MUN,23-MAR-2026,agua de acumulador,LM_CAMPO,243967,LEGIONELLA-2026-9646,LEGIONELLA-2026,,,,,,agua caliente sanitaria,AG_ACS,D-334,,LEGIONELLA,LEGIO-PA,
05-MAR-2026,OSKAR,retorno,LAB_MUN,23-MAR-2026,agua de retorno,LM_CAMPO,243968,LEGIONELLA-2026-9647,LEGIONELLA-2026,,,,,,agua caliente sanitaria,AG_ACS,D-334,,LEGIONELLA,LEGIO-PA,
05-MAR-2026,NUMARTIN,ducha habitacion 910,LAB_MUN,23-MAR-2026,agua de ducha,LM_CAMPO,243969,LEGIONELLA-2026-9648,LEGIONELLA-2026,,,,,,agua caliente sanitaria,AG_ACS,D-334,,LEGIONELLA,LEGIO-PA,
09-MAR-2026,NUMARTIN,vaso,LAB_MUN,17-MAR-2026,Agua de aporte de red,LM_CAMPO,244017,LUD-VASO-A1-9-MAR-2026-013812,LUDICAS-2026,,,LUDICAS,,PISCINAS,Agua de piscina,AG_LUDICA,VASO-A1,MUN-R1,WMM_LUD,LUD-BASICO,
09-MAR-2026,NUMARTIN,vaso,LAB_MUN,17-MAR-2026,Agua de aporte de red,LM_CAMPO,244018,LUD-VASO-A2-9-MAR-2026-013813,LUDICAS-2026,,,LUDICAS,,PISCINAS,Agua de piscina,AG_LUDICA,VASO-A2,MUN-R1,WMM_LUD,LUD-BASICO,
09-MAR-2026,OSKAR,vaso,LAB_MUN,17-MAR-2026,Agua de aporte de red,LM_CAMPO,244019,LUD-VASO-I1-9-MAR-2026-013814,LUDICAS-2026,,,LUDICAS,,PISCINAS,Agua de piscina,AG_LUDICA,VASO-I1,MUN-R1,WMM_LUD,LUD-BASICO,
09-MAR-2026,OSKAR,vaso,LAB_MUN,17-MAR-2026,Agua de aporte de red,LM_CAMPO,244020,LUD-VASO-I2-9-MAR-2026-013815,LUDICAS-2026,,,LUDICAS,,PISCINAS,Agua de piscina,AG_LUDICA,VASO-I2,MUN-R1,WMM_LUD,LUD-BASICO,
09-MAR-2026,NUMARTIN,vaso,LAB_MUN,17-MAR-2026,Agua de aporte de red,LM_CAMPO,244021,LUD-VASO-AB1-9-MAR-2026-013816,LUDICAS-2026,,,LUDICAS,,PISCINAS,Agua de piscina,AG_LUDICA,VASO-AB1,MUN-R1,WMM_LUD,LUD-BASICO,
09-MAR-2026,NUMARTIN,vaso,LAB_MUN,17-MAR-2026,Agua de aporte de red,LM_CAMPO,244022,LUD-VASO-AB2-9-MAR-2026-013817,LUDICAS-2026,,,LUDICAS,,PISCINAS,Agua de piscina,AG_LUDICA,VASO-AB2,MUN-R1,WMM_LUD,LUD-BASICO,
09-MAR-2026,OSKAR,vaso,LAB_MUN,17-MAR-2026,Agua de aporte de red,LM_CAMPO,244023,LUD-VASO-IB-1-9-MAR-2026-01381,LUDICAS-2026,,,LUDICAS,,PISCINAS,Agua de piscina,AG_LUDICA,VASO-IB-1,MUN-R1,WMM_LUD,LUD-BASICO,
09-MAR-2026,OSKAR,vaso,LAB_MUN,17-MAR-2026,Agua de aporte de red,LM_CAMPO,244024,LUD-VASO-IB-2-9-MAR-2026-01381,LUDICAS-2026,,,LUDICAS,,PISCINAS,Agua de piscina,AG_LUDICA,VASO-IB-2,MUN-R1,WMM_LUD,LUD-BASICO,
09-MAR-2026,OSKAR,chorro,LAB_MUN,17-MAR-2026,Agua de aporte de red,LM_CAMPO,244025,LUD-VASO-IB-3-9-MAR-2026-01382,LUDICAS-2026,,,LUDICAS,,PISCINAS,Agua de piscina,AG_LUDICA,VASO-IB-3,MUN-R1,WMM_LUD,LUD-BASICO,
09-MAR-2026,OSKAR,vaso,LAB_MUN,17-MAR-2026,Agua de aporte de red,LM_CAMPO,244026,LUD-VASO-M1-9-MAR-2026-013821,LUDICAS-2026,,,LUDICAS,,PISCINAS,Agua de piscina,AG_LUDICA,VASO-M1,MUN-R1,WMM_LUD,LUD-BASICO,
09-MAR-2026,OSKAR,vaso,LAB_MUN,17-MAR-2026,Agua de aporte de red,LM_CAMPO,244027,LUD-VASO-M2-9-MAR-2026-013822,LUDICAS-2026,,,LUDICAS,,PISCINAS,Agua de piscina,AG_LUDICA,VASO-M2,MUN-R1,WMM_LUD,LUD-BASICO,
09-MAR-2026,NUMARTIN,vaso,LAB_MUN,17-MAR-2026,duplicado de muestra nº244021,LAB_MUN,244028,LUD-VASO-A1-9-MAR-2026-013823,CCI-INSPECCION-2026,,,LUDICAS,,PISCINAS,Duplicado agua de piscina,CONTROL-LU,VASO-AB1,MUN-R1,WMM_LUD,LUD-BASICO,
09-MAR-2026,NUMARTIN,grifo,LAB_MUN,24-MAR-2026,agua de red,LM_CAMPO,244029,AG_CONSUMO-G-72-080983,AGUAS-POT-2026,2,incidencia 243930,AGUAS_POT,,GRIFO,Agua de consumo,AG_CONSUMO,G-72,RED,WMM_LM_POT,POT-GRIFO,N
09-MAR-2026,NUMARTIN,acumulador,LAB_MUN,26-MAR-2026,agua de acumulador,LAB_MUN,244030,LEGIONELLA-2026-9649,LEGIONELLA-2026,,,,,,agua caliente sanitaria,AG_ACS,D-335-2,,LEGIONELLA,LEGIO-PA,
09-MAR-2026,NUMARTIN,retorno,LAB_MUN,23-MAR-2026,agua de retorno,LAB_MUN,244031,LEGIONELLA-2026-9650,LEGIONELLA-2026,,,,,,agua caliente sanitaria,AG_ACS,D-335-2,,LEGIONELLA,LEGIO-PA,
09-MAR-2026,NUMARTIN,ducha habitacion 215,LAB_MUN,26-MAR-2026,agua de ducha,LAB_MUN,244032,LEGIONELLA-2026-9651,LEGIONELLA-2026,,,,,,agua caliente sanitaria,AG_ACS,D-335-2,,LEGIONELLA,LEGIO-PA,
09-MAR-2026,OSKAR,acumulador,LAB_MUN,23-MAR-2026,agua de acumulador,LAB_MUN,244033,LEGIONELLA-2026-9652,LEGIONELLA-2026,,,,,,agua caliente sanitaria,AG_ACS,D-335-1,,LEGIONELLA,LEGIO-PA,
09-MAR-2026,OSKAR,retorno,LAB_MUN,23-MAR-2026,agua de retorno,LAB_MUN,244034,LEGIONELLA-2026-9653,LEGIONELLA-2026,,,,,,agua caliente sanitaria,AG_ACS,D-335-1,,LEGIONELLA,LEGIO-PA,
09-MAR-2026,OSKAR,ducha habitación 245,LAB_MUN,23-MAR-2026,agua de ducha,LM_CAMPO,244040,LEGIONELLA-2026-9659,LEGIONELLA-2026,,,,,,agua caliente sanitaria,AG_ACS,D-335-1,,LEGIONELLA,LEGIO-PA,
10-MAR-2026,OSKAR,vaso,LAB_MUN,17-MAR-2026,Agua de aporte de red,LM_CAMPO,244041,LUD-VASO-H1-10-MAR-2026-013824,LUDICAS-2026,,,LUDICAS,,PISCINAS,Agua de piscina,AG_LUDICA,VASO-H1,MUN-R2,WMM_LUD,LUD-BASICO,
10-MAR-2026,OSKAR,vaso,LAB_MUN,17-MAR-2026,Agua de aporte de red,LM_CAMPO,244044,LUD-VASO-L1-10-MAR-2026-013827,LUDICAS-2026,,,LUDICAS,,PISCINAS,Agua de piscina,AG_LUDICA,VASO-L1,MUN-R2,WMM_LUD,LUD-BASICO,
10-MAR-2026,OSKAR,vaso,LAB_MUN,17-MAR-2026,Agua de aporte de red,LM_CAMPO,244045,LUD-VASO-SA1-10-MAR-2026-01382,LUDICAS-2026,,,LUDICAS,,PISCINAS,Agua de piscina,AG_LUDICA,VASO-SA1,MUN-R2,WMM_LUD,LUD-BASICO,
10-MAR-2026,OSKAR,vaso,LAB_MUN,17-MAR-2026,Agua de aporte de red,LM_CAMPO,244046,LUD-VASO-SA2-10-MAR-2026-01382,LUDICAS-2026,,,LUDICAS,,PISCINAS,Agua de piscina,AG_LUDICA,VASO-SA2,MUN-R2,WMM_LUD,LUD-BASICO,
10-MAR-2026,OSKAR,vaso,LAB_MUN,17-MAR-2026,Agua de aporte de red,LM_CAMPO,244047,LUD-VASO-SB1-10-MAR-2026-01383,LUDICAS-2026,,,LUDICAS,,PISCINAS,Agua de piscina,AG_LUDICA,VASO-SB1,MUN-R2,WMM_LUD,LUD-BASICO,
10-MAR-2026,OSKAR,vaso,LAB_MUN,17-MAR-2026,Agua de aporte de red,LM_CAMPO,244048,LUD-VASO-SB2-10-MAR-2026-01383,LUDICAS-2026,,,LUDICAS,,PISCINAS,Agua de piscina,AG_LUDICA,VASO-SB2,MUN-R2,WMM_LUD,LUD-BASICO,
10-MAR-2026,OSKAR,vaso,LAB_MUN,17-MAR-2026,Agua de aporte de red,LM_CAMPO,244049,LUD-VASO-ZA1-10-MAR-2026-01383,LUDICAS-2026,,,LUDICAS,,PISCINAS,Agua de piscina,AG_LUDICA,VASO-ZA1,MUN-R2,WMM_LUD,LUD-BASICO,
10-MAR-2026,OSKAR,vaso,LAB_MUN,17-MAR-2026,Agua de aporte de red,LM_CAMPO,244050,LUD-VASO-ZA2-10-MAR-2026-01383,LUDICAS-2026,,,LUDICAS,,PISCINAS,Agua de piscina,AG_LUDICA,VASO-ZA2,MUN-R2,WMM_LUD,LUD-BASICO,
10-MAR-2026,OSKAR,VASO H1,LAB_MUN,17-MAR-2026,blanco piscinas,LAB_MUN,244051,CCI-INSPECCION-2026-9660,CCI-INSPECCION-2026,,,,,,agua blanco proceso,CONTROL-LU,VASO-H1,,AGUAS,LUD-BASICO,
10-MAR-2026,OSKAR,vaso,LAB_MUN,17-MAR-2026,Agua de aporte de red,LM_CAMPO,244089,LUD-VASO-L2-10-MAR-2026-013834,LUDICAS-2026,,,LUDICAS,,PISCINAS,Agua de piscina,AG_LUDICA,VASO-L2,MUN-R2,WMM_LUD,LUD-BASICO,
11-MAR-2026,OSKAR,acumulador,LAB_MUN,23-MAR-2026,agua de acumulador,LM_CAMPO,244090,LEGIONELLA-2026-9698,LEGIONELLA-2026,,,,,,agua caliente sanitaria,AG_ACS,D-391,,LEGIONELLA,LEGIO-IDEX,
11-MAR-2026,NUMARTIN,retorno,LAB_MUN,23-MAR-2026,agua de retorno,LM_CAMPO,244091,LEGIONELLA-2026-9699,LEGIONELLA-2026,,,,,,agua caliente sanitaria,AG_ACS,D-391,,LEGIONELLA,LEGIO-IDEX,
11-MAR-2026,NUMARTIN,ducha 1º dcha vest masculino,LAB_MUN,23-MAR-2026,agua de ducha,LM_CAMPO,244092,LEGIONELLA-2026-9700,LEGIONELLA-2026,,,,,,agua caliente sanitaria,AG_ACS,D-391,,LEGIONELLA,LEGIO-IDEX,
11-MAR-2026,NUMARTIN,acumulador,LAB_MUN,23-MAR-2026,agua de acumulador,LM_CAMPO,244093,LEGIONELLA-2026-9701,LEGIONELLA-2026,,,,,,agua caliente sanitaria,AG_ACS,D-303,,LEGIONELLA,LEGIO-IDEX,
11-MAR-2026,NUMARTIN,retorno,LAB_MUN,23-MAR-2026,agua de retorno,LM_CAMPO,244094,LEGIONELLA-2026-9702,LEGIONELLA-2026,,,,,,agua caliente sanitaria,AG_ACS,D-303,,LEGIONELLA,LEGIO-IDEX,
11-MAR-2026,NUMARTIN,ducha 1º vest masculino 4,LAB_MUN,23-MAR-2026,agua de ducha,LM_CAMPO,244095,LEGIONELLA-2026-9703,LEGIONELLA-2026,,,,,,agua caliente sanitaria,AG_ACS,D-303,,LEGIONELLA,LEGIO-IDEX,
11-MAR-2026,OSKAR,acumulador,LAB_MUN,23-MAR-2026,agua de acumulador,LM_CAMPO,244096,LEGIONELLA-2026-9704,LEGIONELLA-2026,,,,,,agua caliente sanitaria,AG_ACS,D-306,,LEGIONELLA,LEGIO-IDEX,
11-MAR-2026,OSKAR,retorno,LAB_MUN,23-MAR-2026,agua de retorno,LM_CAMPO,244097,LEGIONELLA-2026-9705,LEGIONELLA-2026,,,,,,agua caliente sanitaria,AG_ACS,D-306,,LEGIONELLA,LEGIO-IDEX,
11-MAR-2026,OSKAR,ducha 1º izq vest 6,LAB_MUN,23-MAR-2026,agua de ducha,LM_CAMPO,244098,LEGIONELLA-2026-9706,LEGIONELLA-2026,,,,,,agua caliente sanitaria,AG_ACS,D-306,,LEGIONELLA,LEGIO-IDEX,
11-MAR-2026,NUMARTIN,ducha vest personal femenino,LAB_MUN,23-MAR-2026,agua de ducha,LM_CAMPO,244101,LEGIONELLA-2026-9707,LEGIONELLA-2026,,,,,,agua caliente sanitaria,AG_ACS,D-306,,LEGIONELLA,LEGIO-IDEX,
20-MAR-2026,NUMARTIN,"acumulador, grifo toma izquierda",LAB_MUN,31-MAR-2026,agua de  acumulador,LM_CAMPO,244243,LEGIONELLA-2026-9749,LEGIONELLA-2026,,,,,,agua caliente sanitaria,AG_ACS,D-369,,LEGIONELLA,LEGIO-PA,
20-MAR-2026,OSKAR,retorno,LAB_MUN,31-MAR-2026,agua de retorno,LM_CAMPO,244244,LEGIONELLA-2026-9750,LEGIONELLA-2026,,,,,,agua caliente sanitaria,AG_ACS,D-369,,LEGIONELLA,LEGIO-PA,
20-MAR-2026,NUMARTIN,ducha vestuario masculino personal hotel,LAB_MUN,31-MAR-2026,agua de  ducha,LM_CAMPO,244245,LEGIONELLA-2026-9751,LEGIONELLA-2026,,,,,,agua caliente sanitaria,AG_ACS,D-369,,LEGIONELLA,LEGIO-PA,
23-MAR-2026,CLIENTE,Vaso,PISCI_AYTO,27-MAR-2026,Agua no de consumo tratada,LAB_MUN,244252,AUTOCONTROL-2026-9756,AUTOCONTROL-2026,,,LUDICAS,,PISCINAS,Agua Lúdica,AG_LUDICA,VASO-A1,MUN-R1,WMN_LUD_CL,LUD-BASICO,
23-MAR-2026,CLIENTE,Vaso,PISCI_AYTO,27-MAR-2026,Agua no de consumo tratada,LAB_MUN,244253,AUTOCONTROL-2026-9757,AUTOCONTROL-2026,,,LUDICAS,,PISCINAS,Agua Lúdica,AG_LUDICA,VASO-A2,MUN-R1,WMN_LUD_CL,LUD-BASICO,
23-MAR-2026,CLIENTE,Vaso,PISCI_AYTO,27-MAR-2026,Agua no de consumo tratada,LAB_MUN,244254,AUTOCONTROL-2026-9758,AUTOCONTROL-2026,,,LUDICAS,,PISCINAS,Agua Lúdica,AG_LUDICA,VASO-I1,MUN-R1,WMN_LUD_CL,LUD-BASICO,
23-MAR-2026,CLIENTE,Vaso,PISCI_AYTO,27-MAR-2026,Agua no de consumo tratada,LAB_MUN,244255,AUTOCONTROL-2026-9759,AUTOCONTROL-2026,,,LUDICAS,,PISCINAS,Agua Lúdica,AG_LUDICA,VASO-I2,MUN-R1,WMN_LUD_CL,LUD-BASICO,
23-MAR-2026,CLIENTE,Vaso,PISCI_AYTO,27-MAR-2026,Agua no de consumo tratada,LAB_MUN,244256,AUTOCONTROL-2026-9760,AUTOCONTROL-2026,,,LUDICAS,,PISCINAS,Agua Lúdica,AG_LUDICA,VASO-AB1,MUN-R1,WMN_LUD_CL,LUD-BASICO,
23-MAR-2026,CLIENTE,Vaso,PISCI_AYTO,27-MAR-2026,Agua no de consumo tratada,LAB_MUN,244257,AUTOCONTROL-2026-9761,AUTOCONTROL-2026,,,LUDICAS,,PISCINAS,Agua Lúdica,AG_LUDICA,VASO-AB2,MUN-R1,WMN_LUD_CL,LUD-BASICO,
23-MAR-2026,CLIENTE,Vaso,PISCI_AYTO,27-MAR-2026,Agua no de consumo tratada,LAB_MUN,244258,AUTOCONTROL-2026-9762,AUTOCONTROL-2026,,,LUDICAS,,PISCINAS,Agua Lúdica,AG_LUDICA,VASO-IB-1,MUN-R1,WMN_LUD_CL,LUD-BASICO,
23-MAR-2026,CLIENTE,Vaso,PISCI_AYTO,27-MAR-2026,Agua no de consumo tratada,LAB_MUN,244259,AUTOCONTROL-2026-9763,AUTOCONTROL-2026,,,LUDICAS,,PISCINAS,Agua Lúdica,AG_LUDICA,VASO-IB-2,MUN-R1,WMN_LUD_CL,LUD-BASICO,
23-MAR-2026,CLIENTE,Vaso,PISCI_AYTO,27-MAR-2026,Agua no de consumo tratada,LAB_MUN,244260,AUTOCONTROL-2026-9764,AUTOCONTROL-2026,,,LUDICAS,,PISCINAS,Agua Lúdica,AG_LUDICA,VASO-IB-3,MUN-R1,WMN_LUD_CL,LUD-BASICO,
23-MAR-2026,CLIENTE,Vaso,PISCI_AYTO,27-MAR-2026,Agua no de consumo tratada,LAB_MUN,244261,AUTOCONTROL-2026-9765,AUTOCONTROL-2026,,,LUDICAS,,PISCINAS,Agua Lúdica,AG_LUDICA,VASO-M1,MUN-R1,WMN_LUD_CL,LUD-BASICO,
23-MAR-2026,CLIENTE,Vaso,PISCI_AYTO,27-MAR-2026,Agua no de consumo tratada,LAB_MUN,244262,AUTOCONTROL-2026-9766,AUTOCONTROL-2026,,,LUDICAS,,PISCINAS,Agua Lúdica,AG_LUDICA,VASO-M2,MUN-R1,WMN_LUD_CL,LUD-BASICO,
23-MAR-2026,CLIENTE,CIRCUITO,PISCI_AYTO,27-MAR-2026,Agua no de consumo tratada,LAB_MUN,244263,AUTOCONTROL-2026-9767,AUTOCONTROL-2026,,,LUDICAS,,PISCINAS,Agua Lúdica,AG_LUDICA,VASO-A1,MUN-R1,WMN_LUD_CL,LUD-BASICO,
23-MAR-2026,CLIENTE,CIRCUITO,PISCI_AYTO,27-MAR-2026,Agua no de consumo tratada,LAB_MUN,244264,AUTOCONTROL-2026-9768,AUTOCONTROL-2026,,,LUDICAS,,PISCINAS,Agua Lúdica,AG_LUDICA,VASO-A2,MUN-R1,WMN_LUD_CL,LUD-BASICO,
23-MAR-2026,CLIENTE,CIRCUITO,PISCI_AYTO,27-MAR-2026,Agua no de consumo tratada,LAB_MUN,244265,AUTOCONTROL-2026-9769,AUTOCONTROL-2026,,,LUDICAS,,PISCINAS,Agua Lúdica,AG_LUDICA,VASO-I1,MUN-R1,WMN_LUD_CL,LUD-BASICO,
23-MAR-2026,CLIENTE,CIRCUITO,PISCI_AYTO,27-MAR-2026,Agua no de consumo tratada,LAB_MUN,244266,AUTOCONTROL-2026-9770,AUTOCONTROL-2026,,,LUDICAS,,PISCINAS,Agua Lúdica,AG_LUDICA,VASO-I2,MUN-R1,WMN_LUD_CL,LUD-BASICO,
23-MAR-2026,CLIENTE,CIRCUITO,PISCI_AYTO,27-MAR-2026,Agua no de consumo tratada,LAB_MUN,244267,AUTOCONTROL-2026-9771,AUTOCONTROL-2026,,,LUDICAS,,PISCINAS,Agua Lúdica,AG_LUDICA,VASO-AB1,MUN-R1,WMN_LUD_CL,LUD-BASICO,
23-MAR-2026,CLIENTE,CIRCUITO,PISCI_AYTO,27-MAR-2026,Agua no de consumo tratada,LAB_MUN,244268,AUTOCONTROL-2026-9772,AUTOCONTROL-2026,,,LUDICAS,,PISCINAS,Agua Lúdica,AG_LUDICA,VASO-AB2,MUN-R1,WMN_LUD_CL,LUD-BASICO,
23-MAR-2026,CLIENTE,CIRCUITO,PISCI_AYTO,27-MAR-2026,Agua no de consumo tratada,LAB_MUN,244269,AUTOCONTROL-2026-9773,AUTOCONTROL-2026,,,LUDICAS,,PISCINAS,Agua Lúdica,AG_LUDICA,VASO-IB-1,MUN-R1,WMN_LUD_CL,LUD-BASICO,
23-MAR-2026,CLIENTE,CIRCUITO,PISCI_AYTO,27-MAR-2026,Agua no de consumo tratada,LAB_MUN,244270,AUTOCONTROL-2026-9774,AUTOCONTROL-2026,,,LUDICAS,,PISCINAS,Agua Lúdica,AG_LUDICA,VASO-IB-2,MUN-R1,WMN_LUD_CL,LUD-BASICO,
23-MAR-2026,CLIENTE,CIRCUITO-1,PISCI_AYTO,27-MAR-2026,Agua no de consumo tratada,LAB_MUN,244271,AUTOCONTROL-2026-9775,AUTOCONTROL-2026,,,LUDICAS,,PISCINAS,Agua Lúdica,AG_LUDICA,VASO-M1,MUN-R1,WMN_LUD_CL,LUD-BASICO,
23-MAR-2026,CLIENTE,CIRCUITO-2,PISCI_AYTO,27-MAR-2026,Agua no de consumo tratada,LAB_MUN,244272,AUTOCONTROL-2026-9776,AUTOCONTROL-2026,,,LUDICAS,,PISCINAS,Agua Lúdica,AG_LUDICA,VASO-M1,MUN-R1,WMN_LUD_CL,LUD-BASICO,
23-MAR-2026,CLIENTE,CIRCUITO,PISCI_AYTO,27-MAR-2026,Agua no de consumo tratada,LAB_MUN,244273,AUTOCONTROL-2026-9777,AUTOCONTROL-2026,,,LUDICAS,,PISCINAS,Agua Lúdica,AG_LUDICA,VASO-M2,MUN-R1,WMN_LUD_CL,LUD-BASICO,
24-MAR-2026,CLIENTE,Vaso,PISCI_AYTO,27-MAR-2026,Agua no de consumo tratada,LAB_MUN,244274,AUTOCONTROL-2026-9778,AUTOCONTROL-2026,,,LUDICAS,,PISCINAS,Agua Lúdica,AG_LUDICA,VASO-H1,MUN-R2,WMN_LUD_CL,LUD-BASICO,
24-MAR-2026,CLIENTE,Vaso,PISCI_AYTO,27-MAR-2026,Agua no de consumo tratada,LAB_MUN,244275,AUTOCONTROL-2026-9779,AUTOCONTROL-2026,,,LUDICAS,,PISCINAS,Agua Lúdica,AG_LUDICA,VASO-L1,MUN-R2,WMN_LUD_CL,LUD-BASICO,
24-MAR-2026,CLIENTE,Vaso,PISCI_AYTO,27-MAR-2026,Agua no de consumo tratada,LAB_MUN,244276,AUTOCONTROL-2026-9780,AUTOCONTROL-2026,,,LUDICAS,,PISCINAS,Agua Lúdica,AG_LUDICA,VASO-L2,MUN-R2,WMN_LUD_CL,LUD-BASICO,
24-MAR-2026,CLIENTE,Vaso,PISCI_AYTO,27-MAR-2026,Agua no de consumo tratada,LAB_MUN,244277,AUTOCONTROL-2026-9781,AUTOCONTROL-2026,,,LUDICAS,,PISCINAS,Agua Lúdica,AG_LUDICA,VASO-SA1,MUN-R2,WMN_LUD_CL,LUD-BASICO,
24-MAR-2026,CLIENTE,Vaso,PISCI_AYTO,27-MAR-2026,Agua no de consumo tratada,LAB_MUN,244278,AUTOCONTROL-2026-9782,AUTOCONTROL-2026,,,LUDICAS,,PISCINAS,Agua Lúdica,AG_LUDICA,VASO-SA2,MUN-R2,WMN_LUD_CL,LUD-BASICO,
24-MAR-2026,CLIENTE,Vaso,PISCI_AYTO,27-MAR-2026,Agua no de consumo tratada,LAB_MUN,244279,AUTOCONTROL-2026-9783,AUTOCONTROL-2026,,,LUDICAS,,PISCINAS,Agua Lúdica,AG_LUDICA,VASO-SB1,MUN-R2,WMN_LUD_CL,LUD-BASICO,
24-MAR-2026,CLIENTE,Vaso,PISCI_AYTO,27-MAR-2026,Agua no de consumo tratada,LAB_MUN,244280,AUTOCONTROL-2026-9784,AUTOCONTROL-2026,,,LUDICAS,,PISCINAS,Agua Lúdica,AG_LUDICA,VASO-SB2,MUN-R2,WMN_LUD_CL,LUD-BASICO,
24-MAR-2026,CLIENTE,Vaso,PISCI_AYTO,27-MAR-2026,Agua no de consumo tratada,LAB_MUN,244281,AUTOCONTROL-2026-9785,AUTOCONTROL-2026,,,LUDICAS,,PISCINAS,Agua Lúdica,AG_LUDICA,VASO-ZA1,MUN-R2,WMN_LUD_CL,LUD-BASICO,
24-MAR-2026,CLIENTE,Vaso,PISCI_AYTO,27-MAR-2026,Agua no de consumo tratada,LAB_MUN,244282,AUTOCONTROL-2026-9786,AUTOCONTROL-2026,,,LUDICAS,,PISCINAS,Agua Lúdica,AG_LUDICA,VASO-ZA2,MUN-R2,WMN_LUD_CL,LUD-BASICO,
24-MAR-2026,CLIENTE,CIRCUITO,PISCI_AYTO,27-MAR-2026,Agua no de consumo tratada,LAB_MUN,244283,AUTOCONTROL-2026-9787,AUTOCONTROL-2026,,,LUDICAS,,PISCINAS,Agua Lúdica,AG_LUDICA,VASO-H1,MUN-R2,WMN_LUD_CL,LUD-BASICO,
24-MAR-2026,CLIENTE,CIRCUITO,PISCI_AYTO,27-MAR-2026,Agua no de consumo tratada,LAB_MUN,244284,AUTOCONTROL-2026-9788,AUTOCONTROL-2026,,,LUDICAS,,PISCINAS,Agua Lúdica,AG_LUDICA,VASO-L1,MUN-R2,WMN_LUD_CL,LUD-BASICO,
24-MAR-2026,CLIENTE,CIRCUITO,PISCI_AYTO,27-MAR-2026,Agua no de consumo tratada,LAB_MUN,244285,AUTOCONTROL-2026-9789,AUTOCONTROL-2026,,,LUDICAS,,PISCINAS,Agua Lúdica,AG_LUDICA,VASO-L2,MUN-R2,WMN_LUD_CL,LUD-BASICO,
24-MAR-2026,CLIENTE,CIRCUITO,PISCI_AYTO,27-MAR-2026,Agua no de consumo tratada,LAB_MUN,244286,AUTOCONTROL-2026-9790,AUTOCONTROL-2026,,,LUDICAS,,PISCINAS,Agua Lúdica,AG_LUDICA,VASO-SA1,MUN-R2,WMN_LUD_CL,LUD-BASICO,
24-MAR-2026,CLIENTE,CIRCUITO,PISCI_AYTO,27-MAR-2026,Agua no de consumo tratada,LAB_MUN,244287,AUTOCONTROL-2026-9791,AUTOCONTROL-2026,,,LUDICAS,,PISCINAS,Agua Lúdica,AG_LUDICA,VASO-SA2,MUN-R2,WMN_LUD_CL,LUD-BASICO,
24-MAR-2026,CLIENTE,CIRCUITO,PISCI_AYTO,27-MAR-2026,Agua no de consumo tratada,LAB_MUN,244288,AUTOCONTROL-2026-9792,AUTOCONTROL-2026,,,LUDICAS,,PISCINAS,Agua Lúdica,AG_LUDICA,VASO-SB1,MUN-R2,WMN_LUD_CL,LUD-BASICO,
24-MAR-2026,CLIENTE,CIRCUITO,PISCI_AYTO,27-MAR-2026,Agua no de consumo tratada,LAB_MUN,244289,AUTOCONTROL-2026-9793,AUTOCONTROL-2026,,,LUDICAS,,PISCINAS,Agua Lúdica,AG_LUDICA,VASO-SB2,MUN-R2,WMN_LUD_CL,LUD-BASICO,
24-MAR-2026,CLIENTE,CIRCUITO,PISCI_AYTO,27-MAR-2026,Agua no de consumo tratada,LAB_MUN,244290,AUTOCONTROL-2026-9794,AUTOCONTROL-2026,,,LUDICAS,,PISCINAS,Agua Lúdica,AG_LUDICA,VASO-ZA1,MUN-R2,WMN_LUD_CL,LUD-BASICO,
24-MAR-2026,CLIENTE,CIRCUITO,PISCI_AYTO,27-MAR-2026,Agua no de consumo tratada,LAB_MUN,244291,AUTOCONTROL-2026-9795,AUTOCONTROL-2026,,,LUDICAS,,PISCINAS,Agua Lúdica,AG_LUDICA,VASO-ZA2,MUN-R2,WMN_LUD_CL,LUD-BASICO,
09-APR-2026,OSKAR,grifo purga acumulador a consumo,LAB_MUN,04-MAY-2026,agua de acumulador,LM_CAMPO,244501,LEGIONELLA-2026-9906,LEGIONELLA-2026,,,,,,agua caliente sanitaria,AG_ACS,D-1183,,LEGIONELLA,LEGIO-PA,
09-APR-2026,OSKAR,retorno general,LAB_MUN,04-MAY-2026,agua de retorno,LM_CAMPO,244502,LEGIONELLA-2026-9907,LEGIONELLA-2026,,,,,,agua caliente sanitaria,AG_ACS,D-1183,,LEGIONELLA,LEGIO-PA,
09-APR-2026,NUMARTIN,ducha hab. 215,LAB_MUN,04-MAY-2026,agua de ducha,LM_CAMPO,244503,LEGIONELLA-2026-9908,LEGIONELLA-2026,,,,,,agua caliente sanitaria,AG_ACS,D-1183,,LEGIONELLA,LEGIO-PA,
09-APR-2026,OSKAR,grifo 5 por izd. lavanderia (más alejado),LAB_MUN,04-MAY-2026,agua de grifo,LM_CAMPO,244504,LEGIONELLA-2026-9909,LEGIONELLA-2026,,,,,,agua caliente sanitaria,AG_ACS,D-1184,,LEGIONELLA,LEGIO-PA,
09-APR-2026,NUMARTIN,ducha 2 izd vestuario masculino,LAB_MUN,04-MAY-2026,agua de ducha,LM_CAMPO,244505,LEGIONELLA-2026-9910,LEGIONELLA-2026,,,,,,agua caliente sanitaria,AG_ACS,D-1184,,LEGIONELLA,LEGIO-PA,
09-APR-2026,NUMARTIN,ducha 3º dcha vestuario femenino,LAB_MUN,04-MAY-2026,agua de ducha,LM_CAMPO,244506,LEGIONELLA-2026-9911,LEGIONELLA-2026,,,,,,agua caliente sanitaria,AG_ACS,D-1184,,LEGIONELLA,LEGIO-PA,
13-APR-2026,OSKAR,grifo de acometida,LAB_MUN,12-MAY-2026,agua de red,LM_CAMPO,244577,AG_CONSUMO-D-1013-080988,AGUAS-POT-2026,3,,AGUAS_POT,,RED-VIT,Agua de consumo,AG_CONSUMO,D-1013,REDES,WMM_LM_POT,POT-SANITA,N
13-APR-2026,OSKAR,grifo baño masculino,LAB_MUN,12-MAY-2026,agua de red,LM_CAMPO,244578,AG_CONSUMO-D-1014-080989,AGUAS-POT-2026,3,,AGUAS_POT,,RED-VIT,Agua de consumo,AG_CONSUMO,D-1014,REDES,WMM_LM_POT,POT-SANITA,N
13-APR-2026,OSKAR,"grifo 1º derecha, vestuario cancha izq masculino",LAB_MUN,12-MAY-2026,agua de red,LM_CAMPO,244579,AG_CONSUMO-D-1021-080990,AGUAS-POT-2026,3,,AGUAS_POT,,RED-VIT,Agua de consumo,AG_CONSUMO,D-1021,REDES,WMM_LM_POT,POT-SANITA,N
13-APR-2026,OSKAR,grifo 1º derecha baño masculino,LAB_MUN,12-MAY-2026,agua de red,LM_CAMPO,244580,AG_CONSUMO-D-031-080991,AGUAS-POT-2026,3,,AGUAS_POT,,RED-VIT,Agua de consumo,AG_CONSUMO,D-031,REDES,WMM_LM_POT,POT-SANITA,N
13-APR-2026,OSKAR,grifo baño masculino,LAB_MUN,12-MAY-2026,agua de red,LM_CAMPO,244581,AG_CONSUMO-D-034-080992,AGUAS-POT-2026,3,,AGUAS_POT,,RED-VIT,Agua de consumo,AG_CONSUMO,D-034,REDES,WMM_LM_POT,POT-SANITA,N
13-APR-2026,OSKAR,grifo 1º izq baño masculino cancha,LAB_MUN,12-MAY-2026,agua de red,LM_CAMPO,244582,AG_CONSUMO-D-1025-080993,AGUAS-POT-2026,3,,AGUAS_POT,,RED-VIT,Agua de consumo,AG_CONSUMO,D-1025,REDES,WMM_LM_POT,POT-SANITA,N
13-APR-2026,OSKAR,grifo acometida,LAB_MUN,12-MAY-2026,agua de red,LM_CAMPO,244583,AG_CONSUMO-D-1022-080994,AGUAS-POT-2026,3,,AGUAS_POT,,RED-VIT,Agua de consumo,AG_CONSUMO,D-1022,REDES,WMM_LM_POT,POT-SANITA,N
13-APR-2026,OSKAR,grifo 1º izq vestuario femenino,LAB_MUN,12-MAY-2026,agua de red,LM_CAMPO,244584,AG_CONSUMO-D-1078-080995,AGUAS-POT-2026,3,,AGUAS_POT,,RED-VIT,Agua de consumo,AG_CONSUMO,D-1078,REDES,WMM_LM_POT,POT-SANITA,N
13-APR-2026,NUMARTIN,grifo cocina,LAB_MUN,12-MAY-2026,agua de grifo (instalaciones interiores),LM_CAMPO,244587,AG_CONSUMO-G-105-080998,AGUAS-POT-2026,5,,AGUAS_POT,,GRIFO,Agua de consumo,AG_CONSUMO,G-105,REDES,WMM_LM_POT,POT-GRIFO,N
13-APR-2026,NUMARTIN,grifo bar,LAB_MUN,12-MAY-2026,agua de grifo (instalaciones interiores),LM_CAMPO,244588,AG_CONSUMO-G-72-080999,AGUAS-POT-2026,5,,AGUAS_POT,,GRIFO,Agua de consumo,AG_CONSUMO,G-72,REDES,WMM_LM_POT,POT-GRIFO,N
15-APR-2026,NUMARTIN,ducha habitacion 127,LAB_MUN,23-APR-2026,agua de ducha,LM_CAMPO,244614,LEGIONELLA-2026-9932,LEGIONELLA-2026,,,,,,agua caliente sanitaria,AG_ACS,D-373,,LEGIONELLA,LEGIO-IDEX,
15-APR-2026,OSKAR,retorno general,LAB_MUN,23-APR-2026,agua de retorno,LM_CAMPO,244615,LEGIONELLA-2026-9933,LEGIONELLA-2026,,,,,,agua caliente sanitaria,AG_ACS,D-373,,LEGIONELLA,LEGIO-IDEX,
15-APR-2026,NUMARTIN,ducha habitación 117,LAB_MUN,23-APR-2026,agua de ducha,LM_CAMPO,244616,LEGIONELLA-2026-9934,LEGIONELLA-2026,,,,,,agua caliente sanitaria,AG_ACS,D-373,,LEGIONELLA,LEGIO-IDEX,
15-APR-2026,OSKAR,ducha habitación 447,LAB_MUN,23-APR-2026,agua de ducha,LM_CAMPO,244617,LEGIONELLA-2026-9935,LEGIONELLA-2026,,,,,,agua caliente sanitaria,AG_ACS,D-379,,LEGIONELLA,LEGIO-IDEX,
15-APR-2026,OSKAR,retorno general,LAB_MUN,23-APR-2026,agua de retorno,LM_CAMPO,244618,LEGIONELLA-2026-9936,LEGIONELLA-2026,,,,,,agua caliente sanitaria,AG_ACS,D-379,,LEGIONELLA,LEGIO-IDEX,
15-APR-2026,OSKAR,ducha habitación 558,LAB_MUN,23-APR-2026,agua de ducha,LM_CAMPO,244619,LEGIONELLA-2026-9937,LEGIONELLA-2026,,,,,,agua caliente sanitaria,AG_ACS,D-379,,LEGIONELLA,LEGIO-IDEX,
15-APR-2026,OSKAR,ducha baño junto habitacion 205,LAB_MUN,23-APR-2026,agua de ducha,LM_CAMPO,244620,LEGIONELLA-2026-9938,LEGIONELLA-2026,,,,,,agua caliente sanitaria,AG_ACS,D-1185,,LEGIONELLA,LEGIO-IDEX,
15-APR-2026,OSKAR,ducha baño habitacion 311,LAB_MUN,23-APR-2026,agua de ducha,LM_CAMPO,244621,LEGIONELLA-2026-9939,LEGIONELLA-2026,,,,,,agua caliente sanitaria,AG_ACS,D-1185,,LEGIONELLA,LEGIO-IDEX,
15-APR-2026,OSKAR,ducha habitacion 412,LAB_MUN,23-APR-2026,agua de ducha,LM_CAMPO,244622,LEGIONELLA-2026-9940,LEGIONELLA-2026,,,,,,agua caliente sanitaria,AG_ACS,D-1185,,LEGIONELLA,LEGIO-IDEX,
15-APR-2026,OSKAR,ducha hab 117,LAB_MUN,23-APR-2026,duplicado de 244616,LM_CAMPO,244628,CCI-INSPECCION-2026-9946,CCI-INSPECCION-2026,,,,,,duplicado ACS,CONTROL-LE,D-373,,LEGIONELLA,,
20-APR-2026,CLIENTE,Vaso,PISCI_AYTO,30-APR-2026,Agua no de consumo tratada,LAB_MUN,244698,AUTOCONTROL-2026-9951,AUTOCONTROL-2026,,,LUDICAS,,PISCINAS,Agua Lúdica,AG_LUDICA,VASO-H1,MUN-R2,WMN_LUD_CL,LUD-BASICO,
20-APR-2026,CLIENTE,Vaso,PISCI_AYTO,30-APR-2026,Agua no de consumo tratada,LAB_MUN,244699,AUTOCONTROL-2026-9952,AUTOCONTROL-2026,,,LUDICAS,,PISCINAS,Agua Lúdica,AG_LUDICA,VASO-L1,MUN-R2,WMN_LUD_CL,LUD-BASICO,
20-APR-2026,CLIENTE,Vaso,PISCI_AYTO,30-APR-2026,Agua no de consumo tratada,LAB_MUN,244700,AUTOCONTROL-2026-9953,AUTOCONTROL-2026,,,LUDICAS,,PISCINAS,Agua Lúdica,AG_LUDICA,VASO-L2,MUN-R2,WMN_LUD_CL,LUD-BASICO,
20-APR-2026,CLIENTE,Vaso,PISCI_AYTO,30-APR-2026,Agua no de consumo tratada,LAB_MUN,244701,AUTOCONTROL-2026-9954,AUTOCONTROL-2026,,,LUDICAS,,PISCINAS,Agua Lúdica,AG_LUDICA,VASO-SA1,MUN-R2,WMN_LUD_CL,LUD-BASICO,
20-APR-2026,CLIENTE,Vaso,PISCI_AYTO,30-APR-2026,Agua no de consumo tratada,LAB_MUN,244702,AUTOCONTROL-2026-9955,AUTOCONTROL-2026,,,LUDICAS,,PISCINAS,Agua Lúdica,AG_LUDICA,VASO-SA2,MUN-R2,WMN_LUD_CL,LUD-BASICO,
20-APR-2026,CLIENTE,Vaso,PISCI_AYTO,30-APR-2026,Agua no de consumo tratada,LAB_MUN,244703,AUTOCONTROL-2026-9956,AUTOCONTROL-2026,,,LUDICAS,,PISCINAS,Agua Lúdica,AG_LUDICA,VASO-SB1,MUN-R2,WMN_LUD_CL,LUD-BASICO,
20-APR-2026,CLIENTE,Vaso,PISCI_AYTO,30-APR-2026,Agua no de consumo tratada,LAB_MUN,244704,AUTOCONTROL-2026-9957,AUTOCONTROL-2026,,,LUDICAS,,PISCINAS,Agua Lúdica,AG_LUDICA,VASO-SB2,MUN-R2,WMN_LUD_CL,LUD-BASICO,
20-APR-2026,CLIENTE,Vaso,PISCI_AYTO,30-APR-2026,Agua no de consumo tratada,LAB_MUN,244705,AUTOCONTROL-2026-9958,AUTOCONTROL-2026,,,LUDICAS,,PISCINAS,Agua Lúdica,AG_LUDICA,VASO-ZA1,MUN-R2,WMN_LUD_CL,LUD-BASICO,
20-APR-2026,CLIENTE,Vaso,PISCI_AYTO,20-MAY-2026,Agua no de consumo tratada,LAB_MUN,244706,AUTOCONTROL-2026-9959,AUTOCONTROL-2026,,,LUDICAS,,PISCINAS,Agua Lúdica,AG_LUDICA,VASO-IB-3,MUN-R1,WMN_LUD_CL,LUD-LEGIO,
20-APR-2026,CLIENTE,Vaso,PISCI_AYTO,30-APR-2026,Agua no de consumo tratada,LAB_MUN,244707,AUTOCONTROL-2026-9960,AUTOCONTROL-2026,,,LUDICAS,,PISCINAS,Agua Lúdica,AG_LUDICA,VASO-ZA2,MUN-R2,WMN_LUD_CL,LUD-BASICO,
20-APR-2026,CLIENTE,Vaso,PISCI_AYTO,20-MAY-2026,Agua no de consumo tratada,LAB_MUN,244708,AUTOCONTROL-2026-9961,AUTOCONTROL-2026,,,LUDICAS,,PISCINAS,Agua Lúdica,AG_LUDICA,VASO-M2,MUN-R1,WMN_LUD_CL,LUD-LEGIO,
22-APR-2026,OSKAR,ducha apartamento 21,LAB_MUN,04-MAY-2026,agua de ducha,LM_CAMPO,244746,LEGIONELLA-2026-9975,LEGIONELLA-2026,,,,,,agua caliente sanitaria,AG_ACS,D-1186,,LEGIONELLA,LEGIO-IDEX,
22-APR-2026,OSKAR,ducha apartamento 20,LAB_MUN,04-MAY-2026,agua de ducha,LM_CAMPO,244747,LEGIONELLA-2026-9976,LEGIONELLA-2026,,,,,,agua caliente sanitaria,AG_ACS,D-1186,,LEGIONELLA,LEGIO-IDEX,
22-APR-2026,OSKAR,ducha apartamento 12,LAB_MUN,04-MAY-2026,agua de ducha,LM_CAMPO,244748,LEGIONELLA-2026-9977,LEGIONELLA-2026,,,,,,agua caliente sanitaria,AG_ACS,D-1186,,LEGIONELLA,LEGIO-IDEX,
22-APR-2026,OSKAR,ducha apartamento 111,LAB_MUN,04-MAY-2026,agua de ducha,LM_CAMPO,244750,LEGIONELLA-2026-9978,LEGIONELLA-2026,,,,,,agua caliente sanitaria,AG_ACS,D-1187,,LEGIONELLA,LEGIO-IDEX,
22-APR-2026,OSKAR,ducha apartamento 120,LAB_MUN,04-MAY-2026,agua de ducha,LM_CAMPO,244751,LEGIONELLA-2026-9979,LEGIONELLA-2026,,,,,,agua caliente sanitaria,AG_ACS,D-1187,,LEGIONELLA,LEGIO-IDEX,
22-APR-2026,OSKAR,ducha apartamento 101,LAB_MUN,04-MAY-2026,agua de ducha,LM_CAMPO,244752,LEGIONELLA-2026-9980,LEGIONELLA-2026,,,,,,agua caliente sanitaria,AG_ACS,D-1187,,LEGIONELLA,LEGIO-IDEX,
22-APR-2026,NUMARTIN,ducha habitación 7,LAB_MUN,04-MAY-2026,agua de ducha,LM_CAMPO,244753,LEGIONELLA-2026-9981,LEGIONELLA-2026,,,,,,agua caliente sanitaria,AG_ACS,D-1188,,LEGIONELLA,LEGIO-IDEX,
22-APR-2026,NUMARTIN,ducha habitación 6,LAB_MUN,04-MAY-2026,agua de ducha,LM_CAMPO,244755,LEGIONELLA-2026-9982,LEGIONELLA-2026,,,,,,agua caliente sanitaria,AG_ACS,D-1188,,LEGIONELLA,LEGIO-IDEX,
22-APR-2026,NUMARTIN,ducha habitación 16,LAB_MUN,04-MAY-2026,agua de ducha,LM_CAMPO,244756,LEGIONELLA-2026-9983,LEGIONELLA-2026,,,,,,agua caliente sanitaria,AG_ACS,D-1188,,LEGIONELLA,LEGIO-IDEX,
22-APR-2026,CLIENTE,Vaso,PISCI_AYTO,30-APR-2026,Agua no de consumo tratada,LAB_MUN,244758,AUTOCONTROL-2026-9984,AUTOCONTROL-2026,,,LUDICAS,,PISCINAS,Agua Lúdica,AG_LUDICA,VASO-A1,MUN-R1,WMN_LUD_CL,LUD-BASICO,
22-APR-2026,CLIENTE,Vaso,PISCI_AYTO,30-APR-2026,Agua no de consumo tratada,LAB_MUN,244759,AUTOCONTROL-2026-9985,AUTOCONTROL-2026,,,LUDICAS,,PISCINAS,Agua Lúdica,AG_LUDICA,VASO-A2,MUN-R1,WMN_LUD_CL,LUD-BASICO,
22-APR-2026,CLIENTE,Vaso,PISCI_AYTO,30-APR-2026,Agua no de consumo tratada,LAB_MUN,244760,AUTOCONTROL-2026-9986,AUTOCONTROL-2026,,,LUDICAS,,PISCINAS,Agua Lúdica,AG_LUDICA,VASO-I1,MUN-R1,WMN_LUD_CL,LUD-BASICO,
22-APR-2026,CLIENTE,Vaso,PISCI_AYTO,30-APR-2026,Agua no de consumo tratada,LAB_MUN,244761,AUTOCONTROL-2026-9987,AUTOCONTROL-2026,,,LUDICAS,,PISCINAS,Agua Lúdica,AG_LUDICA,VASO-I2,MUN-R1,WMN_LUD_CL,LUD-BASICO,
22-APR-2026,CLIENTE,Vaso,PISCI_AYTO,30-APR-2026,Agua no de consumo tratada,LAB_MUN,244762,AUTOCONTROL-2026-9988,AUTOCONTROL-2026,,,LUDICAS,,PISCINAS,Agua Lúdica,AG_LUDICA,VASO-AB1,MUN-R1,WMN_LUD_CL,LUD-BASICO,
22-APR-2026,CLIENTE,Vaso,PISCI_AYTO,30-APR-2026,Agua no de consumo tratada,LAB_MUN,244763,AUTOCONTROL-2026-9989,AUTOCONTROL-2026,,,LUDICAS,,PISCINAS,Agua Lúdica,AG_LUDICA,VASO-AB2,MUN-R1,WMN_LUD_CL,LUD-BASICO,
22-APR-2026,CLIENTE,Vaso,PISCI_AYTO,30-APR-2026,Agua no de consumo tratada,LAB_MUN,244764,AUTOCONTROL-2026-9990,AUTOCONTROL-2026,,,LUDICAS,,PISCINAS,Agua Lúdica,AG_LUDICA,VASO-IB-1,MUN-R1,WMN_LUD_CL,LUD-BASICO,
22-APR-2026,CLIENTE,Vaso,PISCI_AYTO,30-APR-2026,Agua no de consumo tratada,LAB_MUN,244765,AUTOCONTROL-2026-9991,AUTOCONTROL-2026,,,LUDICAS,,PISCINAS,Agua Lúdica,AG_LUDICA,VASO-IB-2,MUN-R1,WMN_LUD_CL,LUD-BASICO,
22-APR-2026,CLIENTE,Vaso,PISCI_AYTO,30-APR-2026,Agua no de consumo tratada,LAB_MUN,244766,AUTOCONTROL-2026-9992,AUTOCONTROL-2026,,,LUDICAS,,PISCINAS,Agua Lúdica,AG_LUDICA,VASO-IB-3,MUN-R1,WMN_LUD_CL,LUD-BASICO,
22-APR-2026,CLIENTE,Vaso,PISCI_AYTO,30-APR-2026,Agua no de consumo tratada,LAB_MUN,244767,AUTOCONTROL-2026-9993,AUTOCONTROL-2026,,,LUDICAS,,PISCINAS,Agua Lúdica,AG_LUDICA,VASO-M1,MUN-R1,WMN_LUD_CL,LUD-BASICO,
22-APR-2026,CLIENTE,Vaso,PISCI_AYTO,30-APR-2026,Agua no de consumo tratada,LAB_MUN,244768,AUTOCONTROL-2026-9994,AUTOCONTROL-2026,,,LUDICAS,,PISCINAS,Agua Lúdica,AG_LUDICA,VASO-M2,MUN-R1,WMN_LUD_CL,LUD-BASICO,
23-APR-2026,OSKAR,ducha hab 102,LAB_MUN,04-MAY-2026,agua de ducha,LM_CAMPO,244779,LEGIONELLA-2026-0004,LEGIONELLA-2026,,,,,,agua caliente sanitaria,AG_ACS,D-1189,,LEGIONELLA,LEGIO-LAMP,
23-APR-2026,NUMARTIN,ducha pasillo general,LAB_MUN,04-MAY-2026,agua de ducha,LM_CAMPO,244780,LEGIONELLA-2026-0005,LEGIONELLA-2026,,,,,,agua caliente sanitaria,AG_ACS,D-1190,,LEGIONELLA,LEGIO-LAMP,
23-APR-2026,NUMARTIN,ducha pasillo general principal,LAB_MUN,04-MAY-2026,agua de ducha,LM_CAMPO,244781,LEGIONELLA-2026-0006,LEGIONELLA-2026,,,,,,agua caliente sanitaria,AG_ACS,D-1191,,LEGIONELLA,LEGIO-LAMP,
23-APR-2026,NUMARTIN,ducha hab 301,LAB_MUN,04-MAY-2026,agua de ducha,LM_CAMPO,244782,LEGIONELLA-2026-0007,LEGIONELLA-2026,,,,,,agua caliente sanitaria,AG_ACS,D-1192,,LEGIONELLA,LEGIO-LAMP,
23-APR-2026,OSKAR,ducha hab 223,LAB_MUN,04-MAY-2026,agua de ducha,LM_CAMPO,244783,LEGIONELLA-2026-0008,LEGIONELLA-2026,,,,,,agua caliente sanitaria,AG_ACS,D-371,,LEGIONELLA,LEGIO-LAMP,
23-APR-2026,OSKAR,ducha hab 03,LAB_MUN,04-MAY-2026,agua de ducha,LM_CAMPO,244784,LEGIONELLA-2026-0009,LEGIONELLA-2026,,,,,,agua caliente sanitaria,AG_ACS,D-376,,LEGIONELLA,LEGIO-LAMP,
23-APR-2026,OSKAR,ducha hab 106,LAB_MUN,04-MAY-2026,agua de ducha,LM_CAMPO,244785,LEGIONELLA-2026-0010,LEGIONELLA-2026,,,,,,agua caliente sanitaria,AG_ACS,D-1194,,LEGIONELLA,LEGIO-LAMP,
23-APR-2026,OSKAR,ducha hab 107,LAB_MUN,04-MAY-2026,agua de ducha,LM_CAMPO,244786,LEGIONELLA-2026-0011,LEGIONELLA-2026,,,,,,agua caliente sanitaria,AG_ACS,D-1195,,LEGIONELLA,LEGIO-LAMP,
04-MAY-2026,NUMARTIN,fuente,LAB_MUN,12-MAY-2026,agua de red,LM_CAMPO,244904,AG_CONSUMO-D-113-081000,AGUAS-POT-2026,3,,AGUAS_POT,,PUEBLOS-01,Agua de consumo,AG_CONSUMO,D-113,PUEBLOS,WMM_LM_POT,POT-SANITA,N
04-MAY-2026,NUMARTIN,fuente,LAB_MUN,12-MAY-2026,agua de red,LM_CAMPO,244905,AG_CONSUMO-D-114-081001,AGUAS-POT-2026,3,,AGUAS_POT,,PUEBLOS-01,Agua de consumo,AG_CONSUMO,D-114,PUEBLOS,WMM_LM_POT,POT-SANITA,N
04-MAY-2026,NUMARTIN,fuente,LAB_MUN,12-MAY-2026,agua de red,LM_CAMPO,244906,AG_CONSUMO-D-120-081002,AGUAS-POT-2026,3,,AGUAS_POT,,PUEBLOS-01,Agua de consumo,AG_CONSUMO,D-120,PUEBLOS,WMM_LM_POT,POT-SANITA,N
04-MAY-2026,NUMARTIN,fuente,LAB_MUN,12-MAY-2026,agua de red,LM_CAMPO,244907,AG_CONSUMO-D-121-081003,AGUAS-POT-2026,3,,AGUAS_POT,,PUEBLOS-01,Agua de consumo,AG_CONSUMO,D-121,PUEBLOS,WMM_LM_POT,POT-SANITA,N
04-MAY-2026,NUMARTIN,fuente,LAB_MUN,12-MAY-2026,agua de red,LM_CAMPO,244908,AG_CONSUMO-D-123-081004,AGUAS-POT-2026,3,,AGUAS_POT,,PUEBLOS-01,Agua de consumo,AG_CONSUMO,D-123,PUEBLOS,WMM_LM_POT,POT-SANITA,N
04-MAY-2026,NUMARTIN,fuente,LAB_MUN,12-MAY-2026,agua de red,LM_CAMPO,244909,AG_CONSUMO-D-130-081005,AGUAS-POT-2026,3,,AGUAS_POT,,PUEBLOS-01,Agua de consumo,AG_CONSUMO,D-130,PUEBLOS,WMM_LM_POT,POT-SANITA,N
04-MAY-2026,NUMARTIN,fuente,LAB_MUN,12-MAY-2026,agua de red,LM_CAMPO,244910,AG_CONSUMO-D-134-081006,AGUAS-POT-2026,3,,AGUAS_POT,,PUEBLOS-01,Agua de consumo,AG_CONSUMO,D-134,PUEBLOS,WMM_LM_POT,POT-SANITA,N
04-MAY-2026,NUMARTIN,fuente,LAB_MUN,12-MAY-2026,agua de red,LM_CAMPO,244911,AG_CONSUMO-D-143-081007,AGUAS-POT-2026,3,,AGUAS_POT,,PUEBLOS-01,Agua de consumo,AG_CONSUMO,D-143,PUEBLOS,WMM_LM_POT,POT-SANITA,N
05-MAY-2026,NUMARTIN,fuente,LAB_MUN,12-MAY-2026,agua de red,LM_CAMPO,244928,AG_CONSUMO-D-140-081008,AGUAS-POT-2026,3,,AGUAS_POT,,PUEBLOS-02,Agua de consumo,AG_CONSUMO,D-140,PUEBLOS,WMM_LM_POT,POT-SANITA,N
05-MAY-2026,OSKAR,fuente,LAB_MUN,12-MAY-2026,agua de red,LM_CAMPO,244929,AG_CONSUMO-D-141-081009,AGUAS-POT-2026,3,,AGUAS_POT,,PUEBLOS-02,Agua de consumo,AG_CONSUMO,D-141,PUEBLOS,WMM_LM_POT,POT-SANITA,N
05-MAY-2026,OSKAR,fuente iglesia,LAB_MUN,12-MAY-2026,agua de red,LM_CAMPO,244930,AG_CONSUMO-D-142-081010,AGUAS-POT-2026,3,,AGUAS_POT,,PUEBLOS-02,Agua de consumo,AG_CONSUMO,D-142,PUEBLOS,WMM_LM_POT,POT-SANITA,N
05-MAY-2026,OSKAR,punto entrega Amvisa,LAB_MUN,12-MAY-2026,agua de red,LM_CAMPO,244931,AG_CONSUMO-D-148-081011,AGUAS-POT-2026,3,,AGUAS_POT,,PUEBLOS-02,Agua de consumo,AG_CONSUMO,D-148,PUEBLOS,WMM_LM_POT,POT-SANITA,N
05-MAY-2026,NUMARTIN,grifo cocina casa nº8,LAB_MUN,12-MAY-2026,agua de red,LM_CAMPO,244932,AG_CONSUMO-D-154-081012,AGUAS-POT-2026,3,,AGUAS_POT,,PUEBLOS-02,Agua de consumo,AG_CONSUMO,D-154,PUEBLOS,WMM_LM_POT,POT-SANITA,N
05-MAY-2026,OSKAR,fuente,LAB_MUN,12-MAY-2026,agua de red,LM_CAMPO,244933,AG_CONSUMO-D-156-081013,AGUAS-POT-2026,3,,AGUAS_POT,,PUEBLOS-02,Agua de consumo,AG_CONSUMO,D-156,PUEBLOS,WMM_LM_POT,POT-SANITA,N
05-MAY-2026,NUMARTIN,fuente,LAB_MUN,12-MAY-2026,agua de red,LM_CAMPO,244934,AG_CONSUMO-D-161-081014,AGUAS-POT-2026,3,,AGUAS_POT,,PUEBLOS-02,Agua de consumo,AG_CONSUMO,D-161,PUEBLOS,WMM_LM_POT,POT-SANITA,N
05-MAY-2026,NUMARTIN,fuente,LAB_MUN,12-MAY-2026,agua de red,LM_CAMPO,244935,AG_CONSUMO-D-162-081015,AGUAS-POT-2026,3,,AGUAS_POT,,PUEBLOS-02,Agua de consumo,AG_CONSUMO,D-162,PUEBLOS,WMM_LM_POT,POT-SANITA,N
05-MAY-2026,OSKAR,fuente,LAB_MUN,12-MAY-2026,agua de red,LM_CAMPO,244936,AG_CONSUMO-D-163-081016,AGUAS-POT-2026,3,,AGUAS_POT,,PUEBLOS-02,Agua de consumo,AG_CONSUMO,D-163,PUEBLOS,WMM_LM_POT,POT-SANITA,N
05-MAY-2026,NUMARTIN,fuente,LAB_MUN,12-MAY-2026,agua de red,LM_CAMPO,244937,AG_CONSUMO-D-165-081017,AGUAS-POT-2026,3,,AGUAS_POT,,PUEBLOS-02,Agua de consumo,AG_CONSUMO,D-165,PUEBLOS,WMM_LM_POT,POT-SANITA,N
05-MAY-2026,OSKAR,fuente,LAB_MUN,20-MAY-2026,duplicado muestra nº 244928,LM_CAMPO,244938,CONTROL-PO-D-140-081018,CCI-INSPECCION-2026,3,,AGUAS_POT,,PUEBLOS-02,duplicado agua de consumo,CONTROL-PO,D-140,PUEBLOS,WMM_LM_POT,POT-SANITA,N
07-MAY-2026,NUMARTIN,ducha habitación 114,LAB_MUN,01-JUN-2026,agua de ducha,LM_CAMPO,244945,LEGIONELLA-2026-0074,LEGIONELLA-2026,,,,,,agua caliente sanitaria,AG_ACS,D-1141,,LEGIONELLA,LEGIO-PA,
07-MAY-2026,OSKAR,ducha  habitacion 209,LAB_MUN,01-JUN-2026,agua de ducha,LM_CAMPO,244946,LEGIONELLA-2026-0075,LEGIONELLA-2026,,,,,,agua caliente sanitaria,AG_ACS,D-1141,,LEGIONELLA,LEGIO-PA,
07-MAY-2026,OSKAR,ducha habitacion 301,LAB_MUN,01-JUN-2026,agua de ducha,LM_CAMPO,244947,LEGIONELLA-2026-0076,LEGIONELLA-2026,,,,,,agua caliente sanitaria,AG_ACS,D-1141,,LEGIONELLA,LEGIO-PA,
07-MAY-2026,OSKAR,acumulador purga,LAB_MUN,01-JUN-2026,agua de ducha,LM_CAMPO,244948,LEGIONELLA-2026-0077,LEGIONELLA-2026,,,,,,agua caliente sanitaria,AG_ACS,D-371,,LEGIONELLA,LEGIO-PA,
07-MAY-2026,OSKAR,habitacion 115 ducha,LAB_MUN,01-JUN-2026,agua de ducha,LM_CAMPO,244949,LEGIONELLA-2026-0078,LEGIONELLA-2026,,,,,,agua caliente sanitaria,AG_ACS,D-371,,LEGIONELLA,LEGIO-PA,
07-MAY-2026,OSKAR,ducha habitacion 334,LAB_MUN,01-JUN-2026,agua de ducha,LM_CAMPO,244950,LEGIONELLA-2026-0079,LEGIONELLA-2026,,,,,,agua caliente sanitaria,AG_ACS,D-371,,LEGIONELLA,LEGIO-PA,
07-MAY-2026,NUMARTIN,acometida,LAB_MUN,12-MAY-2026,agua de red,LM_CAMPO,244952,AG_CONSUMO-D-163-081020,AGUAS-POT-2026,2,244936 muestra a comprobar,AGUAS_POT,,PUEBLOS-02,Agua de consumo,AG_CONSUMO,D-163,PUEBLOS,WMM_LM_POT,POT-SANITA,N
07-MAY-2026,NUMARTIN,fuente pueblo,LAB_MUN,12-MAY-2026,agua de red,LM_CAMPO,244953,AG_CONSUMO-D-163-081021,AGUAS-POT-2026,2,244936 muestra a comprobar,AGUAS_POT,,PUEBLOS-02,Agua de consumo,AG_CONSUMO,D-163,PUEBLOS,WMM_LM_POT,POT-SANITA,N
07-MAY-2026,OSKAR,casa particular 16A,LAB_MUN,12-MAY-2026,agua de red,LM_CAMPO,244954,AG_CONSUMO-D-163-081022,AGUAS-POT-2026,2,244936 muestra a comprobar,AGUAS_POT,,PUEBLOS-02,Agua de consumo,AG_CONSUMO,D-163,PUEBLOS,WMM_LM_POT,POT-SANITA,N
11-MAY-2026,OSKAR,fuente,LAB_MUN,03-JUL-2026,agua de red,LM_CAMPO,245033,AG_CONSUMO-D-027-081023,AGUAS-POT-2026,3,,AGUAS_POT,,PUEBLOS-04,Agua de consumo,AG_CONSUMO,D-027,PUEBLOS,WMM_LM_POT,POT-SANITA,N
11-MAY-2026,OSKAR,fuente,LAB_MUN,03-JUL-2026,agua de red,LM_CAMPO,245034,AG_CONSUMO-D-151-081024,AGUAS-POT-2026,3,,AGUAS_POT,,PUEBLOS-04,Agua de consumo,AG_CONSUMO,D-151,PUEBLOS,WMM_LM_POT,POT-SANITA,N
11-MAY-2026,NUMARTIN,fuente,LAB_MUN,03-JUL-2026,agua de red,LM_CAMPO,245035,AG_CONSUMO-D-160-081025,AGUAS-POT-2026,3,,AGUAS_POT,,PUEBLOS-04,Agua de consumo,AG_CONSUMO,D-160,PUEBLOS,WMM_LM_POT,POT-SANITA,N
11-MAY-2026,NUMARTIN,casa 14 grifo cocina,LAB_MUN,03-JUL-2026,agua de red,LM_CAMPO,245036,AG_CONSUMO-D-166-081026,AGUAS-POT-2026,3,,AGUAS_POT,,PUEBLOS-04,Agua de consumo,AG_CONSUMO,D-166,PUEBLOS,WMM_LM_POT,POT-SANITA,N
11-MAY-2026,OSKAR,fuente,LAB_MUN,03-JUL-2026,agua de red,LM_CAMPO,245037,AG_CONSUMO-D-170-081027,AGUAS-POT-2026,3,,AGUAS_POT,,PUEBLOS-04,Agua de consumo,AG_CONSUMO,D-170,PUEBLOS,WMM_LM_POT,POT-SANITA,N
11-MAY-2026,OSKAR,fuente,LAB_MUN,03-JUL-2026,agua de red,LM_CAMPO,245038,AG_CONSUMO-D-171-081028,AGUAS-POT-2026,3,,AGUAS_POT,,PUEBLOS-04,Agua de consumo,AG_CONSUMO,D-171,PUEBLOS,WMM_LM_POT,POT-SANITA,N
11-MAY-2026,NUMARTIN,fuente,LAB_MUN,03-JUL-2026,agua de red,LM_CAMPO,245039,AG_CONSUMO-D-174-081029,AGUAS-POT-2026,3,,AGUAS_POT,,PUEBLOS-04,Agua de consumo,AG_CONSUMO,D-174,PUEBLOS,WMM_LM_POT,POT-SANITA,N
11-MAY-2026,NUMARTIN,fuente,LAB_MUN,03-JUL-2026,agua de red,LM_CAMPO,245040,AG_CONSUMO-D-175-081030,AGUAS-POT-2026,3,,AGUAS_POT,,PUEBLOS-04,Agua de consumo,AG_CONSUMO,D-175,PUEBLOS,WMM_LM_POT,POT-SANITA,N
11-MAY-2026,OSKAR,fuente,LAB_MUN,03-JUL-2026,agua de red,LM_CAMPO,245041,AG_CONSUMO-D-176-081031,AGUAS-POT-2026,3,,AGUAS_POT,,PUEBLOS-04,Agua de consumo,AG_CONSUMO,D-176,PUEBLOS,WMM_LM_POT,POT-SANITA,N
11-MAY-2026,OSKAR,fuente,LAB_MUN,03-JUL-2026,agua de red,LM_CAMPO,245042,AG_CONSUMO-D-172-081032,AGUAS-POT-2026,3,,AGUAS_POT,,PUEBLOS-04,Agua de consumo,AG_CONSUMO,D-172,PUEBLOS,WMM_LM_POT,POT-SANITA,N
11-MAY-2026,OSKAR,fuente,LAB_MUN,03-JUL-2026,agua de red,LM_CAMPO,245043,AG_CONSUMO-D-173-081033,AGUAS-POT-2026,3,,AGUAS_POT,,PUEBLOS-04,Agua de consumo,AG_CONSUMO,D-173,PUEBLOS,WMM_LM_POT,POT-SANITA,N
11-MAY-2026,NUMARTIN,fuente,LAB_MUN,03-JUL-2026,agua de red,LM_CAMPO,245044,AG_CONSUMO-D-180-081034,AGUAS-POT-2026,3,,AGUAS_POT,,PUEBLOS-04,Agua de consumo,AG_CONSUMO,D-180,PUEBLOS,WMM_LM_POT,POT-SANITA,N
12-MAY-2026,NUMARTIN,fuente,LAB_MUN,03-JUL-2026,agua de red,LM_CAMPO,245045,AG_CONSUMO-D-110-081035,AGUAS-POT-2026,3,,AGUAS_POT,,PUEBLOS-03,Agua de consumo,AG_CONSUMO,D-110,PUEBLOS,WMM_LM_POT,POT-SANITA,N
12-MAY-2026,NUMARTIN,fuente,LAB_MUN,03-JUL-2026,agua de red,LM_CAMPO,245046,AG_CONSUMO-D-111-081036,AGUAS-POT-2026,3,,AGUAS_POT,,PUEBLOS-03,Agua de consumo,AG_CONSUMO,D-111,PUEBLOS,WMM_LM_POT,POT-SANITA,N
12-MAY-2026,NUMARTIN,fuente,LAB_MUN,03-JUL-2026,agua de red,LM_CAMPO,245047,AG_CONSUMO-D-112-081037,AGUAS-POT-2026,3,,AGUAS_POT,,PUEBLOS-03,Agua de consumo,AG_CONSUMO,D-112,PUEBLOS,WMM_LM_POT,POT-SANITA,N
12-MAY-2026,OSKAR,fuente,LAB_MUN,03-JUL-2026,agua de red,LM_CAMPO,245048,AG_CONSUMO-D-115-081038,AGUAS-POT-2026,3,,AGUAS_POT,,PUEBLOS-03,Agua de consumo,AG_CONSUMO,D-115,PUEBLOS,WMM_LM_POT,POT-SANITA,N
12-MAY-2026,NUMARTIN,fuente,LAB_MUN,03-JUL-2026,agua de red,LM_CAMPO,245049,AG_CONSUMO-D-116-081039,AGUAS-POT-2026,3,,AGUAS_POT,,PUEBLOS-03,Agua de consumo,AG_CONSUMO,D-116,PUEBLOS,WMM_LM_POT,POT-SANITA,N
12-MAY-2026,OSKAR,fuente,LAB_MUN,03-JUL-2026,agua de red,LM_CAMPO,245050,AG_CONSUMO-D-122-081040,AGUAS-POT-2026,3,,AGUAS_POT,,PUEBLOS-03,Agua de consumo,AG_CONSUMO,D-122,PUEBLOS,WMM_LM_POT,POT-SANITA,N
12-MAY-2026,NUMARTIN,fuente,LAB_MUN,03-JUL-2026,agua de red,LM_CAMPO,245051,AG_CONSUMO-D-124-081041,AGUAS-POT-2026,3,,AGUAS_POT,,PUEBLOS-03,Agua de consumo,AG_CONSUMO,D-124,PUEBLOS,WMM_LM_POT,POT-SANITA,N
12-MAY-2026,OSKAR,fuente,LAB_MUN,03-JUL-2026,agua de red,LM_CAMPO,245052,AG_CONSUMO-D-125-081042,AGUAS-POT-2026,3,,AGUAS_POT,,PUEBLOS-03,Agua de consumo,AG_CONSUMO,D-125,PUEBLOS,WMM_LM_POT,POT-SANITA,N
12-MAY-2026,NUMARTIN,fuente,LAB_MUN,03-JUL-2026,agua de red,LM_CAMPO,245053,AG_CONSUMO-D-126-081043,AGUAS-POT-2026,3,,AGUAS_POT,,PUEBLOS-03,Agua de consumo,AG_CONSUMO,D-126,PUEBLOS,WMM_LM_POT,POT-SANITA,N
12-MAY-2026,NUMARTIN,fuente,LAB_MUN,03-JUL-2026,agua de red,LM_CAMPO,245054,AG_CONSUMO-D-131-081044,AGUAS-POT-2026,3,,AGUAS_POT,,PUEBLOS-03,Agua de consumo,AG_CONSUMO,D-131,PUEBLOS,WMM_LM_POT,POT-SANITA,N
12-MAY-2026,NUMARTIN,fuente,LAB_MUN,03-JUL-2026,agua de red,LM_CAMPO,245055,AG_CONSUMO-D-132-081045,AGUAS-POT-2026,3,,AGUAS_POT,,PUEBLOS-03,Agua de consumo,AG_CONSUMO,D-132,PUEBLOS,WMM_LM_POT,POT-SANITA,N
12-MAY-2026,NUMARTIN,fuente,LAB_MUN,15-JUL-2026,agua de red,LM_CAMPO,245056,AG_CONSUMO-D-133-081046,AGUAS-POT-2026,3,,AGUAS_POT,,PUEBLOS-03,Agua de consumo,AG_CONSUMO,D-133,PUEBLOS,WMM_LM_POT,POT-SANITA,N
13-MAY-2026,OSKAR,acumulador purga,LAB_MUN,01-JUN-2026,agua de acumulador,LM_CAMPO,245073,LEGIONELLA-2026-0121,LEGIONELLA-2026,,,,,,agua caliente sanitaria,AG_ACS,D-1196,,LEGIONELLA,LEGIO-IDEX,
13-MAY-2026,OSKAR,retorno general,LAB_MUN,01-JUN-2026,agua de retorno,LM_CAMPO,245074,LEGIONELLA-2026-0122,LEGIONELLA-2026,,,,,,agua caliente sanitaria,AG_ACS,D-1196,,LEGIONELLA,LEGIO-IDEX,
13-MAY-2026,NUMARTIN,ducha habitación 101,LAB_MUN,01-JUN-2026,agua de ducha,LM_CAMPO,245075,LEGIONELLA-2026-0123,LEGIONELLA-2026,,,,,,agua caliente sanitaria,AG_ACS,D-1196,,LEGIONELLA,LEGIO-IDEX,
13-MAY-2026,NUMARTIN,ducha habitación 4,LAB_MUN,01-JUN-2026,agua de ducha,LM_CAMPO,245076,LEGIONELLA-2026-0124,LEGIONELLA-2026,,,,,,agua caliente sanitaria,AG_ACS,D-1197,,LEGIONELLA,LEGIO-IDEX,
13-MAY-2026,OSKAR,retorno general,LAB_MUN,01-JUN-2026,agua de retorno,LM_CAMPO,245077,LEGIONELLA-2026-0125,LEGIONELLA-2026,,,,,,agua caliente sanitaria,AG_ACS,D-1197,,LEGIONELLA,LEGIO-IDEX,
13-MAY-2026,NUMARTIN,ducha habitación 7 (ducha izquierda),LAB_MUN,01-JUN-2026,agua de ducha,LM_CAMPO,245078,LEGIONELLA-2026-0126,LEGIONELLA-2026,,,,,,agua caliente sanitaria,AG_ACS,D-1197,,LEGIONELLA,LEGIO-IDEX,
13-MAY-2026,NUMARTIN,ducha habitación 101,LAB_MUN,01-JUN-2026,duplicado de 245075,LM_CAMPO,245079,CCI-INSPECCION-2026-0127,CCI-INSPECCION-2026,,,,,,agua caliente sanitaria,CONTROL-LE,D-1196,,LEGIONELLA,LEGIO-IDEX,
14-MAY-2026,OSKAR,grifo,LAB_MUN,15-MAY-2026,agua de red,LM_CAMPO,245163,AG_CONSUMO-D-016-081048,AGUAS-POT-2026,5,,AGUAS_POT,,PRUEBA,Agua de consumo,AG_CONSUMO,D-016,REDES,WMM_LM_POT,POT-GRIFO,N
14-MAY-2026,OSKAR,grifo,LAB_MUN,14-MAY-2026,agua de red,LM_CAMPO,245164,AG_CONSUMO-D-016-081049,AGUAS-POT-2026,5,,AGUAS_POT,,PRUEBA,Agua de consumo,AG_CONSUMO,D-016,REDES,WMM_LM_POT,POT-GRIFO,N
18-MAY-2026,CLIENTE,Vaso,PISCI_AYTO,20-MAY-2026,Agua no de consumo tratada,LAB_MUN,245186,AUTOCONTROL-2026-0132,AUTOCONTROL-2026,,,LUDICAS,,PISCINAS,Agua Lúdica,AG_LUDICA,VASO-AQ1,MUN-DES,WMN_LUD_CL,LUD-BASICO,
18-MAY-2026,CLIENTE,Vaso,PISCI_AYTO,20-MAY-2026,Agua no de consumo tratada,LAB_MUN,245187,AUTOCONTROL-2026-0133,AUTOCONTROL-2026,,,LUDICAS,,PISCINAS,Agua Lúdica,AG_LUDICA,VASO-AQ2,MUN-DES,WMN_LUD_CL,LUD-BASICO,
18-MAY-2026,CLIENTE,Vaso,PISCI_AYTO,20-MAY-2026,Agua no de consumo tratada,LAB_MUN,245188,AUTOCONTROL-2026-0134,AUTOCONTROL-2026,,,LUDICAS,,PISCINAS,Agua Lúdica,AG_LUDICA,VASO-MD1,MUN-DES,WMN_LUD_CL,LUD-BASICO,
18-MAY-2026,CLIENTE,Vaso,PISCI_AYTO,20-MAY-2026,Agua no de consumo tratada,LAB_MUN,245189,AUTOCONTROL-2026-0135,AUTOCONTROL-2026,,,LUDICAS,,PISCINAS,Agua Lúdica,AG_LUDICA,VASO-MD2,MUN-DES,WMN_LUD_CL,LUD-BASICO,
18-MAY-2026,CLIENTE,Vaso,PISCI_AYTO,20-MAY-2026,Agua no de consumo tratada,LAB_MUN,245190,AUTOCONTROL-2026-0136,AUTOCONTROL-2026,,,LUDICAS,,PISCINAS,Agua Lúdica,AG_LUDICA,VASO-G1,MUN-DES,WMN_LUD_CL,LUD-BASICO,
18-MAY-2026,CLIENTE,Vaso,PISCI_AYTO,20-MAY-2026,Agua no de consumo tratada,LAB_MUN,245191,AUTOCONTROL-2026-0137,AUTOCONTROL-2026,,,LUDICAS,,PISCINAS,Agua Lúdica,AG_LUDICA,VASO-G2,MUN-DES,WMN_LUD_CL,LUD-BASICO,
18-MAY-2026,CLIENTE,Vaso,PISCI_AYTO,20-MAY-2026,Agua no de consumo tratada,LAB_MUN,245192,AUTOCONTROL-2026-0138,AUTOCONTROL-2026,,,LUDICAS,,PISCINAS,Agua Lúdica,AG_LUDICA,VASO-G3,MUN-DES,WMN_LUD_CL,LUD-BASICO,
18-MAY-2026,CLIENTE,Vaso,PISCI_AYTO,20-MAY-2026,Agua no de consumo tratada,LAB_MUN,245193,AUTOCONTROL-2026-0139,AUTOCONTROL-2026,,,LUDICAS,,PISCINAS,Agua Lúdica,AG_LUDICA,VASO-G4,MUN-DES,WMN_LUD_CL,LUD-BASICO,
20-MAY-2026,OSKAR,fuente,LAB_MUN,15-JUL-2026,agua de red,LAB_MUN,245242,AGUAS-POT-2026-0183,AGUAS-POT-2026,2,245046 muestra a comprobar,AGUAS_POT,,,agua de consumo,AG_CONSUMO,D-111,,AGUAS,POT-SANITA,N
20-MAY-2026,OSKAR,fuente,LAB_MUN,15-JUL-2026,agua de red,LAB_MUN,245243,--081067,AGUAS-POT-2026,2,245054 muestra a comprobar,AGUAS_POT,,,agua de consumo,AG_CONSUMO,D-131,,AGUAS-POT,POT-SANITA,N
21-MAY-2026,NUMARTIN,1º tubo derecha del vehículo 1234 (E5430 BGL),LAB_MUN,17-JUN-2026,agua de VLV,LM_CAMPO,245252,LEGIONELLA-2026-0190,LEGIONELLA-2026,,,,,,agua de vehículo de limpieza,AG-VLV,VLV,,LEGIONELLA,LEGIO-PA-S,
21-MAY-2026,NUMARTIN,1º tubo derecha del vehiculo 1221 (E0676 BGL),LAB_MUN,17-JUN-2026,agua de VLV,LM_CAMPO,245253,LEGIONELLA-2026-0191,LEGIONELLA-2026,,,,,,agua de vehiculo limpieza,AG-VLV,VLV,,LEGIONELLA,LEGIO-PA-S,
21-MAY-2026,NUMARTIN,tanque del vehiculo 1225 (E0394 BGM),LAB_MUN,17-JUN-2026,agua de VLV,LM_CAMPO,245254,LEGIONELLA-2026-0192,LEGIONELLA-2026,,,,,,agua de vehículo de limpieza,AG-VLV,VLV,,LEGIONELLA,LEGIO-PA-S,
21-MAY-2026,OSKAR,lanza del vehículo 884 (7670 MBP),LAB_MUN,17-JUN-2026,agua de VLV,LM_CAMPO,245255,LEGIONELLA-2026-0193,LEGIONELLA-2026,,,,,,agua de vehiculo limpieza,AG-VLV,VLV,,LEGIONELLA,LEGIO-PA-S,
21-MAY-2026,OSKAR,tanque del vehículo 1226 (E0395 BGM),LAB_MUN,17-JUN-2026,agua de VLV,LM_CAMPO,245256,LEGIONELLA-2026-0194,LEGIONELLA-2026,,,,,,agua de vehículo de limpieza,AG-VLV,VLV,,LEGIONELLA,LEGIO-PA-S,
21-MAY-2026,OSKAR,al lado del vehículo 884,LAB_MUN,01-JUN-2026,blanco proceso,LM_CAMPO,245257,CCI-INSPECCION-2026-0195,CCI-INSPECCION-2026,,,,,,blanco aerobios,AG-VLV,VLV,,LEGIONELLA,LEGIO-PA-S,
21-MAY-2026,NUMARTIN,al lado del vehículo 1221,LAB_MUN,01-JUN-2026,blanco proceso,LM_CAMPO,245258,CCI-INSPECCION-2026-0196,CCI-INSPECCION-2026,,,,,,blanco aerobios,AG-VLV,VLV,,LEGIONELLA,LEGIO-PA-S,
21-MAY-2026,OSKAR,al lado del vehiculo 1226,LAB_MUN,01-JUN-2026,blanco proceso,LM_CAMPO,245259,CCI-INSPECCION-2026-0197,CCI-INSPECCION-2026,,,,,,blanco aerobios,AG-VLV,VLV,,LEGIONELLA,LEGIO-PA-S,
25-MAY-2026,CLIENTE,Vaso,PISCI_AYTO,02-JUN-2026,Agua no de consumo tratada,LAB_MUN,245362,AUTOCONTROL-2026-0256,AUTOCONTROL-2026,,,LUDICAS,,PISCINAS,Agua Lúdica,AG_LUDICA,VASO-A1,MUN-R1,WMN_LUD_CL,LUD-BASICO,
25-MAY-2026,CLIENTE,Vaso,PISCI_AYTO,02-JUN-2026,Agua no de consumo tratada,LAB_MUN,245363,AUTOCONTROL-2026-0257,AUTOCONTROL-2026,,,LUDICAS,,PISCINAS,Agua Lúdica,AG_LUDICA,VASO-A2,MUN-R1,WMN_LUD_CL,LUD-BASICO,
25-MAY-2026,CLIENTE,Vaso,PISCI_AYTO,02-JUN-2026,Agua no de consumo tratada,LAB_MUN,245364,AUTOCONTROL-2026-0258,AUTOCONTROL-2026,,,LUDICAS,,PISCINAS,Agua Lúdica,AG_LUDICA,VASO-I1,MUN-R1,WMN_LUD_CL,LUD-BASICO,
25-MAY-2026,CLIENTE,Vaso,PISCI_AYTO,02-JUN-2026,Agua no de consumo tratada,LAB_MUN,245365,AUTOCONTROL-2026-0259,AUTOCONTROL-2026,,,LUDICAS,,PISCINAS,Agua Lúdica,AG_LUDICA,VASO-I2,MUN-R1,WMN_LUD_CL,LUD-BASICO,
25-MAY-2026,CLIENTE,Vaso,PISCI_AYTO,02-JUN-2026,Agua no de consumo tratada,LAB_MUN,245366,AUTOCONTROL-2026-0260,AUTOCONTROL-2026,,,LUDICAS,,PISCINAS,Agua Lúdica,AG_LUDICA,VASO-AB1,MUN-R1,WMN_LUD_CL,LUD-BASICO,
25-MAY-2026,CLIENTE,Vaso,PISCI_AYTO,02-JUN-2026,Agua no de consumo tratada,LAB_MUN,245367,AUTOCONTROL-2026-0261,AUTOCONTROL-2026,,,LUDICAS,,PISCINAS,Agua Lúdica,AG_LUDICA,VASO-AB2,MUN-R1,WMN_LUD_CL,LUD-BASICO,
25-MAY-2026,CLIENTE,Vaso,PISCI_AYTO,02-JUN-2026,Agua no de consumo tratada,LAB_MUN,245368,AUTOCONTROL-2026-0262,AUTOCONTROL-2026,,,LUDICAS,,PISCINAS,Agua Lúdica,AG_LUDICA,VASO-IB-1,MUN-R1,WMN_LUD_CL,LUD-BASICO,
25-MAY-2026,CLIENTE,Vaso,PISCI_AYTO,02-JUN-2026,Agua no de consumo tratada,LAB_MUN,245369,AUTOCONTROL-2026-0263,AUTOCONTROL-2026,,,LUDICAS,,PISCINAS,Agua Lúdica,AG_LUDICA,VASO-IB-2,MUN-R1,WMN_LUD_CL,LUD-BASICO,
25-MAY-2026,CLIENTE,Vaso,PISCI_AYTO,02-JUN-2026,Agua no de consumo tratada,LAB_MUN,245370,AUTOCONTROL-2026-0264,AUTOCONTROL-2026,,,LUDICAS,,PISCINAS,Agua Lúdica,AG_LUDICA,VASO-IB-3,MUN-R1,WMN_LUD_CL,LUD-BASICO,
25-MAY-2026,CLIENTE,Vaso,PISCI_AYTO,02-JUN-2026,Agua no de consumo tratada,LAB_MUN,245371,AUTOCONTROL-2026-0265,AUTOCONTROL-2026,,,LUDICAS,,PISCINAS,Agua Lúdica,AG_LUDICA,VASO-M1,MUN-R1,WMN_LUD_CL,LUD-BASICO,
25-MAY-2026,CLIENTE,Vaso,PISCI_AYTO,02-JUN-2026,Agua no de consumo tratada,LAB_MUN,245372,AUTOCONTROL-2026-0266,AUTOCONTROL-2026,,,LUDICAS,,PISCINAS,Agua Lúdica,AG_LUDICA,VASO-M2,MUN-R1,WMN_LUD_CL,LUD-BASICO,
26-MAY-2026,CLIENTE,Vaso,PISCI_AYTO,02-JUN-2026,Agua no de consumo tratada,LAB_MUN,245383,AUTOCONTROL-2026-0277,AUTOCONTROL-2026,,,LUDICAS,,PISCINAS,Agua Lúdica,AG_LUDICA,VASO-H1,MUN-R2,WMN_LUD_CL,LUD-BASICO,
26-MAY-2026,CLIENTE,Vaso,PISCI_AYTO,02-JUN-2026,Agua no de consumo tratada,LAB_MUN,245384,AUTOCONTROL-2026-0278,AUTOCONTROL-2026,,,LUDICAS,,PISCINAS,Agua Lúdica,AG_LUDICA,VASO-L1,MUN-R2,WMN_LUD_CL,LUD-BASICO,
26-MAY-2026,CLIENTE,Vaso,PISCI_AYTO,02-JUN-2026,Agua no de consumo tratada,LAB_MUN,245385,AUTOCONTROL-2026-0279,AUTOCONTROL-2026,,,LUDICAS,,PISCINAS,Agua Lúdica,AG_LUDICA,VASO-L2,MUN-R2,WMN_LUD_CL,LUD-BASICO,
26-MAY-2026,CLIENTE,Vaso,PISCI_AYTO,02-JUN-2026,Agua no de consumo tratada,LAB_MUN,245386,AUTOCONTROL-2026-0280,AUTOCONTROL-2026,,,LUDICAS,,PISCINAS,Agua Lúdica,AG_LUDICA,VASO-SA1,MUN-R2,WMN_LUD_CL,LUD-BASICO,
26-MAY-2026,CLIENTE,Vaso,PISCI_AYTO,02-JUN-2026,Agua no de consumo tratada,LAB_MUN,245387,AUTOCONTROL-2026-0281,AUTOCONTROL-2026,,,LUDICAS,,PISCINAS,Agua Lúdica,AG_LUDICA,VASO-SA2,MUN-R2,WMN_LUD_CL,LUD-BASICO,
26-MAY-2026,CLIENTE,Vaso,PISCI_AYTO,02-JUN-2026,Agua no de consumo tratada,LAB_MUN,245388,AUTOCONTROL-2026-0282,AUTOCONTROL-2026,,,LUDICAS,,PISCINAS,Agua Lúdica,AG_LUDICA,VASO-SB1,MUN-R2,WMN_LUD_CL,LUD-BASICO,
26-MAY-2026,CLIENTE,Vaso,PISCI_AYTO,04-JUN-2026,Agua no de consumo tratada,LAB_MUN,245389,AUTOCONTROL-2026-0283,AUTOCONTROL-2026,,,LUDICAS,,PISCINAS,Agua Lúdica,AG_LUDICA,VASO-SB2,MUN-R2,WMN_LUD_CL,LUD-BASICO,
26-MAY-2026,CLIENTE,Vaso,PISCI_AYTO,02-JUN-2026,Agua no de consumo tratada,LAB_MUN,245390,AUTOCONTROL-2026-0284,AUTOCONTROL-2026,,,LUDICAS,,PISCINAS,Agua Lúdica,AG_LUDICA,VASO-ZA1,MUN-R2,WMN_LUD_CL,LUD-BASICO,
26-MAY-2026,CLIENTE,Vaso,PISCI_AYTO,02-JUN-2026,Agua no de consumo tratada,LAB_MUN,245391,AUTOCONTROL-2026-0285,AUTOCONTROL-2026,,,LUDICAS,,PISCINAS,Agua Lúdica,AG_LUDICA,VASO-ZA2,MUN-R2,WMN_LUD_CL,LUD-BASICO,
27-MAY-2026,OSKAR,ducha domicilio caso 012604 C/ Amizkarra nº3,LAB_MUN,05-JUN-2026,agua de ducha,LM_CAMPO,245413,LEGIONELLA-2026-0286,LEGIONELLA-2026,,,,,,agua caliente sanitaria,AG_ACS,LEGIO-000,,LEGIONELLA,LEGIO-IDEX,
27-MAY-2026,OSKAR,acumulador,LAB_MUN,04-JUN-2026,agua de acumulador,LM_CAMPO,245414,LEGIONELLA-2026-0287,LEGIONELLA-2026,,,,,,agua caliente sanitaria,AG_ACS,D-307,,LEGIONELLA,LEGIO-IDEX,
27-MAY-2026,OSKAR,retorno general,LAB_MUN,04-JUN-2026,agua de retorno,LM_CAMPO,245415,LEGIONELLA-2026-0288,LEGIONELLA-2026,,,,,,agua caliente sanitaria,AG_ACS,D-307,,LEGIONELLA,LEGIO-IDEX,
27-MAY-2026,OSKAR,ducha 2º derecha vestuario  1 masc cancha,LAB_MUN,04-JUN-2026,agua de ducha,LM_CAMPO,245416,LEGIONELLA-2026-0289,LEGIONELLA-2026,,,,,,agua caliente sanitaria,AG_ACS,D-307,,LEGIONELLA,LEGIO-IDEX,
27-MAY-2026,OSKAR,ducha 2º derecha vestuario 2 masc cancha,LAB_MUN,04-JUN-2026,agua de ducha,LM_CAMPO,245417,LEGIONELLA-2026-0290,LEGIONELLA-2026,,,,,,agua caliente sanitaria,AG_ACS,D-307,,LEGIONELLA,LEGIO-IDEX,
27-MAY-2026,OSKAR,acumulador,LAB_MUN,04-JUN-2026,agua de acumulador,LM_CAMPO,245418,LEGIONELLA-2026-0291,LEGIONELLA-2026,,,,,,agua caliente sanitaria,AG_ACS,D-310,,LEGIONELLA,LEGIO-IDEX,
27-MAY-2026,OSKAR,retorno general,LAB_MUN,04-JUN-2026,agua de retorno,LM_CAMPO,245419,LEGIONELLA-2026-0292,LEGIONELLA-2026,,,,,,agua de retorno,AG_ACS,D-310,,LEGIONELLA,LEGIO-IDEX,
27-MAY-2026,OSKAR,ducha 2º izquierda vestuario masc cancha 1,LAB_MUN,17-JUN-2026,agua de ducha,LM_CAMPO,245420,LEGIONELLA-2026-0293,LEGIONELLA-2026,,,,,,agua caliente sanitaria,AG_ACS,D-310,,LEGIONELLA,LEGIO-IDEX,
27-MAY-2026,OSKAR,ducha 3º izquierda  vestuario masc cancha 4,LAB_MUN,04-JUN-2026,agua de ducha,LM_CAMPO,245421,LEGIONELLA-2026-0294,LEGIONELLA-2026,,,,,,agua caliente sanitaria,AG_ACS,D-310,,LEGIONELLA,LEGIO-IDEX,
29-MAY-2026,NUMARTIN,purga del acumulador de la comunidad de propietarios,LAB_MUN,10-JUN-2026,agua de acumulador,LM_CAMPO,245423,LEGIONELLA-2026-0295,LEGIONELLA-2026,,,,,,agua caliente sanitaria,AG_ACS,D-1190,,LEGIONELLA,LEGIO-PA,
29-MAY-2026,NUMARTIN,retorno general de la comunidad de propietarios,LAB_MUN,10-JUN-2026,agua de retorno,LM_CAMPO,245424,LEGIONELLA-2026-0296,LEGIONELLA-2026,,,,,,agua caliente sanitaria,AG_ACS,D-1190,,LEGIONELLA,LEGIO-PA,
28-MAY-2026,OSKAR,ducha pasillo general,LAB_MUN,10-JUN-2026,agua de ducha,LM_CAMPO,245425,LEGIONELLA-2026-0297,LEGIONELLA-2026,,,,,,agua caliente sanitaria,AG_ACS,D-1190,,LEGIONELLA,LEGIO-PA,
28-MAY-2026,NUMARTIN,ducha habitación 1,LAB_MUN,17-JUN-2026,agua de ducha,LM_CAMPO,245426,LEGIONELLA-2026-0298,LEGIONELLA-2026,,,,,,agua caliente sanitaria,AG_ACS,D-1191,,LEGIONELLA,LEGIO-PA,
28-MAY-2026,OSKAR,ducha baño general,LAB_MUN,17-JUN-2026,agua de ducha,LM_CAMPO,245427,LEGIONELLA-2026-0299,LEGIONELLA-2026,,,,,,agua caliente sanitaria,AG_ACS,D-1191,,LEGIONELLA,LEGIO-PA,
29-MAY-2026,NUMARTIN,al lado del acumulador,LAB_MUN,17-JUN-2026,blanco proceso,LM_CAMPO,245428,CCI-INSPECCION-2026-0300,CCI-INSPECCION-2026,,,,,,agua blanco,CONTROL-LE,D-1190,,LEGIONELLA,LEGIO-PA,
28-MAY-2026,OSKAR,al lado de la ducha baño pasillo general,LAB_MUN,17-JUN-2026,blanco proceso,LM_CAMPO,245429,CCI-INSPECCION-2026-0301,CCI-INSPECCION-2026,,,,,,agua blanco,CONTROL-LE,D-1190,,LEGIONELLA,LEGIO-PA-S,
28-MAY-2026,NUMARTIN,al lado de la ducha del baño 1,LAB_MUN,17-JUN-2026,blanco proceso,LM_CAMPO,245430,CCI-INSPECCION-2026-0302,CCI-INSPECCION-2026,,,,,,agua blanco,CONTROL-LE,D-1191,,LEGIONELLA,LEGIO-PA-S,
02-JUN-2026,CLIENTE,Vaso,PISCI_AYTO,17-JUN-2026,Agua no de consumo tratada,LAB_MUN,245493,AUTOCONTROL-2026-0309,AUTOCONTROL-2026,,,LUDICAS,,PISCINAS,Agua Lúdica,AG_LUDICA,VASO-AQ1,MUN-DES,WMN_LUD_CL,LUD-BASICO,
02-JUN-2026,CLIENTE,Vaso,PISCI_AYTO,17-JUN-2026,Agua no de consumo tratada,LAB_MUN,245494,AUTOCONTROL-2026-0310,AUTOCONTROL-2026,,,LUDICAS,,PISCINAS,Agua Lúdica,AG_LUDICA,VASO-AQ2,MUN-DES,WMN_LUD_CL,LUD-BASICO,
02-JUN-2026,CLIENTE,Vaso,PISCI_AYTO,17-JUN-2026,Agua no de consumo tratada,LAB_MUN,245495,AUTOCONTROL-2026-0311,AUTOCONTROL-2026,,,LUDICAS,,PISCINAS,Agua Lúdica,AG_LUDICA,VASO-MD1,MUN-DES,WMN_LUD_CL,LUD-BASICO,
02-JUN-2026,CLIENTE,Vaso,PISCI_AYTO,17-JUN-2026,Agua no de consumo tratada,LAB_MUN,245496,AUTOCONTROL-2026-0312,AUTOCONTROL-2026,,,LUDICAS,,PISCINAS,Agua Lúdica,AG_LUDICA,VASO-MD2,MUN-DES,WMN_LUD_CL,LUD-BASICO,
02-JUN-2026,CLIENTE,Vaso,PISCI_AYTO,17-JUN-2026,Agua no de consumo tratada,LAB_MUN,245497,AUTOCONTROL-2026-0313,AUTOCONTROL-2026,,,LUDICAS,,PISCINAS,Agua Lúdica,AG_LUDICA,VASO-G1,MUN-DES,WMN_LUD_CL,LUD-BASICO,
02-JUN-2026,CLIENTE,Vaso,PISCI_AYTO,17-JUN-2026,Agua no de consumo tratada,LAB_MUN,245498,AUTOCONTROL-2026-0314,AUTOCONTROL-2026,,,LUDICAS,,PISCINAS,Agua Lúdica,AG_LUDICA,VASO-G2,MUN-DES,WMN_LUD_CL,LUD-BASICO,
02-JUN-2026,CLIENTE,Vaso,PISCI_AYTO,17-JUN-2026,Agua no de consumo tratada,LAB_MUN,245499,AUTOCONTROL-2026-0315,AUTOCONTROL-2026,,,LUDICAS,,PISCINAS,Agua Lúdica,AG_LUDICA,VASO-G3,MUN-DES,WMN_LUD_CL,LUD-BASICO,
02-JUN-2026,CLIENTE,Vaso,PISCI_AYTO,17-JUN-2026,Agua no de consumo tratada,LAB_MUN,245500,AUTOCONTROL-2026-0316,AUTOCONTROL-2026,,,LUDICAS,,PISCINAS,Agua Lúdica,AG_LUDICA,VASO-G4,MUN-DES,WMN_LUD_CL,LUD-BASICO,
02-JUN-2026,CLIENTE,CIRCUITO-1,PISCI_AYTO,17-JUN-2026,Agua no de consumo tratada,LAB_MUN,245501,AUTOCONTROL-2026-0317,AUTOCONTROL-2026,,,LUDICAS,,PISCINAS,Agua Lúdica,AG_LUDICA,VASO-AQ1,MUN-DES,WMN_LUD_CL,LUD-BASICO,
02-JUN-2026,CLIENTE,CIRCUITO-2,PISCI_AYTO,17-JUN-2026,Agua no de consumo tratada,LAB_MUN,245502,AUTOCONTROL-2026-0318,AUTOCONTROL-2026,,,LUDICAS,,PISCINAS,Agua Lúdica,AG_LUDICA,VASO-AQ1,MUN-DES,WMN_LUD_CL,LUD-BASICO,
02-JUN-2026,CLIENTE,CIRCUITO-3,PISCI_AYTO,17-JUN-2026,Agua no de consumo tratada,LAB_MUN,245503,AUTOCONTROL-2026-0319,AUTOCONTROL-2026,,,LUDICAS,,PISCINAS,Agua Lúdica,AG_LUDICA,VASO-AQ1,MUN-DES,WMN_LUD_CL,LUD-BASICO,
02-JUN-2026,CLIENTE,CIRCUITO,PISCI_AYTO,17-JUN-2026,Agua no de consumo tratada,LAB_MUN,245504,AUTOCONTROL-2026-0320,AUTOCONTROL-2026,,,LUDICAS,,PISCINAS,Agua Lúdica,AG_LUDICA,VASO-AQ2,MUN-DES,WMN_LUD_CL,LUD-BASICO,
02-JUN-2026,CLIENTE,CIRCUITO-1,PISCI_AYTO,17-JUN-2026,Agua no de consumo tratada,LAB_MUN,245505,AUTOCONTROL-2026-0321,AUTOCONTROL-2026,,,LUDICAS,,PISCINAS,Agua Lúdica,AG_LUDICA,VASO-MD1,MUN-DES,WMN_LUD_CL,LUD-BASICO,
02-JUN-2026,CLIENTE,CIRCUITO-2,PISCI_AYTO,17-JUN-2026,Agua no de consumo tratada,LAB_MUN,245506,AUTOCONTROL-2026-0322,AUTOCONTROL-2026,,,LUDICAS,,PISCINAS,Agua Lúdica,AG_LUDICA,VASO-MD1,MUN-DES,WMN_LUD_CL,LUD-BASICO,
02-JUN-2026,CLIENTE,CIRCUITO,PISCI_AYTO,17-JUN-2026,Agua no de consumo tratada,LAB_MUN,245507,AUTOCONTROL-2026-0323,AUTOCONTROL-2026,,,LUDICAS,,PISCINAS,Agua Lúdica,AG_LUDICA,VASO-MD2,MUN-DES,WMN_LUD_CL,LUD-BASICO,
02-JUN-2026,CLIENTE,CIRCUITO,PISCI_AYTO,17-JUN-2026,Agua no de consumo tratada,LAB_MUN,245508,AUTOCONTROL-2026-0324,AUTOCONTROL-2026,,,LUDICAS,,PISCINAS,Agua Lúdica,AG_LUDICA,VASO-G1,MUN-DES,WMN_LUD_CL,LUD-BASICO,
02-JUN-2026,CLIENTE,CIRCUITO,PISCI_AYTO,17-JUN-2026,Agua no de consumo tratada,LAB_MUN,245509,AUTOCONTROL-2026-0325,AUTOCONTROL-2026,,,LUDICAS,,PISCINAS,Agua Lúdica,AG_LUDICA,VASO-G2,MUN-DES,WMN_LUD_CL,LUD-BASICO,
02-JUN-2026,CLIENTE,CIRCUITO,PISCI_AYTO,17-JUN-2026,Agua no de consumo tratada,LAB_MUN,245510,AUTOCONTROL-2026-0326,AUTOCONTROL-2026,,,LUDICAS,,PISCINAS,Agua Lúdica,AG_LUDICA,VASO-G3,MUN-DES,WMN_LUD_CL,LUD-BASICO,
02-JUN-2026,CLIENTE,CIRCUITO,PISCI_AYTO,17-JUN-2026,Agua no de consumo tratada,LAB_MUN,245511,AUTOCONTROL-2026-0327,AUTOCONTROL-2026,,,LUDICAS,,PISCINAS,Agua Lúdica,AG_LUDICA,VASO-G4,MUN-DES,WMN_LUD_CL,LUD-BASICO,
03-JUN-2026,OSKAR,grifo,LAB_MUN,04-JUN-2026,agua de red,LM_CAMPO,245519,AG_CONSUMO-POT-000-081069,FUENTES,5,,AGUAS_POT,,FUENTE-RED,Agua de consumo,AG_CONSUMO,F261,VARIOS,WMM_LM_POT,POT-FUENTE,N
03-JUN-2026,OSKAR,grifo,LAB_MUN,04-JUN-2026,agua de red,LM_CAMPO,245521,AG_CONSUMO-POT-000-081070,FUENTES,5,,AGUAS_POT,,FUENTE-RED,Agua de consumo,AG_CONSUMO,F261,VARIOS,WMM_LM_POT,POT-FUENTE,N
04-JUN-2026,OSKAR,ducha habitación 102,LAB_MUN,17-JUN-2026,agua de ducha,LM_CAMPO,245525,LEGIONELLA-2026-0335,LEGIONELLA-2026,,,,,,agua caliente sanitaria,AG_ACS,D-1189,,LEGIONELLA,LEGIO-PA,
04-JUN-2026,OSKAR,ducha hab. 203,LAB_MUN,17-JUN-2026,agua de ducha,LM_CAMPO,245526,LEGIONELLA-2026-0336,LEGIONELLA-2026,,,,,,agua caliente sanitaria,ADHOC,D-1189,,LEGIONELLA,LEGIO-PA,
04-JUN-2026,OSKAR,ducha hab. 304,LAB_MUN,17-JUN-2026,agua de ducha,LM_CAMPO,245527,LEGIONELLA-2026-0337,LEGIONELLA-2026,,,,,,agua caliente sanitaria,AG_ACS,D-1189,,LEGIONELLA,LEGIO-PA,
04-JUN-2026,OSKAR,amizkarra acumulador,LAB_MUN,17-JUN-2026,blanco proceso,LM_CAMPO,245528,CCI-INSPECCION-2026-0338,CCI-INSPECCION-2026,,,,,,agua blanco,CONTROL-LE,LEGIO-000,,LEGIONELLA,,
04-JUN-2026,OSKAR,caso 012604 zona media del acumulador Comunidad vecinos C/Amizkarra 3,LAB_MUN,17-JUN-2026,agua de acumulador,LM_CAMPO,245531,LEGIONELLA-2026-0339,LEGIONELLA-2026,,,,,,agua caliente sanitaria,AG_ACS,LEGIO-000,,LEGIONELLA,LEGIO-IDEX,
04-JUN-2026,OSKAR,retorno Comunidad vecinos C/Amizkarra 3 caso 012604,LAB_MUN,17-JUN-2026,agua de retorno,LM_CAMPO,245532,LEGIONELLA-2026-0340,LEGIONELLA-2026,,,,,,agua caliente sanitaria,AG_ACS,LEGIO-000,,LEGIONELLA,LEGIO-IDEX,
04-JUN-2026,OSKAR,ducha  hab 203,LAB_MUN,17-JUN-2026,blanco proceso,LM_CAMPO,245534,CCI-INSPECCION-2026-0341,CCI-INSPECCION-2026,,,,,,agua blanco,CONTROL-LE,D-1189,,LEGIONELLA,,
08-JUN-2026,OSKAR,fuente,LAB_MUN,03-JUL-2026,agua de red,LM_CAMPO,245580,AG_CONSUMO-D-026-081071,AGUAS-POT-2026,3,,AGUAS_POT,,PUEBLOS-05,Agua de consumo,AG_CONSUMO,D-026,PUEBLOS,WMM_LM_POT,POT-SANITA,N
08-JUN-2026,NUMARTIN,fuente,LAB_MUN,03-JUL-2026,agua de red,LM_CAMPO,245581,AG_CONSUMO-D-145-081072,AGUAS-POT-2026,3,,AGUAS_POT,,PUEBLOS-05,Agua de consumo,AG_CONSUMO,D-145,PUEBLOS,WMM_LM_POT,POT-SANITA,N
08-JUN-2026,NUMARTIN,fuente,LAB_MUN,15-JUL-2026,agua de red,LM_CAMPO,245582,AG_CONSUMO-D-146-081073,AGUAS-POT-2026,3,,AGUAS_POT,,PUEBLOS-05,Agua de consumo,AG_CONSUMO,D-146,PUEBLOS,WMM_LM_POT,POT-SANITA,N
08-JUN-2026,NUMARTIN,fuente,LAB_MUN,03-JUL-2026,agua de red,LM_CAMPO,245583,AG_CONSUMO-D-150-081074,AGUAS-POT-2026,3,,AGUAS_POT,,PUEBLOS-05,Agua de consumo,AG_CONSUMO,D-150,PUEBLOS,WMM_LM_POT,POT-SANITA,N
08-JUN-2026,OSKAR,fuente,LAB_MUN,03-JUL-2026,agua de red,LM_CAMPO,245584,AG_CONSUMO-D-152-081075,AGUAS-POT-2026,3,,AGUAS_POT,,PUEBLOS-05,Agua de consumo,AG_CONSUMO,D-152,PUEBLOS,WMM_LM_POT,POT-SANITA,N
08-JUN-2026,OSKAR,fuente,LAB_MUN,03-JUL-2026,agua de red,LM_CAMPO,245585,AG_CONSUMO-D-153-081076,AGUAS-POT-2026,3,,AGUAS_POT,,PUEBLOS-05,Agua de consumo,AG_CONSUMO,D-153,PUEBLOS,WMM_LM_POT,POT-SANITA,N
08-JUN-2026,NUMARTIN,fuente,LAB_MUN,03-JUL-2026,agua de red,LM_CAMPO,245586,AG_CONSUMO-D-155-081077,AGUAS-POT-2026,3,,AGUAS_POT,,PUEBLOS-05,Agua de consumo,AG_CONSUMO,D-155,PUEBLOS,WMM_LM_POT,POT-SANITA,N
08-JUN-2026,OSKAR,fuente,LAB_MUN,03-JUL-2026,agua de red,LM_CAMPO,245587,AG_CONSUMO-D-164-081078,AGUAS-POT-2026,3,,AGUAS_POT,,PUEBLOS-05,Agua de consumo,AG_CONSUMO,D-164,PUEBLOS,WMM_LM_POT,POT-SANITA,N
08-JUN-2026,NUMARTIN,fuente,LAB_MUN,03-JUL-2026,agua de red,LM_CAMPO,245588,AG_CONSUMO-D-1055-081079,AGUAS-POT-2026,3,,AGUAS_POT,,PUEBLOS-05,Agua de consumo,AG_CONSUMO,D-1055,PUEBLOS,WMM_LM_POT,POT-SANITA,N
08-JUN-2026,OSKAR,fuente,LAB_MUN,03-JUL-2026,agua de red,LM_CAMPO,245589,AG_CONSUMO-D-1056-081080,AGUAS-POT-2026,3,,AGUAS_POT,,PUEBLOS-05,Agua de consumo,AG_CONSUMO,D-1056,PUEBLOS,WMM_LM_POT,POT-SANITA,N
10-JUN-2026,NUMARTIN,"2º grifo, aseo izquierda, centro formación",LAB_MUN,03-JUL-2026,agua de red,LM_CAMPO,245607,AG_CONSUMO-D-014-081084,AGUAS-POT-2026,3,,AGUAS_POT,,PUEBLOS-06,Agua de consumo,AG_CONSUMO,D-014,PUEBLOS,WMM_LM_POT,POT-SANITA,N
10-JUN-2026,OSKAR,fuente,LAB_MUN,03-JUL-2026,agua de red,LM_CAMPO,245608,AG_CONSUMO-D-018-081085,AGUAS-POT-2026,3,,AGUAS_POT,,PUEBLOS-06,Agua de consumo,AG_CONSUMO,D-018,PUEBLOS,WMM_LM_POT,POT-SANITA,N
10-JUN-2026,OSKAR,fuente,LAB_MUN,03-JUL-2026,agua de red,LM_CAMPO,245609,AG_CONSUMO-D-024-081086,AGUAS-POT-2026,3,,AGUAS_POT,,PUEBLOS-06,Agua de consumo,AG_CONSUMO,D-024,PUEBLOS,WMM_LM_POT,POT-SANITA,N
10-JUN-2026,NUMARTIN,grifo central aseo masculino del C.D. Gamarra,LAB_MUN,03-JUL-2026,agua de red,LM_CAMPO,245610,AG_CONSUMO-D-028-081087,AGUAS-POT-2026,3,,AGUAS_POT,,PUEBLOS-06,Agua de consumo,AG_CONSUMO,D-028,PUEBLOS,WMM_LM_POT,POT-SANITA,N
10-JUN-2026,OSKAR,fuente,LAB_MUN,03-JUL-2026,agua de red,LM_CAMPO,245611,AG_CONSUMO-D-181-081088,AGUAS-POT-2026,3,,AGUAS_POT,,PUEBLOS-06,Agua de consumo,AG_CONSUMO,D-181,PUEBLOS,WMM_LM_POT,POT-SANITA,N
10-JUN-2026,NUMARTIN,fuente,LAB_MUN,03-JUL-2026,agua de red,LM_CAMPO,245612,AG_CONSUMO-D-182-081089,AGUAS-POT-2026,3,,AGUAS_POT,,PUEBLOS-06,Agua de consumo,AG_CONSUMO,D-182,PUEBLOS,WMM_LM_POT,POT-SANITA,N
10-JUN-2026,NUMARTIN,fuente,LAB_MUN,03-JUL-2026,agua de red,LM_CAMPO,245613,AG_CONSUMO-D-183-081090,AGUAS-POT-2026,3,,AGUAS_POT,,PUEBLOS-06,Agua de consumo,AG_CONSUMO,D-183,PUEBLOS,WMM_LM_POT,POT-SANITA,N
10-JUN-2026,NUMARTIN,fuente,LAB_MUN,03-JUL-2026,agua de red,LM_CAMPO,245614,AG_CONSUMO-D-184-081091,AGUAS-POT-2026,3,,AGUAS_POT,,PUEBLOS-06,Agua de consumo,AG_CONSUMO,D-184,PUEBLOS,WMM_LM_POT,POT-SANITA,N
10-JUN-2026,OSKAR,fuente,LAB_MUN,03-JUL-2026,agua de red,LM_CAMPO,245616,AG_CONSUMO-D-185-081092,AGUAS-POT-2026,3,,AGUAS_POT,,PUEBLOS-06,Agua de consumo,AG_CONSUMO,D-185,PUEBLOS,WMM_LM_POT,POT-SANITA,N
10-JUN-2026,NUMARTIN,D-014,LAB_MUN,23-JUL-2026,duplicado de 245607,LAB_MUN,245619,AGUAS-POT-2026-0353,CCI-INSPECCION-2026,,,,,,duplicado agua de consumo,CONTROL-PO,D-014,,AGUAS,POT-SANITA,N
10-JUN-2026,OSKAR,D-014,LAB_MUN,23-JUL-2026,blanco proceso,LAB_MUN,245620,AGUAS-POT-2026-0354,CCI-INSPECCION-2026,0,,,lote 06/03,,agua blanco,CONTROL-PO,D-014,,AGUAS,POT-SANITA,N
11-JUN-2026,OSKAR,ducha hab 107,LAB_MUN,24-JUN-2026,agua de ducha,LM_CAMPO,245626,LEGIONELLA-2026-0356,LEGIONELLA-2026,,,,,,agua caliente sanitaria,AG_ACS,D-1195,,LEGIONELLA,LEGIO-PA,
11-JUN-2026,OSKAR,ducha de la bañera hidromasaje hab 112,LAB_MUN,24-JUN-2026,agua de ducha,LM_CAMPO,245627,LEGIONELLA-2026-0357,LEGIONELLA-2026,,,,,,agua caliente sanitaria,AG_ACS,D-1195,,LEGIONELLA,LEGIO-PA,
11-JUN-2026,OSKAR,ducha hab. 103,LAB_MUN,24-JUN-2026,agua de ducha,LAB_MUN,245628,LEGIONELLA-2026-0358,LEGIONELLA-2026,,,,,,agua caliente sanitaria,AG_ACS,D-1195,,LEGIONELLA,LEGIO-PA,
11-JUN-2026,OSKAR,ducha habitacion 106,LAB_MUN,24-JUN-2026,agua de ducha,LAB_MUN,245629,LEGIONELLA-2026-0359,LEGIONELLA-2026,,,,,,agua caliente sanitaria,AG_ACS,D-1194,,LEGIONELLA,LEGIO-PA,E
11-JUN-2026,OSKAR,ducha hab 110,LAB_MUN,24-JUN-2026,agua de ducha,LAB_MUN,245630,LEGIONELLA-2026-0360,LEGIONELLA-2026,0,,,,,agua caliente sanitaria,AG_ACS,D-1194,,LEGIONELLA,LEGIO-PA,E
11-JUN-2026,OSKAR,ducha hab 103,LAB_MUN,24-JUN-2026,agua de ducha,LAB_MUN,245631,LEGIONELLA-2026-0361,LEGIONELLA-2026,0,,,,,agua caliente sanitaria,ADHOC,D-1194,,LEGIONELLA,LEGIO-PA,E
16-JUN-2026,CLIENTE,vaso,PISCI_AYTO,23-JUN-2026,Agua no de consumo tratada,LAB_MUN,245729,AUTOCONTROL-2026-0369,AUTOCONTROL-2026,,,LUDICAS,,PISCINAS,Agua Lúdica,AG_LUDICA,VASO-AQ1,MUN-DES,WMN_LUD_CL,LUD-AMPLIA,
16-JUN-2026,CLIENTE,vaso,PISCI_AYTO,23-JUN-2026,Agua no de consumo tratada,LAB_MUN,245730,AUTOCONTROL-2026-0370,AUTOCONTROL-2026,,,LUDICAS,,PISCINAS,Agua Lúdica,AG_LUDICA,VASO-AQ2,MUN-DES,WMN_LUD_CL,LUD-AMPLIA,
16-JUN-2026,CLIENTE,vaso,PISCI_AYTO,23-JUN-2026,Agua no de consumo tratada,LAB_MUN,245731,AUTOCONTROL-2026-0371,AUTOCONTROL-2026,,,LUDICAS,,PISCINAS,Agua Lúdica,AG_LUDICA,VASO-MD1,MUN-DES,WMN_LUD_CL,LUD-AMPLIA,
16-JUN-2026,CLIENTE,vaso,PISCI_AYTO,23-JUN-2026,Agua no de consumo tratada,LAB_MUN,245732,AUTOCONTROL-2026-0372,AUTOCONTROL-2026,,,LUDICAS,,PISCINAS,Agua Lúdica,AG_LUDICA,VASO-MD2,MUN-DES,WMN_LUD_CL,LUD-AMPLIA,
16-JUN-2026,CLIENTE,vaso,PISCI_AYTO,23-JUN-2026,Agua no de consumo tratada,LAB_MUN,245733,AUTOCONTROL-2026-0373,AUTOCONTROL-2026,,,LUDICAS,,PISCINAS,Agua Lúdica,AG_LUDICA,VASO-G1,MUN-DES,WMN_LUD_CL,LUD-AMPLIA,
16-JUN-2026,CLIENTE,vaso,PISCI_AYTO,23-JUN-2026,Agua no de consumo tratada,LAB_MUN,245734,AUTOCONTROL-2026-0374,AUTOCONTROL-2026,,,LUDICAS,,PISCINAS,Agua Lúdica,AG_LUDICA,VASO-G2,MUN-DES,WMN_LUD_CL,LUD-AMPLIA,
16-JUN-2026,CLIENTE,vaso,PISCI_AYTO,23-JUN-2026,Agua no de consumo tratada,LAB_MUN,245735,AUTOCONTROL-2026-0375,AUTOCONTROL-2026,,,LUDICAS,,PISCINAS,Agua Lúdica,AG_LUDICA,VASO-G3,MUN-DES,WMN_LUD_CL,LUD-AMPLIA,
16-JUN-2026,CLIENTE,vaso,PISCI_AYTO,23-JUN-2026,Agua no de consumo tratada,LAB_MUN,245736,AUTOCONTROL-2026-0376,AUTOCONTROL-2026,,,LUDICAS,,PISCINAS,Agua Lúdica,AG_LUDICA,VASO-G4,MUN-DES,WMN_LUD_CL,LUD-AMPLIA,
22-JUN-2026,CLIENTE,Vaso,PISCI_AYTO,30-JUN-2026,Agua no de consumo tratada,LAB_MUN,245852,AUTOCONTROL-2026-0443,AUTOCONTROL-2026,,,LUDICAS,,PISCINAS,Agua Lúdica,AG_LUDICA,VASO-A1,MUN-R1,WMN_LUD_CL,LUD-BASICO,
22-JUN-2026,CLIENTE,Vaso,PISCI_AYTO,30-JUN-2026,Agua no de consumo tratada,LAB_MUN,245853,AUTOCONTROL-2026-0444,AUTOCONTROL-2026,,,LUDICAS,,PISCINAS,Agua Lúdica,AG_LUDICA,VASO-A2,MUN-R1,WMN_LUD_CL,LUD-BASICO,
22-JUN-2026,CLIENTE,Vaso,PISCI_AYTO,30-JUN-2026,Agua no de consumo tratada,LAB_MUN,245854,AUTOCONTROL-2026-0445,AUTOCONTROL-2026,,,LUDICAS,,PISCINAS,Agua Lúdica,AG_LUDICA,VASO-I1,MUN-R1,WMN_LUD_CL,LUD-BASICO,
22-JUN-2026,CLIENTE,Vaso,PISCI_AYTO,30-JUN-2026,Agua no de consumo tratada,LAB_MUN,245855,AUTOCONTROL-2026-0446,AUTOCONTROL-2026,,,LUDICAS,,PISCINAS,Agua Lúdica,AG_LUDICA,VASO-I2,MUN-R1,WMN_LUD_CL,LUD-BASICO,
22-JUN-2026,CLIENTE,Vaso,PISCI_AYTO,30-JUN-2026,Agua no de consumo tratada,LAB_MUN,245856,AUTOCONTROL-2026-0447,AUTOCONTROL-2026,,,LUDICAS,,PISCINAS,Agua Lúdica,AG_LUDICA,VASO-AB1,MUN-R1,WMN_LUD_CL,LUD-BASICO,
22-JUN-2026,CLIENTE,Vaso,PISCI_AYTO,30-JUN-2026,Agua no de consumo tratada,LAB_MUN,245857,AUTOCONTROL-2026-0448,AUTOCONTROL-2026,,,LUDICAS,,PISCINAS,Agua Lúdica,AG_LUDICA,VASO-AB2,MUN-R1,WMN_LUD_CL,LUD-BASICO,
22-JUN-2026,CLIENTE,Vaso,PISCI_AYTO,30-JUN-2026,Agua no de consumo tratada,LAB_MUN,245858,AUTOCONTROL-2026-0449,AUTOCONTROL-2026,,,LUDICAS,,PISCINAS,Agua Lúdica,AG_LUDICA,VASO-IB-1,MUN-R1,WMN_LUD_CL,LUD-BASICO,
22-JUN-2026,CLIENTE,Vaso,PISCI_AYTO,30-JUN-2026,Agua no de consumo tratada,LAB_MUN,245859,AUTOCONTROL-2026-0450,AUTOCONTROL-2026,,,LUDICAS,,PISCINAS,Agua Lúdica,AG_LUDICA,VASO-IB-2,MUN-R1,WMN_LUD_CL,LUD-BASICO,
22-JUN-2026,CLIENTE,Vaso,PISCI_AYTO,30-JUN-2026,Agua no de consumo tratada,LAB_MUN,245860,AUTOCONTROL-2026-0451,AUTOCONTROL-2026,,,LUDICAS,,PISCINAS,Agua Lúdica,AG_LUDICA,VASO-IB-3,MUN-R1,WMN_LUD_CL,LUD-BASICO,
22-JUN-2026,CLIENTE,Vaso,PISCI_AYTO,30-JUN-2026,Agua no de consumo tratada,LAB_MUN,245861,AUTOCONTROL-2026-0452,AUTOCONTROL-2026,,,LUDICAS,,PISCINAS,Agua Lúdica,AG_LUDICA,VASO-M1,MUN-R1,WMN_LUD_CL,LUD-BASICO,
22-JUN-2026,CLIENTE,Vaso,PISCI_AYTO,30-JUN-2026,Agua no de consumo tratada,LAB_MUN,245862,AUTOCONTROL-2026-0453,AUTOCONTROL-2026,,,LUDICAS,,PISCINAS,Agua Lúdica,AG_LUDICA,VASO-M2,MUN-R1,WMN_LUD_CL,LUD-BASICO,
23-JUN-2026,CLIENTE,Vaso,PISCI_AYTO,30-JUN-2026,Agua no de consumo tratada,LAB_MUN,245871,AUTOCONTROL-2026-0460,AUTOCONTROL-2026,,,LUDICAS,,PISCINAS,Agua Lúdica,AG_LUDICA,VASO-H1,MUN-R2,WMN_LUD_CL,LUD-BASICO,
23-JUN-2026,CLIENTE,Vaso,PISCI_AYTO,30-JUN-2026,Agua no de consumo tratada,LAB_MUN,245872,AUTOCONTROL-2026-0461,AUTOCONTROL-2026,,,LUDICAS,,PISCINAS,Agua Lúdica,AG_LUDICA,VASO-L1,MUN-R2,WMN_LUD_CL,LUD-BASICO,
23-JUN-2026,CLIENTE,Vaso,PISCI_AYTO,30-JUN-2026,Agua no de consumo tratada,LAB_MUN,245873,AUTOCONTROL-2026-0462,AUTOCONTROL-2026,,,LUDICAS,,PISCINAS,Agua Lúdica,AG_LUDICA,VASO-L2,MUN-R2,WMN_LUD_CL,LUD-BASICO,
23-JUN-2026,CLIENTE,Vaso,PISCI_AYTO,30-JUN-2026,Agua no de consumo tratada,LAB_MUN,245874,AUTOCONTROL-2026-0463,AUTOCONTROL-2026,,,LUDICAS,,PISCINAS,Agua Lúdica,AG_LUDICA,VASO-SA1,MUN-R2,WMN_LUD_CL,LUD-BASICO,
23-JUN-2026,CLIENTE,Vaso,PISCI_AYTO,30-JUN-2026,Agua no de consumo tratada,LAB_MUN,245875,AUTOCONTROL-2026-0464,AUTOCONTROL-2026,,,LUDICAS,,PISCINAS,Agua Lúdica,AG_LUDICA,VASO-SA2,MUN-R2,WMN_LUD_CL,LUD-BASICO,
23-JUN-2026,CLIENTE,Vaso,PISCI_AYTO,30-JUN-2026,Agua no de consumo tratada,LAB_MUN,245876,AUTOCONTROL-2026-0465,AUTOCONTROL-2026,,,LUDICAS,,PISCINAS,Agua Lúdica,AG_LUDICA,VASO-SB1,MUN-R2,WMN_LUD_CL,LUD-BASICO,
23-JUN-2026,CLIENTE,Vaso,PISCI_AYTO,30-JUN-2026,Agua no de consumo tratada,LAB_MUN,245877,AUTOCONTROL-2026-0466,AUTOCONTROL-2026,,,LUDICAS,,PISCINAS,Agua Lúdica,AG_LUDICA,VASO-SB2,MUN-R2,WMN_LUD_CL,LUD-BASICO,
23-JUN-2026,CLIENTE,Vaso,PISCI_AYTO,30-JUN-2026,Agua no de consumo tratada,LAB_MUN,245878,AUTOCONTROL-2026-0467,AUTOCONTROL-2026,,,LUDICAS,,PISCINAS,Agua Lúdica,AG_LUDICA,VASO-ZA1,MUN-R2,WMN_LUD_CL,LUD-BASICO,
23-JUN-2026,CLIENTE,Vaso,PISCI_AYTO,30-JUN-2026,Agua no de consumo tratada,LAB_MUN,245879,AUTOCONTROL-2026-0468,AUTOCONTROL-2026,,,LUDICAS,,PISCINAS,Agua Lúdica,AG_LUDICA,VASO-ZA2,MUN-R2,WMN_LUD_CL,LUD-BASICO,
23-JUN-2026,OSKAR,grifo,LAB_MUN,23-JUN-2026,agua de red,LM_CAMPO,245880,AG_CONSUMO-D-016-081098,AGUAS-POT-2026,3,PRUEBA EKUIS,AGUAS_POT,,GRIFO,Agua de consumo,AG_CONSUMO,D-016,REDES,WMM_LM_POT,POT-GRIFO,N
23-JUN-2026,OSKAR,grifo,LAB_MUN,23-JUN-2026,agua de red,LM_CAMPO,245881,AG_CONSUMO-D-016-081099,AGUAS-POT-2026,3,PRUEBA EKUIS,AGUAS_POT,,GRIFO,Agua de consumo,AG_CONSUMO,D-016,REDES,WMM_LM_POT,POT-GRIFO,N
23-JUN-2026,OSKAR,grifo,LAB_MUN,23-JUN-2026,agua de red,LM_CAMPO,245882,AG_CONSUMO-D-016-081100,AGUAS-POT-2026,3,PRUEBA EKUIS,AGUAS_POT,,GRIFO,Agua de consumo,AG_CONSUMO,D-016,REDES,WMM_LM_POT,POT-GRIFO,N
23-JUN-2026,OSKAR,grifo,LAB_MUN,23-JUN-2026,agua de red,LM_CAMPO,245883,AG_CONSUMO-D-016-081101,AGUAS-POT-2026,3,PRUEBA EKUIS,AGUAS_POT,,GRIFO,Agua de consumo,AG_CONSUMO,D-016,REDES,WMM_LM_POT,POT-GRIFO,N
23-JUN-2026,OSKAR,grifo,LAB_MUN,23-JUN-2026,agua de red,LM_CAMPO,245884,AG_CONSUMO-D-016-081102,AGUAS-POT-2026,3,PRUEBA EKUIS,AGUAS_POT,,GRIFO,Agua de consumo,AG_CONSUMO,D-016,REDES,WMM_LM_POT,POT-GRIFO,N
23-JUN-2026,OSKAR,grifo,LAB_MUN,25-JUN-2026,agua de red,LM_CAMPO,245885,AG_CONSUMO-D-016-081103,AGUAS-POT-2026,3,PRUEBA EKUIS,AGUAS_POT,,GRIFO,Agua de consumo,AG_CONSUMO,D-016,REDES,WMM_LM_POT,POT-GRIFO,N
24-JUN-2026,NUMARTIN,grifo de la acometida,LAB_MUN,03-JUL-2026,agua de red,LM_CAMPO,245893,AG_CONSUMO-D-1013-081104,AGUAS-POT-2026,3,,AGUAS_POT,,RED-VIT,Agua de consumo,AG_CONSUMO,D-1013,REDES,WMM_LM_POT,POT-SANITA,N
24-JUN-2026,NUMARTIN,grifo 1º izquierda aseo femenino,LAB_MUN,03-JUL-2026,agua de red,LM_CAMPO,245894,AG_CONSUMO-D-1014-081105,AGUAS-POT-2026,3,,AGUAS_POT,,RED-VIT,Agua de consumo,AG_CONSUMO,D-1014,REDES,WMM_LM_POT,POT-SANITA,N
24-JUN-2026,NUMARTIN,grifo 1º derecha vestuario cancha femenino,LAB_MUN,03-JUL-2026,agua de red,LM_CAMPO,245895,AG_CONSUMO-D-1021-081106,AGUAS-POT-2026,3,,AGUAS_POT,,RED-VIT,Agua de consumo,AG_CONSUMO,D-1021,REDES,WMM_LM_POT,POT-SANITA,N
24-JUN-2026,NUMARTIN,grifo 1º derecha adaptado aseo femenino,LAB_MUN,03-JUL-2026,agua de red,LM_CAMPO,245896,AG_CONSUMO-D-031-081107,AGUAS-POT-2026,3,,AGUAS_POT,,RED-VIT,Agua de consumo,AG_CONSUMO,D-031,REDES,WMM_LM_POT,POT-SANITA,N
24-JUN-2026,NUMARTIN,grifo derecha aseo masculino,LAB_MUN,03-JUL-2026,agua de red,LM_CAMPO,245897,AG_CONSUMO-D-034-081108,AGUAS-POT-2026,3,,AGUAS_POT,,RED-VIT,Agua de consumo,AG_CONSUMO,D-034,REDES,WMM_LM_POT,POT-SANITA,N
24-JUN-2026,NUMARTIN,grifo 1º izq aseo femenino cancha,LAB_MUN,03-JUL-2026,agua de red,LM_CAMPO,245898,AG_CONSUMO-D-1025-081109,AGUAS-POT-2026,3,,AGUAS_POT,,RED-VIT,Agua de consumo,AG_CONSUMO,D-1025,REDES,WMM_LM_POT,POT-SANITA,N
24-JUN-2026,NUMARTIN,grifo de la acometida,LAB_MUN,03-JUL-2026,agua de red,LM_CAMPO,245899,AG_CONSUMO-D-1022-081110,AGUAS-POT-2026,3,,AGUAS_POT,,RED-VIT,Agua de consumo,AG_CONSUMO,D-1022,REDES,WMM_LM_POT,POT-SANITA,N
24-JUN-2026,NUMARTIN,grifo 2º derecha,LAB_MUN,03-JUL-2026,agua de red,LM_CAMPO,245900,AG_CONSUMO-D-1078-081111,AGUAS-POT-2026,3,,AGUAS_POT,,RED-VIT,Agua de consumo,AG_CONSUMO,D-1078,REDES,WMM_LM_POT,POT-SANITA,N
29-JUN-2026,NUMARTIN,vaso,LAB_MUN,07-JUL-2026,Agua de piscina de aporte de red,LM_CAMPO,245952,LUD-D-222-29-JUN-2026-013835,LUDICAS-2026,,,LUDICAS,,PISCINAS,Agua de piscina,AG_LUDICA,D-222,DESCUBIE-1,WMM_LUD,LUD-BASICO,
29-JUN-2026,NUMARTIN,vaso,LAB_MUN,07-JUL-2026,Agua de piscina aporte de red,LM_CAMPO,245955,LUD-D-227-29-JUN-2026-013838,LUDICAS-2026,,,LUDICAS,,PISCINAS,Agua de piscina,AG_LUDICA,D-227,DESCUBIE-1,WMM_LUD,LUD-BASICO,
29-JUN-2026,NUMARTIN,vaso,LAB_MUN,07-JUL-2026,Agua de piscina aporte de red,LM_CAMPO,245956,LUD-D-228-29-JUN-2026-013839,LUDICAS-2026,,,LUDICAS,,PISCINAS,Agua de piscina,AG_LUDICA,D-228,DESCUBIE-1,WMM_LUD,LUD-BASICO,
29-JUN-2026,OSKAR,vaso,LAB_MUN,07-JUL-2026,Agua de piscina de aporte sondeo,LM_CAMPO,245958,LUD-D-251-29-JUN-2026-013841,LUDICAS-2026,,,LUDICAS,,PISCINAS,Agua de piscina,AG_LUDICA,D-251,DESCUBIE-1,WMM_LUD,LUD-BASICO,E
29-JUN-2026,NUMARTIN,junto al vaso,LAB_MUN,07-JUL-2026,blanco proceso,LM_CAMPO,245959,LUD-D-222-29-JUN-2026-013842,CCI-INSPECCION-2026,,,LUDICAS,,PISCINAS,Agua blanco,CONTROL-LU,D-222,DESCUBIE-1,WMM_LUD,LUD-BASICO,
30-JUN-2026,CLIENTE,Vaso,PISCI_AYTO,20-JUL-2026,Agua no de consumo tratada,LAB_MUN,245980,AUTOCONTROL-2026-0482,AUTOCONTROL-2026,,,LUDICAS,,PISCINAS,Agua Lúdica,AG_LUDICA,VASO-AQ1,MUN-DES,WMN_LUD_CL,LUD-LEGIO,
30-JUN-2026,CLIENTE,Vaso,PISCI_AYTO,20-JUL-2026,Agua no de consumo tratada,LAB_MUN,245981,AUTOCONTROL-2026-0483,AUTOCONTROL-2026,,,LUDICAS,,PISCINAS,Agua Lúdica,AG_LUDICA,VASO-AQ2,MUN-DES,WMN_LUD_CL,LUD-LEGIO,
30-JUN-2026,CLIENTE,Vaso,PISCI_AYTO,07-JUL-2026,Agua no de consumo tratada,LAB_MUN,245982,AUTOCONTROL-2026-0484,AUTOCONTROL-2026,,,LUDICAS,,PISCINAS,Agua Lúdica,AG_LUDICA,VASO-MD1,MUN-DES,WMN_LUD_CL,LUD-BASICO,
30-JUN-2026,CLIENTE,Vaso,PISCI_AYTO,07-JUL-2026,Agua no de consumo tratada,LAB_MUN,245983,AUTOCONTROL-2026-0485,AUTOCONTROL-2026,,,LUDICAS,,PISCINAS,Agua Lúdica,AG_LUDICA,VASO-MD2,MUN-DES,WMN_LUD_CL,LUD-BASICO,
30-JUN-2026,CLIENTE,Vaso,PISCI_AYTO,07-JUL-2026,Agua no de consumo tratada,LAB_MUN,245984,AUTOCONTROL-2026-0486,AUTOCONTROL-2026,,,LUDICAS,,PISCINAS,Agua Lúdica,AG_LUDICA,VASO-G1,MUN-DES,WMN_LUD_CL,LUD-BASICO,
30-JUN-2026,CLIENTE,Vaso,PISCI_AYTO,07-JUL-2026,Agua no de consumo tratada,LAB_MUN,245985,AUTOCONTROL-2026-0487,AUTOCONTROL-2026,,,LUDICAS,,PISCINAS,Agua Lúdica,AG_LUDICA,VASO-G2,MUN-DES,WMN_LUD_CL,LUD-BASICO,
30-JUN-2026,CLIENTE,Vaso,PISCI_AYTO,20-JUL-2026,Agua no de consumo tratada,LAB_MUN,245986,AUTOCONTROL-2026-0488,AUTOCONTROL-2026,,,LUDICAS,,PISCINAS,Agua Lúdica,AG_LUDICA,VASO-G3,MUN-DES,WMN_LUD_CL,LUD-LEGIO,
30-JUN-2026,CLIENTE,Vaso,PISCI_AYTO,07-JUL-2026,Agua no de consumo tratada,LAB_MUN,245987,AUTOCONTROL-2026-0489,AUTOCONTROL-2026,,,LUDICAS,,PISCINAS,Agua Lúdica,AG_LUDICA,VASO-G4,MUN-DES,WMN_LUD_CL,LUD-BASICO,
01-JUL-2026,NUMARTIN,ducha domicilio,LAB_MUN,09-JUL-2026,agua de ducha,LM_CAMPO,245991,LEGIONELLA-2026-0490,LEGIONELLA-2026,,,,,,agua caliente sanitaria,AG_ACS,LEGIO-000,,LEGIONELLA,LEGIO-IDEX,
01-JUL-2026,OSKAR,acumulador purga,LAB_MUN,09-JUL-2026,agua de acumulador,LM_CAMPO,245992,LEGIONELLA-2026-0491,LEGIONELLA-2026,,,,,,agua caliente sanitaria,AG_ACS,D-319-1,,LEGIONELLA,LEGIO-IDEX,
01-JUL-2026,OSKAR,retorno general,LAB_MUN,09-JUL-2026,agua de retorno,LM_CAMPO,245993,LEGIONELLA-2026-0492,LEGIONELLA-2026,,,,,,agua caliente sanitaria,AG_ACS,D-319-1,,LEGIONELLA,LEGIO-IDEX,
01-JUL-2026,NUMARTIN,ducha 1º dcha vest 6 fem.,LAB_MUN,09-JUL-2026,agua de ducha,LM_CAMPO,245994,LEGIONELLA-2026-0493,LEGIONELLA-2026,,,,,,agua caliente sanitaria,AG_ACS,D-319-1,,LEGIONELLA,LEGIO-IDEX,
01-JUL-2026,OSKAR,acumulador distrib. zona media,LAB_MUN,09-JUL-2026,agua de acumulador,LM_CAMPO,245995,LEGIONELLA-2026-0494,LEGIONELLA-2026,,,,,,agua caliente sanitaria,AG_ACS,D-319,,LEGIONELLA,LEGIO-IDEX,
01-JUL-2026,OSKAR,retorno general,LAB_MUN,09-JUL-2026,agua de retorno,LM_CAMPO,245996,LEGIONELLA-2026-0495,LEGIONELLA-2026,,,,,,agua caliente sanitaria,AG_ACS,D-319,,LEGIONELLA,LEGIO-IDEX,
01-JUL-2026,NUMARTIN,ducha 2º dcha vest. fem. pasillo nº 4 pta baja,LAB_MUN,09-JUL-2026,agua de ducha,LM_CAMPO,245997,LEGIONELLA-2026-0496,LEGIONELLA-2026,,,,,,agua caliente sanitaria,AG_ACS,D-319,,LEGIONELLA,LEGIO-IDEX,
01-JUL-2026,OSKAR,acumulador 1 parte media,LAB_MUN,09-JUL-2026,agua de acumulador,LM_CAMPO,245998,LEGIONELLA-2026-0497,LEGIONELLA-2026,,,,,,agua caliente sanitaria,AG_ACS,D-311,,LEGIONELLA,LEGIO-IDEX,
01-JUL-2026,NUMARTIN,ducha 1º izd vest fem 4,LAB_MUN,09-JUL-2026,agua de ducha,LM_CAMPO,245999,LEGIONELLA-2026-0498,LEGIONELLA-2026,,,,,,agua caliente sanitaria,AG_ACS,D-311,,LEGIONELLA,LEGIO-IDEX,
01-JUL-2026,OSKAR,ducha 5º izd vest general masc 3,LAB_MUN,09-JUL-2026,agua de ducha,LM_CAMPO,246000,LEGIONELLA-2026-0499,LEGIONELLA-2026,,,,,,agua caliente sanitaria,AG_ACS,D-311,,LEGIONELLA,LEGIO-IDEX,
02-JUL-2026,OSKAR,aspersor Vitoriana 2 esquina noroeste,LAB_MUN,20-JUL-2026,agua de aspersor,LM_CAMPO,246002,LEGIONELLA-2026-0500,LEGIONELLA-2026,,,,,,agua de riego,AG_FUEN_OR,D-1119,,LEGIONELLA,LEGIO-PA-S,E
03-JUL-2026,OSKAR,grifo,LAB_MUN,03-JUL-2026,agua de red,LM_CAMPO,246051,AG_CONSUMO-D-016-081112,AGUAS-POT-2026,5,PRUEBA EKUIS,AGUAS_POT,,REDES,Agua de consumo,AG_CONSUMO,D-016,REDES,WMM_LM_POT,POT-GRIFO,N
03-JUL-2026,OSKAR,grifo,LAB_MUN,03-JUL-2026,agua de red,LM_CAMPO,246052,AG_CONSUMO-D-016-081113,AGUAS-POT-2026,5,PRUEBA EKUIS,AGUAS_POT,,REDES,Agua de consumo,AG_CONSUMO,D-016,REDES,WMM_LM_POT,POT-GRIFO,N
03-JUL-2026,OSKAR,grifo,LAB_MUN,03-JUL-2026,agua de red,LM_CAMPO,246053,AG_CONSUMO-D-016-081114,AGUAS-POT-2026,5,prueba EKUIS,AGUAS_POT,,REDES,Agua de consumo,AG_CONSUMO,D-016,REDES,WMM_LM_POT,POT-GRIFO,N
03-JUL-2026,OSKAR,grifo,LAB_MUN,03-JUL-2026,agua de red,LM_CAMPO,246054,AG_CONSUMO-D-016-081115,AGUAS-POT-2026,5,prueba EKUIS,AGUAS_POT,,REDES,Agua de consumo,AG_CONSUMO,D-016,REDES,WMM_LM_POT,POT-GRIFO,N
03-JUL-2026,OSKAR,grifo,LAB_MUN,03-JUL-2026,agua de red,LM_CAMPO,246055,AG_CONSUMO-D-016-081116,AGUAS-POT-2026,5,PRUEBA EKUIS,AGUAS_POT,,REDES,Agua de consumo,AG_CONSUMO,D-016,REDES,WMM_LM_POT,POT-GRIFO,N
03-JUL-2026,OSKAR,grifo,LAB_MUN,03-JUL-2026,agua de red,LM_CAMPO,246056,AG_CONSUMO-D-016-081117,AGUAS-POT-2026,5,PRUEBA EKUIS,AGUAS_POT,,REDES,Agua de consumo,AG_CONSUMO,D-016,REDES,WMM_LM_POT,POT-GRIFO,N
03-JUL-2026,OSKAR,grifo,LAB_MUN,03-JUL-2026,agua de red,LM_CAMPO,246063,AG_CONSUMO-D-016-081118,AGUAS-POT-2026,5,prueba EKUIS,AGUAS_POT,,REDES,Agua de consumo,AG_CONSUMO,D-016,REDES,WMM_LM_POT,POT-GRIFO,
03-JUL-2026,OSKAR,grifo,LAB_MUN,03-JUL-2026,agua de red,LM_CAMPO,246064,AG_CONSUMO-D-016-081119,AGUAS-POT-2026,5,prueba EKUIS,AGUAS_POT,,REDES,Agua de consumo,AG_CONSUMO,D-016,REDES,WMM_LM_POT,POT-GRIFO,
03-JUL-2026,OSKAR,grifo,LAB_MUN,03-JUL-2026,agua de red,LM_CAMPO,246065,AG_CONSUMO-D-016-081120,AGUAS-POT-2026,5,prueba EKUIS,AGUAS_POT,,REDES,Agua de consumo,AG_CONSUMO,D-016,REDES,WMM_LM_POT,POT-GRIFO,
03-JUL-2026,OSKAR,grifo,LAB_MUN,03-JUL-2026,agua de red,LM_CAMPO,246066,AG_CONSUMO-D-016-081121,AGUAS-POT-2026,5,prueba EKUIS,AGUAS_POT,,REDES,Agua de consumo,AG_CONSUMO,D-016,REDES,WMM_LM_POT,POT-GRIFO,
09-JUL-2026,OSKAR,balsa,LAB_MUN,23-JUL-2026,agua de balsa,LM_CAMPO,246108,LEGIONELLA-2026-0525,LEGIONELLA-2026,,,,,,agua torre refrigeracion,AG_TORRE,D-361,,LEGIONELLA,LEGIO-PA-S,
09-JUL-2026,OSKAR,lanza VLV 7676MBP,LAB_MUN,21-JUL-2026,agua de hidrolimpiadora,LM_CAMPO,246109,LEGIONELLA-2026-0526,LEGIONELLA-2026,,,,,,agua VLV,AG-VLV,VLV,,LEGIONELLA,LEGIO-PA-S,
09-JUL-2026,OSKAR,lanza VLV 7643MBP,LAB_MUN,21-JUL-2026,agua de hidrolimpiadora,LM_CAMPO,246110,LEGIONELLA-2026-0527,LEGIONELLA-2026,,,,,,agua VLV,AG-VLV,VLV,,LEGIONELLA,LEGIO-PA-S,
13-JUL-2026,CLIENTE,Vaso,PISCI_AYTO,20-JUL-2026,Agua no de consumo tratada,LAB_MUN,246177,AUTOCONTROL-2026-0532,AUTOCONTROL-2026,,,LUDICAS,,PISCINAS,Agua Lúdica,AG_LUDICA,VASO-A1,MUN-R1,WMN_LUD_CL,LUD-BASICO,
13-JUL-2026,CLIENTE,Vaso,PISCI_AYTO,20-JUL-2026,Agua no de consumo tratada,LAB_MUN,246178,AUTOCONTROL-2026-0533,AUTOCONTROL-2026,,,LUDICAS,,PISCINAS,Agua Lúdica,AG_LUDICA,VASO-A2,MUN-R1,WMN_LUD_CL,LUD-BASICO,
13-JUL-2026,CLIENTE,Vaso,PISCI_AYTO,20-JUL-2026,Agua no de consumo tratada,LAB_MUN,246179,AUTOCONTROL-2026-0534,AUTOCONTROL-2026,,,LUDICAS,,PISCINAS,Agua Lúdica,AG_LUDICA,VASO-IB-1,MUN-R1,WMN_LUD_CL,LUD-BASICO,
13-JUL-2026,CLIENTE,Vaso,PISCI_AYTO,20-JUL-2026,Agua no de consumo tratada,LAB_MUN,246180,AUTOCONTROL-2026-0535,AUTOCONTROL-2026,,,LUDICAS,,PISCINAS,Agua Lúdica,AG_LUDICA,VASO-IB-2,MUN-R1,WMN_LUD_CL,LUD-BASICO,
13-JUL-2026,CLIENTE,Vaso,PISCI_AYTO,03-AUG-2026,Agua no de consumo tratada,LAB_MUN,246181,AUTOCONTROL-2026-0536,AUTOCONTROL-2026,,,LUDICAS,,PISCINAS,Agua Lúdica,AG_LUDICA,VASO-IB-3,MUN-R1,WMN_LUD_CL,LUD-LEGIO,
13-JUL-2026,CLIENTE,Vaso,PISCI_AYTO,20-JUL-2026,Agua no de consumo tratada,LAB_MUN,246182,AUTOCONTROL-2026-0537,AUTOCONTROL-2026,,,LUDICAS,,PISCINAS,Agua Lúdica,AG_LUDICA,VASO-M1,MUN-R1,WMN_LUD_CL,LUD-BASICO,
13-JUL-2026,CLIENTE,Vaso,PISCI_AYTO,03-AUG-2026,Agua no de consumo tratada,LAB_MUN,246183,AUTOCONTROL-2026-0538,AUTOCONTROL-2026,,,LUDICAS,,PISCINAS,Agua Lúdica,AG_LUDICA,VASO-M2,MUN-R1,WMN_LUD_CL,LUD-LEGIO,
13-JUL-2026,CLIENTE,Vaso,PISCI_AYTO,20-JUL-2026,Agua no de consumo tratada,LAB_MUN,246184,AUTOCONTROL-2026-0539,AUTOCONTROL-2026,,,LUDICAS,,PISCINAS,Agua Lúdica,AG_LUDICA,VASO-H1,MUN-R2,WMN_LUD_CL,LUD-BASICO,
13-JUL-2026,CLIENTE,Vaso,PISCI_AYTO,20-JUL-2026,Agua no de consumo tratada,LAB_MUN,246185,AUTOCONTROL-2026-0540,AUTOCONTROL-2026,,,LUDICAS,,PISCINAS,Agua Lúdica,AG_LUDICA,VASO-SB1,MUN-R2,WMN_LUD_CL,LUD-BASICO,
13-JUL-2026,CLIENTE,Vaso,PISCI_AYTO,20-JUL-2026,Agua no de consumo tratada,LAB_MUN,246186,AUTOCONTROL-2026-0541,AUTOCONTROL-2026,,,LUDICAS,,PISCINAS,Agua Lúdica,AG_LUDICA,VASO-SB2,MUN-R2,WMN_LUD_CL,LUD-BASICO,
15-JUL-2026,CLIENTE,Vaso,PISCI_AYTO,20-JUL-2026,Agua no de consumo tratada,LAB_MUN,246196,AUTOCONTROL-2026-0548,AUTOCONTROL-2026,,,LUDICAS,,PISCINAS,Agua Lúdica,AG_LUDICA,VASO-AQ1,MUN-DES,WMN_LUD_CL,LUD-BASICO,
15-JUL-2026,CLIENTE,Vaso,PISCI_AYTO,20-JUL-2026,Agua no de consumo tratada,LAB_MUN,246197,AUTOCONTROL-2026-0549,AUTOCONTROL-2026,,,LUDICAS,,PISCINAS,Agua Lúdica,AG_LUDICA,VASO-AQ2,MUN-DES,WMN_LUD_CL,LUD-BASICO,
15-JUL-2026,CLIENTE,Vaso,PISCI_AYTO,20-JUL-2026,Agua no de consumo tratada,LAB_MUN,246198,AUTOCONTROL-2026-0550,AUTOCONTROL-2026,,,LUDICAS,,PISCINAS,Agua Lúdica,AG_LUDICA,VASO-MD1,MUN-DES,WMN_LUD_CL,LUD-BASICO,
15-JUL-2026,CLIENTE,Vaso,PISCI_AYTO,20-JUL-2026,Agua no de consumo tratada,LAB_MUN,246199,AUTOCONTROL-2026-0551,AUTOCONTROL-2026,,,LUDICAS,,PISCINAS,Agua Lúdica,AG_LUDICA,VASO-MD2,MUN-DES,WMN_LUD_CL,LUD-BASICO,
15-JUL-2026,CLIENTE,Vaso,PISCI_AYTO,20-JUL-2026,Agua no de consumo tratada,LAB_MUN,246200,AUTOCONTROL-2026-0552,AUTOCONTROL-2026,,,LUDICAS,,PISCINAS,Agua Lúdica,AG_LUDICA,VASO-G1,MUN-DES,WMN_LUD_CL,LUD-BASICO,
15-JUL-2026,CLIENTE,Vaso,PISCI_AYTO,20-JUL-2026,Agua no de consumo tratada,LAB_MUN,246201,AUTOCONTROL-2026-0553,AUTOCONTROL-2026,,,LUDICAS,,PISCINAS,Agua Lúdica,AG_LUDICA,VASO-G2,MUN-DES,WMN_LUD_CL,LUD-BASICO,
15-JUL-2026,CLIENTE,Vaso,PISCI_AYTO,20-JUL-2026,Agua no de consumo tratada,LAB_MUN,246202,AUTOCONTROL-2026-0554,AUTOCONTROL-2026,,,LUDICAS,,PISCINAS,Agua Lúdica,AG_LUDICA,VASO-G3,MUN-DES,WMN_LUD_CL,LUD-BASICO,
15-JUL-2026,CLIENTE,Vaso,PISCI_AYTO,20-JUL-2026,Agua no de consumo tratada,LAB_MUN,246203,AUTOCONTROL-2026-0555,AUTOCONTROL-2026,,,LUDICAS,,PISCINAS,Agua Lúdica,AG_LUDICA,VASO-G4,MUN-DES,WMN_LUD_CL,LUD-BASICO,
20-JUL-2026,NUMARTIN,fuente,LAB_MUN,03-AUG-2026,fuente de red,LM_CAMPO,246316,AG_CONSUMO-F-152-081130,FUENTES,3,,AGUAS_POT,,FUENTE-RED,Agua de consumo,AG_CONSUMO,F-152,VARIOS,WMM_LM_POT,POT-FUENTE,N
20-JUL-2026,NUMARTIN,fuente,LAB_MUN,03-AUG-2026,fuente de red,LM_CAMPO,246317,AG_CONSUMO-F-343-081131,FUENTES,3,,AGUAS_POT,,FUENTE-RED,Agua de consumo,AG_CONSUMO,F-343,VARIOS,WMM_LM_POT,POT-FUENTE,N
20-JUL-2026,NUMARTIN,fuente,LAB_MUN,03-AUG-2026,fuente de red,LM_CAMPO,246318,AG_CONSUMO-F-344-081132,FUENTES,3,,AGUAS_POT,,FUENTE-RED,Agua de consumo,AG_CONSUMO,F-344,VARIOS,WMM_LM_POT,POT-FUENTE,N
20-JUL-2026,NUMARTIN,fuente,LAB_MUN,03-AUG-2026,fuente de red,LM_CAMPO,246319,AG_CONSUMO-F-346-081133,FUENTES,3,,AGUAS_POT,,FUENTE-RED,Agua de consumo,AG_CONSUMO,F-346,VARIOS,WMM_LM_POT,POT-FUENTE,N
22-JUL-2026,NUMARTIN,fuente,LAB_MUN,03-AUG-2026,fuente de red,LM_CAMPO,246320,AG_CONSUMO-F-145-081134,FUENTES,3,,AGUAS_POT,,FUENTE-RED,Agua de consumo,AG_CONSUMO,F-145,VARIOS,WMM_LM_POT,POT-FUENTE,N
22-JUL-2026,NUMARTIN,fuente,LAB_MUN,03-AUG-2026,fuente de red,LM_CAMPO,246321,AG_CONSUMO-F-144-081135,FUENTES,3,,AGUAS_POT,,FUENTE-RED,Agua de consumo,AG_CONSUMO,F-144,VARIOS,WMM_LM_POT,POT-FUENTE,N
22-JUL-2026,NUMARTIN,fuente,LAB_MUN,03-AUG-2026,fuente de red,LM_CAMPO,246323,AG_CONSUMO-F-36-081137,FUENTES,3,,AGUAS_POT,,FUENTE-RED,Agua de consumo,AG_CONSUMO,F-36,VARIOS,WMM_LM_POT,POT-FUENTE,N
21-JUL-2026,NUMARTIN,vaso,LAB_MUN,03-AUG-2026,Agua de aporte de red,LM_CAMPO,246327,LUD-VASO-AQ1-21-JUL-2026-01384,LUDICAS-2026,,,LUDICAS,,PISCINAS,Agua de piscina,AG_LUDICA,VASO-AQ1,MUN-DES,WMM_LUD,LUD-BASICO,
21-JUL-2026,NUMARTIN,vaso,LAB_MUN,03-AUG-2026,Agua de aporte de red,LM_CAMPO,246328,LUD-VASO-AQ2-21-JUL-2026-01384,LUDICAS-2026,,,LUDICAS,,PISCINAS,Agua de piscina,AG_LUDICA,VASO-AQ2,MUN-DES,WMM_LUD,LUD-BASICO,
21-JUL-2026,NUMARTIN,vaso,LAB_MUN,03-AUG-2026,Agua de aporte de red,LM_CAMPO,246329,LUD-VASO-MD1-21-JUL-2026-01384,LUDICAS-2026,,,LUDICAS,,PISCINAS,Agua de piscina,AG_LUDICA,VASO-MD1,MUN-DES,WMM_LUD,LUD-BASICO,
21-JUL-2026,NUMARTIN,vaso,LAB_MUN,03-AUG-2026,Agua de aporte de red,LM_CAMPO,246330,LUD-VASO-MD2-21-JUL-2026-01384,LUDICAS-2026,,,LUDICAS,,PISCINAS,Agua de piscina,AG_LUDICA,VASO-MD2,MUN-DES,WMM_LUD,LUD-BASICO,
21-JUL-2026,NUMARTIN,vaso,LAB_MUN,03-AUG-2026,Agua de aporte de red,LM_CAMPO,246331,LUD-VASO-G1-21-JUL-2026-013848,LUDICAS-2026,,,LUDICAS,,PISCINAS,Agua de piscina,AG_LUDICA,VASO-G1,MUN-DES,WMM_LUD,LUD-BASICO,
21-JUL-2026,NUMARTIN,vaso,LAB_MUN,03-AUG-2026,Agua de aporte de red,LM_CAMPO,246332,LUD-VASO-G2-21-JUL-2026-013849,LUDICAS-2026,,,LUDICAS,,PISCINAS,Agua de piscina,AG_LUDICA,VASO-G2,MUN-DES,WMM_LUD,LUD-BASICO,
21-JUL-2026,NUMARTIN,vaso,LAB_MUN,03-AUG-2026,Agua de aporte de red,LM_CAMPO,246333,LUD-VASO-G3-21-JUL-2026-013850,LUDICAS-2026,,,LUDICAS,,PISCINAS,Agua de piscina,AG_LUDICA,VASO-G3,MUN-DES,WMM_LUD,LUD-BASICO,
21-JUL-2026,NUMARTIN,vaso,LAB_MUN,03-AUG-2026,Agua de aporte de red,LM_CAMPO,246334,LUD-VASO-G4-21-JUL-2026-013851,LUDICAS-2026,,,LUDICAS,,PISCINAS,Agua de piscina,AG_LUDICA,VASO-G4,MUN-DES,WMM_LUD,LUD-BASICO,
21-JUL-2026,NUMARTIN,junto al vaso AQ-1,LAB_MUN,03-AUG-2026,blanco de proceso,LM_CAMPO,246335,LUD-VASO-AQ1-21-JUL-2026-01385,CCI-INSPECCION-2026,,,LUDICAS,,PISCINAS,Agua blanco,CONTROL-LU,VASO-AQ1,,WMM_LUD,LUD-BASICO,
21-JUL-2026,NUMARTIN,VASO-AQ2,LAB_MUN,03-AUG-2026,duplicado de nº 246328,LM_CAMPO,246336,LUD-VASO-AQ2-21-JUL-2026-01385,CCI-INSPECCION-2026,,,LUDICAS,,PISCINAS,duplicado de agua de piscina,CONTROL-LU,VASO-AQ2,,WMM_LUD,LUD-BASICO,
28-JUL-2026,CLIENTE,,PISCI_AYTO,03-AUG-2026,Agua no de consumo tratada,LAB_MUN,246396,AUTOCONTROL-2026-0620,AUTOCONTROL-2026,,,LUDICAS,,PISCINAS,Agua Lúdica,AG_LUDICA,VASO-MD1,MUN-DES,WMN_LUD_CL,LUD-BASICO,
28-JUL-2026,CLIENTE,,PISCI_AYTO,03-AUG-2026,Agua no de consumo tratada,LAB_MUN,246397,AUTOCONTROL-2026-0621,AUTOCONTROL-2026,,,LUDICAS,,PISCINAS,Agua Lúdica,AG_LUDICA,VASO-MD2,MUN-DES,WMN_LUD_CL,LUD-BASICO,
28-JUL-2026,CLIENTE,,PISCI_AYTO,03-AUG-2026,Agua no de consumo tratada,LAB_MUN,246398,AUTOCONTROL-2026-0622,AUTOCONTROL-2026,,,LUDICAS,,PISCINAS,Agua Lúdica,AG_LUDICA,VASO-AQ1,MUN-DES,WMN_LUD_CL,LUD-BASICO,
28-JUL-2026,CLIENTE,,PISCI_AYTO,03-AUG-2026,Agua no de consumo tratada,LAB_MUN,246399,AUTOCONTROL-2026-0623,AUTOCONTROL-2026,,,LUDICAS,,PISCINAS,Agua Lúdica,AG_LUDICA,VASO-AQ2,MUN-DES,WMN_LUD_CL,LUD-BASICO,
28-JUL-2026,CLIENTE,,PISCI_AYTO,03-AUG-2026,Agua no de consumo tratada,LAB_MUN,246400,AUTOCONTROL-2026-0624,AUTOCONTROL-2026,,,LUDICAS,,PISCINAS,Agua Lúdica,AG_LUDICA,VASO-G1,MUN-DES,WMN_LUD_CL,LUD-BASICO,
28-JUL-2026,CLIENTE,,PISCI_AYTO,03-AUG-2026,Agua no de consumo tratada,LAB_MUN,246401,AUTOCONTROL-2026-0625,AUTOCONTROL-2026,,,LUDICAS,,PISCINAS,Agua Lúdica,AG_LUDICA,VASO-G2,MUN-DES,WMN_LUD_CL,LUD-BASICO,
28-JUL-2026,CLIENTE,,PISCI_AYTO,03-AUG-2026,Agua no de consumo tratada,LAB_MUN,246402,AUTOCONTROL-2026-0626,AUTOCONTROL-2026,,,LUDICAS,,PISCINAS,Agua Lúdica,AG_LUDICA,VASO-G3,MUN-DES,WMN_LUD_CL,LUD-BASICO,
28-JUL-2026,CLIENTE,,PISCI_AYTO,03-AUG-2026,Agua no de consumo tratada,LAB_MUN,246403,AUTOCONTROL-2026-0627,AUTOCONTROL-2026,,,LUDICAS,,PISCINAS,Agua Lúdica,AG_LUDICA,VASO-G4,MUN-DES,WMN_LUD_CL,LUD-BASICO,
28-JUL-2026,CLIENTE,,PISCI_AYTO,03-AUG-2026,Agua no de consumo tratada,LAB_MUN,246404,AUTOCONTROL-2026-0628,AUTOCONTROL-2026,,,LUDICAS,,PISCINAS,Agua Lúdica,AG_LUDICA,VASO-SA1,MUN-DES,WMN_LUD_CL,LUD-BASICO,
28-JUL-2026,CLIENTE,,PISCI_AYTO,03-AUG-2026,Agua no de consumo tratada,LAB_MUN,246405,AUTOCONTROL-2026-0629,AUTOCONTROL-2026,,,LUDICAS,,PISCINAS,Agua Lúdica,AG_LUDICA,VASO-SA2,MUN-DES,WMN_LUD_CL,LUD-BASICO,
27-JUL-2026,NUMARTIN,fuente,LAB_MUN,03-AUG-2026,agua de red,LM_CAMPO,246408,AG_CONSUMO-F-41-081138,FUENTES,3,,AGUAS_POT,,FUENTE-RED,Agua de consumo,AG_CONSUMO,F-41,VARIOS,WMM_LM_POT,POT-FUENTE,N
27-JUL-2026,NUMARTIN,fuente,LAB_MUN,03-AUG-2026,agua de red,LM_CAMPO,246409,AG_CONSUMO-F-315-081139,FUENTES,3,,AGUAS_POT,,FUENTE-RED,Agua de consumo,AG_CONSUMO,F-315,VARIOS,WMM_LM_POT,POT-FUENTE,N
27-JUL-2026,NUMARTIN,fuente,LAB_MUN,03-AUG-2026,agua de red,LM_CAMPO,246410,AG_CONSUMO-F-344-081140,FUENTES,3,comprobación de la incidencia de la muestra nº 246318,AGUAS_POT,,FUENTE-RED,Agua de consumo,AG_CONSUMO,F-344,VARIOS,WMM_LM_POT,POT-FUENTE,N
27-JUL-2026,NUMARTIN,fuente,LAB_MUN,03-AUG-2026,agua de red,LM_CAMPO,246411,AG_CONSUMO-F-346-081141,FUENTES,3,comprobación de la incidencia de la muestra nº 246319,AGUAS_POT,,FUENTE-RED,Agua de consumo,AG_CONSUMO,F-346,VARIOS,WMM_LM_POT,POT-FUENTE,N
27-JUL-2026,NUMARTIN,fuente,LAB_MUN,03-AUG-2026,agua de red,LM_CAMPO,246412,AG_CONSUMO-F-362-081142,FUENTES,3,,AGUAS_POT,,FUENTE-RED,Agua de consumo,AG_CONSUMO,F-362,VARIOS,WMM_LM_POT,POT-FUENTE,N
10-AUG-2026,CLIENTE,,PISCI_AYTO,04-SEP-2026,Agua no de consumo tratada,LAB_MUN,246736,AUTOCONTROL-2026-0681,AUTOCONTROL-2026,,,LUDICAS,,PISCINAS,Agua Lúdica,AG_LUDICA,VASO-MD1,MUN-DES,WMN_LUD_CL,LUD-BASICO,
10-AUG-2026,CLIENTE,,PISCI_AYTO,04-SEP-2026,Agua no de consumo tratada,LAB_MUN,246737,AUTOCONTROL-2026-0682,AUTOCONTROL-2026,,,LUDICAS,,PISCINAS,Agua Lúdica,AG_LUDICA,VASO-MD2,MUN-DES,WMN_LUD_CL,LUD-BASICO,
10-AUG-2026,CLIENTE,,PISCI_AYTO,04-SEP-2026,Agua no de consumo tratada,LAB_MUN,246738,AUTOCONTROL-2026-0683,AUTOCONTROL-2026,,,LUDICAS,,PISCINAS,Agua Lúdica,AG_LUDICA,VASO-AQ1,MUN-DES,WMN_LUD_CL,LUD-BASICO,
10-AUG-2026,CLIENTE,,PISCI_AYTO,04-SEP-2026,Agua no de consumo tratada,LAB_MUN,246739,AUTOCONTROL-2026-0684,AUTOCONTROL-2026,,,LUDICAS,,PISCINAS,Agua Lúdica,AG_LUDICA,VASO-AQ2,MUN-DES,WMN_LUD_CL,LUD-BASICO,
10-AUG-2026,CLIENTE,,PISCI_AYTO,04-SEP-2026,Agua no de consumo tratada,LAB_MUN,246740,AUTOCONTROL-2026-0685,AUTOCONTROL-2026,,,LUDICAS,,PISCINAS,Agua Lúdica,AG_LUDICA,VASO-G1,MUN-DES,WMN_LUD_CL,LUD-BASICO,
10-AUG-2026,CLIENTE,,PISCI_AYTO,04-SEP-2026,Agua no de consumo tratada,LAB_MUN,246741,AUTOCONTROL-2026-0686,AUTOCONTROL-2026,,,LUDICAS,,PISCINAS,Agua Lúdica,AG_LUDICA,VASO-G2,MUN-DES,WMN_LUD_CL,LUD-BASICO,
10-AUG-2026,CLIENTE,,PISCI_AYTO,04-SEP-2026,Agua no de consumo tratada,LAB_MUN,246742,AUTOCONTROL-2026-0687,AUTOCONTROL-2026,,,LUDICAS,,PISCINAS,Agua Lúdica,AG_LUDICA,VASO-G3,MUN-DES,WMN_LUD_CL,LUD-BASICO,
10-AUG-2026,CLIENTE,,PISCI_AYTO,04-SEP-2026,Agua no de consumo tratada,LAB_MUN,246743,AUTOCONTROL-2026-0688,AUTOCONTROL-2026,,,LUDICAS,,PISCINAS,Agua Lúdica,AG_LUDICA,VASO-G4,MUN-DES,WMN_LUD_CL,LUD-BASICO,
10-AUG-2026,CLIENTE,,PISCI_AYTO,04-SEP-2026,Agua no de consumo tratada,LAB_MUN,246744,AUTOCONTROL-2026-0689,AUTOCONTROL-2026,,,LUDICAS,,PISCINAS,Agua Lúdica,AG_LUDICA,VASO-I1,MUN-R1,WMN_LUD_CL,LUD-BASICO,
12-AUG-2026,CLIENTE,,PISCI_AYTO,04-SEP-2026,Agua no de consumo tratada,LAB_MUN,246745,AUTOCONTROL-2026-0690,AUTOCONTROL-2026,,,LUDICAS,Prevista para el 10 pero estaba vacía y se recibió el 12,PISCINAS,Agua Lúdica,AG_LUDICA,VASO-I2,MUN-R1,WMN_LUD_CL,LUD-BASICO,
18-AUG-2026,CLIENTE,,PISCI_AYTO,04-SEP-2026,Agua no de consumo tratada,LAB_MUN,246746,AUTOCONTROL-2026-0691,AUTOCONTROL-2026,,,LUDICAS,,PISCINAS,Agua Lúdica,AG_LUDICA,VASO-M1,MUN-R1,WMN_LUD_CL,LUD-BASICO,
18-AUG-2026,CLIENTE,,PISCI_AYTO,04-SEP-2026,Agua no de consumo tratada,LAB_MUN,246747,AUTOCONTROL-2026-0692,AUTOCONTROL-2026,,,LUDICAS,,PISCINAS,Agua Lúdica,AG_LUDICA,VASO-M2,MUN-R1,WMN_LUD_CL,LUD-BASICO,
18-AUG-2026,CLIENTE,,PISCI_AYTO,04-SEP-2026,Agua no de consumo tratada,LAB_MUN,246748,AUTOCONTROL-2026-0693,AUTOCONTROL-2026,,,LUDICAS,,PISCINAS,Agua Lúdica,AG_LUDICA,VASO-SA1,MUN-R2,WMN_LUD_CL,LUD-BASICO,
18-AUG-2026,CLIENTE,,PISCI_AYTO,04-SEP-2026,Agua no de consumo tratada,LAB_MUN,246749,AUTOCONTROL-2026-0694,AUTOCONTROL-2026,,,LUDICAS,,PISCINAS,Agua Lúdica,AG_LUDICA,VASO-SA2,MUN-R2,WMN_LUD_CL,LUD-BASICO,
18-AUG-2026,CLIENTE,,PISCI_AYTO,04-SEP-2026,Agua no de consumo tratada,LAB_MUN,246750,AUTOCONTROL-2026-0695,AUTOCONTROL-2026,,,LUDICAS,,PISCINAS,Agua Lúdica,AG_LUDICA,VASO-IB-1,MUN-R1,WMN_LUD_CL,LUD-BASICO,
18-AUG-2026,CLIENTE,,PISCI_AYTO,04-SEP-2026,Agua no de consumo tratada,LAB_MUN,246751,AUTOCONTROL-2026-0696,AUTOCONTROL-2026,,,LUDICAS,,PISCINAS,Agua Lúdica,AG_LUDICA,VASO-IB-2,MUN-R1,WMN_LUD_CL,LUD-BASICO,
18-AUG-2026,CLIENTE,,PISCI_AYTO,04-SEP-2026,Agua no de consumo tratada,LAB_MUN,246752,AUTOCONTROL-2026-0697,AUTOCONTROL-2026,,,LUDICAS,,PISCINAS,Agua Lúdica,AG_LUDICA,VASO-IB-3,MUN-R1,WMN_LUD_CL,LUD-BASICO,
25-AUG-2026,CLIENTE,,PISCI_AYTO,04-SEP-2026,Agua no de consumo tratada,LAB_MUN,246753,AUTOCONTROL-2026-0698,AUTOCONTROL-2026,,,LUDICAS,,PISCINAS,Agua Lúdica,AG_LUDICA,VASO-H1,MUN-R2,WMN_LUD_CL,LUD-BASICO,
25-AUG-2026,CLIENTE,,PISCI_AYTO,04-SEP-2026,Agua no de consumo tratada,LAB_MUN,246754,AUTOCONTROL-2026-0699,AUTOCONTROL-2026,,,LUDICAS,,PISCINAS,Agua Lúdica,AG_LUDICA,VASO-SB1,MUN-R2,WMN_LUD_CL,LUD-BASICO,
25-AUG-2026,CLIENTE,,PISCI_AYTO,04-SEP-2026,Agua no de consumo tratada,LAB_MUN,246755,AUTOCONTROL-2026-0700,AUTOCONTROL-2026,,,LUDICAS,,PISCINAS,Agua Lúdica,AG_LUDICA,VASO-SB2,MUN-R2,WMN_LUD_CL,LUD-BASICO,
25-AUG-2026,CLIENTE,,PISCI_AYTO,04-SEP-2026,Agua no de consumo tratada,LAB_MUN,246756,AUTOCONTROL-2026-0701,AUTOCONTROL-2026,,,LUDICAS,,PISCINAS,Agua Lúdica,AG_LUDICA,VASO-AB1,MUN-R1,WMN_LUD_CL,LUD-BASICO,
25-AUG-2026,CLIENTE,,PISCI_AYTO,04-SEP-2026,Agua no de consumo tratada,LAB_MUN,246757,AUTOCONTROL-2026-0702,AUTOCONTROL-2026,,,LUDICAS,,PISCINAS,Agua Lúdica,AG_LUDICA,VASO-AB2,MUN-R1,WMN_LUD_CL,LUD-BASICO,
25-AUG-2026,CLIENTE,,PISCI_AYTO,04-SEP-2026,Agua no de consumo tratada,LAB_MUN,246758,AUTOCONTROL-2026-0703,AUTOCONTROL-2026,,,LUDICAS,,PISCINAS,Agua Lúdica,AG_LUDICA,VASO-ZA1,MUN-R2,WMN_LUD_CL,LUD-BASICO,
25-AUG-2026,CLIENTE,,PISCI_AYTO,04-SEP-2026,Agua no de consumo tratada,LAB_MUN,246759,AUTOCONTROL-2026-0704,AUTOCONTROL-2026,,,LUDICAS,,PISCINAS,Agua Lúdica,AG_LUDICA,VASO-ZA2,MUN-R2,WMN_LUD_CL,LUD-BASICO,
25-AUG-2026,CLIENTE,,PISCI_AYTO,04-SEP-2026,Agua no de consumo tratada,LAB_MUN,246760,AUTOCONTROL-2026-0705,AUTOCONTROL-2026,,,LUDICAS,,PISCINAS,Agua Lúdica,AG_LUDICA,VASO-L1,MUN-R2,WMN_LUD_CL,LUD-BASICO,
25-AUG-2026,CLIENTE,,PISCI_AYTO,04-SEP-2026,Agua no de consumo tratada,LAB_MUN,246761,AUTOCONTROL-2026-0706,AUTOCONTROL-2026,,,LUDICAS,,PISCINAS,Agua Lúdica,AG_LUDICA,VASO-L2,MUN-R2,WMN_LUD_CL,LUD-BASICO,
25-AUG-2026,CLIENTE,,PISCI_AYTO,04-SEP-2026,Agua no de consumo tratada,LAB_MUN,246762,AUTOCONTROL-2026-0707,AUTOCONTROL-2026,,,LUDICAS,,PISCINAS,Agua Lúdica,AG_LUDICA,VASO-A1,MUN-R1,WMN_LUD_CL,LUD-BASICO,
25-AUG-2026,CLIENTE,,PISCI_AYTO,04-SEP-2026,Agua no de consumo tratada,LAB_MUN,246763,AUTOCONTROL-2026-0708,AUTOCONTROL-2026,,,LUDICAS,,PISCINAS,Agua Lúdica,AG_LUDICA,VASO-A2,MUN-R1,WMN_LUD_CL,LUD-BASICO,
26-AUG-2026,CLIENTE,,PISCI_AYTO,04-SEP-2026,Agua no de consumo tratada,LAB_MUN,246764,AUTOCONTROL-2026-0709,AUTOCONTROL-2026,,,LUDICAS,,PISCINAS,Agua Lúdica,AG_LUDICA,VASO-MD1,MUN-DES,WMN_LUD_CL,LUD-BASICO,
26-AUG-2026,CLIENTE,,PISCI_AYTO,04-SEP-2026,Agua no de consumo tratada,LAB_MUN,246765,AUTOCONTROL-2026-0710,AUTOCONTROL-2026,,,LUDICAS,,PISCINAS,Agua Lúdica,AG_LUDICA,VASO-MD2,MUN-DES,WMN_LUD_CL,LUD-BASICO,
26-AUG-2026,CLIENTE,,PISCI_AYTO,04-SEP-2026,Agua no de consumo tratada,LAB_MUN,246766,AUTOCONTROL-2026-0711,AUTOCONTROL-2026,,,LUDICAS,,PISCINAS,Agua Lúdica,AG_LUDICA,VASO-AQ1,MUN-DES,WMN_LUD_CL,LUD-BASICO,
26-AUG-2026,CLIENTE,,PISCI_AYTO,04-SEP-2026,Agua no de consumo tratada,LAB_MUN,246767,AUTOCONTROL-2026-0712,AUTOCONTROL-2026,,,LUDICAS,,PISCINAS,Agua Lúdica,AG_LUDICA,VASO-AQ2,MUN-DES,WMN_LUD_CL,LUD-BASICO,
26-AUG-2026,CLIENTE,,PISCI_AYTO,04-SEP-2026,Agua no de consumo tratada,LAB_MUN,246768,AUTOCONTROL-2026-0713,AUTOCONTROL-2026,,,LUDICAS,,PISCINAS,Agua Lúdica,AG_LUDICA,VASO-G1,MUN-DES,WMN_LUD_CL,LUD-BASICO,
26-AUG-2026,CLIENTE,,PISCI_AYTO,04-SEP-2026,Agua no de consumo tratada,LAB_MUN,246769,AUTOCONTROL-2026-0714,AUTOCONTROL-2026,,,LUDICAS,,PISCINAS,Agua Lúdica,AG_LUDICA,VASO-G2,MUN-DES,WMN_LUD_CL,LUD-BASICO,
26-AUG-2026,CLIENTE,,PISCI_AYTO,04-SEP-2026,Agua no de consumo tratada,LAB_MUN,246770,AUTOCONTROL-2026-0715,AUTOCONTROL-2026,,,LUDICAS,,PISCINAS,Agua Lúdica,AG_LUDICA,VASO-G3,MUN-DES,WMN_LUD_CL,LUD-BASICO,
26-AUG-2026,CLIENTE,,PISCI_AYTO,04-SEP-2026,Agua no de consumo tratada,LAB_MUN,246771,AUTOCONTROL-2026-0716,AUTOCONTROL-2026,,,LUDICAS,,PISCINAS,Agua Lúdica,AG_LUDICA,VASO-G4,MUN-DES,WMN_LUD_CL,LUD-BASICO,
12-AUG-2026,CLIENTE,,PISCI_AYTO,04-SEP-2026,Agua no de consumo tratada,LAB_MUN,246776,AUTOCONTROL-2026-0717,AUTOCONTROL-2026,,,LUDICAS,,MUN-DES,Agua Lúdica,AG_LUDICA,VASO-MD2,PISCINAS,WMN_LUD_CL,LUD-BASICO,
17-AUG-2026,OSKAR,fuente,LAB_MUN,04-SEP-2026,agua de red,LM_CAMPO,246785,AG_CONSUMO-F-81-081143,FUENTES,0,,AGUAS_POT,,VARIOS,Agua de consumo,AG_CONSUMO,F-81,FUENTE,WMM_LM_POT,POT-FUENTE,N
17-AUG-2026,OSKAR,fuente,LAB_MUN,04-SEP-2026,agua de red,LM_CAMPO,246786,AG_CONSUMO-F-78-081144,FUENTES,0,,AGUAS_POT,,VARIOS,Agua de consumo,AG_CONSUMO,F-78,FUENTE,WMM_LM_POT,POT-FUENTE,N
17-AUG-2026,OSKAR,fuente,LAB_MUN,04-SEP-2026,agua de red,LM_CAMPO,246787,AG_CONSUMO-F-143-081145,FUENTES,0,,AGUAS_POT,,VARIOS,Agua de consumo,AG_CONSUMO,F-143,FUENTE,WMM_LM_POT,POT-FUENTE,N
17-AUG-2026,OSKAR,fuente,LAB_MUN,04-SEP-2026,agua de red,LM_CAMPO,246788,AG_CONSUMO-F-142-081146,FUENTES,0,,AGUAS_POT,,VARIOS,Agua de consumo,AG_CONSUMO,F-142,FUENTE,WMM_LM_POT,POT-FUENTE,N
17-AUG-2026,OSKAR,fuente,LAB_MUN,04-SEP-2026,agua de red,LM_CAMPO,246789,AG_CONSUMO-F-262-081147,FUENTES,0,,AGUAS_POT,,VARIOS,Agua de consumo,AG_CONSUMO,F-262,FUENTE,WMM_LM_POT,POT-FUENTE,N
17-AUG-2026,OSKAR,fuente,LAB_MUN,04-SEP-2026,agua de red,LM_CAMPO,246790,AG_CONSUMO-F-120-081148,FUENTES,0,,AGUAS_POT,,VARIOS,Agua de consumo,AG_CONSUMO,F-120,FUENTE,WMM_LM_POT,POT-FUENTE,N
17-AUG-2026,OSKAR,fuente,LAB_MUN,04-SEP-2026,agua de red,LM_CAMPO,246791,AG_CONSUMO-F-197-081149,FUENTES,0,,AGUAS_POT,,VARIOS,Agua de consumo,AG_CONSUMO,F-197,FUENTE,WMM_LM_POT,POT-FUENTE,N
17-AUG-2026,OSKAR,fuente,LAB_MUN,04-SEP-2026,agua de red,LM_CAMPO,246792,AG_CONSUMO-F-213-081150,FUENTES,0,,AGUAS_POT,,VARIOS,Agua de consumo,AG_CONSUMO,F-213,FUENTE,WMM_LM_POT,POT-FUENTE,N
17-AUG-2026,OSKAR,fuente,LAB_MUN,04-SEP-2026,agua de red,LM_CAMPO,246793,AG_CONSUMO-F-371-081151,FUENTES,0,,AGUAS_POT,,VARIOS,Agua de consumo,AG_CONSUMO,F-371,FUENTE,WMM_LM_POT,POT-FUENTE,N
17-AUG-2026,OSKAR,envase,LAB_MUN,04-SEP-2026,blanco envase lote 24/7/26,LM_CAMPO,246795,AG_CONSUMO-POT-000-081153,CCI-INSPECCION-2026,0,,AGUAS_POT,,,agua blanco,CONTROL-PO,POT-000,,WMM_LM_POT,POT-FUENTE,N
19-AUG-2026,OSKAR,fuente,LAB_MUN,04-SEP-2026,agua de red,LM_CAMPO,246814,AG_CONSUMO-F2-081154,FUENTES,0,,AGUAS_POT,,FUENTES,Agua de consumo,AG_CONSUMO,F2,VARIOS,WMM_LM_POT,POT-FUENTE,N
19-AUG-2026,OSKAR,fuente,LAB_MUN,04-SEP-2026,agua de red,LM_CAMPO,246815,AG_CONSUMO-F-10-081155,FUENTES,0,,AGUAS_POT,,FUENTES,Agua de consumo,AG_CONSUMO,F-10,VARIOS,WMM_LM_POT,POT-FUENTE,N
19-AUG-2026,OSKAR,fuente,LAB_MUN,04-SEP-2026,agua de red,LM_CAMPO,246816,AG_CONSUMO-F-36-081156,FUENTES,0,,AGUAS_POT,,FUENTES,Agua de consumo,AG_CONSUMO,F-225,VARIOS,WMM_LM_POT,POT-FUENTE,N
19-AUG-2026,OSKAR,fuente,LAB_MUN,04-SEP-2026,agua de red,LM_CAMPO,246817,AG_CONSUMO-F-37-081157,FUENTES,0,,AGUAS_POT,,FUENTES,Agua de consumo,AG_CONSUMO,F-37,VARIOS,WMM_LM_POT,POT-FUENTE,N
19-AUG-2026,OSKAR,fuente,LAB_MUN,04-SEP-2026,agua de red,LM_CAMPO,246818,AG_CONSUMO-F-86-081158,FUENTES,0,,AGUAS_POT,,FUENTES,Agua de consumo,AG_CONSUMO,F30,VARIOS,WMM_LM_POT,POT-FUENTE,N
19-AUG-2026,OSKAR,fuente,LAB_MUN,04-SEP-2026,agua de red,LM_CAMPO,246820,AG_CONSUMO-F-141-081160,FUENTES,0,,AGUAS_POT,,FUENTES,Agua de consumo,AG_CONSUMO,F-141,VARIOS,WMM_LM_POT,POT-FUENTE,N
19-AUG-2026,OSKAR,fuente,LAB_MUN,04-SEP-2026,agua de red,LM_CAMPO,246821,AG_CONSUMO-F-161-081161,FUENTES,0,,AGUAS_POT,,FUENTES,Agua de consumo,AG_CONSUMO,F-161,VARIOS,WMM_LM_POT,POT-FUENTE,N
19-AUG-2026,OSKAR,fuente,LAB_MUN,04-SEP-2026,agua de red,LM_CAMPO,246822,AG_CONSUMO-F-165-081162,FUENTES,0,,AGUAS_POT,,FUENTES,Agua de consumo,AG_CONSUMO,F-165,VARIOS,WMM_LM_POT,POT-FUENTE,N
19-AUG-2026,OSKAR,fuente,LAB_MUN,04-SEP-2026,duplicado de 246815,LM_CAMPO,246823,AG_CONSUMO-F-10-081163,CCI-INSPECCION-2026,0,,AGUAS_POT,,,duplicado Agua de consumo,CONTROL-PO,F-10,,WMM_LM_POT,POT-FUENTE,N
31-AUG-2026,NUMARTIN,fuente,LAB_MUN,04-SEP-2026,blanco proceso,LM_CAMPO,246846,CONTROL-PO-F-120-081174,CCI-INSPECCION-2026,3,,AGUAS_POT,,FUENTE-RED,agua blanco,CONTROL-PO,F-120,VARIOS,WMM_LM_POT,POT-FUENTE,N