Analysis,Component name,Id numeric,Result text,Result type,Result value
PE-IL-TEMP,Temperatura del agua,236761,32.3,N,32.300
M-021,Recuento,236761,0,N,0.000
M-021,Recuento de Legionella pneumophila,236761,<10,N,10.000
M-021,Recuento transformado,236761,0.0,K,0.000
PE-IL-CL,Cloro libre,236761,0.0,N,0.000
PE-IL-TEMP,Temperatura del agua,236762,60.7,N,60.700
PE-IL-CL,Cloro libre,236762,0.0,N,0.000
M-021,Recuento transformado,236762,0.0,K,0.000
M-021,Recuento de Legionella pneumophila,236762,<10,N,10.000
M-021,Recuento,236762,0,N,0.000
PE-IL-TEMP,Temperatura del agua,236763,56.6,N,56.600
M-021,Recuento transformado,236763,1.0,K,1.000
M-021,Recuento de Legionella pneumophila,236763,11,N,11.000
M-021,Recuento,236763,1,N,1.000
PE-IL-CL,Cloro libre,236763,0.0,N,0.000
D_CONDUCT,Conductividad a 20 ºC,238091,201,N,200.500
WMM-LM-CAM,Cloro total,238091,0.55,N,0.550
D_TURBIDEZ,Turbidez,238091,<0.4,N,0.300
M-016-AC1,Recuento de E. coli,238091,0,N,0.000
M-016-AC1,Recuento de bacterias coliformes,238091,0,N,0.000
M-068-AC1,Microorganismos cultivables a 22 ºC,238091,0.0,K,0.000
M-068-AC1,Microorganismos cultivables a 22º C,238091,<1,N,1.000
M-068-AC1,Recuento,238091,0,K,0.000
MET-GRF-AC,Aluminio total,238091,70.1,N,70.070
MET-GRF-AC,Cobre total,238091,<50.0,N,2.010
MET-GRF-AC,Cromo total,238091,<10.0,N,0.050
MET-GRF-AC,Hierro total,238091,15.6,N,15.630
MET-GRF-AC,Niquel total,238091,<5.0,N,1.140
MET-GRF-AC,Plomo total,238091,<1.0,N,0.040
WMM-LM-CAM,Cloro combinado,238091,0.11,N,0.110
WMM-LM-CAM,Cloro libre,238091,0.44,N,0.440
D_PH,pH,238091,8.1,N,8.060
D_CONDUCT,Conductividad a 20 ºC,238092,199,N,199.400
WMM-LM-CAM,Cloro total,238092,0.31,N,0.310
D_TURBIDEZ,Turbidez,238092,<0.4,N,0.210
M-016-AC1,Recuento de E. coli,238092,0,N,0.000
M-016-AC1,Recuento de bacterias coliformes,238092,0,N,0.000
M-068-AC1,Microorganismos cultivables a 22 ºC,238092,0.0,K,0.000
M-068-AC1,Microorganismos cultivables a 22º C,238092,<1,N,1.000
M-068-AC1,Recuento,238092,0,K,0.000
MET-GRF-AC,Aluminio total,238092,67.4,N,67.440
MET-GRF-AC,Cobre total,238092,<50.0,N,6.210
MET-GRF-AC,Cromo total,238092,<10.0,N,0.040
MET-GRF-AC,Hierro total,238092,13.1,N,13.140
MET-GRF-AC,Niquel total,238092,<5.0,N,1.120
MET-GRF-AC,Plomo total,238092,<1.0,N,0.180
WMM-LM-CAM,Cloro combinado,238092,<0.10,N,0.040
WMM-LM-CAM,Cloro libre,238092,0.27,N,0.270
D_PH,pH,238092,8.0,N,8.000
D_CONDUCT,Conductividad a 20 ºC,238093,193,N,192.500
WMM-LM-CAM,Cloro total,238093,0.40,N,0.400
D_TURBIDEZ,Turbidez,238093,<0.4,N,0.240
M-016-AC1,Recuento de E. coli,238093,0,N,0.000
M-016-AC1,Recuento de bacterias coliformes,238093,0,N,0.000
M-068-AC1,Microorganismos cultivables a 22 ºC,238093,0.0,K,0.000
M-068-AC1,Microorganismos cultivables a 22º C,238093,<1,N,1.000
M-068-AC1,Recuento,238093,0,K,0.000
MET-GRF-AC,Aluminio total,238093,68.0,N,68.000
MET-GRF-AC,Cobre total,238093,<50.0,N,10.550
MET-GRF-AC,Cromo total,238093,<10.0,N,0.070
MET-GRF-AC,Hierro total,238093,14.7,N,14.670
MET-GRF-AC,Niquel total,238093,<5.0,N,1.240
MET-GRF-AC,Plomo total,238093,<1.0,N,0.290
WMM-LM-CAM,Cloro combinado,238093,0.20,N,0.200
WMM-LM-CAM,Cloro libre,238093,0.20,N,0.200
D_PH,pH,238093,8.0,N,7.970
D_CONDUCT,Conductividad a 20 ºC,238094,190,N,189.500
D_PH,pH,238094,8.0,N,7.970
D_TURBIDEZ,Turbidez,238094,0.6,N,0.550
M-016-AC1,Recuento de E. coli,238094,0,N,0.000
M-016-AC1,Recuento de bacterias coliformes,238094,0,N,0.000
M-068-AC1,Microorganismos cultivables a 22 ºC,238094,0.0,K,0.000
M-068-AC1,Microorganismos cultivables a 22º C,238094,<1,N,1.000
M-068-AC1,Recuento,238094,0,K,0.000
MET-GRF-AC,Aluminio total,238094,142.2,N,142.180
MET-GRF-AC,Cobre total,238094,<50.0,N,4.380
MET-GRF-AC,Cromo total,238094,<10.0,N,0.060
MET-GRF-AC,Hierro total,238094,44.8,N,44.780
MET-GRF-AC,Niquel total,238094,<5.0,N,1.100
MET-GRF-AC,Plomo total,238094,2.5,N,2.470
WMM-LM-CAM,Cloro combinado,238094,<0.10,N,0.090
WMM-LM-CAM,Cloro libre,238094,0.55,N,0.550
WMM-LM-CAM,Cloro total,238094,0.64,N,0.640
D_TURBIDEZ,Turbidez,238095,<0.4,N,0.310
D_PH,pH,238095,8.0,N,7.980
M-016-AC1,Recuento de E. coli,238095,0,N,0.000
M-016-AC1,Recuento de bacterias coliformes,238095,0,N,0.000
M-068-AC1,Microorganismos cultivables a 22 ºC,238095,1.0,K,1.000
M-068-AC1,Recnto. Microorg. cultivables a 22º C,238095,Presencia /ml,O,0.000
M-068-AC1,Recuento,238095,1,K,1.000
MET-GRF-AC,Aluminio total,238095,90.5,N,90.450
MET-GRF-AC,Cobre total,238095,<50.0,N,8.540
MET-GRF-AC,Cromo total,238095,<10.0,N,0.080
MET-GRF-AC,Hierro total,238095,31.6,N,31.620
MET-GRF-AC,Niquel total,238095,<5.0,N,1.440
MET-GRF-AC,Plomo total,238095,1.7,N,1.700
WMM-LM-CAM,Cloro combinado,238095,0.17,N,0.170
WMM-LM-CAM,Cloro libre,238095,0.31,N,0.310
WMM-LM-CAM,Cloro total,238095,0.48,N,0.480
D_CONDUCT,Conductividad a 20 ºC,238095,201,N,200.700
D_CONDUCT,Conductividad a 20 ºC,238096,192,N,191.600
WMM-LM-CAM,Cloro total,238096,0.38,N,0.380
D_TURBIDEZ,Turbidez,238096,<0.4,N,0.300
M-016-AC1,Recuento de E. coli,238096,0,N,0.000
M-016-AC1,Recuento de bacterias coliformes,238096,0,N,0.000
M-068-AC1,Microorganismos cultivables a 22 ºC,238096,1.0,K,1.000
M-068-AC1,Recnto. Microorg. cultivables a 22º C,238096,Presencia /ml,O,0.000
M-068-AC1,Recuento,238096,1,K,1.000
MET-GRF-AC,Aluminio total,238096,74.4,N,74.380
MET-GRF-AC,Cobre total,238096,<50.0,N,2.750
MET-GRF-AC,Cromo total,238096,<10.0,N,0.060
MET-GRF-AC,Hierro total,238096,59.6,N,59.640
MET-GRF-AC,Niquel total,238096,<5.0,N,1.180
MET-GRF-AC,Plomo total,238096,<1.0,N,0.200
WMM-LM-CAM,Cloro combinado,238096,0.15,N,0.150
WMM-LM-CAM,Cloro libre,238096,0.23,N,0.230
D_PH,pH,238096,8.0,N,8.020
D_CONDUCT,Conductividad a 20 ºC,238097,190,N,190.000
MET-GRF-AC,Cromo total,238097,<10.0,N,0.060
D_TURBIDEZ,Turbidez,238097,<0.4,N,0.250
M-016-AC1,Recuento de E. coli,238097,0,N,0.000
M-016-AC1,Recuento de bacterias coliformes,238097,0,N,0.000
M-068-AC1,Microorganismos cultivables a 22 ºC,238097,0.0,K,0.000
MET-GRF-AC,Hierro total,238097,12.8,N,12.800
MET-GRF-AC,Niquel total,238097,<5.0,N,0.900
MET-GRF-AC,Plomo total,238097,<1.0,N,0.050
WMM-LM-CAM,Cloro combinado,238097,0.14,N,0.140
WMM-LM-CAM,Cloro libre,238097,0.45,N,0.450
WMM-LM-CAM,Cloro total,238097,0.59,N,0.590
M-068-AC1,Microorganismos cultivables a 22º C,238097,<1,N,1.000
M-068-AC1,Recuento,238097,0,K,0.000
MET-GRF-AC,Aluminio total,238097,78.7,N,78.670
MET-GRF-AC,Cobre total,238097,<50.0,N,17.300
D_PH,pH,238097,8.0,N,8.040
D_CONDUCT,Conductividad a 20 ºC,238098,202,N,202.200
WMM-LM-CAM,Cloro total,238098,0.69,N,0.690
D_TURBIDEZ,Turbidez,238098,<0.4,N,0.290
M-016-AC1,Recuento de E. coli,238098,0,N,0.000
M-016-AC1,Recuento de bacterias coliformes,238098,0,N,0.000
M-068-AC1,Microorganismos cultivables a 22 ºC,238098,0.0,K,0.000
M-068-AC1,Microorganismos cultivables a 22º C,238098,<1,N,1.000
M-068-AC1,Recuento,238098,0,K,0.000
MET-GRF-AC,Aluminio total,238098,74.7,N,74.690
MET-GRF-AC,Cobre total,238098,<50.0,N,0.650
MET-GRF-AC,Cromo total,238098,<10.0,N,0.050
MET-GRF-AC,Hierro total,238098,14.0,N,13.970
MET-GRF-AC,Niquel total,238098,<5.0,N,1.190
MET-GRF-AC,Plomo total,238098,<1.0,N,0.020
WMM-LM-CAM,Cloro combinado,238098,0.15,N,0.150
WMM-LM-CAM,Cloro libre,238098,0.54,N,0.540
D_PH,pH,238098,8.0,N,8.030
D_CONDUCT,Conductividad a 20 ºC,238103,203,N,202.500
WMM-LM-CAM,Cloro total,238103,0.40,N,0.400
D_TURBIDEZ,Turbidez,238103,<0.4,N,0.240
M-016-AC1,Recuento de E. coli,238103,0,N,0.000
M-016-AC1,Recuento de bacterias coliformes,238103,0,N,0.000
M-068-AC1,Microorganismos cultivables a 22 ºC,238103,0.0,K,0.000
M-068-AC1,Microorganismos cultivables a 22º C,238103,<1,N,1.000
M-068-AC1,Recuento,238103,0,K,0.000
MET-GRF-AC,Aluminio total,238103,71.4,N,71.410
MET-GRF-AC,Cobre total,238103,<50.0,N,2.890
MET-GRF-AC,Cromo total,238103,<10.0,N,0.070
MET-GRF-AC,Hierro total,238103,13.2,N,13.150
MET-GRF-AC,Niquel total,238103,<5.0,N,0.960
MET-GRF-AC,Plomo total,238103,<1.0,N,0.110
WMM-LM-CAM,Cloro combinado,238103,0.17,N,0.170
WMM-LM-CAM,Cloro libre,238103,0.23,N,0.230
D_PH,pH,238103,7.9,N,7.890
D_TURBIDEZ,Turbidez,238104,<0.4,N,0.220
WMM-LM-CAM,Cloro total,238104,<0.10,N,0.040
M-016-AC1,Recuento de E. coli,238104,0,N,0.000
M-016-AC1,Recuento de bacterias coliformes,238104,0,N,0.000
M-068-AC1,Microorganismos cultivables a 22 ºC,238104,2.0,K,2.000
D_CONDUCT,Conductividad a 20 ºC,238104,201,N,201.300
D_PH,pH,238104,8.0,N,7.970
M-068-AC1,Recnto de Microorg. cultivables a 22ºC,238104,Presencia /ml,O,0.000
M-068-AC1,Recuento,238104,2,K,2.000
MET-GRF-AC,Aluminio total,238104,74.8,N,74.820
MET-GRF-AC,Cobre total,238104,<50.0,N,7.960
MET-GRF-AC,Cromo total,238104,<10.0,N,0.070
MET-GRF-AC,Hierro total,238104,15.2,N,15.180
MET-GRF-AC,Niquel total,238104,8.4,N,8.430
MET-GRF-AC,Plomo total,238104,<1.0,N,0.890
WMM-LM-CAM,Cloro combinado,238104,<0.10,N,0.040
WMM-LM-CAM,Cloro libre,238104,<0.10,N,0.000
D_CONDUCT,Conductividad a 20 ºC,238105,196,N,195.900
WMM-LM-CAM,Cloro total,238105,1.56,N,1.560
D_TURBIDEZ,Turbidez,238105,<0.4,N,0.260
M-016-AC1,Recuento de E. coli,238105,0,N,0.000
M-016-AC1,Recuento de bacterias coliformes,238105,0,N,0.000
M-068-AC1,Microorganismos cultivables a 22 ºC,238105,0.0,K,0.000
M-068-AC1,Microorganismos cultivables a 22º C,238105,<1,N,1.000
M-068-AC1,Recuento,238105,0,K,0.000
MET-GRF-AC,Aluminio total,238105,79.6,N,79.620
MET-GRF-AC,Cobre total,238105,<50.0,N,0.830
MET-GRF-AC,Cromo total,238105,<10.0,N,0.050
MET-GRF-AC,Hierro total,238105,14.7,N,14.650
MET-GRF-AC,Niquel total,238105,<5.0,N,1.180
MET-GRF-AC,Plomo total,238105,<1.0,N,0.040
WMM-LM-CAM,Cloro combinado,238105,0.20,N,0.200
WMM-LM-CAM,Cloro libre,238105,1.36,N,1.360
D_PH,pH,238105,7.9,N,7.940
D_CONDUCT,Conductividad a 20 ºC,238106,197,N,197.400
D_PH,pH,238106,8.0,N,7.990
D_TURBIDEZ,Turbidez,238106,<0.4,N,0.320
M-016-AC1,Recuento de E. coli,238106,0,N,0.000
M-016-AC1,Recuento de bacterias coliformes,238106,0,N,0.000
M-068-AC1,Microorganismos cultivables a 22 ºC,238106,0.0,K,0.000
M-068-AC1,Microorganismos cultivables a 22º C,238106,<1,N,1.000
M-068-AC1,Recuento,238106,0,K,0.000
MET-GRF-AC,Aluminio total,238106,81.9,N,81.880
MET-GRF-AC,Cobre total,238106,<50.0,N,2.520
MET-GRF-AC,Cromo total,238106,<10.0,N,0.050
MET-GRF-AC,Hierro total,238106,15.9,N,15.850
MET-GRF-AC,Niquel total,238106,<5.0,N,1.140
MET-GRF-AC,Plomo total,238106,<1.0,N,0.080
WMM-LM-CAM,Cloro combinado,238106,0.19,N,0.190
WMM-LM-CAM,Cloro libre,238106,0.48,N,0.480
WMM-LM-CAM,Cloro total,238106,0.67,N,0.670
MET-GRF-AC,Cobre total,238107,<50.0,N,19.720
D_PH,pH,238107,7.8,N,7.840
MET-GRF-AC,Hierro total,238107,33.4,N,33.440
MET-GRF-AC,Niquel total,238107,<5.0,N,1.300
MET-GRF-AC,Plomo total,238107,<1.0,N,0.310
WMM-LM-CAM,Cloro combinado,238107,<0.10,N,0.060
WMM-LM-CAM,Cloro libre,238107,<0.10,N,0.000
WMM-LM-CAM,Cloro total,238107,<0.10,N,0.060
D_TURBIDEZ,Turbidez,238107,<0.4,N,0.210
M-016-AC1,Recuento de E. coli,238107,0,N,0.000
M-016-AC1,Recuento de bacterias coliformes,238107,0,N,0.000
M-068-AC1,Microorganismos cultivables a 22 ºC,238107,0.0,K,0.000
M-068-AC1,Microorganismos cultivables a 22º C,238107,<1,N,1.000
M-068-AC1,Recuento,238107,0,K,0.000
MET-GRF-AC,Aluminio total,238107,71.4,N,71.370
D_CONDUCT,Conductividad a 20 ºC,238107,204,N,204.000
MET-GRF-AC,Cromo total,238107,<10.0,N,0.060
D_CONDUCT,Conductividad a 20 ºC,238108,198,N,197.700
D_PH,pH,238108,8.0,N,8.000
D_TURBIDEZ,Turbidez,238108,<0.4,N,0.270
M-016-AC1,Recuento de E. coli,238108,0,N,0.000
M-016-AC1,Recuento de bacterias coliformes,238108,0,N,0.000
M-068-AC1,Microorganismos cultivables a 22 ºC,238108,0.0,K,0.000
M-068-AC1,Microorganismos cultivables a 22º C,238108,<1,N,1.000
M-068-AC1,Recuento,238108,0,K,0.000
MET-GRF-AC,Aluminio total,238108,79.1,N,79.110
MET-GRF-AC,Cobre total,238108,<50.0,N,2.180
MET-GRF-AC,Cromo total,238108,<10.0,N,0.060
MET-GRF-AC,Hierro total,238108,15.7,N,15.690
MET-GRF-AC,Niquel total,238108,<5.0,N,1.130
MET-GRF-AC,Plomo total,238108,<1.0,N,0.000
WMM-LM-CAM,Cloro combinado,238108,0.12,N,0.120
WMM-LM-CAM,Cloro libre,238108,0.55,N,0.550
WMM-LM-CAM,Cloro total,238108,0.67,N,0.670
M-068-AC1,Microorganismos cultivables a 22º C,238109,<1,N,1.000
WMM-LM-CAM,Cloro total,238109,0.15,N,0.150
M-068-AC1,Recuento,238109,0,K,0.000
MET-GRF-AC,Aluminio total,238109,76.0,N,76.010
MET-GRF-AC,Cobre total,238109,<50.0,N,3.630
MET-GRF-AC,Cromo total,238109,<10.0,N,0.050
D_CONDUCT,Conductividad a 20 ºC,238109,204,N,203.900
D_PH,pH,238109,7.9,N,7.890
D_TURBIDEZ,Turbidez,238109,0.4,N,0.380
M-016-AC1,Recuento de E. coli,238109,0,N,0.000
M-016-AC1,Recuento de bacterias coliformes,238109,0,N,0.000
M-068-AC1,Microorganismos cultivables a 22 ºC,238109,0.0,K,0.000
MET-GRF-AC,Hierro total,238109,38.3,N,38.330
MET-GRF-AC,Niquel total,238109,<5.0,N,1.080
MET-GRF-AC,Plomo total,238109,1.5,N,1.450
WMM-LM-CAM,Cloro combinado,238109,0.13,N,0.130
WMM-LM-CAM,Cloro libre,238109,<0.10,N,0.020
MET-GRF-AC,Cobre total,238110,<50.0,N,1.050
MET-GRF-AC,Cromo total,238110,<10.0,N,0.050
WMM-LM-CAM,Cloro libre,238110,0.48,N,0.480
WMM-LM-CAM,Cloro combinado,238110,0.14,N,0.140
MET-GRF-AC,Plomo total,238110,<1.0,N,0.040
MET-GRF-AC,Niquel total,238110,<5.0,N,1.170
MET-GRF-AC,Hierro total,238110,16.5,N,16.510
MET-GRF-AC,Aluminio total,238110,80.6,N,80.630
M-068-AC1,Recuento,238110,0,K,0.000
M-068-AC1,Microorganismos cultivables a 22º C,238110,<1,N,1.000
M-068-AC1,Microorganismos cultivables a 22 ºC,238110,0.0,K,0.000
M-016-AC1,Recuento de bacterias coliformes,238110,0,N,0.000
M-016-AC1,Recuento de E. coli,238110,0,N,0.000
D_TURBIDEZ,Turbidez,238110,0.4,N,0.370
D_PH,pH,238110,8.0,N,8.030
D_CONDUCT,Conductividad a 20 ºC,238110,197,N,196.800
WMM-LM-CAM,Cloro total,238110,0.62,N,0.620
WMM-LM-CAM,Cloro libre,238111,0.41,N,0.410
WMM-LM-CAM,Cloro combinado,238111,0.13,N,0.130
MET-SUP-AC,Hierro total,238111,23.3,N,23.340
MET-SUP-AC,Aluminio total,238111,88.0,N,88.020
MET-GRF-AC,Plomo total,238111,<1.0,N,0.220
MET-GRF-AC,Niquel total,238111,<5.0,N,1.110
MET-GRF-AC,Hierro total,238111,23.3,N,23.340
MET-GRF-AC,Cromo total,238111,<10.0,N,0.080
WMM-LM-CAM,Cloro total,238111,0.54,N,0.540
MET-GRF-AC,Aluminio total,238111,88.0,N,88.020
M-068-AC1,Recuento,238111,0,K,0.000
M-068-AC1,Microorganismos cultivables a 22º C,238111,<1,N,1.000
M-068-AC1,Microorganismos cultivables a 22 ºC,238111,0.0,K,0.000
M-016-AC1,Recuento de bacterias coliformes,238111,0,N,0.000
M-016-AC1,Recuento de E. coli,238111,0,N,0.000
D_TURBIDEZ,Turbidez,238111,0.4,N,0.370
D_PH,pH,238111,8.0,N,8.000
D_CONDUCT,Conductividad a 20 ºC,238111,186,N,186.100
MET-GRF-AC,Cobre total,238111,<50.0,N,1.710
D_CONDUCT,Conductividad a 20 ºC,238518,184,N,184.200
WMM-LM-CAM,Cloro total,238518,<0.10,N,0.030
D_TURBIDEZ,Turbidez,238518,<0.4,N,0.310
M-016-AC1,Recuento de E. coli,238518,0,N,0.000
M-016-AC1,Recuento de bacterias coliformes,238518,0,N,0.000
M-068-AC1,Microorganismos cultivables a 22 ºC,238518,9.0,K,9.000
M-068-AC1,Recnto. Microorg. cultivables a 22 ºC,238518,Estimado 9 ufc/ ml,O,0.000
M-068-AC1,Recuento,238518,9,K,9.000
MET-GRF-AC,Aluminio total,238518,76.4,N,76.410
MET-GRF-AC,Cobre total,238518,<50.0,N,21.750
MET-GRF-AC,Cromo total,238518,<10.0,N,-0.060
MET-GRF-AC,Hierro total,238518,28.2,N,28.150
MET-GRF-AC,Niquel total,238518,<5.0,N,1.730
MET-GRF-AC,Plomo total,238518,<1.0,N,0.380
WMM-LM-CAM,Cloro combinado,238518,<0.10,N,0.000
WMM-LM-CAM,Cloro libre,238518,<0.10,N,0.030
D_PH,pH,238518,7.5,N,7.500
M-068-AC1,Recuento,238519,0,K,0.000
MET-GRF-AC,Aluminio total,238519,75.6,N,75.570
MET-GRF-AC,Cobre total,238519,<50.0,N,7.760
MET-GRF-AC,Cromo total,238519,<10.0,N,0.000
MET-GRF-AC,Hierro total,238519,57.3,N,57.260
MET-GRF-AC,Niquel total,238519,<5.0,N,1.490
MET-GRF-AC,Plomo total,238519,1.2,N,1.230
WMM-LM-CAM,Cloro combinado,238519,0.14,N,0.140
WMM-LM-CAM,Cloro libre,238519,0.10,N,0.100
WMM-LM-CAM,Cloro total,238519,0.24,N,0.240
D_CONDUCT,Conductividad a 20 ºC,238519,187,N,187.100
D_PH,pH,238519,7.8,N,7.790
D_TURBIDEZ,Turbidez,238519,<0.4,N,0.300
M-016-AC1,Recuento de E. coli,238519,0,N,0.000
M-016-AC1,Recuento de bacterias coliformes,238519,0,N,0.000
M-068-AC1,Microorganismos cultivables a 22 °C,238519,<1,N,1.000
M-068-AC1,Microorganismos cultivables a 22 ºC,238519,0.0,K,0.000
MET-GRF-AC,Plomo total,238520,<1.0,N,0.400
WMM-LM-CAM,Cloro combinado,238520,0.16,N,0.160
WMM-LM-CAM,Cloro libre,238520,0.27,N,0.270
WMM-LM-CAM,Cloro total,238520,0.43,N,0.430
D_CONDUCT,Conductividad a 20 ºC,238520,184,N,183.700
D_PH,pH,238520,7.9,N,7.940
D_TURBIDEZ,Turbidez,238520,0.4,N,0.370
M-016-AC1,Recuento de E. coli,238520,0,N,0.000
M-016-AC1,Recuento de bacterias coliformes,238520,0,N,0.000
M-068-AC1,Microorganismos cultivables a 22 °C,238520,<1,N,1.000
M-068-AC1,Microorganismos cultivables a 22 ºC,238520,0.0,K,0.000
M-068-AC1,Recuento,238520,0,K,0.000
MET-GRF-AC,Aluminio total,238520,91.4,N,91.360
MET-GRF-AC,Cobre total,238520,<50.0,N,10.570
MET-GRF-AC,Cromo total,238520,<10.0,N,0.020
MET-GRF-AC,Hierro total,238520,15.5,N,15.500
MET-GRF-AC,Niquel total,238520,<5.0,N,1.690
D_CONDUCT,Conductividad a 20 ºC,238521,187,N,187.300
WMM-LM-CAM,Cloro total,238521,0.19,N,0.190
D_TURBIDEZ,Turbidez,238521,1.1,N,1.100
M-016-AC1,Recuento de E. coli,238521,0,N,0.000
M-016-AC1,Recuento de bacterias coliformes,238521,0,N,0.000
M-068-AC1,Microorganismos cultivables a 22 °C,238521,<1,N,1.000
M-068-AC1,Microorganismos cultivables a 22 ºC,238521,0.0,K,0.000
M-068-AC1,Recuento,238521,0,K,0.000
MET-GRF-AC,Aluminio total,238521,140.4,N,140.360
MET-GRF-AC,Cobre total,238521,378.7,N,378.680
MET-GRF-AC,Cromo total,238521,<10.0,N,0.230
MET-GRF-AC,Hierro total,238521,570.6,N,570.640
MET-GRF-AC,Niquel total,238521,<5.0,N,2.840
MET-GRF-AC,Plomo total,238521,21.4,N,21.420
WMM-LM-CAM,Cloro combinado,238521,0.14,N,0.140
WMM-LM-CAM,Cloro libre,238521,<0.10,N,0.050
D_PH,pH,238521,8.0,N,7.950
MET-GRF-AC,Plomo total,238522,<1.0,N,0.760
MET-GRF-AC,Niquel total,238522,<5.0,N,3.240
WMM-LM-CAM,Cloro libre,238522,0.24,N,0.240
WMM-LM-CAM,Cloro total,238522,0.39,N,0.390
D_CONDUCT,Conductividad a 20 ºC,238522,183,N,182.500
D_PH,pH,238522,8.0,N,7.950
D_TURBIDEZ,Turbidez,238522,0.7,N,0.690
M-016-AC1,Recuento de E. coli,238522,0,N,0.000
M-016-AC1,Recuento de bacterias coliformes,238522,0,N,0.000
M-068-AC1,Microorganismos cultivables a 22 °C,238522,<1,N,1.000
M-068-AC1,Microorganismos cultivables a 22 ºC,238522,0.0,K,0.000
M-068-AC1,Recuento,238522,0,K,0.000
MET-GRF-AC,Aluminio total,238522,166.7,N,166.670
MET-GRF-AC,Cobre total,238522,<50.0,N,8.380
MET-GRF-AC,Cromo total,238522,<10.0,N,0.040
MET-GRF-AC,Hierro total,238522,31.5,N,31.450
WMM-LM-CAM,Cloro combinado,238522,0.15,N,0.150
D_CONDUCT,Conductividad a 20 ºC,238523,188,N,187.500
WMM-LM-CAM,Cloro total,238523,0.16,N,0.160
D_TURBIDEZ,Turbidez,238523,0.6,N,0.610
M-016-AC1,Recuento de E. coli,238523,0,N,0.000
M-016-AC1,Recuento de bacterias coliformes,238523,0,N,0.000
M-068-AC1,Microorganismos cultivables a 22 °C,238523,<1,N,1.000
M-068-AC1,Microorganismos cultivables a 22 ºC,238523,0.0,K,0.000
M-068-AC1,Recuento,238523,0,K,0.000
MET-GRF-AC,Aluminio total,238523,84.3,N,84.320
MET-GRF-AC,Cobre total,238523,<50.0,N,18.310
MET-GRF-AC,Cromo total,238523,<10.0,N,-0.010
MET-GRF-AC,Hierro total,238523,26.3,N,26.330
MET-GRF-AC,Niquel total,238523,<5.0,N,1.300
MET-GRF-AC,Plomo total,238523,<1.0,N,0.600
WMM-LM-CAM,Cloro combinado,238523,<0.10,N,0.060
WMM-LM-CAM,Cloro libre,238523,0.10,N,0.100
D_PH,pH,238523,8.0,N,7.980
D_CONDUCT,Conductividad a 20 ºC,238529,185,N,184.600
WMM-LM-CAM,Cloro total,238529,0.25,N,0.250
D_TURBIDEZ,Turbidez,238529,<0.4,N,0.230
M-016-AC1,Recuento de E. coli,238529,0,N,0.000
M-016-AC1,Recuento de bacterias coliformes,238529,0,N,0.000
M-068-AC1,Microorganismos cultivables a 22 °C,238529,<1,N,1.000
M-068-AC1,Microorganismos cultivables a 22 ºC,238529,0.0,K,0.000
M-068-AC1,Recuento,238529,0,K,0.000
MET-GRF-AC,Aluminio total,238529,98.4,N,98.420
MET-GRF-AC,Cobre total,238529,<50.0,N,5.940
MET-GRF-AC,Cromo total,238529,<10.0,N,0.010
MET-GRF-AC,Hierro total,238529,32.5,N,32.480
MET-GRF-AC,Niquel total,238529,<5.0,N,1.020
MET-GRF-AC,Plomo total,238529,<1.0,N,0.310
WMM-LM-CAM,Cloro combinado,238529,0.17,N,0.170
WMM-LM-CAM,Cloro libre,238529,<0.10,N,0.080
D_PH,pH,238529,7.6,N,7.580
MET-GRF-AC,Aluminio total,238530,78.0,N,78.010
MET-GRF-AC,Cobre total,238530,<50.0,N,2.600
MET-GRF-AC,Cromo total,238530,<10.0,N,0.040
MET-GRF-AC,Hierro total,238530,11.9,N,11.890
MET-GRF-AC,Niquel total,238530,<5.0,N,0.910
MET-GRF-AC,Plomo total,238530,<1.0,N,0.080
WMM-LM-CAM,Cloro combinado,238530,0.10,N,0.100
WMM-LM-CAM,Cloro libre,238530,<0.10,N,0.000
WMM-LM-CAM,Cloro total,238530,0.10,N,0.100
D_CONDUCT,Conductividad a 20 ºC,238530,188,N,187.500
D_PH,pH,238530,8.0,N,8.010
D_TURBIDEZ,Turbidez,238530,<0.4,N,0.170
M-016-AC1,Recuento de E. coli,238530,0,N,0.000
M-016-AC1,Recuento de bacterias coliformes,238530,0,N,0.000
M-068-AC1,Microorganismos cultivables a 22 °C,238530,<1,N,1.000
M-068-AC1,Microorganismos cultivables a 22 ºC,238530,0.0,K,0.000
M-068-AC1,Recuento,238530,0,K,0.000
D_CONDUCT,Conductividad a 20 ºC,238531,188,N,187.800
WMM-LM-CAM,Cloro total,238531,0.55,N,0.550
D_TURBIDEZ,Turbidez,238531,<0.4,N,0.300
M-016-AC1,Recuento de E. coli,238531,0,N,0.000
M-016-AC1,Recuento de bacterias coliformes,238531,0,N,0.000
M-068-AC1,Microorganismos cultivables a 22 °C,238531,<1,N,1.000
M-068-AC1,Microorganismos cultivables a 22 ºC,238531,0.0,K,0.000
M-068-AC1,Recuento,238531,0,K,0.000
MET-GRF-AC,Aluminio total,238531,99.5,N,99.500
MET-GRF-AC,Cobre total,238531,<50.0,N,16.630
MET-GRF-AC,Cromo total,238531,<10.0,N,0.040
MET-GRF-AC,Hierro total,238531,22.9,N,22.890
MET-GRF-AC,Niquel total,238531,<5.0,N,1.870
MET-GRF-AC,Plomo total,238531,<1.0,N,0.920
WMM-LM-CAM,Cloro combinado,238531,0.14,N,0.140
WMM-LM-CAM,Cloro libre,238531,0.41,N,0.410
D_PH,pH,238531,8.3,N,8.270
D_CONDUCT,Conductividad a 20 ºC,238532,186,N,185.500
WMM-LM-CAM,Cloro total,238532,0.38,N,0.380
D_TURBIDEZ,Turbidez,238532,<0.4,N,0.300
M-016-AC1,Recuento de E. coli,238532,0,N,0.000
M-016-AC1,Recuento de bacterias coliformes,238532,0,N,0.000
M-068-AC1,Microorganismos cultivables a 22 °C,238532,<1,N,1.000
M-068-AC1,Microorganismos cultivables a 22 ºC,238532,0.0,K,0.000
M-068-AC1,Recuento,238532,0,K,0.000
MET-GRF-AC,Aluminio total,238532,159.1,N,159.090
MET-GRF-AC,Cobre total,238532,<50.0,N,0.590
MET-GRF-AC,Cromo total,238532,<10.0,N,0.050
MET-GRF-AC,Hierro total,238532,32.5,N,32.460
MET-GRF-AC,Niquel total,238532,<5.0,N,1.050
MET-GRF-AC,Plomo total,238532,<1.0,N,0.060
WMM-LM-CAM,Cloro combinado,238532,0.21,N,0.210
WMM-LM-CAM,Cloro libre,238532,0.17,N,0.170
D_PH,pH,238532,7.9,N,7.910
M-016-AC1,Recuento de E. coli,238533,0,N,0.000
M-016-AC1,Recuento de bacterias coliformes,238533,0,N,0.000
M-068-AC1,Microorganismos cultivables a 22 °C,238533,<1,N,1.000
M-068-AC1,Microorganismos cultivables a 22 ºC,238533,0.0,K,0.000
M-068-AC1,Recuento,238533,0,K,0.000
MET-GRF-AC,Aluminio total,238533,96.3,N,96.320
MET-GRF-AC,Cobre total,238533,<50.0,N,12.210
MET-GRF-AC,Cromo total,238533,<10.0,N,0.030
MET-GRF-AC,Hierro total,238533,15.0,N,14.970
MET-GRF-AC,Niquel total,238533,5.2,N,5.190
MET-GRF-AC,Plomo total,238533,1.0,N,0.960
WMM-LM-CAM,Cloro combinado,238533,0.12,N,0.120
WMM-LM-CAM,Cloro libre,238533,0.14,N,0.140
WMM-LM-CAM,Cloro total,238533,0.26,N,0.260
D_CONDUCT,Conductividad a 20 ºC,238533,184,N,183.900
D_PH,pH,238533,8.0,N,8.020
D_TURBIDEZ,Turbidez,238533,<0.4,N,0.230
D_CONDUCT,Conductividad a 20 ºC,238534,186,N,186.100
WMM-LM-CAM,Cloro total,238534,<0.10,N,0.070
D_TURBIDEZ,Turbidez,238534,<0.4,N,0.160
M-016-AC1,Recuento de E. coli,238534,0,N,0.000
M-016-AC1,Recuento de bacterias coliformes,238534,0,N,0.000
M-068-AC1,Microorganismos cultivables a 22 °C,238534,<1,N,1.000
M-068-AC1,Microorganismos cultivables a 22 ºC,238534,0.0,K,0.000
M-068-AC1,Recuento,238534,0,K,0.000
MET-GRF-AC,Aluminio total,238534,74.6,N,74.620
MET-GRF-AC,Cobre total,238534,<50.0,N,3.080
MET-GRF-AC,Cromo total,238534,<10.0,N,0.020
MET-GRF-AC,Hierro total,238534,12.7,N,12.670
MET-GRF-AC,Niquel total,238534,<5.0,N,1.020
MET-GRF-AC,Plomo total,238534,<1.0,N,0.190
WMM-LM-CAM,Cloro combinado,238534,<0.10,N,0.070
WMM-LM-CAM,Cloro libre,238534,<0.10,N,0.000
D_PH,pH,238534,8.0,N,8.030
MET-GRF-AC,Cobre total,238535,<50.0,N,11.430
MET-GRF-AC,Cromo total,238535,<10.0,N,0.080
MET-GRF-AC,Hierro total,238535,28.7,N,28.650
MET-GRF-AC,Niquel total,238535,31.8,N,31.760
MET-GRF-AC,Plomo total,238535,<1.0,N,0.560
WMM-LM-CAM,Cloro combinado,238535,0.16,N,0.160
WMM-LM-CAM,Cloro libre,238535,0.42,N,0.420
WMM-LM-CAM,Cloro total,238535,0.58,N,0.580
D_CONDUCT,Conductividad a 20 ºC,238535,186,N,185.900
D_PH,pH,238535,8.1,N,8.050
D_TURBIDEZ,Turbidez,238535,0.5,N,0.450
M-016-AC1,Recuento de E. coli,238535,0,N,0.000
M-016-AC1,Recuento de bacterias coliformes,238535,4,N,4.000
M-068-AC1,Microorganismos cultivables a 22 °C,238535,330,N,330.000
M-068-AC1,Microorganismos cultivables a 22 ºC,238535,3.3E+02,K,330.000
M-068-AC1,Recuento,238535,329,K,329.000
MET-GRF-AC,Aluminio total,238535,154.7,N,154.740
MET-GRF-AC,Plomo total,238536,<1.0,N,0.660
MET-GRF-AC,Niquel total,238536,14.2,N,14.180
WMM-LM-CAM,Cloro libre,238536,0.15,N,0.150
WMM-LM-CAM,Cloro total,238536,0.33,N,0.330
D_CONDUCT,Conductividad a 20 ºC,238536,187,N,186.700
D_PH,pH,238536,8.0,N,8.040
D_TURBIDEZ,Turbidez,238536,0.7,N,0.720
M-016-AC1,Recuento de E. coli,238536,0,N,0.000
M-016-AC1,Recuento de bacterias coliformes,238536,0,N,0.000
M-068-AC1,Microorganismos cultivables a 22 °C,238536,<1,N,1.000
M-068-AC1,Microorganismos cultivables a 22 ºC,238536,0.0,K,0.000
M-068-AC1,Recuento,238536,0,K,0.000
MET-GRF-AC,Aluminio total,238536,214.7,N,214.650
MET-GRF-AC,Cobre total,238536,<50.0,N,13.820
MET-GRF-AC,Cromo total,238536,<10.0,N,0.090
MET-GRF-AC,Hierro total,238536,45.6,N,45.580
WMM-LM-CAM,Cloro combinado,238536,0.18,N,0.180
D_CONDUCT,Conductividad a 20 ºC,239188,164,N,163.500
MET-POT-AC,Antimonio total,239188,<1.0,N,0.140
MET-POT-AC,Aluminio total,239188,192.1,N,192.130
MET-POT-AC,Arsénico total,239188,<1.0,N,0.340
MET-POT-AC,Boro total,239188,<50.0,N,11.550
MET-POT-AC,Cadmio total,239188,<1.5,N,0.100
MET-POT-AC,Cobre total,239188,<50.0,N,7.060
MET-POT-AC,Cromo total,239188,<10.0,N,0.080
MET-POT-AC,Hierro total,239188,75.9,N,75.850
MET-POT-AC,Manganeso total,239188,<10.0,N,4.960
MET-POT-AC,Niquel total,239188,<5.0,N,1.370
MET-POT-AC,Plomo total,239188,13.8,N,13.820
MET-POT-AC,Selenio total,239188,<1.0,N,0.100
PE-IL-TEMP,Temperatura del agua,239188,22.8,N,22.800
D_TURBIDEZ,Turbidez,239188,0.8,N,0.790
D_PH,pH,239188,7.4,N,7.420
WMM-LM-CAM,Cloro total,239189,0.43,N,0.430
D_TURBIDEZ,Turbidez,239189,0.6,N,0.580
D_PH,pH,239189,7.6,N,7.590
D_CONDUCT,Conductividad a 20 ºC,239189,166,N,166.100
WMM-LM-CAM,Cloro combinado,239189,0.13,N,0.130
WMM-LM-CAM,Cloro libre,239189,0.30,N,0.300
PE-IL-TEMP,Temperatura del agua,239189,15.3,N,15.300
MET-POT-AC,Selenio total,239189,<1.0,N,0.060
MET-POT-AC,Plomo total,239189,<1.0,N,0.200
MET-POT-AC,Niquel total,239189,<5.0,N,1.160
MET-POT-AC,Manganeso total,239189,<10.0,N,3.300
MET-POT-AC,Hierro total,239189,25.0,N,24.980
MET-POT-AC,Cromo total,239189,<10.0,N,0.040
MET-POT-AC,Cobre total,239189,<50.0,N,0.890
MET-POT-AC,Cadmio total,239189,<1.5,N,0.010
MET-POT-AC,Boro total,239189,<50.0,N,12.110
MET-POT-AC,Arsénico total,239189,<1.0,N,0.180
MET-POT-AC,Antimonio total,239189,<1.0,N,0.040
MET-POT-AC,Aluminio total,239189,154.9,N,154.860
WMM-LM-CAM,Cloro combinado,239192,0.16,N,0.160
D_TURBIDEZ,Turbidez,239192,0.4,N,0.440
WMM-LM-CAM,Cloro total,239192,0.50,N,0.500
D_PH,pH,239192,7.7,N,7.700
D_CONDUCT,Conductividad a 20 ºC,239192,166,N,165.800
PE-IL-TEMP,Temperatura del agua,239192,13.8,N,13.800
MET-POT-AC,Selenio total,239192,<1.0,N,0.110
MET-POT-AC,Plomo total,239192,<1.0,N,0.080
MET-POT-AC,Niquel total,239192,<5.0,N,1.260
MET-POT-AC,Manganeso total,239192,<10.0,N,2.360
MET-POT-AC,Hierro total,239192,15.7,N,15.690
MET-POT-AC,Cromo total,239192,<10.0,N,0.050
MET-POT-AC,Cobre total,239192,<50.0,N,0.840
MET-POT-AC,Cadmio total,239192,<1.5,N,0.000
MET-POT-AC,Boro total,239192,<50.0,N,10.790
MET-POT-AC,Arsénico total,239192,<1.0,N,0.180
MET-POT-AC,Antimonio total,239192,<1.0,N,0.040
MET-POT-AC,Aluminio total,239192,113.3,N,113.320
WMM-LM-CAM,Cloro libre,239192,0.34,N,0.340
AMONI-CI-P,Amonio,239226,<0.15,N,0.000
THM-GCMS,Cloroformo,239226,58.7,N,58.712
D_CONDUCT,Conductividad a 20 ºC,239226,578,N,578.400
D_OXIDABIL,Oxidabilidad,239226,1.92,N,1.920
D_PH,pH,239226,7.9,N,7.860
D_TURBIDEZ,Turbidez,239226,0.5,N,0.480
M-013-AC1,Recuento de enterococos intestinales,239226,0,N,0.000
M-016-AC1,Recuento de E. coli,239226,0,N,0.000
M-016-AC1,Recuento de bacterias coliformes,239226,0,N,0.000
M-030-AC1,Recuento C. perfringens (con esporas),239226,0,N,0.000
M-068-AC1,Microorganismos cultivables a 22 ºC,239226,1.0,K,1.000
M-068-AC1,Recnto. Microorg. cultivables a 22ºC,239226,Presencia /ml,O,0.000
M-068-AC1,Recuento,239226,1,K,1.000
MET-POT-AC,Aluminio total,239226,<50.0,N,16.610
MET-POT-AC,Antimonio total,239226,<1.0,N,0.000
MET-POT-AC,Arsénico total,239226,<1.0,N,0.120
MET-POT-AC,Boro total,239226,<50.0,N,10.270
MET-POT-AC,Cadmio total,239226,<1.5,N,0.010
MET-POT-AC,Cobre total,239226,<50.0,N,14.750
THM-GCMS,Dibromoclorometano,239226,<5.0,N,1.484
THM-GCMS,Suma Trihalometanos,239226,71.6,N,71.600
WMM-LM-CAM,Cloro combinado,239226,0.18,N,0.180
WMM-LM-CAM,Cloro libre,239226,<0.10,N,0.060
WMM-LM-CAM,Cloro total,239226,0.24,N,0.240
MET-POT-AC,Cromo total,239226,<10.0,N,0.060
MET-POT-AC,Hierro total,239226,24.6,N,24.560
MET-POT-AC,Manganeso total,239226,<10.0,N,0.190
MET-POT-AC,Niquel total,239226,<5.0,N,0.300
MET-POT-AC,Plomo total,239226,<1.0,N,0.400
MET-POT-AC,Selenio total,239226,<1.0,N,0.230
NA-CI-P,Sodio,239226,6.03,N,6.033
NTRAT-CI-P,Nitratos,239226,6.38,N,6.380
NTRIT-CI-P,Nitritos,239226,<0.15,N,0.000
OXOANIONES,Bromato,239226,<2.5,N,0.000
OXOANIONES,Clorato,239226,0.380,N,0.380
OXOANIONES,Clorito,239226,<0.025,N,0.000
SULFA-CI-P,Sulfatos,239226,6.9,N,6.930
THM-GCMS,Bromodiclorometano,239226,10.9,N,10.949
THM-GCMS,Bromoformo,239226,<5.0,N,0.455
CLORU-CI-P,Cloruros,239226,6.54,N,6.540
AMONI-CI-P,Amonio,239377,<0.15,N,0.000
WMM-LM-CAM,Cloro total,239377,<0.10,N,0.080
D_CONDUCT,Conductividad a 20 ºC,239377,176,N,176.100
D_OXIDABIL,Oxidabilidad,239377,1.80,N,1.800
D_PH,pH,239377,8.1,N,8.100
D_TURBIDEZ,Turbidez,239377,3.2,N,3.200
M-013-AC1,Recuento de enterococos intestinales,239377,0,N,0.000
M-016-AC1,Recuento de E. coli,239377,0,N,0.000
M-016-AC1,Recuento de bacterias coliformes,239377,0,N,0.000
M-030-AC1,Recuento C. perfringens (con esporas),239377,0,N,0.000
M-068-AC1,Microorganismos cultivables a 22 °C,239377,78,N,78.000
M-068-AC1,Microorganismos cultivables a 22 ºC,239377,7.8E+01,K,78.000
M-068-AC1,Recuento,239377,78,K,78.000
MET-POT-AC,Aluminio total,239377,470.3,N,470.300
MET-POT-AC,Antimonio total,239377,<1.0,N,0.000
MET-POT-AC,Arsénico total,239377,<1.0,N,0.370
MET-POT-AC,Boro total,239377,<50.0,N,10.840
MET-POT-AC,Cadmio total,239377,<1.5,N,0.000
MET-POT-AC,Cobre total,239377,<50.0,N,1.440
MET-POT-AC,Cromo total,239377,<10.0,N,0.190
MET-POT-AC,Hierro total,239377,115.7,N,115.710
MET-POT-AC,Manganeso total,239377,46.2,N,46.220
MET-POT-AC,Niquel total,239377,<5.0,N,2.390
MET-POT-AC,Plomo total,239377,<1.0,N,0.170
MET-POT-AC,Selenio total,239377,<1.0,N,0.200
NA-CI-P,Sodio,239377,9.43,N,9.429
NTRAT-CI-P,Nitratos,239377,2.72,N,2.720
NTRIT-CI-P,Nitritos,239377,<0.15,N,0.000
OXOANIONES,Bromato,239377,<2.5,N,0.000
OXOANIONES,Clorato,239377,0.401,N,0.401
OXOANIONES,Clorito,239377,<0.025,N,0.000
SULFA-CI-P,Sulfatos,239377,13.5,N,13.470
THM-GCMS,Bromodiclorometano,239377,13.6,N,13.600
THM-GCMS,Bromoformo,239377,<5.0,N,0.400
THM-GCMS,Cloroformo,239377,35.3,N,35.300
THM-GCMS,Dibromoclorometano,239377,<5.0,N,4.800
THM-GCMS,Suma Trihalometanos,239377,54.1,N,54.060
WMM-LM-CAM,Cloro combinado,239377,<0.10,N,0.080
WMM-LM-CAM,Cloro libre,239377,<0.10,N,0.000
CLORU-CI-P,Cloruros,239377,14.42,N,14.420
MET-POT-AC,Aluminio total,239378,191.6,N,191.610
MET-POT-AC,Antimonio total,239378,<1.0,N,0.000
MET-POT-AC,Arsénico total,239378,<1.0,N,0.280
MET-POT-AC,Boro total,239378,<50.0,N,11.590
MET-POT-AC,Cadmio total,239378,<1.5,N,0.010
MET-POT-AC,Cobre total,239378,<50.0,N,1.000
MET-POT-AC,Cromo total,239378,<10.0,N,0.080
MET-POT-AC,Hierro total,239378,33.1,N,33.130
MET-POT-AC,Manganeso total,239378,<10.0,N,5.000
MET-POT-AC,Niquel total,239378,<5.0,N,0.940
MET-POT-AC,Plomo total,239378,<1.0,N,0.130
MET-POT-AC,Selenio total,239378,<1.0,N,0.070
NA-CI-P,Sodio,239378,9.52,N,9.520
M-016-AC1,Recuento de bacterias coliformes,239378,0,N,0.000
M-030-AC1,Recuento C. perfringens (con esporas),239378,0,N,0.000
M-068-AC1,Microorganismos cultivables a 22 °C,239378,<1,N,1.000
M-068-AC1,Microorganismos cultivables a 22 ºC,239378,0.0,K,0.000
M-068-AC1,Recuento,239378,0,K,0.000
AMONI-CI-P,Amonio,239378,<0.15,N,0.000
CLORU-CI-P,Cloruros,239378,14.63,N,14.630
D_CONDUCT,Conductividad a 20 ºC,239378,184,N,183.900
D_OXIDABIL,Oxidabilidad,239378,1.16,N,1.160
D_PH,pH,239378,8.2,N,8.190
D_TURBIDEZ,Turbidez,239378,0.7,N,0.650
M-013-AC1,Recuento de enterococos intestinales,239378,0,N,0.000
M-016-AC1,Recuento de E. coli,239378,0,N,0.000
NTRAT-CI-P,Nitratos,239378,2.81,N,2.810
NTRIT-CI-P,Nitritos,239378,<0.15,N,0.000
OXOANIONES,Bromato,239378,<2.5,N,0.000
OXOANIONES,Clorato,239378,0.406,N,0.406
OXOANIONES,Clorito,239378,<0.025,N,0.000
SULFA-CI-P,Sulfatos,239378,13.9,N,13.930
THM-GCMS,Bromodiclorometano,239378,12.7,N,12.700
THM-GCMS,Bromoformo,239378,<5.0,N,0.500
THM-GCMS,Cloroformo,239378,36.3,N,36.300
THM-GCMS,Dibromoclorometano,239378,<5.0,N,4.900
THM-GCMS,Suma Trihalometanos,239378,54.3,N,54.340
WMM-LM-CAM,Cloro combinado,239378,0.11,N,0.110
WMM-LM-CAM,Cloro libre,239378,0.16,N,0.160
WMM-LM-CAM,Cloro total,239378,0.27,N,0.270
NTRIT-CI-P,Nitritos,239379,<0.15,N,0.000
NTRAT-CI-P,Nitratos,239379,2.90,N,2.900
OXOANIONES,Clorato,239379,0.110,N,0.110
OXOANIONES,Clorito,239379,<0.025,N,0.000
SULFA-CI-P,Sulfatos,239379,14.9,N,14.850
THM-GCMS,Bromodiclorometano,239379,11.6,N,11.600
THM-GCMS,Bromoformo,239379,<5.0,N,0.400
THM-GCMS,Cloroformo,239379,36.9,N,36.900
THM-GCMS,Dibromoclorometano,239379,<5.0,N,4.200
THM-GCMS,Suma Trihalometanos,239379,53.1,N,53.080
WMM-LM-CAM,Cloro combinado,239379,0.11,N,0.110
WMM-LM-CAM,Cloro libre,239379,<0.10,N,0.000
WMM-LM-CAM,Cloro total,239379,0.11,N,0.110
M-030-AC1,Recuento C. perfringens (con esporas),239379,0,N,0.000
M-068-AC1,Microorganismos cultivables a 22 °C,239379,10,N,10.000
M-068-AC1,Microorganismos cultivables a 22 ºC,239379,1.0E+01,K,10.000
M-068-AC1,Recuento,239379,10,K,10.000
MET-POT-AC,Aluminio total,239379,581.3,N,581.250
MET-POT-AC,Antimonio total,239379,<1.0,N,0.000
MET-POT-AC,Arsénico total,239379,<1.0,N,0.500
MET-POT-AC,Boro total,239379,<50.0,N,13.350
MET-POT-AC,Cadmio total,239379,<1.5,N,0.010
MET-POT-AC,Cobre total,239379,<50.0,N,2.900
MET-POT-AC,Cromo total,239379,<10.0,N,0.250
MET-POT-AC,Hierro total,239379,138.5,N,138.460
MET-POT-AC,Manganeso total,239379,83.9,N,83.910
AMONI-CI-P,Amonio,239379,<0.15,N,0.000
CLORU-CI-P,Cloruros,239379,12.78,N,12.780
D_CONDUCT,Conductividad a 20 ºC,239379,196,N,195.700
D_OXIDABIL,Oxidabilidad,239379,1.68,N,1.680
D_PH,pH,239379,8.2,N,8.190
D_TURBIDEZ,Turbidez,239379,1.6,N,1.620
M-013-AC1,Recuento de enterococos intestinales,239379,0,N,0.000
M-016-AC1,Recuento de E. coli,239379,0,N,0.000
M-016-AC1,Recuento de bacterias coliformes,239379,0,N,0.000
MET-POT-AC,Niquel total,239379,<5.0,N,2.140
MET-POT-AC,Plomo total,239379,<1.0,N,0.370
MET-POT-AC,Selenio total,239379,<1.0,N,0.420
NA-CI-P,Sodio,239379,8.30,N,8.295
OXOANIONES,Bromato,239379,<2.5,N,0.000
AMONI-CI-P,Amonio,239380,<0.15,N,0.000
WMM-LM-CAM,Cloro total,239380,0.12,N,0.120
D_CONDUCT,Conductividad a 20 ºC,239380,535,N,535.400
D_OXIDABIL,Oxidabilidad,239380,0.64,N,0.640
D_PH,pH,239380,7.6,N,7.550
D_TURBIDEZ,Turbidez,239380,<0.4,N,0.110
M-013-AC1,Recuento de enterococos intestinales,239380,0,N,0.000
M-016-AC1,Recuento de E. coli,239380,0,N,0.000
M-016-AC1,Recuento de bacterias coliformes,239380,0,N,0.000
M-030-AC1,Recuento C. perfringens (con esporas),239380,0,N,0.000
M-068-AC1,Microorganismos cultivables a 22 °C,239380,<1,N,1.000
M-068-AC1,Microorganismos cultivables a 22 ºC,239380,0.0,K,0.000
M-068-AC1,Recuento,239380,0,K,0.000
MET-POT-AC,Plomo total,239380,<1.0,N,0.510
MET-POT-AC,Selenio total,239380,<1.0,N,0.130
NA-CI-P,Sodio,239380,6.68,N,6.677
NTRAT-CI-P,Nitratos,239380,3.47,N,3.470
NTRIT-CI-P,Nitritos,239380,<0.15,N,0.000
OXOANIONES,Bromato,239380,<2.5,N,0.000
OXOANIONES,Clorato,239380,0.132,N,0.132
OXOANIONES,Clorito,239380,<0.025,N,0.000
SULFA-CI-P,Sulfatos,239380,12.7,N,12.690
THM-GCMS,Bromodiclorometano,239380,<5.0,N,3.900
THM-GCMS,Bromoformo,239380,<5.0,N,1.000
THM-GCMS,Cloroformo,239380,<5.0,N,3.500
THM-GCMS,Dibromoclorometano,239380,<5.0,N,3.900
THM-GCMS,Suma Trihalometanos,239380,12.2,N,12.200
WMM-LM-CAM,Cloro combinado,239380,<0.10,N,0.080
WMM-LM-CAM,Cloro libre,239380,<0.10,N,0.040
MET-POT-AC,Aluminio total,239380,<50.0,N,2.830
MET-POT-AC,Antimonio total,239380,<1.0,N,0.000
MET-POT-AC,Arsénico total,239380,<1.0,N,0.220
MET-POT-AC,Boro total,239380,<50.0,N,9.830
MET-POT-AC,Cadmio total,239380,<1.5,N,0.010
MET-POT-AC,Cobre total,239380,<50.0,N,15.530
MET-POT-AC,Cromo total,239380,<10.0,N,0.090
MET-POT-AC,Hierro total,239380,11.1,N,11.050
MET-POT-AC,Manganeso total,239380,<10.0,N,0.100
MET-POT-AC,Niquel total,239380,<5.0,N,0.270
CLORU-CI-P,Cloruros,239380,8.47,N,8.470
MET-POT-AC,Cobre total,239381,<50.0,N,1.880
MET-POT-AC,Cromo total,239381,<10.0,N,0.060
MET-POT-AC,Hierro total,239381,15.3,N,15.280
MET-POT-AC,Manganeso total,239381,<10.0,N,1.910
MET-POT-AC,Niquel total,239381,<5.0,N,0.850
MET-POT-AC,Plomo total,239381,<1.0,N,0.090
MET-POT-AC,Selenio total,239381,<1.0,N,0.080
NA-CI-P,Sodio,239381,9.20,N,9.201
NTRAT-CI-P,Nitratos,239381,2.75,N,2.750
NTRIT-CI-P,Nitritos,239381,<0.15,N,0.000
OXOANIONES,Bromato,239381,<2.5,N,0.000
OXOANIONES,Clorato,239381,0.232,N,0.232
OXOANIONES,Clorito,239381,<0.025,N,0.000
SULFA-CI-P,Sulfatos,239381,13.8,N,13.780
THM-GCMS,Bromodiclorometano,239381,13.2,N,13.200
THM-GCMS,Bromoformo,239381,<5.0,N,0.500
THM-GCMS,Cloroformo,239381,39.8,N,39.800
THM-GCMS,Dibromoclorometano,239381,<5.0,N,4.800
THM-GCMS,Suma Trihalometanos,239381,58.2,N,58.240
WMM-LM-CAM,Cloro combinado,239381,0.11,N,0.110
WMM-LM-CAM,Cloro libre,239381,0.16,N,0.160
WMM-LM-CAM,Cloro total,239381,0.27,N,0.270
AMONI-CI-P,Amonio,239381,<0.15,N,0.000
CLORU-CI-P,Cloruros,239381,14.23,N,14.230
D_CONDUCT,Conductividad a 20 ºC,239381,180,N,180.300
D_OXIDABIL,Oxidabilidad,239381,1.08,N,1.080
D_PH,pH,239381,7.9,N,7.940
D_TURBIDEZ,Turbidez,239381,<0.4,N,0.260
M-013-AC1,Recuento de enterococos intestinales,239381,0,N,0.000
M-016-AC1,Recuento de E. coli,239381,0,N,0.000
M-016-AC1,Recuento de bacterias coliformes,239381,0,N,0.000
M-030-AC1,Recuento C. perfringens (con esporas),239381,0,N,0.000
M-068-AC1,Microorganismos cultivables a 22 °C,239381,<1,N,1.000
M-068-AC1,Microorganismos cultivables a 22 ºC,239381,0.0,K,0.000
M-068-AC1,Recuento,239381,0,K,0.000
MET-POT-AC,Aluminio total,239381,89.3,N,89.280
MET-POT-AC,Antimonio total,239381,<1.0,N,0.000
MET-POT-AC,Arsénico total,239381,<1.0,N,0.260
MET-POT-AC,Boro total,239381,<50.0,N,11.270
MET-POT-AC,Cadmio total,239381,<1.5,N,0.000
AMONI-CI-P,Amonio,239382,<0.15,N,0.000
CLORU-CI-P,Cloruros,239382,12.85,N,12.850
D_CONDUCT,Conductividad a 20 ºC,239382,192,N,191.500
D_OXIDABIL,Oxidabilidad,239382,1.24,N,1.240
D_PH,pH,239382,8.1,N,8.080
D_TURBIDEZ,Turbidez,239382,0.8,N,0.830
M-013-AC1,Recuento de enterococos intestinales,239382,0,N,0.000
M-016-AC1,Recuento de E. coli,239382,0,N,0.000
M-016-AC1,Recuento de bacterias coliformes,239382,0,N,0.000
M-030-AC1,Recuento C. perfringens (con esporas),239382,0,N,0.000
M-068-AC1,Microorganismos cultivables a 22 °C,239382,23,N,23.000
M-068-AC1,Microorganismos cultivables a 22 ºC,239382,2.3E+01,K,23.000
M-068-AC1,Recuento,239382,23,K,23.000
MET-POT-AC,Aluminio total,239382,201.8,N,201.790
MET-POT-AC,Antimonio total,239382,<1.0,N,0.000
MET-POT-AC,Arsénico total,239382,<1.0,N,0.290
MET-POT-AC,Boro total,239382,<50.0,N,13.360
MET-POT-AC,Cadmio total,239382,<1.5,N,0.000
MET-POT-AC,Cobre total,239382,<50.0,N,0.950
MET-POT-AC,Cromo total,239382,<10.0,N,0.080
MET-POT-AC,Hierro total,239382,27.2,N,27.210
MET-POT-AC,Manganeso total,239382,15.0,N,15.040
MET-POT-AC,Niquel total,239382,<5.0,N,1.010
MET-POT-AC,Plomo total,239382,<1.0,N,0.070
MET-POT-AC,Selenio total,239382,<1.0,N,0.110
NA-CI-P,Sodio,239382,8.30,N,8.304
NTRAT-CI-P,Nitratos,239382,2.91,N,2.910
NTRIT-CI-P,Nitritos,239382,<0.15,N,0.000
OXOANIONES,Bromato,239382,<2.5,N,0.000
OXOANIONES,Clorato,239382,0.080,N,0.080
OXOANIONES,Clorito,239382,<0.025,N,0.000
SULFA-CI-P,Sulfatos,239382,14.6,N,14.610
THM-GCMS,Bromodiclorometano,239382,11.4,N,11.400
THM-GCMS,Bromoformo,239382,<5.0,N,0.400
THM-GCMS,Cloroformo,239382,32.4,N,32.400
THM-GCMS,Dibromoclorometano,239382,<5.0,N,4.500
THM-GCMS,Suma Trihalometanos,239382,48.6,N,48.570
WMM-LM-CAM,Cloro combinado,239382,<0.10,N,0.020
WMM-LM-CAM,Cloro libre,239382,<0.10,N,0.000
WMM-LM-CAM,Cloro total,239382,<0.10,N,0.020
D_TURBIDEZ,Turbidez,239383,<0.4,N,0.160
MET-POT-AC,Aluminio total,239383,<50.0,N,39.240
MET-POT-AC,Antimonio total,239383,<1.0,N,0.000
MET-POT-AC,Arsénico total,239383,<1.0,N,0.200
MET-POT-AC,Boro total,239383,<50.0,N,10.200
MET-POT-AC,Cadmio total,239383,<1.5,N,0.080
MET-POT-AC,Cobre total,239383,<50.0,N,11.860
MET-POT-AC,Cromo total,239383,<10.0,N,0.030
MET-POT-AC,Hierro total,239383,11.7,N,11.660
MET-POT-AC,Manganeso total,239383,<10.0,N,0.950
MET-POT-AC,Niquel total,239383,<5.0,N,1.350
MET-POT-AC,Plomo total,239383,<1.0,N,0.360
MET-POT-AC,Selenio total,239383,<1.0,N,0.080
NA-CI-P,Sodio,239383,8.84,N,8.839
M-013-AC1,Recuento de enterococos intestinales,239383,0,N,0.000
M-016-AC1,Recuento de E. coli,239383,0,N,0.000
M-016-AC1,Recuento de bacterias coliformes,239383,0,N,0.000
M-030-AC1,Recuento C. perfringens (con esporas),239383,0,N,0.000
M-068-AC1,Microorganismos cultivables a 22 °C,239383,27,N,27.000
M-068-AC1,Microorganismos cultivables a 22 ºC,239383,2.7E+01,K,27.000
NTRAT-CI-P,Nitratos,239383,2.74,N,2.740
NTRIT-CI-P,Nitritos,239383,<0.15,N,0.000
OXOANIONES,Bromato,239383,<2.5,N,0.000
OXOANIONES,Clorato,239383,0.134,N,0.134
OXOANIONES,Clorito,239383,<0.025,N,0.000
SULFA-CI-P,Sulfatos,239383,12.9,N,12.940
THM-GCMS,Bromodiclorometano,239383,8.7,N,8.700
THM-GCMS,Bromoformo,239383,<5.0,N,0.400
THM-GCMS,Cloroformo,239383,26.2,N,26.200
THM-GCMS,Dibromoclorometano,239383,<5.0,N,3.200
THM-GCMS,Suma Trihalometanos,239383,38.4,N,38.390
WMM-LM-CAM,Cloro combinado,239383,<0.10,N,0.040
WMM-LM-CAM,Cloro libre,239383,<0.10,N,0.000
WMM-LM-CAM,Cloro total,239383,<0.10,N,0.040
AMONI-CI-P,Amonio,239383,<0.15,N,0.000
CLORU-CI-P,Cloruros,239383,13.71,N,13.710
D_CONDUCT,Conductividad a 20 ºC,239383,161,N,161.100
D_OXIDABIL,Oxidabilidad,239383,1.00,N,1.000
D_PH,pH,239383,7.7,N,7.730
M-068-AC1,Recuento,239383,27,K,27.000
NTRIT-CI-P,Nitritos,239384,<0.15,N,0.000
MET-POT-AC,Arsénico total,239384,<1.0,N,0.270
OXOANIONES,Clorato,239384,0.205,N,0.205
OXOANIONES,Clorito,239384,<0.025,N,0.000
SULFA-CI-P,Sulfatos,239384,14.4,N,14.430
THM-GCMS,Bromodiclorometano,239384,11.3,N,11.300
THM-GCMS,Bromoformo,239384,<5.0,N,0.400
THM-GCMS,Cloroformo,239384,45.1,N,45.100
THM-GCMS,Dibromoclorometano,239384,<5.0,N,3.600
THM-GCMS,Suma Trihalometanos,239384,60.3,N,60.310
WMM-LM-CAM,Cloro combinado,239384,0.11,N,0.110
WMM-LM-CAM,Cloro libre,239384,0.29,N,0.290
WMM-LM-CAM,Cloro total,239384,0.40,N,0.400
MET-POT-AC,Boro total,239384,<50.0,N,12.840
MET-POT-AC,Cadmio total,239384,<1.5,N,0.000
MET-POT-AC,Cobre total,239384,<50.0,N,1.160
MET-POT-AC,Cromo total,239384,<10.0,N,0.060
MET-POT-AC,Hierro total,239384,21.3,N,21.330
MET-POT-AC,Manganeso total,239384,<10.0,N,0.990
MET-POT-AC,Niquel total,239384,<5.0,N,0.810
MET-POT-AC,Plomo total,239384,<1.0,N,0.060
MET-POT-AC,Selenio total,239384,<1.0,N,0.080
NA-CI-P,Sodio,239384,9.21,N,9.207
NTRAT-CI-P,Nitratos,239384,2.79,N,2.790
AMONI-CI-P,Amonio,239384,<0.15,N,0.000
CLORU-CI-P,Cloruros,239384,14.14,N,14.140
D_CONDUCT,Conductividad a 20 ºC,239384,192,N,191.600
D_OXIDABIL,Oxidabilidad,239384,1.12,N,1.120
D_PH,pH,239384,8.0,N,7.970
D_TURBIDEZ,Turbidez,239384,<0.4,N,0.340
M-013-AC1,Recuento de enterococos intestinales,239384,0,N,0.000
M-016-AC1,Recuento de E. coli,239384,0,N,0.000
M-016-AC1,Recuento de bacterias coliformes,239384,0,N,0.000
M-030-AC1,Recuento C. perfringens (con esporas),239384,0,N,0.000
M-068-AC1,Microorganismos cultivables a 22 °C,239384,<1,N,1.000
M-068-AC1,Microorganismos cultivables a 22 ºC,239384,0.0,K,0.000
M-068-AC1,Recuento,239384,0,K,0.000
MET-POT-AC,Aluminio total,239384,118.5,N,118.460
MET-POT-AC,Antimonio total,239384,<1.0,N,0.000
OXOANIONES,Bromato,239384,<2.5,N,0.000
AMONI-CI-P,Amonio,239385,<0.15,N,0.000
THM-GCMS,Bromodiclorometano,239385,11.4,N,11.400
D_CONDUCT,Conductividad a 20 ºC,239385,185,N,185.200
THM-GCMS,Bromoformo,239385,<5.0,N,0.400
THM-GCMS,Cloroformo,239385,38.1,N,38.100
THM-GCMS,Dibromoclorometano,239385,<5.0,N,3.700
THM-GCMS,Suma Trihalometanos,239385,53.6,N,53.580
WMM-LM-CAM,Cloro combinado,239385,0.18,N,0.180
WMM-LM-CAM,Cloro libre,239385,0.55,N,0.550
WMM-LM-CAM,Cloro total,239385,0.73,N,0.730
D_OXIDABIL,Oxidabilidad,239385,1.20,N,1.200
D_PH,pH,239385,8.0,N,7.990
D_TURBIDEZ,Turbidez,239385,0.7,N,0.680
M-013-AC1,Recuento de enterococos intestinales,239385,0,N,0.000
M-016-AC1,Recuento de E. coli,239385,0,N,0.000
M-016-AC1,Recuento de bacterias coliformes,239385,0,N,0.000
M-030-AC1,Recuento C. perfringens (con esporas),239385,0,N,0.000
M-068-AC1,Microorganismos cultivables a 22 ºC,239385,1.0,K,1.000
M-068-AC1,Recnto. microorg cultivables a 22 °C,239385,Presencia /ml,O,0.000
M-068-AC1,Recuento,239385,1,K,1.000
MET-POT-AC,Aluminio total,239385,195.7,N,195.670
MET-POT-AC,Antimonio total,239385,<1.0,N,0.000
MET-POT-AC,Arsénico total,239385,<1.0,N,0.280
MET-POT-AC,Boro total,239385,<50.0,N,12.380
MET-POT-AC,Cadmio total,239385,<1.5,N,0.010
MET-POT-AC,Cobre total,239385,<50.0,N,0.560
MET-POT-AC,Cromo total,239385,<10.0,N,0.090
MET-POT-AC,Hierro total,239385,45.8,N,45.810
MET-POT-AC,Manganeso total,239385,<10.0,N,2.320
MET-POT-AC,Niquel total,239385,<5.0,N,0.850
MET-POT-AC,Plomo total,239385,<1.0,N,0.070
MET-POT-AC,Selenio total,239385,<1.0,N,0.070
NA-CI-P,Sodio,239385,9.12,N,9.120
NTRAT-CI-P,Nitratos,239385,2.78,N,2.780
NTRIT-CI-P,Nitritos,239385,<0.15,N,0.000
OXOANIONES,Bromato,239385,<2.5,N,0.000
OXOANIONES,Clorato,239385,0.225,N,0.225
OXOANIONES,Clorito,239385,<0.025,N,0.000
SULFA-CI-P,Sulfatos,239385,14.3,N,14.290
CLORU-CI-P,Cloruros,239385,14.04,N,14.040
D_PH,pH,239386,8.0,N,8.040
WMM-LM-CAM,Cloro total,239386,<0.10,N,0.060
M-013-AC1,Recuento de enterococos intestinales,239386,0,N,0.000
M-016-AC1,Recuento de E. coli,239386,0,N,0.000
M-016-AC1,Recuento de bacterias coliformes,239386,0,N,0.000
M-030-AC1,Recuento C. perfringens (con esporas),239386,0,N,0.000
M-068-AC1,Microorganismos cultivables a 22 ºC,239386,1.0,K,1.000
M-068-AC1,Recnto. microorg cultivables a 22 °C,239386,Presencia /ml,O,0.000
M-068-AC1,Recuento,239386,1,K,1.000
AMONI-CI-P,Amonio,239386,<0.15,N,0.000
CLORU-CI-P,Cloruros,239386,13.90,N,13.900
D_CONDUCT,Conductividad a 20 ºC,239386,195,N,194.700
D_OXIDABIL,Oxidabilidad,239386,1.12,N,1.120
MET-POT-AC,Aluminio total,239386,80.2,N,80.190
MET-POT-AC,Antimonio total,239386,<1.0,N,0.000
MET-POT-AC,Arsénico total,239386,<1.0,N,0.290
MET-POT-AC,Boro total,239386,<50.0,N,12.730
MET-POT-AC,Cadmio total,239386,<1.5,N,0.000
MET-POT-AC,Cobre total,239386,<50.0,N,2.080
MET-POT-AC,Cromo total,239386,<10.0,N,0.190
MET-POT-AC,Hierro total,239386,18.8,N,18.820
MET-POT-AC,Manganeso total,239386,<10.0,N,0.860
MET-POT-AC,Niquel total,239386,<5.0,N,0.720
MET-POT-AC,Plomo total,239386,<1.0,N,0.100
MET-POT-AC,Selenio total,239386,<1.0,N,0.040
NA-CI-P,Sodio,239386,9.10,N,9.101
NTRAT-CI-P,Nitratos,239386,2.82,N,2.820
NTRIT-CI-P,Nitritos,239386,<0.15,N,0.000
OXOANIONES,Bromato,239386,<2.5,N,0.000
OXOANIONES,Clorato,239386,0.214,N,0.214
OXOANIONES,Clorito,239386,<0.025,N,0.000
SULFA-CI-P,Sulfatos,239386,14.5,N,14.500
THM-GCMS,Bromodiclorometano,239386,13.9,N,13.900
THM-GCMS,Bromoformo,239386,<5.0,N,0.400
THM-GCMS,Cloroformo,239386,45.7,N,45.700
THM-GCMS,Dibromoclorometano,239386,<5.0,N,3.900
THM-GCMS,Suma Trihalometanos,239386,63.9,N,63.920
WMM-LM-CAM,Cloro combinado,239386,<0.10,N,0.060
WMM-LM-CAM,Cloro libre,239386,<0.10,N,0.000
D_TURBIDEZ,Turbidez,239386,<0.4,N,0.200
NA-CI-P,Sodio,239387,8.45,N,8.452
NTRIT-CI-P,Nitritos,239387,<0.15,N,0.000
OXOANIONES,Bromato,239387,<2.5,N,0.000
OXOANIONES,Clorato,239387,0.144,N,0.144
M-013-AC1,Recuento de enterococos intestinales,239387,0,N,0.000
M-016-AC1,Recuento de E. coli,239387,0,N,0.000
M-016-AC1,Recuento de bacterias coliformes,239387,0,N,0.000
M-030-AC1,Recuento C. perfringens (con esporas),239387,0,N,0.000
M-068-AC1,Microorganismos cultivables a 22 ºC,239387,2.0,K,2.000
M-068-AC1,Recnto. microorg cultivables a 22 °C,239387,Presencia /ml,O,0.000
M-068-AC1,Recuento,239387,2,K,2.000
MET-POT-AC,Aluminio total,239387,199.5,N,199.540
OXOANIONES,Clorito,239387,<0.025,N,0.000
SULFA-CI-P,Sulfatos,239387,14.2,N,14.200
THM-GCMS,Bromodiclorometano,239387,11.0,N,11.000
THM-GCMS,Bromoformo,239387,<5.0,N,0.400
THM-GCMS,Cloroformo,239387,37.4,N,37.400
THM-GCMS,Dibromoclorometano,239387,<5.0,N,3.900
THM-GCMS,Suma Trihalometanos,239387,52.7,N,52.680
WMM-LM-CAM,Cloro combinado,239387,0.15,N,0.150
WMM-LM-CAM,Cloro libre,239387,<0.10,N,0.010
WMM-LM-CAM,Cloro total,239387,0.16,N,0.160
MET-POT-AC,Antimonio total,239387,<1.0,N,0.000
MET-POT-AC,Arsénico total,239387,<1.0,N,0.280
MET-POT-AC,Boro total,239387,<50.0,N,12.960
MET-POT-AC,Cadmio total,239387,<1.5,N,0.000
MET-POT-AC,Cobre total,239387,<50.0,N,0.710
MET-POT-AC,Cromo total,239387,<10.0,N,0.040
MET-POT-AC,Hierro total,239387,42.6,N,42.640
MET-POT-AC,Manganeso total,239387,<10.0,N,3.460
MET-POT-AC,Niquel total,239387,<5.0,N,0.850
MET-POT-AC,Plomo total,239387,<1.0,N,0.070
MET-POT-AC,Selenio total,239387,<1.0,N,0.070
AMONI-CI-P,Amonio,239387,<0.15,N,0.000
CLORU-CI-P,Cloruros,239387,13.17,N,13.170
D_CONDUCT,Conductividad a 20 ºC,239387,183,N,183.000
D_OXIDABIL,Oxidabilidad,239387,1.32,N,1.320
D_PH,pH,239387,8.1,N,8.070
D_TURBIDEZ,Turbidez,239387,0.9,N,0.870
NTRAT-CI-P,Nitratos,239387,2.74,N,2.740
AMONI-CI-P,Amonio,239403,<0.15,N,0.020
CLORU-CI-P,Cloruros,239403,3.81,N,3.809
D_CONDUCT,Conductividad a 20 ºC,239403,181,N,180.800
D_OXIDABIL,Oxidabilidad,239403,0.60,N,0.600
D_PH,pH,239403,8.0,N,8.030
D_TURBIDEZ,Turbidez,239403,0.5,N,0.480
M-013-AC1,Recuento de enterococos intestinales,239403,0,N,0.000
M-016-AC1,Recuento de E. coli,239403,0,N,0.000
M-016-AC1,Recuento de bacterias coliformes,239403,0,N,0.000
M-030-AC1,Recuento C. perfringens (con esporas),239403,0,N,0.000
M-068-AC1,Microorganismos cultivables a 22 ºC,239403,1.0,K,1.000
M-068-AC1,Recnto. microorg. cultivables a 22 °C,239403,Presencia /ml,O,0.000
M-068-AC1,Recuento,239403,1,K,1.000
MET-POT-AC,Aluminio total,239403,50.5,N,50.470
MET-POT-AC,Antimonio total,239403,<1.0,N,-0.060
MET-POT-AC,Arsénico total,239403,<1.0,N,0.110
MET-POT-AC,Boro total,239403,<50.0,N,3.370
MET-POT-AC,Cadmio total,239403,<1.5,N,0.010
MET-POT-AC,Cobre total,239403,<50.0,N,9.090
MET-POT-AC,Cromo total,239403,<10.0,N,0.160
MET-POT-AC,Hierro total,239403,15.2,N,15.230
MET-POT-AC,Manganeso total,239403,<10.0,N,0.210
MET-POT-AC,Niquel total,239403,<5.0,N,0.240
MET-POT-AC,Plomo total,239403,<1.0,N,0.250
MET-POT-AC,Selenio total,239403,<1.0,N,0.080
NA-CI-P,Sodio,239403,2.76,N,2.757
NTRAT-CI-P,Nitratos,239403,1.12,N,1.118
NTRIT-CI-P,Nitritos,239403,<0.15,N,0.000
OXOANIONES,Bromato,239403,<2.5,N,0.000
OXOANIONES,Clorato,239403,0.072,N,0.072
OXOANIONES,Clorito,239403,<0.025,N,0.000
SULFA-CI-P,Sulfatos,239403,4.2,N,4.173
THM-GCMS,Bromodiclorometano,239403,<5.0,N,4.800
THM-GCMS,Bromoformo,239403,<5.0,N,0.500
THM-GCMS,Cloroformo,239403,24.2,N,24.200
THM-GCMS,Dibromoclorometano,239403,<5.0,N,0.800
THM-GCMS,Suma Trihalometanos,239403,30.0,N,29.960
WMM-LM-CAM,Cloro combinado,239403,<0.10,N,0.030
WMM-LM-CAM,Cloro libre,239403,<0.10,N,0.020
WMM-LM-CAM,Cloro total,239403,<0.10,N,0.050
MET-POT-AC,Selenio total,239404,<1.0,N,0.180
MET-POT-AC,Plomo total,239404,<1.0,N,0.060
NTRAT-CI-P,Nitratos,239404,2.86,N,2.864
NTRIT-CI-P,Nitritos,239404,<0.15,N,0.000
OXOANIONES,Bromato,239404,<2.5,N,0.000
OXOANIONES,Clorato,239404,0.219,N,0.219
OXOANIONES,Clorito,239404,<0.025,N,0.000
SULFA-CI-P,Sulfatos,239404,14.3,N,14.277
THM-GCMS,Bromodiclorometano,239404,11.9,N,11.900
THM-GCMS,Bromoformo,239404,<5.0,N,0.500
THM-GCMS,Cloroformo,239404,36.4,N,36.400
THM-GCMS,Dibromoclorometano,239404,<5.0,N,4.500
THM-GCMS,Suma Trihalometanos,239404,53.2,N,53.240
WMM-LM-CAM,Cloro combinado,239404,<0.10,N,0.090
WMM-LM-CAM,Cloro libre,239404,<0.10,N,0.090
WMM-LM-CAM,Cloro total,239404,0.18,N,0.180
AMONI-CI-P,Amonio,239404,<0.15,N,0.012
CLORU-CI-P,Cloruros,239404,13.94,N,13.942
D_CONDUCT,Conductividad a 20 ºC,239404,190,N,190.400
D_OXIDABIL,Oxidabilidad,239404,1.08,N,1.080
D_PH,pH,239404,8.2,N,8.180
D_TURBIDEZ,Turbidez,239404,<0.4,N,0.170
M-013-AC1,Recuento de enterococos intestinales,239404,0,N,0.000
M-016-AC1,Recuento de E. coli,239404,0,N,0.000
M-016-AC1,Recuento de bacterias coliformes,239404,0,N,0.000
M-030-AC1,Recuento C. perfringens (con esporas),239404,0,N,0.000
M-068-AC1,Microorganismos cultivables a 22 °C,239404,<1,N,1.000
M-068-AC1,Microorganismos cultivables a 22 ºC,239404,0.0,K,0.000
M-068-AC1,Recuento,239404,0,K,0.000
MET-POT-AC,Aluminio total,239404,84.8,N,84.760
MET-POT-AC,Antimonio total,239404,<1.0,N,-0.030
MET-POT-AC,Arsénico total,239404,<1.0,N,0.300
MET-POT-AC,Boro total,239404,<50.0,N,12.610
MET-POT-AC,Cadmio total,239404,<1.5,N,0.000
MET-POT-AC,Cobre total,239404,<50.0,N,1.250
MET-POT-AC,Cromo total,239404,<10.0,N,0.050
MET-POT-AC,Hierro total,239404,10.4,N,10.380
MET-POT-AC,Manganeso total,239404,<10.0,N,0.550
MET-POT-AC,Niquel total,239404,<5.0,N,0.690
NA-CI-P,Sodio,239404,8.96,N,8.962
AMONI-CI-P,Amonio,239405,<0.15,N,0.010
WMM-LM-CAM,Cloro total,239405,0.18,N,0.180
D_CONDUCT,Conductividad a 20 ºC,239405,187,N,187.400
D_OXIDABIL,Oxidabilidad,239405,1.16,N,1.160
D_PH,pH,239405,7.9,N,7.900
D_TURBIDEZ,Turbidez,239405,<0.4,N,0.220
MET-POT-AC,Cadmio total,239405,<1.5,N,0.000
MET-POT-AC,Cobre total,239405,<50.0,N,2.040
M-013-AC1,Recuento de enterococos intestinales,239405,0,N,0.000
M-016-AC1,Recuento de E. coli,239405,0,N,0.000
M-016-AC1,Recuento de bacterias coliformes,239405,0,N,0.000
M-030-AC1,Recuento C. perfringens (con esporas),239405,0,N,0.000
M-068-AC1,Microorganismos cultivables a 22 ºC,239405,2.0,K,2.000
M-068-AC1,Recnto. microorg. cultivables a 22 °C,239405,Presencia /ml,O,0.000
M-068-AC1,Recuento,239405,2,K,2.000
MET-POT-AC,Aluminio total,239405,89.6,N,89.590
MET-POT-AC,Antimonio total,239405,<1.0,N,-0.040
MET-POT-AC,Arsénico total,239405,<1.0,N,0.220
MET-POT-AC,Boro total,239405,<50.0,N,12.290
MET-POT-AC,Cromo total,239405,<10.0,N,0.050
MET-POT-AC,Hierro total,239405,12.3,N,12.280
MET-POT-AC,Manganeso total,239405,<10.0,N,0.840
MET-POT-AC,Niquel total,239405,<5.0,N,1.020
MET-POT-AC,Plomo total,239405,<1.0,N,0.080
MET-POT-AC,Selenio total,239405,<1.0,N,0.150
NA-CI-P,Sodio,239405,8.18,N,8.184
NTRAT-CI-P,Nitratos,239405,2.73,N,2.729
NTRIT-CI-P,Nitritos,239405,<0.15,N,0.000
OXOANIONES,Bromato,239405,<2.5,N,0.000
OXOANIONES,Clorato,239405,0.118,N,0.118
OXOANIONES,Clorito,239405,<0.025,N,0.000
SULFA-CI-P,Sulfatos,239405,14.4,N,14.435
THM-GCMS,Bromodiclorometano,239405,10.3,N,10.300
THM-GCMS,Bromoformo,239405,<5.0,N,0.300
THM-GCMS,Cloroformo,239405,31.7,N,31.700
THM-GCMS,Dibromoclorometano,239405,<5.0,N,3.300
THM-GCMS,Suma Trihalometanos,239405,45.7,N,45.660
WMM-LM-CAM,Cloro combinado,239405,0.15,N,0.150
WMM-LM-CAM,Cloro libre,239405,<0.10,N,0.030
CLORU-CI-P,Cloruros,239405,12.86,N,12.862
D_OXIDABIL,Oxidabilidad,239406,1.24,N,1.240
THM-GCMS,Bromoformo,239406,<5.0,N,0.300
D_TURBIDEZ,Turbidez,239406,0.5,N,0.450
M-013-AC1,Recuento de enterococos intestinales,239406,0,N,0.000
M-016-AC1,Recuento de E. coli,239406,0,N,0.000
M-016-AC1,Recuento de bacterias coliformes,239406,0,N,0.000
M-030-AC1,Recuento C. perfringens (con esporas),239406,0,N,0.000
M-068-AC1,Microorganismos cultivables a 22 °C,239406,<1,N,1.000
M-068-AC1,Microorganismos cultivables a 22 ºC,239406,0.0,K,0.000
M-068-AC1,Recuento,239406,0,K,0.000
MET-POT-AC,Aluminio total,239406,135.7,N,135.730
MET-POT-AC,Antimonio total,239406,<1.0,N,-0.030
MET-POT-AC,Arsénico total,239406,<1.0,N,0.220
MET-POT-AC,Boro total,239406,<50.0,N,13.210
MET-POT-AC,Cadmio total,239406,<1.5,N,0.000
THM-GCMS,Cloroformo,239406,32.5,N,32.500
THM-GCMS,Dibromoclorometano,239406,<5.0,N,3.700
THM-GCMS,Suma Trihalometanos,239406,46.7,N,46.680
WMM-LM-CAM,Cloro combinado,239406,0.15,N,0.150
WMM-LM-CAM,Cloro libre,239406,<0.10,N,0.050
WMM-LM-CAM,Cloro total,239406,0.20,N,0.200
AMONI-CI-P,Amonio,239406,<0.15,N,0.009
CLORU-CI-P,Cloruros,239406,12.83,N,12.826
D_CONDUCT,Conductividad a 20 ºC,239406,187,N,186.700
MET-POT-AC,Cobre total,239406,<50.0,N,0.530
MET-POT-AC,Cromo total,239406,<10.0,N,0.060
MET-POT-AC,Hierro total,239406,28.7,N,28.740
MET-POT-AC,Manganeso total,239406,<10.0,N,1.590
MET-POT-AC,Niquel total,239406,<5.0,N,1.180
MET-POT-AC,Plomo total,239406,<1.0,N,0.060
MET-POT-AC,Selenio total,239406,<1.0,N,0.120
NA-CI-P,Sodio,239406,8.21,N,8.209
NTRAT-CI-P,Nitratos,239406,2.74,N,2.738
NTRIT-CI-P,Nitritos,239406,<0.15,N,0.000
OXOANIONES,Bromato,239406,<2.5,N,0.000
OXOANIONES,Clorato,239406,0.117,N,0.117
OXOANIONES,Clorito,239406,<0.025,N,0.000
SULFA-CI-P,Sulfatos,239406,14.4,N,14.422
THM-GCMS,Bromodiclorometano,239406,10.2,N,10.200
D_PH,pH,239406,7.9,N,7.900
AMONI-CI-P,Amonio,239407,<0.15,N,0.001
CLORU-CI-P,Cloruros,239407,15.24,N,15.239
D_CONDUCT,Conductividad a 20 ºC,239407,183,N,183.100
D_OXIDABIL,Oxidabilidad,239407,1.08,N,1.080
D_PH,pH,239407,8.5,N,8.490
MET-POT-AC,Niquel total,239407,<5.0,N,0.900
MET-POT-AC,Plomo total,239407,<1.0,N,0.250
MET-POT-AC,Selenio total,239407,<1.0,N,0.150
NA-CI-P,Sodio,239407,9.91,N,9.907
NTRAT-CI-P,Nitratos,239407,2.42,N,2.419
NTRIT-CI-P,Nitritos,239407,<0.15,N,0.000
OXOANIONES,Bromato,239407,<2.5,N,0.000
OXOANIONES,Clorato,239407,0.405,N,0.405
OXOANIONES,Clorito,239407,<0.025,N,0.000
SULFA-CI-P,Sulfatos,239407,13.4,N,13.439
THM-GCMS,Bromodiclorometano,239407,8.7,N,8.700
THM-GCMS,Bromoformo,239407,<5.0,N,0.400
THM-GCMS,Cloroformo,239407,28.9,N,28.900
D_TURBIDEZ,Turbidez,239407,0.4,N,0.410
M-013-AC1,Recuento de enterococos intestinales,239407,0,N,0.000
M-016-AC1,Recuento de E. coli,239407,0,N,0.000
M-016-AC1,Recuento de bacterias coliformes,239407,0,N,0.000
M-030-AC1,Recuento C. perfringens (con esporas),239407,0,N,0.000
M-068-AC1,Microorganismos cultivables a 22 ºC,239407,2.0,K,2.000
M-068-AC1,Recnto. microorg. cultivables a 22 °C,239407,Presencia /ml,O,0.000
M-068-AC1,Recuento,239407,2,K,2.000
MET-POT-AC,Aluminio total,239407,122.8,N,122.780
MET-POT-AC,Antimonio total,239407,<1.0,N,-0.040
MET-POT-AC,Arsénico total,239407,<1.0,N,0.370
MET-POT-AC,Boro total,239407,<50.0,N,11.220
MET-POT-AC,Cadmio total,239407,<1.5,N,0.000
MET-POT-AC,Cobre total,239407,<50.0,N,1.910
MET-POT-AC,Cromo total,239407,<10.0,N,0.070
MET-POT-AC,Hierro total,239407,25.6,N,25.580
MET-POT-AC,Manganeso total,239407,<10.0,N,3.780
THM-GCMS,Dibromoclorometano,239407,<5.0,N,3.400
THM-GCMS,Suma Trihalometanos,239407,41.3,N,41.280
WMM-LM-CAM,Cloro combinado,239407,<0.10,N,0.060
WMM-LM-CAM,Cloro libre,239407,<0.10,N,0.030
WMM-LM-CAM,Cloro total,239407,<0.10,N,0.090
M-016-AC1,Recuento de E. coli,239408,0,N,0.000
WMM-LM-CAM,Cloro libre,239408,<0.10,N,0.070
M-030-AC1,Recuento C. perfringens (con esporas),239408,0,N,0.000
M-068-AC1,Microorganismos cultivables a 22 °C,239408,<1,N,1.000
M-068-AC1,Microorganismos cultivables a 22 ºC,239408,0.0,K,0.000
M-068-AC1,Recuento,239408,0,K,0.000
MET-POT-AC,Aluminio total,239408,111.8,N,111.770
MET-POT-AC,Antimonio total,239408,<1.0,N,-0.040
WMM-LM-CAM,Cloro total,239408,0.14,N,0.140
AMONI-CI-P,Amonio,239408,<0.15,N,0.009
CLORU-CI-P,Cloruros,239408,15.23,N,15.232
D_CONDUCT,Conductividad a 20 ºC,239408,187,N,187.200
D_OXIDABIL,Oxidabilidad,239408,1.04,N,1.040
D_PH,pH,239408,8.5,N,8.500
D_TURBIDEZ,Turbidez,239408,0.4,N,0.430
M-013-AC1,Recuento de enterococos intestinales,239408,0,N,0.000
MET-POT-AC,Arsénico total,239408,<1.0,N,0.360
MET-POT-AC,Boro total,239408,<50.0,N,11.470
MET-POT-AC,Cadmio total,239408,<1.5,N,0.000
MET-POT-AC,Cobre total,239408,<50.0,N,2.310
MET-POT-AC,Cromo total,239408,<10.0,N,0.080
MET-POT-AC,Hierro total,239408,21.3,N,21.320
MET-POT-AC,Manganeso total,239408,<10.0,N,2.650
MET-POT-AC,Niquel total,239408,<5.0,N,0.620
MET-POT-AC,Plomo total,239408,<1.0,N,0.190
MET-POT-AC,Selenio total,239408,<1.0,N,0.110
NA-CI-P,Sodio,239408,9.89,N,9.885
NTRAT-CI-P,Nitratos,239408,2.78,N,2.783
NTRIT-CI-P,Nitritos,239408,<0.15,N,0.033
OXOANIONES,Bromato,239408,<2.5,N,0.000
OXOANIONES,Clorato,239408,0.407,N,0.407
OXOANIONES,Clorito,239408,<0.025,N,0.000
SULFA-CI-P,Sulfatos,239408,13.7,N,13.714
THM-GCMS,Bromodiclorometano,239408,8.7,N,8.700
THM-GCMS,Bromoformo,239408,<5.0,N,0.400
THM-GCMS,Cloroformo,239408,29.8,N,29.800
THM-GCMS,Dibromoclorometano,239408,<5.0,N,3.300
THM-GCMS,Suma Trihalometanos,239408,42.2,N,42.190
WMM-LM-CAM,Cloro combinado,239408,<0.10,N,0.070
M-016-AC1,Recuento de bacterias coliformes,239408,0,N,0.000
AMONI-CI-P,Amonio,239409,<0.15,N,0.001
WMM-LM-CAM,Cloro total,239409,<0.10,N,0.090
D_CONDUCT,Conductividad a 20 ºC,239409,181,N,181.400
D_OXIDABIL,Oxidabilidad,239409,0.96,N,0.960
D_PH,pH,239409,8.6,N,8.630
D_TURBIDEZ,Turbidez,239409,0.4,N,0.370
M-013-AC1,Recuento de enterococos intestinales,239409,0,N,0.000
M-016-AC1,Recuento de E. coli,239409,0,N,0.000
MET-POT-AC,Manganeso total,239409,<10.0,N,1.020
MET-POT-AC,Niquel total,239409,<5.0,N,0.690
MET-POT-AC,Plomo total,239409,<1.0,N,0.540
MET-POT-AC,Selenio total,239409,<1.0,N,0.110
NA-CI-P,Sodio,239409,9.83,N,9.831
NTRAT-CI-P,Nitratos,239409,2.58,N,2.584
NTRIT-CI-P,Nitritos,239409,<0.15,N,0.000
OXOANIONES,Bromato,239409,<2.5,N,0.000
OXOANIONES,Clorato,239409,0.372,N,0.372
OXOANIONES,Clorito,239409,<0.025,N,0.000
SULFA-CI-P,Sulfatos,239409,13.4,N,13.352
M-016-AC1,Recuento de bacterias coliformes,239409,0,N,0.000
M-030-AC1,Recuento C. perfringens (con esporas),239409,0,N,0.000
M-068-AC1,Microorganismos cultivables a 22 °C,239409,<1,N,1.000
M-068-AC1,Microorganismos cultivables a 22 ºC,239409,0.0,K,0.000
M-068-AC1,Recuento,239409,0,K,0.000
MET-POT-AC,Aluminio total,239409,113.1,N,113.100
MET-POT-AC,Antimonio total,239409,<1.0,N,-0.030
MET-POT-AC,Arsénico total,239409,<1.0,N,0.350
MET-POT-AC,Boro total,239409,<50.0,N,11.380
MET-POT-AC,Cadmio total,239409,<1.5,N,0.000
MET-POT-AC,Cobre total,239409,<50.0,N,6.870
MET-POT-AC,Cromo total,239409,<10.0,N,0.090
MET-POT-AC,Hierro total,239409,25.2,N,25.210
THM-GCMS,Bromodiclorometano,239409,8.7,N,8.700
THM-GCMS,Bromoformo,239409,<5.0,N,0.400
THM-GCMS,Cloroformo,239409,28.3,N,28.300
THM-GCMS,Dibromoclorometano,239409,<5.0,N,3.000
THM-GCMS,Suma Trihalometanos,239409,40.3,N,40.310
WMM-LM-CAM,Cloro combinado,239409,<0.10,N,0.070
WMM-LM-CAM,Cloro libre,239409,<0.10,N,0.020
CLORU-CI-P,Cloruros,239409,15.13,N,15.127
MET-POT-AC,Niquel total,239410,<5.0,N,0.900
MET-POT-AC,Plomo total,239410,1.0,N,0.980
MET-POT-AC,Selenio total,239410,<1.0,N,0.120
NA-CI-P,Sodio,239410,9.93,N,9.928
NTRAT-CI-P,Nitratos,239410,2.76,N,2.763
NTRIT-CI-P,Nitritos,239410,<0.15,N,0.041
OXOANIONES,Bromato,239410,<2.5,N,0.000
OXOANIONES,Clorato,239410,0.456,N,0.456
OXOANIONES,Clorito,239410,<0.025,N,0.000
SULFA-CI-P,Sulfatos,239410,14.1,N,14.064
THM-GCMS,Bromodiclorometano,239410,8.2,N,8.200
THM-GCMS,Bromoformo,239410,<5.0,N,0.500
THM-GCMS,Cloroformo,239410,21.5,N,21.485
THM-GCMS,Dibromoclorometano,239410,<5.0,N,3.300
THM-GCMS,Suma Trihalometanos,239410,33.5,N,33.500
WMM-LM-CAM,Cloro combinado,239410,0.11,N,0.110
AMONI-CI-P,Amonio,239410,<0.15,N,0.004
CLORU-CI-P,Cloruros,239410,15.46,N,15.458
D_CONDUCT,Conductividad a 20 ºC,239410,191,N,190.700
D_OXIDABIL,Oxidabilidad,239410,1.00,N,1.000
D_PH,pH,239410,8.4,N,8.380
D_TURBIDEZ,Turbidez,239410,0.4,N,0.360
M-013-AC1,Recuento de enterococos intestinales,239410,0,N,0.000
M-016-AC1,Recuento de E. coli,239410,0,N,0.000
M-016-AC1,Recuento de bacterias coliformes,239410,0,N,0.000
M-030-AC1,Recuento C. perfringens (con esporas),239410,0,N,0.000
M-068-AC1,Microorganismos cultivables a 22 °C,239410,<1,N,1.000
M-068-AC1,Microorganismos cultivables a 22 ºC,239410,0.0,K,0.000
M-068-AC1,Recuento,239410,0,K,0.000
MET-POT-AC,Aluminio total,239410,108.0,N,107.990
MET-POT-AC,Antimonio total,239410,<1.0,N,-0.010
MET-POT-AC,Arsénico total,239410,<1.0,N,0.370
MET-POT-AC,Boro total,239410,<50.0,N,12.340
MET-POT-AC,Cadmio total,239410,<1.5,N,0.000
MET-POT-AC,Cobre total,239410,<50.0,N,3.360
MET-POT-AC,Cromo total,239410,<10.0,N,0.100
MET-POT-AC,Hierro total,239410,48.1,N,48.110
MET-POT-AC,Manganeso total,239410,<10.0,N,1.580
WMM-LM-CAM,Cloro libre,239410,0.25,N,0.250
WMM-LM-CAM,Cloro total,239410,0.36,N,0.360
OXOANIONES,Clorato,239411,0.218,N,0.218
WMM-LM-CAM,Cloro total,239411,<0.10,N,0.080
SULFA-CI-P,Sulfatos,239411,14.4,N,14.365
THM-GCMS,Bromodiclorometano,239411,12.5,N,12.500
THM-GCMS,Bromoformo,239411,<5.0,N,0.500
THM-GCMS,Cloroformo,239411,29.4,N,29.370
THM-GCMS,Dibromoclorometano,239411,<5.0,N,4.600
THM-GCMS,Suma Trihalometanos,239411,47.0,N,47.020
WMM-LM-CAM,Cloro combinado,239411,<0.10,N,0.000
WMM-LM-CAM,Cloro libre,239411,<0.10,N,0.080
AMONI-CI-P,Amonio,239411,<0.15,N,0.003
CLORU-CI-P,Cloruros,239411,13.98,N,13.982
D_CONDUCT,Conductividad a 20 ºC,239411,192,N,192.300
D_OXIDABIL,Oxidabilidad,239411,1.04,N,1.040
D_PH,pH,239411,8.3,N,8.290
D_TURBIDEZ,Turbidez,239411,<0.4,N,0.330
M-013-AC1,Recuento de enterococos intestinales,239411,0,N,0.000
M-016-AC1,Recuento de E. coli,239411,0,N,0.000
M-016-AC1,Recuento de bacterias coliformes,239411,0,N,0.000
M-030-AC1,Recuento C. perfringens (con esporas),239411,0,N,0.000
M-068-AC1,Microorganismos cultivables a 22 °C,239411,<1,N,1.000
M-068-AC1,Microorganismos cultivables a 22 ºC,239411,0.0,K,0.000
M-068-AC1,Recuento,239411,0,K,0.000
MET-POT-AC,Aluminio total,239411,116.7,N,116.740
MET-POT-AC,Antimonio total,239411,<1.0,N,0.240
MET-POT-AC,Arsénico total,239411,<1.0,N,0.330
MET-POT-AC,Boro total,239411,<50.0,N,12.850
MET-POT-AC,Cadmio total,239411,<1.5,N,0.000
MET-POT-AC,Cobre total,239411,<50.0,N,1.370
MET-POT-AC,Cromo total,239411,<10.0,N,0.090
MET-POT-AC,Hierro total,239411,21.8,N,21.830
MET-POT-AC,Manganeso total,239411,<10.0,N,1.800
MET-POT-AC,Niquel total,239411,<5.0,N,0.790
MET-POT-AC,Plomo total,239411,<1.0,N,0.280
MET-POT-AC,Selenio total,239411,<1.0,N,0.160
NA-CI-P,Sodio,239411,9.00,N,9.001
NTRAT-CI-P,Nitratos,239411,2.80,N,2.799
NTRIT-CI-P,Nitritos,239411,<0.15,N,0.028
OXOANIONES,Bromato,239411,<2.5,N,0.000
OXOANIONES,Clorito,239411,<0.025,N,0.000
OXOANIONES,Clorato,239412,0.071,N,0.071
M-068-AC1,Recnto. microorg. cultivables a 22 °C,239412,Estimado 3 ufc/ ml,O,0.000
M-068-AC1,Recuento,239412,3,K,3.000
MET-POT-AC,Aluminio total,239412,50.8,N,50.760
MET-POT-AC,Antimonio total,239412,<1.0,N,0.090
MET-POT-AC,Arsénico total,239412,<1.0,N,0.110
MET-POT-AC,Boro total,239412,<50.0,N,3.350
MET-POT-AC,Cadmio total,239412,<1.5,N,0.010
MET-POT-AC,Cobre total,239412,<50.0,N,3.640
OXOANIONES,Clorito,239412,<0.025,N,0.000
SULFA-CI-P,Sulfatos,239412,4.2,N,4.228
THM-GCMS,Bromodiclorometano,239412,<5.0,N,4.000
THM-GCMS,Bromoformo,239412,<5.0,N,0.300
THM-GCMS,Cloroformo,239412,19.4,N,19.373
THM-GCMS,Dibromoclorometano,239412,<5.0,N,0.800
THM-GCMS,Suma Trihalometanos,239412,24.5,N,24.520
WMM-LM-CAM,Cloro combinado,239412,<0.10,N,0.030
WMM-LM-CAM,Cloro libre,239412,0.25,N,0.250
WMM-LM-CAM,Cloro total,239412,0.28,N,0.280
AMONI-CI-P,Amonio,239412,<0.15,N,0.011
CLORU-CI-P,Cloruros,239412,3.82,N,3.819
D_CONDUCT,Conductividad a 20 ºC,239412,179,N,178.600
D_OXIDABIL,Oxidabilidad,239412,0.56,N,0.560
D_PH,pH,239412,8.2,N,8.220
D_TURBIDEZ,Turbidez,239412,<0.4,N,0.330
M-013-AC1,Recuento de enterococos intestinales,239412,0,N,0.000
M-016-AC1,Recuento de E. coli,239412,0,N,0.000
M-016-AC1,Recuento de bacterias coliformes,239412,0,N,0.000
M-030-AC1,Recuento C. perfringens (con esporas),239412,0,N,0.000
M-068-AC1,Microorganismos cultivables a 22 ºC,239412,3.0,K,3.000
MET-POT-AC,Cromo total,239412,<10.0,N,0.180
MET-POT-AC,Hierro total,239412,14.7,N,14.690
MET-POT-AC,Manganeso total,239412,<10.0,N,0.160
MET-POT-AC,Niquel total,239412,<5.0,N,0.350
MET-POT-AC,Plomo total,239412,<1.0,N,0.120
MET-POT-AC,Selenio total,239412,<1.0,N,0.150
NA-CI-P,Sodio,239412,2.76,N,2.761
NTRAT-CI-P,Nitratos,239412,1.11,N,1.106
NTRIT-CI-P,Nitritos,239412,<0.15,N,0.000
OXOANIONES,Bromato,239412,<2.5,N,0.000
AMONI-CI-P,Amonio,239413,<0.15,N,0.001
WMM-LM-CAM,Cloro total,239413,0.42,N,0.420
D_CONDUCT,Conductividad a 20 ºC,239413,178,N,177.500
D_OXIDABIL,Oxidabilidad,239413,0.60,N,0.600
D_PH,pH,239413,8.2,N,8.190
D_TURBIDEZ,Turbidez,239413,0.5,N,0.530
M-013-AC1,Recuento de enterococos intestinales,239413,0,N,0.000
M-016-AC1,Recuento de E. coli,239413,0,N,0.000
M-016-AC1,Recuento de bacterias coliformes,239413,0,N,0.000
M-030-AC1,Recuento C. perfringens (con esporas),239413,0,N,0.000
M-068-AC1,Microorganismos cultivables a 22 °C,239413,<1,N,1.000
M-068-AC1,Microorganismos cultivables a 22 ºC,239413,0.0,K,0.000
NA-CI-P,Sodio,239413,2.84,N,2.840
NTRAT-CI-P,Nitratos,239413,1.08,N,1.076
NTRIT-CI-P,Nitritos,239413,<0.15,N,0.034
OXOANIONES,Bromato,239413,<2.5,N,0.000
OXOANIONES,Clorato,239413,0.069,N,0.069
OXOANIONES,Clorito,239413,<0.025,N,0.000
SULFA-CI-P,Sulfatos,239413,4.2,N,4.200
THM-GCMS,Bromodiclorometano,239413,<5.0,N,3.800
THM-GCMS,Bromoformo,239413,<5.0,N,0.300
THM-GCMS,Cloroformo,239413,16.2,N,16.235
THM-GCMS,Dibromoclorometano,239413,<5.0,N,0.800
M-068-AC1,Recuento,239413,0,K,0.000
MET-POT-AC,Aluminio total,239413,<50.0,N,46.220
MET-POT-AC,Antimonio total,239413,<1.0,N,0.040
MET-POT-AC,Arsénico total,239413,<1.0,N,0.120
MET-POT-AC,Boro total,239413,<50.0,N,3.430
MET-POT-AC,Cadmio total,239413,<1.5,N,0.010
MET-POT-AC,Cobre total,239413,<50.0,N,2.020
MET-POT-AC,Cromo total,239413,<10.0,N,0.150
MET-POT-AC,Hierro total,239413,14.0,N,13.950
MET-POT-AC,Manganeso total,239413,<10.0,N,0.140
MET-POT-AC,Niquel total,239413,<5.0,N,0.140
MET-POT-AC,Plomo total,239413,<1.0,N,0.110
MET-POT-AC,Selenio total,239413,<1.0,N,0.130
THM-GCMS,Suma Trihalometanos,239413,21.2,N,21.150
WMM-LM-CAM,Cloro combinado,239413,<0.10,N,0.070
WMM-LM-CAM,Cloro libre,239413,0.35,N,0.350
CLORU-CI-P,Cloruros,239413,3.80,N,3.802
M-013-AC1,Recuento de enterococos intestinales,239414,0,N,0.000
M-016-AC1,Recuento de E. coli,239414,0,N,0.000
M-016-AC1,Recuento de bacterias coliformes,239414,0,N,0.000
M-030-AC1,Recuento C. perfringens (con esporas),239414,0,N,0.000
M-068-AC1,Microorganismos cultivables a 22 °C,239414,<1,N,1.000
M-068-AC1,Microorganismos cultivables a 22 ºC,239414,0.0,K,0.000
M-068-AC1,Recuento,239414,0,K,0.000
MET-POT-AC,Aluminio total,239414,<50.0,N,48.070
MET-POT-AC,Antimonio total,239414,<1.0,N,0.020
MET-POT-AC,Arsénico total,239414,<1.0,N,0.100
MET-POT-AC,Boro total,239414,<50.0,N,3.270
MET-POT-AC,Cadmio total,239414,<1.5,N,0.010
MET-POT-AC,Cobre total,239414,<50.0,N,4.300
MET-POT-AC,Cromo total,239414,<10.0,N,0.180
MET-POT-AC,Hierro total,239414,14.6,N,14.570
MET-POT-AC,Manganeso total,239414,<10.0,N,0.180
MET-POT-AC,Niquel total,239414,<5.0,N,0.370
MET-POT-AC,Plomo total,239414,<1.0,N,0.170
MET-POT-AC,Selenio total,239414,<1.0,N,0.150
NA-CI-P,Sodio,239414,3.02,N,3.017
NTRAT-CI-P,Nitratos,239414,1.07,N,1.075
NTRIT-CI-P,Nitritos,239414,<0.15,N,0.038
OXOANIONES,Bromato,239414,<2.5,N,0.000
OXOANIONES,Clorato,239414,0.072,N,0.072
OXOANIONES,Clorito,239414,<0.025,N,0.000
SULFA-CI-P,Sulfatos,239414,4.2,N,4.198
THM-GCMS,Bromodiclorometano,239414,<5.0,N,3.900
THM-GCMS,Bromoformo,239414,<5.0,N,0.300
THM-GCMS,Cloroformo,239414,16.8,N,16.804
THM-GCMS,Dibromoclorometano,239414,<5.0,N,0.800
THM-GCMS,Suma Trihalometanos,239414,21.8,N,21.820
WMM-LM-CAM,Cloro combinado,239414,<0.10,N,0.090
WMM-LM-CAM,Cloro libre,239414,0.13,N,0.130
WMM-LM-CAM,Cloro total,239414,0.22,N,0.220
AMONI-CI-P,Amonio,239414,<0.15,N,0.037
CLORU-CI-P,Cloruros,239414,3.81,N,3.811
D_CONDUCT,Conductividad a 20 ºC,239414,178,N,177.900
D_OXIDABIL,Oxidabilidad,239414,0.56,N,0.560
D_PH,pH,239414,8.2,N,8.180
D_TURBIDEZ,Turbidez,239414,0.5,N,0.490
WMM-LM-CAM,Cloro total,239415,<0.10,N,0.000
WMM-LM-CAM,Cloro libre,239415,<0.10,N,0.000
WMM-LM-CAM,Cloro combinado,239415,<0.10,N,0.000
MET-POT-AC,Selenio total,239415,<1.0,N,0.110
MET-POT-AC,Plomo total,239415,4.5,N,4.530
MET-POT-AC,Niquel total,239415,<5.0,N,1.930
MET-POT-AC,Manganeso total,239415,<10.0,N,4.000
MET-POT-AC,Hierro total,239415,50.5,N,50.500
MET-POT-AC,Cromo total,239415,<10.0,N,0.080
MET-POT-AC,Cobre total,239415,175.4,N,175.360
MET-POT-AC,Cadmio total,239415,<1.5,N,0.010
MET-POT-AC,Boro total,239415,<50.0,N,12.520
MET-POT-AC,Arsénico total,239415,<1.0,N,0.310
MET-POT-AC,Antimonio total,239415,<1.0,N,-0.020
MET-POT-AC,Aluminio total,239415,86.9,N,86.920
WMM-LM-CAM,Cloro total,239416,0.20,N,0.200
WMM-LM-CAM,Cloro combinado,239416,0.20,N,0.200
MET-POT-AC,Selenio total,239416,<1.0,N,0.160
MET-POT-AC,Plomo total,239416,<1.0,N,0.250
MET-POT-AC,Niquel total,239416,<5.0,N,0.850
MET-POT-AC,Manganeso total,239416,<10.0,N,2.100
MET-POT-AC,Hierro total,239416,29.7,N,29.680
MET-POT-AC,Cromo total,239416,<10.0,N,0.070
MET-POT-AC,Cobre total,239416,<50.0,N,10.530
MET-POT-AC,Cadmio total,239416,<1.5,N,0.010
MET-POT-AC,Boro total,239416,<50.0,N,13.030
MET-POT-AC,Arsénico total,239416,<1.0,N,0.270
MET-POT-AC,Antimonio total,239416,<1.0,N,-0.020
MET-POT-AC,Aluminio total,239416,111.7,N,111.680
WMM-LM-CAM,Cloro libre,239416,<0.10,N,0.000
AL-POT-AC,Aluminio total,239425,101.3,N,101.280
FE-TOT-POT,Hierro,239425,34.2,N,34.200
MN-TOT-POT,Manganeso,239425,<5.0,N,2.310
WMM-LM-CAM,Cloro combinado,239425,<0.10,N,0.000
WMM-LM-CAM,Cloro libre,239425,<0.10,N,0.000
WMM-LM-CAM,Cloro total,239425,<0.10,N,0.000
AL-POT-AC,Aluminio total,239426,101.5,N,101.540
WMM-LM-CAM,Cloro combinado,239426,<0.10,N,0.000
WMM-LM-CAM,Cloro libre,239426,<0.10,N,0.000
WMM-LM-CAM,Cloro total,239426,<0.10,N,0.000
AL-POT-AC,Aluminio total,239515,246.6,N,246.640
WMM-LM-CAM,Cloro total,239515,<0.10,N,0.080
WMM-LM-CAM,Cloro combinado,239515,<0.10,N,0.080
WMM-LM-CAM,Cloro libre,239515,<0.10,N,0.000
MN-TOT-POT,Manganeso,239516,<5.0,N,0.580
WMM-LM-CAM,Cloro combinado,239516,0.10,N,0.100
WMM-LM-CAM,Cloro libre,239516,<0.10,N,0.000
WMM-LM-CAM,Cloro total,239516,0.10,N,0.100
AL-POT-AC,Aluminio total,239516,99.4,N,99.390
AL-POT-AC,Aluminio total,239517,475.1,N,475.140
D_PH,pH,239517,9.9,N,9.860
WMM-LM-CAM,Cloro total,239517,<0.10,N,0.000
WMM-LM-CAM,Cloro combinado,239517,<0.10,N,0.000
WMM-LM-CAM,Cloro libre,239517,<0.10,N,0.000
MET-POT-AC,Hierro total,239852,17.7,N,17.660
MET-POT-AC,Cromo total,239852,<10.0,N,0.020
MET-POT-AC,Niquel total,239852,<5.0,N,0.630
MET-POT-AC,Plomo total,239852,<1.0,N,0.930
MET-POT-AC,Selenio total,239852,<1.0,N,0.100
NA-CI-P,Sodio,239852,8.83,N,8.826
NTRAT-CI-P,Nitratos,239852,3.66,N,3.660
NTRIT-CI-P,Nitritos,239852,<0.15,N,0.000
OXOANIONES,Bromato,239852,<2.5,N,0.000
OXOANIONES,Clorato,239852,0.099,N,0.099
OXOANIONES,Clorito,239852,<0.025,N,0.000
PE-IL-TEMP,Temperatura del agua,239852,20.7,N,20.700
SULFA-CI-P,Sulfatos,239852,20.6,N,20.610
THM-GCMS,Bromodiclorometano,239852,9.4,N,9.399
THM-GCMS,Bromoformo,239852,<5.0,N,0.469
THM-GCMS,Cloroformo,239852,19.1,N,19.138
THM-GCMS,Dibromoclorometano,239852,5.2,N,5.194
THM-GCMS,Suma Trihalometanos,239852,34.5,N,34.500
WMM-LM-CAM,Cloro combinado,239852,<0.10,N,0.060
WMM-LM-CAM,Cloro libre,239852,<0.10,N,0.000
WMM-LM-CAM,Cloro total,239852,<0.10,N,0.060
AMONI-CI-P,Amonio,239852,<0.15,N,0.023
CLORU-CI-P,Cloruros,239852,12.79,N,12.790
D_CONDUCT,Conductividad a 20 ºC,239852,308,N,308.000
D_PH,pH,239852,8.2,N,8.200
D_TURBIDEZ,Turbidez,239852,<0.4,N,0.100
M-013-AC1,Recuento de enterococos intestinales,239852,0,N,0.000
M-016-AC1,Recuento de E. coli,239852,0,N,0.000
M-016-AC1,Recuento de bacterias coliformes,239852,0,N,0.000
M-030-AC1,Recuento C. perfringens (con esporas),239852,0,N,0.000
M-068-AC1,Microorganismos cultivables a 22 ºC,239852,2.0,K,2.000
M-068-AC1,Recnto. microorg. cultivables a 22ºC,239852,Presencia /ml,O,0.000
M-068-AC1,Recuento,239852,2,K,2.000
MET-POT-AC,Aluminio total,239852,103.6,N,103.570
MET-POT-AC,Antimonio total,239852,<1.0,N,0.030
MET-POT-AC,Arsénico total,239852,<1.0,N,0.380
MET-POT-AC,Boro total,239852,<50.0,N,23.230
MET-POT-AC,Cadmio total,239852,<1.5,N,0.010
MET-POT-AC,Cobre total,239852,<50.0,N,1.440
MET-POT-AC,Manganeso total,239852,<10.0,N,1.160
THM-GCMS,Suma Trihalometanos,239853,35.1,N,35.120
WMM-LM-CAM,Cloro combinado,239853,0.13,N,0.130
WMM-LM-CAM,Cloro libre,239853,0.24,N,0.240
WMM-LM-CAM,Cloro total,239853,0.37,N,0.370
AMONI-CI-P,Amonio,239853,<0.15,N,0.003
CLORU-CI-P,Cloruros,239853,12.55,N,12.550
D_CONDUCT,Conductividad a 20 ºC,239853,310,N,309.900
D_PH,pH,239853,8.2,N,8.150
D_TURBIDEZ,Turbidez,239853,<0.4,N,0.130
M-013-AC1,Recuento de enterococos intestinales,239853,0,N,0.000
M-016-AC1,Recuento de E. coli,239853,0,N,0.000
M-016-AC1,Recuento de bacterias coliformes,239853,0,N,0.000
M-030-AC1,Recuento C. perfringens (con esporas),239853,0,N,0.000
M-068-AC1,Microorganismos cultivables a 22 °C,239853,<1,N,1.000
NTRIT-CI-P,Nitritos,239853,<0.15,N,0.000
OXOANIONES,Bromato,239853,<2.5,N,0.000
OXOANIONES,Clorato,239853,0.090,N,0.090
OXOANIONES,Clorito,239853,<0.025,N,0.000
PE-IL-TEMP,Temperatura del agua,239853,18.5,N,18.500
SULFA-CI-P,Sulfatos,239853,20.6,N,20.630
THM-GCMS,Bromodiclorometano,239853,9.1,N,9.120
THM-GCMS,Bromoformo,239853,<5.0,N,0.813
THM-GCMS,Cloroformo,239853,19.9,N,19.933
THM-GCMS,Dibromoclorometano,239853,5.3,N,5.255
M-068-AC1,Microorganismos cultivables a 22 ºC,239853,0.0,K,0.000
M-068-AC1,Recuento,239853,0,K,0.000
MET-POT-AC,Aluminio total,239853,112.6,N,112.620
MET-POT-AC,Antimonio total,239853,<1.0,N,0.020
MET-POT-AC,Arsénico total,239853,<1.0,N,0.380
MET-POT-AC,Boro total,239853,<50.0,N,24.450
MET-POT-AC,Cadmio total,239853,<1.5,N,0.000
MET-POT-AC,Cobre total,239853,<50.0,N,1.880
MET-POT-AC,Cromo total,239853,<10.0,N,-0.030
MET-POT-AC,Hierro total,239853,10.2,N,10.160
MET-POT-AC,Manganeso total,239853,<10.0,N,0.420
MET-POT-AC,Niquel total,239853,<5.0,N,0.680
MET-POT-AC,Plomo total,239853,<1.0,N,0.080
MET-POT-AC,Selenio total,239853,<1.0,N,0.080
NA-CI-P,Sodio,239853,8.71,N,8.712
NTRAT-CI-P,Nitratos,239853,3.61,N,3.610
AMONI-CI-P,Amonio,239854,<0.15,N,0.001
WMM-LM-CAM,Cloro total,239854,0.33,N,0.330
D_CONDUCT,Conductividad a 20 ºC,239854,309,N,308.800
D_PH,pH,239854,8.1,N,8.130
D_TURBIDEZ,Turbidez,239854,<0.4,N,0.110
M-013-AC1,Recuento de enterococos intestinales,239854,0,N,0.000
M-016-AC1,Recuento de E. coli,239854,0,N,0.000
M-016-AC1,Recuento de bacterias coliformes,239854,0,N,0.000
M-030-AC1,Recuento C. perfringens (con esporas),239854,0,N,0.000
M-068-AC1,Microorganismos cultivables a 22 °C,239854,<1,N,1.000
M-068-AC1,Microorganismos cultivables a 22 ºC,239854,0.0,K,0.000
M-068-AC1,Recuento,239854,0,K,0.000
MET-POT-AC,Aluminio total,239854,107.1,N,107.140
MET-POT-AC,Antimonio total,239854,<1.0,N,0.020
MET-POT-AC,Arsénico total,239854,<1.0,N,0.350
MET-POT-AC,Boro total,239854,<50.0,N,25.060
MET-POT-AC,Cadmio total,239854,<1.5,N,0.000
MET-POT-AC,Cobre total,239854,<50.0,N,2.170
MET-POT-AC,Cromo total,239854,<10.0,N,-0.020
MET-POT-AC,Hierro total,239854,10.4,N,10.390
MET-POT-AC,Manganeso total,239854,<10.0,N,0.210
MET-POT-AC,Niquel total,239854,<5.0,N,0.890
MET-POT-AC,Plomo total,239854,<1.0,N,0.060
MET-POT-AC,Selenio total,239854,<1.0,N,0.210
NA-CI-P,Sodio,239854,8.70,N,8.698
NTRAT-CI-P,Nitratos,239854,3.59,N,3.590
NTRIT-CI-P,Nitritos,239854,<0.15,N,0.000
OXOANIONES,Bromato,239854,<2.5,N,0.000
OXOANIONES,Clorato,239854,0.091,N,0.091
OXOANIONES,Clorito,239854,<0.025,N,0.000
PE-IL-TEMP,Temperatura del agua,239854,21.4,N,21.400
SULFA-CI-P,Sulfatos,239854,20.3,N,20.310
THM-GCMS,Bromodiclorometano,239854,10.4,N,10.423
THM-GCMS,Bromoformo,239854,<5.0,N,0.814
THM-GCMS,Cloroformo,239854,24.5,N,24.515
THM-GCMS,Dibromoclorometano,239854,5.6,N,5.630
THM-GCMS,Suma Trihalometanos,239854,41.4,N,41.380
WMM-LM-CAM,Cloro combinado,239854,0.12,N,0.120
WMM-LM-CAM,Cloro libre,239854,0.21,N,0.210
CLORU-CI-P,Cloruros,239854,12.54,N,12.540
M-068-AC1,Microorganismos cultivables a 22 °C,239855,<1,N,1.000
D_CONDUCT,Conductividad a 20 ºC,239855,310,N,310.000
M-068-AC1,Recuento,239855,0,K,0.000
MET-POT-AC,Aluminio total,239855,116.0,N,116.000
MET-POT-AC,Antimonio total,239855,<1.0,N,0.020
MET-POT-AC,Arsénico total,239855,<1.0,N,0.360
MET-POT-AC,Boro total,239855,<50.0,N,24.960
MET-POT-AC,Cadmio total,239855,<1.5,N,0.010
MET-POT-AC,Cobre total,239855,<50.0,N,1.120
MET-POT-AC,Cromo total,239855,<10.0,N,0.000
MET-POT-AC,Hierro total,239855,14.8,N,14.800
MET-POT-AC,Manganeso total,239855,<10.0,N,0.900
MET-POT-AC,Niquel total,239855,<5.0,N,0.700
MET-POT-AC,Plomo total,239855,<1.0,N,0.400
MET-POT-AC,Selenio total,239855,<1.0,N,0.200
NA-CI-P,Sodio,239855,8.67,N,8.673
NTRAT-CI-P,Nitratos,239855,3.60,N,3.600
NTRIT-CI-P,Nitritos,239855,<0.15,N,0.000
OXOANIONES,Bromato,239855,<2.5,N,0.000
OXOANIONES,Clorato,239855,0.905,N,0.905
OXOANIONES,Clorito,239855,<0.025,N,0.000
PE-IL-TEMP,Temperatura del agua,239855,17.6,N,17.600
SULFA-CI-P,Sulfatos,239855,20.5,N,20.450
THM-GCMS,Bromodiclorometano,239855,7.8,N,7.786
THM-GCMS,Bromoformo,239855,<5.0,N,0.747
THM-GCMS,Cloroformo,239855,16.6,N,16.584
THM-GCMS,Dibromoclorometano,239855,<5.0,N,4.317
THM-GCMS,Suma Trihalometanos,239855,29.4,N,29.430
WMM-LM-CAM,Cloro combinado,239855,0.21,N,0.210
WMM-LM-CAM,Cloro libre,239855,0.10,N,0.100
WMM-LM-CAM,Cloro total,239855,0.31,N,0.310
D_PH,pH,239855,8.2,N,8.150
D_TURBIDEZ,Turbidez,239855,<0.4,N,0.170
M-013-AC1,Recuento de enterococos intestinales,239855,0,N,0.000
M-016-AC1,Recuento de E. coli,239855,0,N,0.000
M-016-AC1,Recuento de bacterias coliformes,239855,0,N,0.000
M-030-AC1,Recuento C. perfringens (con esporas),239855,0,N,0.000
AMONI-CI-P,Amonio,239855,<0.15,N,0.004
CLORU-CI-P,Cloruros,239855,12.49,N,12.490
M-068-AC1,Microorganismos cultivables a 22 ºC,239855,0.0,K,0.000
MET-POT-AC,Selenio total,239856,<1.0,N,0.180
MET-POT-AC,Aluminio total,239856,113.0,N,112.970
NTRAT-CI-P,Nitratos,239856,3.60,N,3.600
NTRIT-CI-P,Nitritos,239856,<0.15,N,0.000
OXOANIONES,Bromato,239856,<2.5,N,0.000
OXOANIONES,Clorato,239856,0.090,N,0.090
OXOANIONES,Clorito,239856,<0.025,N,0.000
PE-IL-TEMP,Temperatura del agua,239856,16.2,N,16.200
SULFA-CI-P,Sulfatos,239856,20.4,N,20.400
THM-GCMS,Bromodiclorometano,239856,8.2,N,8.237
THM-GCMS,Bromoformo,239856,<5.0,N,0.750
THM-GCMS,Cloroformo,239856,17.9,N,17.947
THM-GCMS,Dibromoclorometano,239856,<5.0,N,4.270
THM-GCMS,Suma Trihalometanos,239856,31.2,N,31.200
WMM-LM-CAM,Cloro combinado,239856,0.15,N,0.150
WMM-LM-CAM,Cloro libre,239856,0.26,N,0.260
WMM-LM-CAM,Cloro total,239856,0.41,N,0.410
AMONI-CI-P,Amonio,239856,<0.15,N,0.006
MET-POT-AC,Antimonio total,239856,<1.0,N,0.020
MET-POT-AC,Arsénico total,239856,<1.0,N,0.370
MET-POT-AC,Boro total,239856,<50.0,N,25.610
MET-POT-AC,Cadmio total,239856,<1.5,N,0.010
MET-POT-AC,Cobre total,239856,<50.0,N,0.550
MET-POT-AC,Cromo total,239856,<10.0,N,0.000
MET-POT-AC,Hierro total,239856,14.3,N,14.250
MET-POT-AC,Manganeso total,239856,<10.0,N,0.610
MET-POT-AC,Niquel total,239856,<5.0,N,0.940
MET-POT-AC,Plomo total,239856,<1.0,N,0.250
CLORU-CI-P,Cloruros,239856,12.44,N,12.440
D_CONDUCT,Conductividad a 20 ºC,239856,311,N,311.100
D_PH,pH,239856,8.1,N,8.120
D_TURBIDEZ,Turbidez,239856,<0.4,N,0.170
M-013-AC1,Recuento de enterococos intestinales,239856,0,N,0.000
M-016-AC1,Recuento de E. coli,239856,0,N,0.000
M-016-AC1,Recuento de bacterias coliformes,239856,0,N,0.000
M-030-AC1,Recuento C. perfringens (con esporas),239856,0,N,0.000
M-068-AC1,Microorganismos cultivables a 22 °C,239856,<1,N,1.000
M-068-AC1,Microorganismos cultivables a 22 ºC,239856,0.0,K,0.000
M-068-AC1,Recuento,239856,0,K,0.000
NA-CI-P,Sodio,239856,8.65,N,8.645
AMONI-CI-P,Amonio,239857,<0.15,N,0.017
OXOANIONES,Clorito,239857,<0.025,N,0.000
D_CONDUCT,Conductividad a 20 ºC,239857,307,N,306.500
D_PH,pH,239857,8.1,N,8.140
D_TURBIDEZ,Turbidez,239857,<0.4,N,0.120
M-013-AC1,Recuento de enterococos intestinales,239857,0,N,0.000
M-016-AC1,Recuento de E. coli,239857,0,N,0.000
M-016-AC1,Recuento de bacterias coliformes,239857,0,N,0.000
M-030-AC1,Recuento C. perfringens (con esporas),239857,0,N,0.000
M-068-AC1,Microorganismos cultivables a 22 °C,239857,<1,N,1.000
M-068-AC1,Microorganismos cultivables a 22 ºC,239857,0.0,K,0.000
M-068-AC1,Recuento,239857,0,K,0.000
PE-IL-TEMP,Temperatura del agua,239857,17.3,N,17.300
SULFA-CI-P,Sulfatos,239857,20.3,N,20.290
THM-GCMS,Bromodiclorometano,239857,9.9,N,9.941
THM-GCMS,Bromoformo,239857,<5.0,N,0.628
THM-GCMS,Cloroformo,239857,22.5,N,22.477
THM-GCMS,Dibromoclorometano,239857,<5.0,N,4.587
THM-GCMS,Suma Trihalometanos,239857,37.6,N,37.630
WMM-LM-CAM,Cloro combinado,239857,0.14,N,0.140
WMM-LM-CAM,Cloro libre,239857,<0.10,N,0.070
WMM-LM-CAM,Cloro total,239857,0.21,N,0.210
MET-POT-AC,Aluminio total,239857,98.6,N,98.610
MET-POT-AC,Antimonio total,239857,<1.0,N,0.010
MET-POT-AC,Arsénico total,239857,<1.0,N,0.360
MET-POT-AC,Boro total,239857,<50.0,N,22.950
MET-POT-AC,Cadmio total,239857,<1.5,N,0.000
MET-POT-AC,Cobre total,239857,<50.0,N,0.480
MET-POT-AC,Cromo total,239857,<10.0,N,0.000
MET-POT-AC,Hierro total,239857,10.0,N,10.040
MET-POT-AC,Manganeso total,239857,<10.0,N,0.360
MET-POT-AC,Niquel total,239857,<5.0,N,0.650
MET-POT-AC,Plomo total,239857,<1.0,N,0.030
MET-POT-AC,Selenio total,239857,<1.0,N,0.180
NA-CI-P,Sodio,239857,8.74,N,8.740
NTRAT-CI-P,Nitratos,239857,3.58,N,3.580
NTRIT-CI-P,Nitritos,239857,<0.15,N,0.000
OXOANIONES,Bromato,239857,<2.5,N,0.000
OXOANIONES,Clorato,239857,0.095,N,0.095
CLORU-CI-P,Cloruros,239857,12.55,N,12.550
MET-POT-AC,Aluminio total,239858,104.6,N,104.550
WMM-LM-CAM,Cloro total,239858,0.20,N,0.200
MET-POT-AC,Arsénico total,239858,<1.0,N,0.350
MET-POT-AC,Boro total,239858,<50.0,N,22.990
MET-POT-AC,Cadmio total,239858,<1.5,N,0.000
MET-POT-AC,Cobre total,239858,<50.0,N,0.440
MET-POT-AC,Cromo total,239858,<10.0,N,0.000
MET-POT-AC,Hierro total,239858,<10.0,N,8.960
MET-POT-AC,Manganeso total,239858,<10.0,N,0.440
MET-POT-AC,Niquel total,239858,<5.0,N,0.650
MET-POT-AC,Plomo total,239858,<1.0,N,0.070
MET-POT-AC,Selenio total,239858,<1.0,N,0.220
NA-CI-P,Sodio,239858,8.79,N,8.793
NTRAT-CI-P,Nitratos,239858,3.60,N,3.600
NTRIT-CI-P,Nitritos,239858,<0.15,N,0.000
OXOANIONES,Bromato,239858,<2.5,N,0.000
AMONI-CI-P,Amonio,239858,<0.15,N,0.021
CLORU-CI-P,Cloruros,239858,12.66,N,12.660
D_CONDUCT,Conductividad a 20 ºC,239858,306,N,305.900
D_PH,pH,239858,8.2,N,8.230
D_TURBIDEZ,Turbidez,239858,<0.4,N,0.130
M-013-AC1,Recuento de enterococos intestinales,239858,0,N,0.000
M-016-AC1,Recuento de E. coli,239858,0,N,0.000
M-016-AC1,Recuento de bacterias coliformes,239858,0,N,0.000
M-030-AC1,Recuento C. perfringens (con esporas),239858,0,N,0.000
M-068-AC1,Microorganismos cultivables a 22 °C,239858,<1,N,1.000
M-068-AC1,Microorganismos cultivables a 22 ºC,239858,0.0,K,0.000
M-068-AC1,Recuento,239858,0,K,0.000
OXOANIONES,Clorato,239858,0.095,N,0.095
OXOANIONES,Clorito,239858,<0.025,N,0.000
PE-IL-TEMP,Temperatura del agua,239858,19.4,N,19.400
SULFA-CI-P,Sulfatos,239858,20.4,N,20.370
THM-GCMS,Bromodiclorometano,239858,9.3,N,9.331
THM-GCMS,Bromoformo,239858,<5.0,N,0.759
THM-GCMS,Cloroformo,239858,21.1,N,21.058
THM-GCMS,Dibromoclorometano,239858,<5.0,N,4.446
THM-GCMS,Suma Trihalometanos,239858,35.6,N,35.590
WMM-LM-CAM,Cloro combinado,239858,0.13,N,0.130
WMM-LM-CAM,Cloro libre,239858,<0.10,N,0.070
MET-POT-AC,Antimonio total,239858,<1.0,N,0.200
M-013-AC1,Recuento de enterococos intestinales,239859,0,N,0.000
M-016-AC1,Recuento de E. coli,239859,0,N,0.000
M-016-AC1,Recuento de bacterias coliformes,239859,0,N,0.000
M-030-AC1,Recuento C. perfringens (con esporas),239859,0,N,0.000
M-068-AC1,Microorganismos cultivables a 22 °C,239859,<1,N,1.000
M-068-AC1,Microorganismos cultivables a 22 ºC,239859,0.0,K,0.000
M-068-AC1,Recuento,239859,0,K,0.000
MET-POT-AC,Aluminio total,239859,108.8,N,108.820
MET-POT-AC,Antimonio total,239859,<1.0,N,0.170
MET-POT-AC,Arsénico total,239859,<1.0,N,0.460
MET-POT-AC,Boro total,239859,<50.0,N,25.150
MET-POT-AC,Cadmio total,239859,<1.5,N,0.000
MET-POT-AC,Cobre total,239859,<50.0,N,1.750
MET-POT-AC,Cromo total,239859,<10.0,N,-0.020
MET-POT-AC,Hierro total,239859,<10.0,N,9.820
MET-POT-AC,Manganeso total,239859,<10.0,N,0.390
MET-POT-AC,Niquel total,239859,<5.0,N,0.850
MET-POT-AC,Plomo total,239859,<1.0,N,0.060
MET-POT-AC,Selenio total,239859,<1.0,N,0.150
NA-CI-P,Sodio,239859,9.49,N,9.489
NTRAT-CI-P,Nitratos,239859,3.68,N,3.680
NTRIT-CI-P,Nitritos,239859,<0.15,N,0.000
OXOANIONES,Bromato,239859,<2.5,N,0.000
OXOANIONES,Clorato,239859,0.235,N,0.235
OXOANIONES,Clorito,239859,<0.025,N,0.000
PE-IL-TEMP,Temperatura del agua,239859,17.6,N,17.600
SULFA-CI-P,Sulfatos,239859,20.4,N,20.410
THM-GCMS,Bromodiclorometano,239859,11.8,N,11.759
THM-GCMS,Bromoformo,239859,<5.0,N,0.802
THM-GCMS,Cloroformo,239859,29.4,N,29.372
THM-GCMS,Dibromoclorometano,239859,5.3,N,5.276
THM-GCMS,Suma Trihalometanos,239859,47.2,N,47.210
WMM-LM-CAM,Cloro combinado,239859,0.11,N,0.110
WMM-LM-CAM,Cloro libre,239859,<0.10,N,0.020
WMM-LM-CAM,Cloro total,239859,0.13,N,0.130
AMONI-CI-P,Amonio,239859,<0.15,N,0.021
CLORU-CI-P,Cloruros,239859,13.36,N,13.360
D_CONDUCT,Conductividad a 20 ºC,239859,312,N,311.700
D_PH,pH,239859,8.3,N,8.260
D_TURBIDEZ,Turbidez,239859,<0.4,N,0.170
THM-GCMS,Cloroformo,239867,24.5,N,24.532
THM-GCMS,Bromoformo,239867,<5.0,N,0.594
THM-GCMS,Suma Trihalometanos,239867,39.5,N,39.460
WMM-LM-CAM,Cloro combinado,239867,0.12,N,0.120
WMM-LM-CAM,Cloro libre,239867,<0.10,N,0.000
WMM-LM-CAM,Cloro total,239867,0.12,N,0.120
M-013-AC1,Recuento de enterococos intestinales,239867,0,N,0.000
M-016-AC1,Recuento de E. coli,239867,0,N,0.000
M-016-AC1,Recuento de bacterias coliformes,239867,0,N,0.000
M-030-AC1,Recuento C. perfringens (con esporas),239867,0,N,0.000
M-068-AC1,Microorganismos cultivables a 22 ºC,239867,1.0,K,1.000
M-068-AC1,Recnto. Microorg. cultivables a 22º C,239867,Presencia /ml,O,0.000
M-068-AC1,Recuento,239867,1,K,1.000
MET-POT-AC,Aluminio total,239867,101.4,N,101.410
MET-POT-AC,Antimonio total,239867,<1.0,N,0.360
MET-POT-AC,Arsénico total,239867,<1.0,N,0.350
MET-POT-AC,Boro total,239867,<50.0,N,21.810
MET-POT-AC,Cadmio total,239867,<1.5,N,0.000
AMONI-CI-P,Amonio,239867,<0.15,N,0.007
CLORU-CI-P,Cloruros,239867,12.40,N,12.400
D_CONDUCT,Conductividad a 20 ºC,239867,313,N,313.300
D_PH,pH,239867,7.8,N,7.790
D_TURBIDEZ,Turbidez,239867,<0.4,N,0.120
MET-POT-AC,Cobre total,239867,<50.0,N,0.900
MET-POT-AC,Cromo total,239867,<10.0,N,0.020
MET-POT-AC,Hierro total,239867,<10.0,N,9.780
MET-POT-AC,Manganeso total,239867,<10.0,N,0.490
MET-POT-AC,Niquel total,239867,<5.0,N,0.570
MET-POT-AC,Plomo total,239867,<1.0,N,0.060
MET-POT-AC,Selenio total,239867,<1.0,N,0.030
NA-CI-P,Sodio,239867,8.57,N,8.568
NTRAT-CI-P,Nitratos,239867,3.57,N,3.570
NTRIT-CI-P,Nitritos,239867,<0.15,N,0.000
OXOANIONES,Bromato,239867,<2.5,N,0.000
OXOANIONES,Clorato,239867,0.090,N,0.090
OXOANIONES,Clorito,239867,<0.025,N,0.000
SULFA-CI-P,Sulfatos,239867,20.3,N,20.310
THM-GCMS,Bromodiclorometano,239867,9.6,N,9.558
THM-GCMS,Dibromoclorometano,239867,<5.0,N,4.772
AMONI-CI-P,Amonio,239868,<0.15,N,0.007
CLORU-CI-P,Cloruros,239868,13.11,N,13.110
D_CONDUCT,Conductividad a 20 ºC,239868,309,N,308.900
D_PH,pH,239868,8.2,N,8.170
D_TURBIDEZ,Turbidez,239868,<0.4,N,0.130
M-013-AC1,Recuento de enterococos intestinales,239868,0,N,0.000
M-016-AC1,Recuento de E. coli,239868,0,N,0.000
M-016-AC1,Recuento de bacterias coliformes,239868,0,N,0.000
M-030-AC1,Recuento C. perfringens (con esporas),239868,0,N,0.000
M-068-AC1,Microorganismos cultivables a 22 °C,239868,10,N,10.000
M-068-AC1,Microorganismos cultivables a 22 ºC,239868,1.0E+01,K,10.000
M-068-AC1,Recuento,239868,10,K,10.000
MET-POT-AC,Aluminio total,239868,97.1,N,97.060
MET-POT-AC,Antimonio total,239868,<1.0,N,0.220
MET-POT-AC,Arsénico total,239868,<1.0,N,0.380
MET-POT-AC,Boro total,239868,<50.0,N,22.050
THM-GCMS,Suma Trihalometanos,239868,43.5,N,43.450
WMM-LM-CAM,Cloro combinado,239868,0.15,N,0.150
WMM-LM-CAM,Cloro libre,239868,<0.10,N,0.080
WMM-LM-CAM,Cloro total,239868,0.23,N,0.230
MET-POT-AC,Cadmio total,239868,<1.5,N,0.000
MET-POT-AC,Cobre total,239868,<50.0,N,0.710
MET-POT-AC,Cromo total,239868,<10.0,N,0.030
MET-POT-AC,Hierro total,239868,<10.0,N,9.120
MET-POT-AC,Manganeso total,239868,<10.0,N,0.510
MET-POT-AC,Niquel total,239868,<5.0,N,0.800
MET-POT-AC,Plomo total,239868,<1.0,N,0.040
MET-POT-AC,Selenio total,239868,<1.0,N,0.100
NA-CI-P,Sodio,239868,9.25,N,9.249
NTRAT-CI-P,Nitratos,239868,3.60,N,3.600
NTRIT-CI-P,Nitritos,239868,<0.15,N,0.000
OXOANIONES,Bromato,239868,<2.5,N,0.000
OXOANIONES,Clorato,239868,0.210,N,0.210
OXOANIONES,Clorito,239868,<0.025,N,0.000
SULFA-CI-P,Sulfatos,239868,20.1,N,20.130
THM-GCMS,Bromodiclorometano,239868,10.2,N,10.159
THM-GCMS,Bromoformo,239868,<5.0,N,0.757
THM-GCMS,Cloroformo,239868,27.3,N,27.346
THM-GCMS,Dibromoclorometano,239868,5.2,N,5.188
NA-CI-P,Sodio,239869,9.28,N,9.281
WMM-LM-CAM,Cloro total,239869,0.44,N,0.440
NTRIT-CI-P,Nitritos,239869,<0.15,N,0.000
OXOANIONES,Bromato,239869,<2.5,N,0.000
OXOANIONES,Clorato,239869,0.160,N,0.160
OXOANIONES,Clorito,239869,<0.025,N,0.000
SULFA-CI-P,Sulfatos,239869,20.5,N,20.470
THM-GCMS,Bromodiclorometano,239869,11.0,N,10.998
THM-GCMS,Bromoformo,239869,<5.0,N,0.625
THM-GCMS,Cloroformo,239869,29.8,N,29.767
AMONI-CI-P,Amonio,239869,<0.15,N,0.000
CLORU-CI-P,Cloruros,239869,13.27,N,13.270
D_CONDUCT,Conductividad a 20 ºC,239869,309,N,309.100
D_PH,pH,239869,8.2,N,8.200
D_TURBIDEZ,Turbidez,239869,<0.4,N,0.150
M-013-AC1,Recuento de enterococos intestinales,239869,0,N,0.000
M-016-AC1,Recuento de E. coli,239869,0,N,0.000
M-016-AC1,Recuento de bacterias coliformes,239869,0,N,0.000
M-030-AC1,Recuento C. perfringens (con esporas),239869,0,N,0.000
M-068-AC1,Microorganismos cultivables a 22 °C,239869,<1,N,1.000
M-068-AC1,Microorganismos cultivables a 22 ºC,239869,0.0,K,0.000
M-068-AC1,Recuento,239869,0,K,0.000
MET-POT-AC,Aluminio total,239869,103.3,N,103.280
MET-POT-AC,Antimonio total,239869,<1.0,N,0.050
MET-POT-AC,Arsénico total,239869,<1.0,N,0.340
MET-POT-AC,Boro total,239869,<50.0,N,22.190
MET-POT-AC,Cadmio total,239869,<1.5,N,0.000
MET-POT-AC,Cobre total,239869,<50.0,N,0.850
MET-POT-AC,Cromo total,239869,<10.0,N,0.040
MET-POT-AC,Hierro total,239869,<10.0,N,9.110
MET-POT-AC,Manganeso total,239869,<10.0,N,0.490
MET-POT-AC,Niquel total,239869,<5.0,N,0.630
MET-POT-AC,Plomo total,239869,<1.0,N,0.050
MET-POT-AC,Selenio total,239869,<1.0,N,0.050
THM-GCMS,Dibromoclorometano,239869,5.5,N,5.547
THM-GCMS,Suma Trihalometanos,239869,46.9,N,46.940
WMM-LM-CAM,Cloro combinado,239869,<0.10,N,0.090
WMM-LM-CAM,Cloro libre,239869,0.35,N,0.350
NTRAT-CI-P,Nitratos,239869,3.64,N,3.640
MET-POT-AC,Selenio total,239870,<1.0,N,0.160
MET-POT-AC,Plomo total,239870,<1.0,N,0.060
NTRAT-CI-P,Nitratos,239870,3.73,N,3.730
NTRIT-CI-P,Nitritos,239870,<0.15,N,0.000
OXOANIONES,Bromato,239870,<2.5,N,0.000
OXOANIONES,Clorato,239870,0.120,N,0.120
OXOANIONES,Clorito,239870,<0.025,N,0.000
SULFA-CI-P,Sulfatos,239870,20.8,N,20.750
THM-GCMS,Bromodiclorometano,239870,10.3,N,10.283
THM-GCMS,Bromoformo,239870,<5.0,N,0.771
THM-GCMS,Cloroformo,239870,24.7,N,24.702
THM-GCMS,Dibromoclorometano,239870,5.2,N,5.198
THM-GCMS,Suma Trihalometanos,239870,41.0,N,40.950
WMM-LM-CAM,Cloro combinado,239870,0.12,N,0.120
WMM-LM-CAM,Cloro libre,239870,<0.10,N,0.000
WMM-LM-CAM,Cloro total,239870,0.12,N,0.120
AMONI-CI-P,Amonio,239870,<0.15,N,0.016
CLORU-CI-P,Cloruros,239870,12.94,N,12.940
D_CONDUCT,Conductividad a 20 ºC,239870,311,N,310.700
D_PH,pH,239870,8.2,N,8.150
D_TURBIDEZ,Turbidez,239870,<0.4,N,0.210
M-013-AC1,Recuento de enterococos intestinales,239870,0,N,0.000
M-016-AC1,Recuento de E. coli,239870,0,N,0.000
M-016-AC1,Recuento de bacterias coliformes,239870,0,N,0.000
M-030-AC1,Recuento C. perfringens (con esporas),239870,0,N,0.000
M-068-AC1,Microorganismos cultivables a 22 °C,239870,<1,N,1.000
M-068-AC1,Microorganismos cultivables a 22 ºC,239870,0.0,K,0.000
M-068-AC1,Recuento,239870,0,K,0.000
MET-POT-AC,Aluminio total,239870,130.8,N,130.820
MET-POT-AC,Antimonio total,239870,<1.0,N,0.480
MET-POT-AC,Arsénico total,239870,<1.0,N,0.400
MET-POT-AC,Boro total,239870,<50.0,N,22.670
MET-POT-AC,Cadmio total,239870,<1.5,N,0.010
MET-POT-AC,Cobre total,239870,<50.0,N,0.490
MET-POT-AC,Cromo total,239870,<10.0,N,0.080
MET-POT-AC,Hierro total,239870,15.6,N,15.560
MET-POT-AC,Manganeso total,239870,<10.0,N,4.430
MET-POT-AC,Niquel total,239870,<5.0,N,0.720
NA-CI-P,Sodio,239870,8.91,N,8.905
AMONI-CI-P,Amonio,239871,<0.15,N,0.007
CLORU-CI-P,Cloruros,239871,12.85,N,12.850
D_CONDUCT,Conductividad a 20 ºC,239871,310,N,310.000
D_PH,pH,239871,8.2,N,8.160
D_TURBIDEZ,Turbidez,239871,<0.4,N,0.290
M-013-AC1,Recuento de enterococos intestinales,239871,0,N,0.000
M-016-AC1,Recuento de E. coli,239871,0,N,0.000
M-016-AC1,Recuento de bacterias coliformes,239871,0,N,0.000
M-030-AC1,Recuento C. perfringens (con esporas),239871,0,N,0.000
NTRAT-CI-P,Nitratos,239871,3.66,N,3.660
NTRIT-CI-P,Nitritos,239871,<0.15,N,0.000
OXOANIONES,Bromato,239871,<2.5,N,0.000
OXOANIONES,Clorato,239871,0.120,N,0.120
OXOANIONES,Clorito,239871,<0.025,N,0.000
SULFA-CI-P,Sulfatos,239871,20.3,N,20.300
THM-GCMS,Bromodiclorometano,239871,11.0,N,10.987
THM-GCMS,Bromoformo,239871,<5.0,N,0.650
THM-GCMS,Cloroformo,239871,26.9,N,26.930
THM-GCMS,Dibromoclorometano,239871,<5.0,N,4.900
THM-GCMS,Suma Trihalometanos,239871,43.5,N,43.470
WMM-LM-CAM,Cloro combinado,239871,0.10,N,0.100
WMM-LM-CAM,Cloro libre,239871,<0.10,N,0.000
WMM-LM-CAM,Cloro total,239871,0.10,N,0.100
M-068-AC1,Microorganismos cultivables a 22 ºC,239871,1.0,K,1.000
M-068-AC1,Recnto. Microorg. cultivables a 22ºC,239871,Presencia /ml,O,0.000
M-068-AC1,Recuento,239871,1,K,1.000
MET-POT-AC,Aluminio total,239871,126.0,N,125.950
MET-POT-AC,Antimonio total,239871,<1.0,N,0.210
MET-POT-AC,Arsénico total,239871,<1.0,N,0.410
MET-POT-AC,Boro total,239871,<50.0,N,23.320
MET-POT-AC,Cadmio total,239871,<1.5,N,0.000
MET-POT-AC,Cobre total,239871,<50.0,N,0.590
MET-POT-AC,Cromo total,239871,<10.0,N,0.060
MET-POT-AC,Hierro total,239871,16.8,N,16.810
MET-POT-AC,Manganeso total,239871,<10.0,N,4.800
MET-POT-AC,Niquel total,239871,<5.0,N,0.670
MET-POT-AC,Plomo total,239871,<1.0,N,0.070
MET-POT-AC,Selenio total,239871,<1.0,N,0.150
NA-CI-P,Sodio,239871,8.91,N,8.911
MET-POT-AC,Arsénico total,239872,<1.0,N,0.340
WMM-LM-CAM,Cloro total,239872,<0.10,N,0.040
MET-POT-AC,Cadmio total,239872,<1.5,N,0.000
MET-POT-AC,Cobre total,239872,<50.0,N,1.640
MET-POT-AC,Cromo total,239872,<10.0,N,0.040
MET-POT-AC,Hierro total,239872,<10.0,N,8.750
MET-POT-AC,Manganeso total,239872,<10.0,N,0.570
MET-POT-AC,Niquel total,239872,<5.0,N,0.640
MET-POT-AC,Plomo total,239872,<1.0,N,0.130
MET-POT-AC,Selenio total,239872,<1.0,N,0.090
AMONI-CI-P,Amonio,239872,<0.15,N,0.007
CLORU-CI-P,Cloruros,239872,12.66,N,12.660
D_CONDUCT,Conductividad a 20 ºC,239872,307,N,307.200
D_PH,pH,239872,8.2,N,8.160
D_TURBIDEZ,Turbidez,239872,<0.4,N,0.180
M-013-AC1,Recuento de enterococos intestinales,239872,0,N,0.000
M-016-AC1,Recuento de E. coli,239872,0,N,0.000
M-016-AC1,Recuento de bacterias coliformes,239872,0,N,0.000
M-030-AC1,Recuento C. perfringens (con esporas),239872,0,N,0.000
M-068-AC1,Microorganismos cultivables a 22 ºC,239872,7.0,K,7.000
M-068-AC1,Recnto. Microorg. cultivables a 22ºC,239872,Estimado 7 ufc/ ml,O,0.000
M-068-AC1,Recuento,239872,7,K,7.000
MET-POT-AC,Aluminio total,239872,94.8,N,94.810
MET-POT-AC,Antimonio total,239872,<1.0,N,0.150
NA-CI-P,Sodio,239872,8.81,N,8.814
NTRAT-CI-P,Nitratos,239872,3.70,N,3.700
NTRIT-CI-P,Nitritos,239872,<0.15,N,0.000
OXOANIONES,Bromato,239872,<2.5,N,0.000
OXOANIONES,Clorato,239872,0.080,N,0.080
OXOANIONES,Clorito,239872,<0.025,N,0.000
SULFA-CI-P,Sulfatos,239872,20.4,N,20.420
THM-GCMS,Bromodiclorometano,239872,6.6,N,6.618
THM-GCMS,Bromoformo,239872,<5.0,N,0.587
THM-GCMS,Cloroformo,239872,15.2,N,15.199
THM-GCMS,Dibromoclorometano,239872,<5.0,N,2.814
THM-GCMS,Suma Trihalometanos,239872,25.2,N,25.220
WMM-LM-CAM,Cloro combinado,239872,<0.10,N,0.040
WMM-LM-CAM,Cloro libre,239872,<0.10,N,0.000
MET-POT-AC,Boro total,239872,<50.0,N,22.500
AMONI-CI-P,Amonio,239873,<0.15,N,0.013
CLORU-CI-P,Cloruros,239873,12.56,N,12.560
D_CONDUCT,Conductividad a 20 ºC,239873,312,N,311.900
D_PH,pH,239873,8.2,N,8.170
D_TURBIDEZ,Turbidez,239873,<0.4,N,0.140
M-013-AC1,Recuento de enterococos intestinales,239873,0,N,0.000
M-016-AC1,Recuento de E. coli,239873,0,N,0.000
M-016-AC1,Recuento de bacterias coliformes,239873,0,N,0.000
M-030-AC1,Recuento C. perfringens (con esporas),239873,0,N,0.000
M-068-AC1,Microorganismos cultivables a 22 °C,239873,31,N,31.000
M-068-AC1,Microorganismos cultivables a 22 ºC,239873,3.1E+01,K,31.000
M-068-AC1,Recuento,239873,31,K,31.000
MET-POT-AC,Aluminio total,239873,110.5,N,110.480
MET-POT-AC,Antimonio total,239873,<1.0,N,0.100
MET-POT-AC,Arsénico total,239873,<1.0,N,0.350
MET-POT-AC,Boro total,239873,<50.0,N,23.240
MET-POT-AC,Cadmio total,239873,<1.5,N,0.000
MET-POT-AC,Cobre total,239873,<50.0,N,1.070
MET-POT-AC,Cromo total,239873,<10.0,N,0.030
MET-POT-AC,Hierro total,239873,<10.0,N,8.640
MET-POT-AC,Manganeso total,239873,<10.0,N,0.500
MET-POT-AC,Niquel total,239873,<5.0,N,0.630
MET-POT-AC,Plomo total,239873,<1.0,N,0.080
MET-POT-AC,Selenio total,239873,<1.0,N,0.070
NA-CI-P,Sodio,239873,8.71,N,8.710
NTRAT-CI-P,Nitratos,239873,3.64,N,3.640
NTRIT-CI-P,Nitritos,239873,<0.15,N,0.000
OXOANIONES,Bromato,239873,<2.5,N,0.000
OXOANIONES,Clorato,239873,0.100,N,0.100
OXOANIONES,Clorito,239873,<0.025,N,0.000
SULFA-CI-P,Sulfatos,239873,20.5,N,20.510
THM-GCMS,Bromodiclorometano,239873,5.4,N,5.385
THM-GCMS,Bromoformo,239873,<5.0,N,0.510
THM-GCMS,Cloroformo,239873,12.8,N,12.765
THM-GCMS,Dibromoclorometano,239873,<5.0,N,2.696
THM-GCMS,Suma Trihalometanos,239873,21.4,N,21.360
WMM-LM-CAM,Cloro combinado,239873,0.10,N,0.100
WMM-LM-CAM,Cloro libre,239873,<0.10,N,0.000
WMM-LM-CAM,Cloro total,239873,0.10,N,0.100
MET-POT-AC,Hierro total,239874,<10.0,N,8.720
MET-POT-AC,Manganeso total,239874,<10.0,N,0.380
MET-POT-AC,Niquel total,239874,<5.0,N,0.650
MET-POT-AC,Plomo total,239874,<1.0,N,0.040
MET-POT-AC,Selenio total,239874,<1.0,N,0.100
NA-CI-P,Sodio,239874,8.61,N,8.607
NTRAT-CI-P,Nitratos,239874,3.71,N,3.710
NTRIT-CI-P,Nitritos,239874,<0.15,N,0.000
OXOANIONES,Bromato,239874,<2.5,N,0.000
OXOANIONES,Clorato,239874,0.070,N,0.070
OXOANIONES,Clorito,239874,<0.025,N,0.000
SULFA-CI-P,Sulfatos,239874,20.3,N,20.330
THM-GCMS,Bromodiclorometano,239874,8.0,N,7.954
THM-GCMS,Bromoformo,239874,<5.0,N,0.550
THM-GCMS,Cloroformo,239874,19.7,N,19.671
THM-GCMS,Dibromoclorometano,239874,<5.0,N,3.739
THM-GCMS,Suma Trihalometanos,239874,31.9,N,31.910
WMM-LM-CAM,Cloro combinado,239874,<0.10,N,0.010
WMM-LM-CAM,Cloro libre,239874,<0.10,N,0.000
WMM-LM-CAM,Cloro total,239874,<0.10,N,0.010
D_PH,pH,239874,8.1,N,8.100
D_TURBIDEZ,Turbidez,239874,<0.4,N,0.120
M-013-AC1,Recuento de enterococos intestinales,239874,0,N,0.000
M-016-AC1,Recuento de E. coli,239874,0,N,0.000
M-016-AC1,Recuento de bacterias coliformes,239874,0,N,0.000
M-030-AC1,Recuento C. perfringens (con esporas),239874,0,N,0.000
M-068-AC1,Microorganismos cultivables a 22 ºC,239874,2.0,K,2.000
M-068-AC1,Recnto. Microorg. cultivables a 22ºC,239874,Presencia /ml,O,0.000
M-068-AC1,Recuento,239874,2,K,2.000
MET-POT-AC,Aluminio total,239874,111.0,N,110.950
MET-POT-AC,Antimonio total,239874,<1.0,N,0.100
MET-POT-AC,Arsénico total,239874,<1.0,N,0.330
AMONI-CI-P,Amonio,239874,<0.15,N,0.013
CLORU-CI-P,Cloruros,239874,12.63,N,12.630
D_CONDUCT,Conductividad a 20 ºC,239874,308,N,308.200
MET-POT-AC,Boro total,239874,<50.0,N,23.140
MET-POT-AC,Cadmio total,239874,<1.5,N,0.000
MET-POT-AC,Cobre total,239874,<50.0,N,0.880
MET-POT-AC,Cromo total,239874,<10.0,N,0.030
WMM-LM-CAM,Cloro libre,239875,0.13,N,0.130
THM-GCMS,Bromoformo,239875,<5.0,N,0.575
AMONI-CI-P,Amonio,239875,<0.15,N,0.008
CLORU-CI-P,Cloruros,239875,12.44,N,12.440
D_CONDUCT,Conductividad a 20 ºC,239875,309,N,308.500
D_PH,pH,239875,8.1,N,8.100
D_TURBIDEZ,Turbidez,239875,<0.4,N,0.110
M-013-AC1,Recuento de enterococos intestinales,239875,0,N,0.000
M-016-AC1,Recuento de E. coli,239875,0,N,0.000
M-016-AC1,Recuento de bacterias coliformes,239875,0,N,0.000
M-030-AC1,Recuento C. perfringens (con esporas),239875,0,N,0.000
M-068-AC1,Microorganismos cultivables a 22 °C,239875,<1,N,1.000
M-068-AC1,Microorganismos cultivables a 22 ºC,239875,0.0,K,0.000
M-068-AC1,Recuento,239875,0,K,0.000
MET-POT-AC,Aluminio total,239875,98.6,N,98.560
MET-POT-AC,Antimonio total,239875,<1.0,N,0.070
THM-GCMS,Cloroformo,239875,14.4,N,14.387
THM-GCMS,Dibromoclorometano,239875,7.7,N,7.735
THM-GCMS,Suma Trihalometanos,239875,23.5,N,23.470
WMM-LM-CAM,Cloro combinado,239875,0.11,N,0.110
MET-POT-AC,Arsénico total,239875,<1.0,N,0.330
MET-POT-AC,Boro total,239875,<50.0,N,22.950
MET-POT-AC,Cadmio total,239875,<1.5,N,0.000
MET-POT-AC,Cobre total,239875,<50.0,N,0.450
MET-POT-AC,Cromo total,239875,<10.0,N,0.040
MET-POT-AC,Hierro total,239875,<10.0,N,8.480
MET-POT-AC,Manganeso total,239875,<10.0,N,0.280
MET-POT-AC,Niquel total,239875,<5.0,N,0.620
MET-POT-AC,Plomo total,239875,<1.0,N,0.040
MET-POT-AC,Selenio total,239875,<1.0,N,0.090
NA-CI-P,Sodio,239875,8.57,N,8.571
NTRAT-CI-P,Nitratos,239875,3.58,N,3.580
NTRIT-CI-P,Nitritos,239875,<0.15,N,0.000
OXOANIONES,Bromato,239875,<2.5,N,0.000
OXOANIONES,Clorato,239875,0.090,N,0.090
OXOANIONES,Clorito,239875,<0.025,N,0.000
SULFA-CI-P,Sulfatos,239875,20.3,N,20.300
THM-GCMS,Bromodiclorometano,239875,5.8,N,5.769
WMM-LM-CAM,Cloro total,239875,0.24,N,0.240
AMONI-CI-P,Amonio,239876,<0.15,N,0.011
WMM-LM-CAM,Cloro total,239876,0.10,N,0.100
D_CONDUCT,Conductividad a 20 ºC,239876,311,N,310.700
D_PH,pH,239876,8.3,N,8.270
D_TURBIDEZ,Turbidez,239876,<0.4,N,0.160
M-013-AC1,Recuento de enterococos intestinales,239876,0,N,0.000
M-016-AC1,Recuento de E. coli,239876,0,N,0.000
M-016-AC1,Recuento de bacterias coliformes,239876,0,N,0.000
M-030-AC1,Recuento C. perfringens (con esporas),239876,0,N,0.000
M-068-AC1,Microorganismos cultivables a 22 °C,239876,0,N,0.000
M-068-AC1,Microorganismos cultivables a 22 ºC,239876,4.0,K,4.000
M-068-AC1,Recnto. Microorg. cultivables a 22ºC,239876,Estimado 4 ufc/ ml,O,0.000
M-068-AC1,Recuento,239876,4,K,4.000
MET-POT-AC,Aluminio total,239876,102.4,N,102.420
MET-POT-AC,Antimonio total,239876,<1.0,N,0.060
MET-POT-AC,Arsénico total,239876,<1.0,N,0.370
MET-POT-AC,Boro total,239876,<50.0,N,22.340
MET-POT-AC,Cadmio total,239876,<1.5,N,0.000
MET-POT-AC,Cobre total,239876,<50.0,N,0.890
MET-POT-AC,Cromo total,239876,<10.0,N,0.020
MET-POT-AC,Hierro total,239876,<10.0,N,7.800
MET-POT-AC,Manganeso total,239876,<10.0,N,0.590
MET-POT-AC,Niquel total,239876,<5.0,N,0.670
MET-POT-AC,Plomo total,239876,<1.0,N,0.060
MET-POT-AC,Selenio total,239876,<1.0,N,0.090
NA-CI-P,Sodio,239876,9.39,N,9.387
NTRAT-CI-P,Nitratos,239876,3.66,N,3.660
NTRIT-CI-P,Nitritos,239876,<0.15,N,0.000
OXOANIONES,Bromato,239876,<2.5,N,0.000
OXOANIONES,Clorato,239876,0.220,N,0.220
OXOANIONES,Clorito,239876,<0.025,N,0.000
SULFA-CI-P,Sulfatos,239876,20.2,N,20.240
THM-GCMS,Bromodiclorometano,239876,7.0,N,7.015
THM-GCMS,Bromoformo,239876,<5.0,N,0.518
THM-GCMS,Cloroformo,239876,17.7,N,17.663
THM-GCMS,Dibromoclorometano,239876,<5.0,N,2.849
THM-GCMS,Suma Trihalometanos,239876,28.1,N,28.050
WMM-LM-CAM,Cloro combinado,239876,0.10,N,0.100
WMM-LM-CAM,Cloro libre,239876,<0.10,N,0.000
CLORU-CI-P,Cloruros,239876,13.23,N,13.230
OXOANIONES,Bromato,239878,<2.5,N,0.000
M-016-AC1,Recuento de E. coli,239878,0,N,0.000
OXOANIONES,Clorito,239878,<0.025,N,0.000
SULFA-CI-P,Sulfatos,239878,20.6,N,20.590
THM-GCMS,Bromodiclorometano,239878,10.4,N,10.417
THM-GCMS,Bromoformo,239878,<5.0,N,0.756
THM-GCMS,Cloroformo,239878,26.3,N,26.322
THM-GCMS,Dibromoclorometano,239878,<5.0,N,4.502
THM-GCMS,Suma Trihalometanos,239878,42.0,N,42.000
WMM-LM-CAM,Cloro combinado,239878,0.16,N,0.160
WMM-LM-CAM,Cloro libre,239878,<0.10,N,0.030
WMM-LM-CAM,Cloro total,239878,0.19,N,0.190
M-016-AC1,Recuento de bacterias coliformes,239878,0,N,0.000
M-030-AC1,Recuento C. perfringens (con esporas),239878,0,N,0.000
M-068-AC1,Microorganismos cultivables a 22 ºC,239878,2.0,K,2.000
M-068-AC1,Recnto. microorg. cultivables a 22 °C,239878,Presencia /ml,O,0.000
M-068-AC1,Recuento,239878,2,K,2.000
MET-POT-AC,Aluminio total,239878,98.1,N,98.110
MET-POT-AC,Antimonio total,239878,<1.0,N,0.040
MET-POT-AC,Arsénico total,239878,<1.0,N,0.310
MET-POT-AC,Boro total,239878,<50.0,N,22.340
MET-POT-AC,Cadmio total,239878,<1.5,N,0.010
MET-POT-AC,Cobre total,239878,<50.0,N,2.100
MET-POT-AC,Cromo total,239878,<10.0,N,0.060
MET-POT-AC,Hierro total,239878,<10.0,N,8.390
MET-POT-AC,Manganeso total,239878,<10.0,N,0.600
MET-POT-AC,Niquel total,239878,<5.0,N,0.750
MET-POT-AC,Plomo total,239878,<1.0,N,0.130
MET-POT-AC,Selenio total,239878,<1.0,N,0.070
NA-CI-P,Sodio,239878,8.78,N,8.780
NTRAT-CI-P,Nitratos,239878,3.57,N,3.570
NTRIT-CI-P,Nitritos,239878,<0.15,N,0.000
AMONI-CI-P,Amonio,239878,<0.15,N,0.072
CLORU-CI-P,Cloruros,239878,12.69,N,12.690
D_CONDUCT,Conductividad a 20 ºC,239878,309,N,309.400
D_PH,pH,239878,7.8,N,7.750
D_TURBIDEZ,Turbidez,239878,<0.4,N,0.120
M-013-AC1,Recuento de enterococos intestinales,239878,0,N,0.000
OXOANIONES,Clorato,239878,0.090,N,0.090
AMONI-CI-P,Amonio,239879,<0.15,N,0.000
MET-POT-AC,Niquel total,239879,<5.0,N,0.610
D_CONDUCT,Conductividad a 20 ºC,239879,311,N,311.300
D_PH,pH,239879,8.0,N,7.980
D_TURBIDEZ,Turbidez,239879,<0.4,N,0.220
M-013-AC1,Recuento de enterococos intestinales,239879,0,N,0.000
MET-POT-AC,Plomo total,239879,<1.0,N,0.130
MET-POT-AC,Selenio total,239879,<1.0,N,0.040
NA-CI-P,Sodio,239879,8.75,N,8.754
NTRAT-CI-P,Nitratos,239879,3.54,N,3.540
NTRIT-CI-P,Nitritos,239879,<0.15,N,0.000
OXOANIONES,Bromato,239879,<2.5,N,0.000
OXOANIONES,Clorato,239879,0.100,N,0.100
OXOANIONES,Clorito,239879,<0.025,N,0.000
SULFA-CI-P,Sulfatos,239879,20.3,N,20.320
THM-GCMS,Bromodiclorometano,239879,9.7,N,9.733
THM-GCMS,Bromoformo,239879,<5.0,N,0.784
THM-GCMS,Cloroformo,239879,26.0,N,25.993
THM-GCMS,Dibromoclorometano,239879,<5.0,N,4.361
THM-GCMS,Suma Trihalometanos,239879,40.9,N,40.870
WMM-LM-CAM,Cloro combinado,239879,0.18,N,0.180
WMM-LM-CAM,Cloro libre,239879,0.19,N,0.190
WMM-LM-CAM,Cloro total,239879,0.37,N,0.370
M-016-AC1,Recuento de E. coli,239879,0,N,0.000
M-016-AC1,Recuento de bacterias coliformes,239879,0,N,0.000
M-030-AC1,Recuento C. perfringens (con esporas),239879,0,N,0.000
M-068-AC1,Microorganismos cultivables a 22 ºC,239879,2.0,K,2.000
M-068-AC1,Recnto. microorg. cultivables a 22 °C,239879,Presencia /ml,O,0.000
M-068-AC1,Recuento,239879,2,K,2.000
MET-POT-AC,Aluminio total,239879,102.0,N,101.990
MET-POT-AC,Antimonio total,239879,<1.0,N,0.040
MET-POT-AC,Arsénico total,239879,<1.0,N,0.310
MET-POT-AC,Boro total,239879,<50.0,N,23.480
MET-POT-AC,Cadmio total,239879,<1.5,N,0.010
MET-POT-AC,Cobre total,239879,<50.0,N,0.930
MET-POT-AC,Cromo total,239879,<10.0,N,0.040
MET-POT-AC,Hierro total,239879,10.6,N,10.630
MET-POT-AC,Manganeso total,239879,<10.0,N,0.520
CLORU-CI-P,Cloruros,239879,12.54,N,12.540
MET-POT-AC,Hierro total,239880,<10.0,N,8.140
MET-POT-AC,Cromo total,239880,<10.0,N,0.040
MET-POT-AC,Niquel total,239880,<5.0,N,0.790
MET-POT-AC,Plomo total,239880,<1.0,N,0.200
MET-POT-AC,Selenio total,239880,<1.0,N,0.030
NA-CI-P,Sodio,239880,8.65,N,8.650
NTRAT-CI-P,Nitratos,239880,3.55,N,3.550
NTRIT-CI-P,Nitritos,239880,<0.15,N,0.000
OXOANIONES,Bromato,239880,<2.5,N,0.000
OXOANIONES,Clorato,239880,0.090,N,0.090
OXOANIONES,Clorito,239880,<0.025,N,0.000
SULFA-CI-P,Sulfatos,239880,20.4,N,20.390
THM-GCMS,Bromodiclorometano,239880,10.2,N,10.222
THM-GCMS,Bromoformo,239880,<5.0,N,0.924
THM-GCMS,Cloroformo,239880,25.7,N,25.675
THM-GCMS,Dibromoclorometano,239880,<5.0,N,4.863
THM-GCMS,Suma Trihalometanos,239880,41.7,N,41.680
WMM-LM-CAM,Cloro combinado,239880,0.11,N,0.110
WMM-LM-CAM,Cloro libre,239880,<0.10,N,0.000
WMM-LM-CAM,Cloro total,239880,0.11,N,0.110
AMONI-CI-P,Amonio,239880,<0.15,N,0.025
CLORU-CI-P,Cloruros,239880,12.53,N,12.530
D_CONDUCT,Conductividad a 20 ºC,239880,311,N,311.000
D_PH,pH,239880,8.0,N,8.010
D_TURBIDEZ,Turbidez,239880,<0.4,N,0.240
M-013-AC1,Recuento de enterococos intestinales,239880,0,N,0.000
M-016-AC1,Recuento de E. coli,239880,0,N,0.000
M-016-AC1,Recuento de bacterias coliformes,239880,0,N,0.000
M-030-AC1,Recuento C. perfringens (con esporas),239880,0,N,0.000
M-068-AC1,Microorganismos cultivables a 22 ºC,239880,8.0,K,8.000
M-068-AC1,Recnto. microorg. cultivables a 22 °C,239880,Estimado 8 ufc/ ml,O,0.000
M-068-AC1,Recuento,239880,8,K,8.000
MET-POT-AC,Aluminio total,239880,102.0,N,102.010
MET-POT-AC,Antimonio total,239880,<1.0,N,0.030
MET-POT-AC,Arsénico total,239880,<1.0,N,0.340
MET-POT-AC,Boro total,239880,<50.0,N,22.800
MET-POT-AC,Cadmio total,239880,<1.5,N,0.020
MET-POT-AC,Cobre total,239880,<50.0,N,0.650
MET-POT-AC,Manganeso total,239880,<10.0,N,-1.130
WMM-LM-CAM,Cloro libre,239881,0.19,N,0.190
AMONI-CI-P,Amonio,239881,<0.15,N,0.004
CLORU-CI-P,Cloruros,239881,12.56,N,12.560
D_CONDUCT,Conductividad a 20 ºC,239881,309,N,309.300
D_PH,pH,239881,8.0,N,8.030
D_TURBIDEZ,Turbidez,239881,<0.4,N,0.150
M-013-AC1,Recuento de enterococos intestinales,239881,0,N,0.000
M-016-AC1,Recuento de E. coli,239881,0,N,0.000
M-016-AC1,Recuento de bacterias coliformes,239881,0,N,0.000
M-030-AC1,Recuento C. perfringens (con esporas),239881,0,N,0.000
M-068-AC1,Microorganismos cultivables a 22 ºC,239881,1.0,K,1.000
M-068-AC1,Recnto. microorg. cultivables a 22 °C,239881,Presencia /ml,O,0.000
M-068-AC1,Recuento,239881,1,K,1.000
MET-POT-AC,Aluminio total,239881,96.9,N,96.850
MET-POT-AC,Antimonio total,239881,<1.0,N,0.030
MET-POT-AC,Arsénico total,239881,<1.0,N,0.340
MET-POT-AC,Boro total,239881,<50.0,N,23.460
MET-POT-AC,Cadmio total,239881,<1.5,N,0.000
MET-POT-AC,Cobre total,239881,<50.0,N,0.780
MET-POT-AC,Cromo total,239881,<10.0,N,0.030
MET-POT-AC,Hierro total,239881,<10.0,N,7.500
MET-POT-AC,Manganeso total,239881,<10.0,N,0.400
MET-POT-AC,Niquel total,239881,<5.0,N,0.670
MET-POT-AC,Plomo total,239881,<1.0,N,0.070
MET-POT-AC,Selenio total,239881,<1.0,N,0.060
NA-CI-P,Sodio,239881,8.80,N,8.799
NTRAT-CI-P,Nitratos,239881,3.53,N,3.530
NTRIT-CI-P,Nitritos,239881,<0.15,N,0.000
OXOANIONES,Bromato,239881,<2.5,N,0.000
OXOANIONES,Clorato,239881,0.100,N,0.100
OXOANIONES,Clorito,239881,<0.025,N,0.000
SULFA-CI-P,Sulfatos,239881,20.4,N,20.360
THM-GCMS,Bromodiclorometano,239881,9.6,N,9.575
THM-GCMS,Bromoformo,239881,<5.0,N,0.935
THM-GCMS,Cloroformo,239881,24.1,N,24.057
THM-GCMS,Dibromoclorometano,239881,<5.0,N,4.682
THM-GCMS,Suma Trihalometanos,239881,39.3,N,39.250
WMM-LM-CAM,Cloro combinado,239881,<0.10,N,0.030
WMM-LM-CAM,Cloro total,239881,0.22,N,0.220
MET-POT-AC,Aluminio total,239882,108.1,N,108.050
MET-POT-AC,Arsénico total,239882,<1.0,N,0.400
MET-POT-AC,Boro total,239882,<50.0,N,23.350
MET-POT-AC,Cadmio total,239882,<1.5,N,0.020
MET-POT-AC,Cobre total,239882,<50.0,N,0.900
MET-POT-AC,Cromo total,239882,<10.0,N,0.060
MET-POT-AC,Hierro total,239882,10.7,N,10.680
MET-POT-AC,Manganeso total,239882,<10.0,N,1.170
MET-POT-AC,Niquel total,239882,<5.0,N,0.670
MET-POT-AC,Plomo total,239882,<1.0,N,0.070
MET-POT-AC,Selenio total,239882,<1.0,N,0.160
NA-CI-P,Sodio,239882,9.16,N,9.163
NTRAT-CI-P,Nitratos,239882,3.64,N,3.640
NTRIT-CI-P,Nitritos,239882,<0.15,N,0.000
OXOANIONES,Bromato,239882,<2.5,N,0.000
OXOANIONES,Clorato,239882,0.240,N,0.240
OXOANIONES,Clorito,239882,<0.025,N,0.000
SULFA-CI-P,Sulfatos,239882,20.5,N,20.480
THM-GCMS,Bromodiclorometano,239882,7.7,N,7.708
THM-GCMS,Bromoformo,239882,<5.0,N,0.918
THM-GCMS,Cloroformo,239882,10.8,N,10.791
THM-GCMS,Dibromoclorometano,239882,<5.0,N,4.252
THM-GCMS,Suma Trihalometanos,239882,33.7,N,33.670
WMM-LM-CAM,Cloro combinado,239882,<0.10,N,0.090
WMM-LM-CAM,Cloro libre,239882,<0.10,N,0.000
WMM-LM-CAM,Cloro total,239882,<0.10,N,0.090
AMONI-CI-P,Amonio,239882,<0.15,N,0.020
CLORU-CI-P,Cloruros,239882,13.17,N,13.170
D_CONDUCT,Conductividad a 20 ºC,239882,313,N,312.800
D_PH,pH,239882,8.1,N,8.070
D_TURBIDEZ,Turbidez,239882,<0.4,N,0.190
M-013-AC1,Recuento de enterococos intestinales,239882,0,N,0.000
M-016-AC1,Recuento de E. coli,239882,0,N,0.000
M-016-AC1,Recuento de bacterias coliformes,239882,0,N,0.000
M-030-AC1,Recuento C. perfringens (con esporas),239882,0,N,0.000
M-068-AC1,Microorganismos cultivables a 22 ºC,239882,1.0,K,1.000
M-068-AC1,Recnto. microorg. cultivables a 22 °C,239882,Presencia /ml,O,0.000
M-068-AC1,Recuento,239882,1,K,1.000
MET-POT-AC,Antimonio total,239882,<1.0,N,0.550
M-068-AC1,Recnto. microorg. cultivables a 22 °C,239883,Estimado 4 ufc/ ml,O,0.000
M-068-AC1,Recuento,239883,4,K,4.000
SULFA-CI-P,Sulfatos,239883,20.4,N,20.410
THM-GCMS,Bromodiclorometano,239883,9.2,N,9.242
THM-GCMS,Bromoformo,239883,<5.0,N,0.753
THM-GCMS,Cloroformo,239883,23.7,N,23.744
THM-GCMS,Dibromoclorometano,239883,<5.0,N,4.228
THM-GCMS,Suma Trihalometanos,239883,38.0,N,37.970
WMM-LM-CAM,Cloro combinado,239883,0.11,N,0.110
WMM-LM-CAM,Cloro libre,239883,<0.10,N,0.000
WMM-LM-CAM,Cloro total,239883,0.11,N,0.110
AMONI-CI-P,Amonio,239883,<0.15,N,0.011
CLORU-CI-P,Cloruros,239883,12.56,N,12.560
D_CONDUCT,Conductividad a 20 ºC,239883,310,N,309.800
D_PH,pH,239883,8.0,N,8.030
D_TURBIDEZ,Turbidez,239883,<0.4,N,0.130
M-013-AC1,Recuento de enterococos intestinales,239883,0,N,0.000
M-016-AC1,Recuento de E. coli,239883,0,N,0.000
M-016-AC1,Recuento de bacterias coliformes,239883,0,N,0.000
M-030-AC1,Recuento C. perfringens (con esporas),239883,0,N,0.000
M-068-AC1,Microorganismos cultivables a 22 ºC,239883,4.0,K,4.000
MET-POT-AC,Aluminio total,239883,90.7,N,90.720
MET-POT-AC,Antimonio total,239883,<1.0,N,0.200
MET-POT-AC,Arsénico total,239883,<1.0,N,0.340
MET-POT-AC,Boro total,239883,<50.0,N,22.820
MET-POT-AC,Cadmio total,239883,<1.5,N,0.010
MET-POT-AC,Cobre total,239883,<50.0,N,2.790
MET-POT-AC,Cromo total,239883,<10.0,N,0.040
MET-POT-AC,Hierro total,239883,<10.0,N,7.870
MET-POT-AC,Manganeso total,239883,<10.0,N,0.540
MET-POT-AC,Niquel total,239883,<5.0,N,0.630
MET-POT-AC,Plomo total,239883,<1.0,N,0.160
MET-POT-AC,Selenio total,239883,<1.0,N,0.070
NA-CI-P,Sodio,239883,8.68,N,8.678
NTRAT-CI-P,Nitratos,239883,3.58,N,3.580
NTRIT-CI-P,Nitritos,239883,<0.15,N,0.000
OXOANIONES,Bromato,239883,<2.5,N,0.000
OXOANIONES,Clorato,239883,0.100,N,0.100
OXOANIONES,Clorito,239883,<0.025,N,0.000
OXOANIONES,Bromato,239884,<2.5,N,0.000
WMM-LM-CAM,Cloro total,239884,<0.10,N,0.070
AMONI-CI-P,Amonio,239884,<0.15,N,0.018
CLORU-CI-P,Cloruros,239884,12.77,N,12.770
D_CONDUCT,Conductividad a 20 ºC,239884,312,N,312.100
D_PH,pH,239884,8.1,N,8.130
D_TURBIDEZ,Turbidez,239884,0.5,N,0.480
M-013-AC1,Recuento de enterococos intestinales,239884,0,N,0.000
M-016-AC1,Recuento de E. coli,239884,0,N,0.000
M-016-AC1,Recuento de bacterias coliformes,239884,0,N,0.000
M-030-AC1,Recuento C. perfringens (con esporas),239884,0,N,0.000
M-068-AC1,Microorganismos cultivables a 22 °C,239884,37,N,37.000
M-068-AC1,Microorganismos cultivables a 22 ºC,239884,3.7E+01,K,37.000
M-068-AC1,Recuento,239884,37,K,37.000
MET-POT-AC,Aluminio total,239884,120.7,N,120.670
MET-POT-AC,Antimonio total,239884,<1.0,N,0.130
MET-POT-AC,Arsénico total,239884,<1.0,N,0.320
MET-POT-AC,Boro total,239884,<50.0,N,23.490
MET-POT-AC,Cadmio total,239884,<1.5,N,0.010
MET-POT-AC,Cobre total,239884,<50.0,N,2.680
MET-POT-AC,Cromo total,239884,<10.0,N,0.040
MET-POT-AC,Hierro total,239884,10.7,N,10.690
MET-POT-AC,Manganeso total,239884,<10.0,N,2.620
MET-POT-AC,Niquel total,239884,<5.0,N,0.690
MET-POT-AC,Plomo total,239884,<1.0,N,0.380
MET-POT-AC,Selenio total,239884,<1.0,N,0.140
NA-CI-P,Sodio,239884,8.84,N,8.838
NTRAT-CI-P,Nitratos,239884,3.75,N,3.750
NTRIT-CI-P,Nitritos,239884,<0.15,N,0.000
OXOANIONES,Clorito,239884,<0.025,N,0.000
SULFA-CI-P,Sulfatos,239884,20.6,N,20.560
THM-GCMS,Bromodiclorometano,239884,8.4,N,8.404
THM-GCMS,Bromoformo,239884,<5.0,N,0.877
THM-GCMS,Cloroformo,239884,17.6,N,17.569
THM-GCMS,Dibromoclorometano,239884,<5.0,N,3.820
THM-GCMS,Suma Trihalometanos,239884,30.7,N,30.670
WMM-LM-CAM,Cloro combinado,239884,<0.10,N,0.070
WMM-LM-CAM,Cloro libre,239884,<0.10,N,0.000
OXOANIONES,Clorato,239884,0.070,N,0.070
M-013-AC1,Recuento de enterococos intestinales,239885,0,N,0.000
M-016-AC1,Recuento de bacterias coliformes,239885,0,N,0.000
M-030-AC1,Recuento C. perfringens (con esporas),239885,0,N,0.000
M-068-AC1,Microorganismos cultivables a 22 °C,239885,49,N,49.000
M-068-AC1,Microorganismos cultivables a 22 ºC,239885,4.9E+01,K,49.000
M-068-AC1,Recuento,239885,49,K,49.000
MET-POT-AC,Aluminio total,239885,99.4,N,99.400
MET-POT-AC,Antimonio total,239885,<1.0,N,0.080
MET-POT-AC,Arsénico total,239885,<1.0,N,0.330
MET-POT-AC,Boro total,239885,<50.0,N,23.440
MET-POT-AC,Cadmio total,239885,<1.5,N,0.000
MET-POT-AC,Cobre total,239885,<50.0,N,2.220
MET-POT-AC,Cromo total,239885,<10.0,N,0.040
MET-POT-AC,Hierro total,239885,<10.0,N,9.520
MET-POT-AC,Manganeso total,239885,<10.0,N,0.870
MET-POT-AC,Niquel total,239885,<5.0,N,0.650
MET-POT-AC,Plomo total,239885,<1.0,N,0.160
MET-POT-AC,Selenio total,239885,<1.0,N,0.100
NA-CI-P,Sodio,239885,8.61,N,8.611
NTRAT-CI-P,Nitratos,239885,3.60,N,3.600
NTRIT-CI-P,Nitritos,239885,<0.15,N,0.000
OXOANIONES,Bromato,239885,<2.5,N,0.000
OXOANIONES,Clorato,239885,0.080,N,0.080
OXOANIONES,Clorito,239885,<0.025,N,0.000
SULFA-CI-P,Sulfatos,239885,20.2,N,20.230
THM-GCMS,Bromodiclorometano,239885,9.3,N,9.310
THM-GCMS,Bromoformo,239885,<5.0,N,0.879
THM-GCMS,Cloroformo,239885,21.3,N,21.338
THM-GCMS,Dibromoclorometano,239885,<5.0,N,4.432
THM-GCMS,Suma Trihalometanos,239885,36.0,N,35.960
WMM-LM-CAM,Cloro combinado,239885,<0.10,N,0.090
WMM-LM-CAM,Cloro libre,239885,<0.10,N,0.020
WMM-LM-CAM,Cloro total,239885,0.11,N,0.110
AMONI-CI-P,Amonio,239885,<0.15,N,0.019
CLORU-CI-P,Cloruros,239885,12.48,N,12.480
D_CONDUCT,Conductividad a 20 ºC,239885,311,N,310.500
D_PH,pH,239885,8.1,N,8.050
D_TURBIDEZ,Turbidez,239885,<0.4,N,0.200
M-016-AC1,Recuento de E. coli,239885,0,N,0.000
MET-POT-AC,Hierro total,239886,<10.0,N,7.470
MET-POT-AC,Manganeso total,239886,<10.0,N,0.220
MET-POT-AC,Niquel total,239886,<5.0,N,0.620
MET-POT-AC,Plomo total,239886,<1.0,N,0.160
MET-POT-AC,Selenio total,239886,<1.0,N,0.060
NA-CI-P,Sodio,239886,8.86,N,8.858
NTRAT-CI-P,Nitratos,239886,3.55,N,3.550
NTRIT-CI-P,Nitritos,239886,<0.15,N,0.000
OXOANIONES,Bromato,239886,<2.5,N,0.000
OXOANIONES,Clorato,239886,0.100,N,0.100
OXOANIONES,Clorito,239886,<0.025,N,0.000
SULFA-CI-P,Sulfatos,239886,20.4,N,20.430
THM-GCMS,Bromodiclorometano,239886,10.3,N,10.290
THM-GCMS,Bromoformo,239886,<5.0,N,0.910
THM-GCMS,Cloroformo,239886,25.8,N,25.825
THM-GCMS,Dibromoclorometano,239886,<5.0,N,4.613
THM-GCMS,Suma Trihalometanos,239886,41.6,N,41.640
WMM-LM-CAM,Cloro combinado,239886,0.16,N,0.160
WMM-LM-CAM,Cloro libre,239886,<0.10,N,0.040
WMM-LM-CAM,Cloro total,239886,0.20,N,0.200
AMONI-CI-P,Amonio,239886,<0.15,N,0.018
CLORU-CI-P,Cloruros,239886,12.67,N,12.670
D_CONDUCT,Conductividad a 20 ºC,239886,309,N,309.400
D_PH,pH,239886,8.1,N,8.090
D_TURBIDEZ,Turbidez,239886,<0.4,N,0.180
M-013-AC1,Recuento de enterococos intestinales,239886,0,N,0.000
M-016-AC1,Recuento de E. coli,239886,0,N,0.000
M-016-AC1,Recuento de bacterias coliformes,239886,0,N,0.000
M-030-AC1,Recuento C. perfringens (con esporas),239886,0,N,0.000
M-068-AC1,Microorganismos cultivables a 22 °C,239886,<1,N,1.000
M-068-AC1,Microorganismos cultivables a 22 ºC,239886,0.0,K,0.000
M-068-AC1,Recuento,239886,0,K,0.000
MET-POT-AC,Aluminio total,239886,97.5,N,97.490
MET-POT-AC,Antimonio total,239886,<1.0,N,0.080
MET-POT-AC,Arsénico total,239886,<1.0,N,0.310
MET-POT-AC,Boro total,239886,<50.0,N,23.340
MET-POT-AC,Cadmio total,239886,<1.5,N,0.010
MET-POT-AC,Cobre total,239886,<50.0,N,1.600
MET-POT-AC,Cromo total,239886,<10.0,N,0.050
MET-GRF-AC,Plomo total,240122,5.4,N,5.360
MET-GRF-AC,Cromo total,240122,<10.0,N,0.140
MET-GRF-AC,Hierro total,240122,25.3,N,25.310
MET-GRF-AC,Niquel total,240122,<5.0,N,4.530
MET-GRF-AC,Cobre total,240122,<50.0,N,4.630
MET-GRF-AC,Aluminio total,240122,108.5,N,108.510
MET-GRF-AC,Plomo total,240123,1.5,N,1.520
MET-GRF-AC,Aluminio total,240123,88.9,N,88.940
MET-GRF-AC,Cobre total,240123,<50.0,N,2.230
MET-GRF-AC,Cromo total,240123,<10.0,N,0.090
MET-GRF-AC,Hierro total,240123,20.5,N,20.520
MET-GRF-AC,Niquel total,240123,<5.0,N,1.080
MET-GRF-AC,Aluminio total,240124,53.6,N,53.620
MET-GRF-AC,Plomo total,240124,<1.0,N,0.740
MET-GRF-AC,Niquel total,240124,<5.0,N,2.670
MET-GRF-AC,Hierro total,240124,17.7,N,17.710
MET-GRF-AC,Cromo total,240124,<10.0,N,0.090
MET-GRF-AC,Cobre total,240124,532.2,N,532.170
MET-GRF-AC,Hierro total,240125,19.5,N,19.520
MET-GRF-AC,Cromo total,240125,<10.0,N,0.070
MET-GRF-AC,Cobre total,240125,<50.0,N,28.970
MET-GRF-AC,Plomo total,240125,<1.0,N,0.320
MET-GRF-AC,Niquel total,240125,<5.0,N,0.730
MET-GRF-AC,Aluminio total,240125,100.7,N,100.730
MET-GRF-AC,Plomo total,240126,1.8,N,1.810
MET-GRF-AC,Cromo total,240126,<10.0,N,0.100
MET-GRF-AC,Hierro total,240126,21.9,N,21.930
MET-GRF-AC,Niquel total,240126,<5.0,N,1.050
MET-GRF-AC,Cobre total,240126,269.6,N,269.550
MET-GRF-AC,Aluminio total,240126,88.2,N,88.230
MET-GRF-AC,Aluminio total,240127,96.7,N,96.730
MET-GRF-AC,Cobre total,240127,91.1,N,91.110
MET-GRF-AC,Cromo total,240127,<10.0,N,0.100
MET-GRF-AC,Hierro total,240127,23.3,N,23.320
MET-GRF-AC,Niquel total,240127,<5.0,N,0.620
MET-GRF-AC,Plomo total,240127,1.0,N,0.990
MET-GRF-AC,Hierro total,240140,16.4,N,16.400
MET-GRF-AC,Cromo total,240140,<10.0,N,0.020
MET-GRF-AC,Cobre total,240140,<50.0,N,2.430
MET-GRF-AC,Aluminio total,240140,94.0,N,94.000
MET-GRF-AC,Niquel total,240140,<5.0,N,1.340
WMM-LM-CAM,Cloro total,240140,0.19,N,0.190
WMM-LM-CAM,Cloro libre,240140,<0.10,N,0.030
WMM-LM-CAM,Cloro combinado,240140,0.16,N,0.160
MET-GRF-AC,Plomo total,240140,1.4,N,1.360
WMM-LM-CAM,Cloro total,240141,0.18,N,0.180
WMM-LM-CAM,Cloro libre,240141,<0.10,N,0.054
WMM-LM-CAM,Cloro combinado,240141,0.13,N,0.130
MET-GRF-AC,Plomo total,240141,2.4,N,2.420
MET-GRF-AC,Niquel total,240141,<5.0,N,3.630
MET-GRF-AC,Hierro total,240141,16.1,N,16.100
MET-GRF-AC,Cromo total,240141,<10.0,N,0.110
MET-GRF-AC,Cobre total,240141,<50.0,N,4.750
MET-GRF-AC,Aluminio total,240141,91.5,N,91.460
MET-GRF-AC,Hierro total,240142,19.1,N,19.100
MET-GRF-AC,Cromo total,240142,<10.0,N,0.090
MET-GRF-AC,Cobre total,240142,101.0,N,100.980
MET-GRF-AC,Plomo total,240142,<1.0,N,0.900
MET-GRF-AC,Aluminio total,240142,95.1,N,95.120
WMM-LM-CAM,Cloro total,240142,<0.10,N,0.090
WMM-LM-CAM,Cloro libre,240142,<0.10,N,0.000
WMM-LM-CAM,Cloro combinado,240142,<0.10,N,0.090
MET-GRF-AC,Niquel total,240142,<5.0,N,0.600
WMM-LM-CAM,Cloro libre,240143,<0.10,N,0.030
WMM-LM-CAM,Cloro combinado,240143,<0.10,N,0.060
MET-GRF-AC,Plomo total,240143,1.0,N,0.970
MET-GRF-AC,Aluminio total,240143,91.8,N,91.840
MET-GRF-AC,Niquel total,240143,<5.0,N,0.770
MET-GRF-AC,Hierro total,240143,16.9,N,16.850
WMM-LM-CAM,Cloro total,240143,<0.10,N,0.090
MET-GRF-AC,Cobre total,240143,105.0,N,104.980
MET-GRF-AC,Cromo total,240143,<10.0,N,0.110
WMM-LM-CAM,Cloro total,240144,0.15,N,0.150
MET-GRF-AC,Aluminio total,240144,86.3,N,86.250
MET-GRF-AC,Cobre total,240144,<50.0,N,5.350
MET-GRF-AC,Cromo total,240144,<10.0,N,0.090
MET-GRF-AC,Hierro total,240144,18.1,N,18.110
MET-GRF-AC,Niquel total,240144,<5.0,N,0.560
MET-GRF-AC,Plomo total,240144,<1.0,N,0.180
WMM-LM-CAM,Cloro combinado,240144,0.12,N,0.120
WMM-LM-CAM,Cloro libre,240144,<0.10,N,0.030
MET-GRF-AC,Aluminio total,240145,91.9,N,91.920
MET-GRF-AC,Cobre total,240145,<50.0,N,7.150
MET-GRF-AC,Cromo total,240145,<10.0,N,0.110
WMM-LM-CAM,Cloro total,240145,0.10,N,0.100
MET-GRF-AC,Niquel total,240145,<5.0,N,0.590
MET-GRF-AC,Plomo total,240145,<1.0,N,0.220
WMM-LM-CAM,Cloro combinado,240145,0.10,N,0.100
WMM-LM-CAM,Cloro libre,240145,<0.10,N,0.000
MET-GRF-AC,Hierro total,240145,17.3,N,17.260
MET-GRF-AC,Aluminio total,240172,95.3,N,95.280
MET-GRF-AC,Cobre total,240172,<50.0,N,3.060
MET-GRF-AC,Cromo total,240172,<10.0,N,0.160
MET-GRF-AC,Hierro total,240172,17.3,N,17.250
MET-GRF-AC,Niquel total,240172,12.2,N,12.150
MET-GRF-AC,Plomo total,240172,2.5,N,2.540
MET-GRF-AC,Plomo total,240173,1.6,N,1.640
MET-GRF-AC,Niquel total,240173,<5.0,N,2.910
MET-GRF-AC,Hierro total,240173,17.3,N,17.330
MET-GRF-AC,Cromo total,240173,<10.0,N,0.100
MET-GRF-AC,Cobre total,240173,<50.0,N,4.830
MET-GRF-AC,Aluminio total,240173,91.1,N,91.080
MET-GRF-AC,Plomo total,240174,<1.0,N,0.550
MET-GRF-AC,Hierro total,240174,15.4,N,15.360
MET-GRF-AC,Niquel total,240174,<5.0,N,0.890
MET-GRF-AC,Cromo total,240174,<10.0,N,0.110
MET-GRF-AC,Cobre total,240174,54.3,N,54.260
MET-GRF-AC,Aluminio total,240174,86.9,N,86.900
MET-GRF-AC,Plomo total,240175,<1.0,N,0.480
MET-GRF-AC,Niquel total,240175,<5.0,N,0.680
MET-GRF-AC,Hierro total,240175,17.3,N,17.250
MET-GRF-AC,Cromo total,240175,<10.0,N,0.100
MET-GRF-AC,Cobre total,240175,<50.0,N,46.670
MET-GRF-AC,Aluminio total,240175,88.2,N,88.240
MET-GRF-AC,Cromo total,240176,<10.0,N,0.100
MET-GRF-AC,Hierro total,240176,16.7,N,16.710
MET-GRF-AC,Cobre total,240176,227.3,N,227.300
MET-GRF-AC,Aluminio total,240176,87.5,N,87.510
MET-GRF-AC,Plomo total,240176,1.6,N,1.640
MET-GRF-AC,Niquel total,240176,<5.0,N,0.760
MET-GRF-AC,Niquel total,240177,<5.0,N,0.630
MET-GRF-AC,Hierro total,240177,15.7,N,15.720
MET-GRF-AC,Cromo total,240177,<10.0,N,0.110
MET-GRF-AC,Cobre total,240177,73.0,N,72.980
MET-GRF-AC,Plomo total,240177,<1.0,N,0.790
MET-GRF-AC,Aluminio total,240177,91.1,N,91.050
WMM-LM-CAM,Cloro libre,240178,<0.10,N,0.040
WMM-LM-CAM,Cloro combinado,240178,<0.10,N,0.040
MET-GRF-AC,Plomo total,240178,3.7,N,3.740
WMM-LM-CAM,Cloro total,240178,<0.10,N,0.080
MET-GRF-AC,Niquel total,240178,17.2,N,17.230
MET-GRF-AC,Hierro total,240178,19.9,N,19.920
MET-GRF-AC,Cromo total,240178,<10.0,N,0.150
MET-GRF-AC,Cobre total,240178,<50.0,N,7.170
MET-GRF-AC,Aluminio total,240178,137.9,N,137.860
MET-GRF-AC,Niquel total,240179,<5.0,N,4.450
MET-GRF-AC,Hierro total,240179,17.7,N,17.650
MET-GRF-AC,Cromo total,240179,<10.0,N,0.110
MET-GRF-AC,Cobre total,240179,<50.0,N,4.660
MET-GRF-AC,Aluminio total,240179,108.1,N,108.110
MET-GRF-AC,Plomo total,240179,1.9,N,1.880
MET-GRF-AC,Niquel total,240180,<5.0,N,0.650
MET-GRF-AC,Hierro total,240180,17.2,N,17.180
MET-GRF-AC,Cromo total,240180,<10.0,N,0.100
MET-GRF-AC,Cobre total,240180,<50.0,N,38.450
MET-GRF-AC,Aluminio total,240180,95.8,N,95.760
WMM-LM-CAM,Cloro total,240180,0.11,N,0.110
MET-GRF-AC,Plomo total,240180,<1.0,N,0.410
WMM-LM-CAM,Cloro combinado,240180,<0.10,N,0.080
WMM-LM-CAM,Cloro libre,240180,<0.10,N,0.030
MET-GRF-AC,Niquel total,240181,<5.0,N,0.720
MET-GRF-AC,Hierro total,240181,17.7,N,17.660
MET-GRF-AC,Cromo total,240181,<10.0,N,0.110
MET-GRF-AC,Cobre total,240181,<50.0,N,30.870
MET-GRF-AC,Aluminio total,240181,89.6,N,89.600
MET-GRF-AC,Plomo total,240181,<1.0,N,0.420
WMM-LM-CAM,Cloro total,240182,<0.10,N,0.020
WMM-LM-CAM,Cloro libre,240182,<0.10,N,0.000
WMM-LM-CAM,Cloro combinado,240182,<0.10,N,0.020
MET-GRF-AC,Plomo total,240182,1.0,N,1.020
MET-GRF-AC,Niquel total,240182,<5.0,N,0.680
MET-GRF-AC,Hierro total,240182,21.3,N,21.310
MET-GRF-AC,Cromo total,240182,<10.0,N,0.130
MET-GRF-AC,Aluminio total,240182,95.9,N,95.940
MET-GRF-AC,Cobre total,240182,100.3,N,100.250
MET-GRF-AC,Plomo total,240183,1.1,N,1.050
MET-GRF-AC,Niquel total,240183,<5.0,N,0.610
MET-GRF-AC,Hierro total,240183,18.4,N,18.360
MET-GRF-AC,Cobre total,240183,99.4,N,99.410
MET-GRF-AC,Aluminio total,240183,90.1,N,90.100
MET-GRF-AC,Cromo total,240183,<10.0,N,0.090
MET-GRF-AC,Plomo total,240200,4.6,N,4.590
MET-GRF-AC,Niquel total,240200,43.2,N,43.160
MET-GRF-AC,Hierro total,240200,23.0,N,23.010
MET-GRF-AC,Cromo total,240200,<10.0,N,0.130
MET-GRF-AC,Cobre total,240200,<50.0,N,7.900
MET-GRF-AC,Aluminio total,240200,91.3,N,91.280
MET-GRF-AC,Plomo total,240201,1.6,N,1.640
MET-GRF-AC,Niquel total,240201,<5.0,N,4.720
MET-GRF-AC,Hierro total,240201,29.9,N,29.940
MET-GRF-AC,Cromo total,240201,<10.0,N,0.110
MET-GRF-AC,Cobre total,240201,<50.0,N,5.370
MET-GRF-AC,Aluminio total,240201,84.6,N,84.600
MET-GRF-AC,Aluminio total,240202,79.2,N,79.210
MET-GRF-AC,Cobre total,240202,162.3,N,162.300
MET-GRF-AC,Cromo total,240202,<10.0,N,0.120
MET-GRF-AC,Hierro total,240202,17.8,N,17.810
MET-GRF-AC,Niquel total,240202,<5.0,N,1.600
MET-GRF-AC,Plomo total,240202,<1.0,N,0.450
MET-GRF-AC,Aluminio total,240203,90.4,N,90.370
MET-GRF-AC,Cobre total,240203,<50.0,N,15.320
MET-GRF-AC,Cromo total,240203,<10.0,N,0.110
MET-GRF-AC,Hierro total,240203,23.9,N,23.860
MET-GRF-AC,Niquel total,240203,<5.0,N,0.530
MET-GRF-AC,Plomo total,240203,<1.0,N,0.460
MET-GRF-AC,Plomo total,240204,<1.0,N,0.780
MET-GRF-AC,Niquel total,240204,<5.0,N,0.640
MET-GRF-AC,Hierro total,240204,22.6,N,22.550
MET-GRF-AC,Cromo total,240204,<10.0,N,0.130
MET-GRF-AC,Cobre total,240204,60.6,N,60.630
MET-GRF-AC,Aluminio total,240204,89.1,N,89.120
MET-GRF-AC,Niquel total,240205,<5.0,N,0.600
MET-GRF-AC,Hierro total,240205,21.8,N,21.810
MET-GRF-AC,Cromo total,240205,<10.0,N,0.110
MET-GRF-AC,Cobre total,240205,73.3,N,73.330
MET-GRF-AC,Aluminio total,240205,94.8,N,94.820
MET-GRF-AC,Plomo total,240205,<1.0,N,0.690
MET-GRF-AC,Niquel total,240206,15.1,N,15.060
WMM-LM-CAM,Cloro total,240206,0.16,N,0.160
WMM-LM-CAM,Cloro libre,240206,<0.10,N,0.050
WMM-LM-CAM,Cloro combinado,240206,0.11,N,0.110
MET-GRF-AC,Plomo total,240206,2.9,N,2.860
MET-GRF-AC,Hierro total,240206,25.9,N,25.870
MET-GRF-AC,Cromo total,240206,<10.0,N,0.120
MET-GRF-AC,Cobre total,240206,<50.0,N,7.300
MET-GRF-AC,Aluminio total,240206,<50.0,N,6.740
MET-GRF-AC,Plomo total,240207,2.3,N,2.250
MET-GRF-AC,Niquel total,240207,<5.0,N,4.270
MET-GRF-AC,Hierro total,240207,16.6,N,16.630
MET-GRF-AC,Cromo total,240207,<10.0,N,0.300
MET-GRF-AC,Aluminio total,240207,86.3,N,86.290
MET-GRF-AC,Cobre total,240207,<50.0,N,4.730
MET-GRF-AC,Hierro total,240208,19.8,N,19.830
MET-GRF-AC,Aluminio total,240208,90.8,N,90.810
WMM-LM-CAM,Cloro combinado,240208,0.10,N,0.100
WMM-LM-CAM,Cloro libre,240208,<0.10,N,0.000
WMM-LM-CAM,Cloro total,240208,0.10,N,0.100
MET-GRF-AC,Plomo total,240208,<1.0,N,0.260
MET-GRF-AC,Cobre total,240208,<50.0,N,9.650
MET-GRF-AC,Cromo total,240208,<10.0,N,0.110
MET-GRF-AC,Niquel total,240208,<5.0,N,0.650
MET-GRF-AC,Cobre total,240209,<50.0,N,4.760
MET-GRF-AC,Aluminio total,240209,87.3,N,87.280
MET-GRF-AC,Plomo total,240209,<1.0,N,0.190
MET-GRF-AC,Cromo total,240209,<10.0,N,0.090
MET-GRF-AC,Hierro total,240209,16.6,N,16.610
MET-GRF-AC,Niquel total,240209,<5.0,N,0.580
WMM-LM-CAM,Cloro total,240210,<0.10,N,0.050
WMM-LM-CAM,Cloro libre,240210,<0.10,N,0.000
WMM-LM-CAM,Cloro combinado,240210,<0.10,N,0.050
MET-GRF-AC,Plomo total,240210,1.2,N,1.180
MET-GRF-AC,Niquel total,240210,<5.0,N,0.630
MET-GRF-AC,Hierro total,240210,24.0,N,24.030
MET-GRF-AC,Cromo total,240210,<10.0,N,0.100
MET-GRF-AC,Aluminio total,240210,98.5,N,98.490
MET-GRF-AC,Cobre total,240210,115.3,N,115.250
MET-GRF-AC,Cromo total,240211,<10.0,N,0.100
MET-GRF-AC,Cobre total,240211,96.0,N,95.950
MET-GRF-AC,Aluminio total,240211,95.7,N,95.730
MET-GRF-AC,Niquel total,240211,<5.0,N,0.650
MET-GRF-AC,Hierro total,240211,21.9,N,21.860
MET-GRF-AC,Plomo total,240211,1.2,N,1.180
D_OXIDABIL,Oxidabilidad,240254,2.18,N,2.180
D_CONDUCT,Conductividad a 20 ºC,240254,960,N,960.300
D_TURBIDEZ,Turbidez,240254,0.6,N,0.620
FECHA-LEG,Análisis Legionella-Fecha de inicio,240254,01/07/2025,T,0.000
FECHA-LEG,Análisis Legionella-Fecha fin,240254,16/07/2025,T,0.000
M-019-AC1,Recuento de Estafilococos coagulasa +,240254,0,N,0.000
M-027,Recuento de E. coli,240254,<1,N,1.000
M-027,Recuento de bacterias coliformes,240254,<1,N,1.000
M-033-AC2,Legionella spp - Recuento,240254,No detectado,O,0.000
M-033-AC2,Legionella-Limite detección ensayo,240254,25 ufc/L,O,0.000
M-033-AC2,Legionella-Volumen filtrado,240254,1,N,1.000
M-034,Recuento de Pseudomonas aeruginosa,240254,<1,N,1.000
PE-IL-ISOC,Acido isocianúrico,240254,<5,N,4.000
PE-IL-TEMP,Temperatura del agua,240254,25.7,N,25.700
WMM-LM-CAM,Cloro combinado,240254,0.44,N,0.440
WMM-LM-CAM,Cloro libre,240254,>2.00,N,2.660
WMM-LM-CAM,Cloro total,240254,>2.00,N,3.100
AMONI-CI-P,Amonio,240254,<0.15,N,0.000
D_PH,pH,240254,7.4,N,7.350
AMONI-CI-P,Amonio,240373,<0.15,N,0.011
WMM-LM-CAM,Cloro libre residual,240373,0.10,N,0.100
D_CONDUCT,Conductividad a 20 ºC,240373,347,N,346.700
D_OXIDABIL,Oxidabilidad,240373,1.00,N,1.000
D_PH,pH,240373,8.1,N,8.050
D_TURBIDEZ,Turbidez,240373,<0.4,N,0.170
M-013-AC1,Recuento de enterococos intestinales,240373,0,N,0.000
M-016-AC1,Recuento de E. coli,240373,0,N,0.000
M-016-AC1,Recuento de bacterias coliformes,240373,0,N,0.000
M-030-AC1,Recuento C. perfringens (con esporas),240373,0,N,0.000
M-068-AC1,Microorganismos cultivables a 22 °C,240373,<1,N,1.000
M-068-AC1,Microorganismos cultivables a 22 ºC,240373,0.0,K,0.000
M-068-AC1,Recuento,240373,0,K,0.000
NTRAT-CI-P,Nitratos,240373,4.29,N,4.290
NTRIT-CI-P,Nitritos,240373,<0.15,N,0.000
OXOANIONES,Bromato,240373,<2.5,N,0.000
OXOANIONES,Clorato,240373,0.410,N,0.410
OXOANIONES,Clorito,240373,<0.025,N,0.000
SULFA-CI-P,Sulfatos,240373,19.2,N,19.190
THM-GCMS,Bromodiclorometano,240373,11.2,N,11.200
THM-GCMS,Bromoformo,240373,<5.0,N,0.700
THM-GCMS,Cloroformo,240373,29.5,N,29.500
THM-GCMS,Dibromoclorometano,240373,<5.0,N,4.600
THM-GCMS,Suma Trihalometanos,240373,46.0,N,45.960
WMM-LM-CAM,Cloro combinado residual,240373,0.20,N,0.200
CLORU-CI-P,Cloruros,240373,14.88,N,14.880
OXOANIONES,Clorato,240374,0.160,N,0.160
OXOANIONES,Bromato,240374,<2.5,N,0.000
THM-GCMS,Dibromoclorometano,240374,<5.0,N,4.400
THM-GCMS,Suma Trihalometanos,240374,22.7,N,22.690
WMM-LM-CAM,Cloro combinado residual,240374,<0.10,N,0.010
WMM-LM-CAM,Cloro libre residual,240374,<0.10,N,0.000
OXOANIONES,Clorito,240374,<0.025,N,0.000
SULFA-CI-P,Sulfatos,240374,17.0,N,17.020
THM-GCMS,Bromodiclorometano,240374,5.9,N,5.900
THM-GCMS,Bromoformo,240374,<5.0,N,1.300
AMONI-CI-P,Amonio,240374,<0.15,N,0.004
CLORU-CI-P,Cloruros,240374,12.26,N,12.260
D_CONDUCT,Conductividad a 20 ºC,240374,421,N,420.800
D_OXIDABIL,Oxidabilidad,240374,0.60,N,0.600
D_PH,pH,240374,8.1,N,8.110
D_TURBIDEZ,Turbidez,240374,<0.4,N,0.200
M-013-AC1,Recuento de enterococos intestinales,240374,0,N,0.000
M-016-AC1,Recuento de E. coli,240374,0,N,0.000
M-016-AC1,Recuento de bacterias coliformes,240374,5,N,5.000
M-030-AC1,Recuento C. perfringens (con esporas),240374,0,N,0.000
M-068-AC1,Microorganismos cultivables a 22 °C,240374,13,N,13.000
M-068-AC1,Microorganismos cultivables a 22 ºC,240374,1.3E+01,K,13.000
M-068-AC1,Recuento,240374,13,K,13.000
NTRAT-CI-P,Nitratos,240374,7.95,N,7.950
NTRIT-CI-P,Nitritos,240374,<0.15,N,0.000
THM-GCMS,Cloroformo,240374,11.0,N,11.000
AMONI-CI-P,Amonio,240375,<0.15,N,0.011
WMM-LM-CAM,Cloro libre residual,240375,<0.10,N,0.000
D_CONDUCT,Conductividad a 20 ºC,240375,320,N,319.700
D_OXIDABIL,Oxidabilidad,240375,0.84,N,0.840
D_PH,pH,240375,8.3,N,8.310
D_TURBIDEZ,Turbidez,240375,<0.4,N,0.140
M-013-AC1,Recuento de enterococos intestinales,240375,0,N,0.000
M-016-AC1,Recuento de E. coli,240375,0,N,0.000
M-016-AC1,Recuento de bacterias coliformes,240375,0,N,0.000
M-030-AC1,Recuento C. perfringens (con esporas),240375,0,N,0.000
M-068-AC1,Microorganismos cultivables a 22 °C,240375,<1,N,1.000
M-068-AC1,Microorganismos cultivables a 22 ºC,240375,0.0,K,0.000
M-068-AC1,Recuento,240375,0,K,0.000
NTRAT-CI-P,Nitratos,240375,3.52,N,3.520
NTRIT-CI-P,Nitritos,240375,<0.15,N,0.000
OXOANIONES,Bromato,240375,<2.5,N,0.000
OXOANIONES,Clorato,240375,0.410,N,0.410
OXOANIONES,Clorito,240375,<0.025,N,0.000
SULFA-CI-P,Sulfatos,240375,20.6,N,20.590
THM-GCMS,Bromodiclorometano,240375,10.7,N,10.700
THM-GCMS,Bromoformo,240375,<5.0,N,1.000
THM-GCMS,Cloroformo,240375,24.2,N,24.200
THM-GCMS,Dibromoclorometano,240375,5.5,N,5.500
THM-GCMS,Suma Trihalometanos,240375,41.4,N,41.390
WMM-LM-CAM,Cloro combinado residual,240375,0.13,N,0.130
CLORU-CI-P,Cloruros,240375,14.37,N,14.370
NTRIT-CI-P,Nitritos,240376,<0.15,N,0.000
SULFA-CI-P,Sulfatos,240376,20.4,N,20.370
THM-GCMS,Bromoformo,240376,<5.0,N,0.600
THM-GCMS,Cloroformo,240376,33.4,N,33.400
THM-GCMS,Dibromoclorometano,240376,<5.0,N,4.600
THM-GCMS,Suma Trihalometanos,240376,49.8,N,49.840
WMM-LM-CAM,Cloro combinado residual,240376,<0.10,N,0.030
WMM-LM-CAM,Cloro libre residual,240376,<0.10,N,0.000
AMONI-CI-P,Amonio,240376,<0.15,N,0.008
CLORU-CI-P,Cloruros,240376,15.18,N,15.180
D_CONDUCT,Conductividad a 20 ºC,240376,319,N,319.000
D_OXIDABIL,Oxidabilidad,240376,1.12,N,1.120
D_PH,pH,240376,8.1,N,8.050
D_TURBIDEZ,Turbidez,240376,<0.4,N,0.170
M-013-AC1,Recuento de enterococos intestinales,240376,0,N,0.000
M-016-AC1,Recuento de E. coli,240376,0,N,0.000
M-016-AC1,Recuento de bacterias coliformes,240376,0,N,0.000
M-030-AC1,Recuento C. perfringens (con esporas),240376,0,N,0.000
M-068-AC1,Microorganismos cultivables a 22 °C,240376,18,N,18.000
M-068-AC1,Microorganismos cultivables a 22 ºC,240376,1.8E+01,K,18.000
M-068-AC1,Recuento,240376,18,K,18.000
NTRAT-CI-P,Nitratos,240376,3.26,N,3.260
OXOANIONES,Bromato,240376,<2.5,N,0.000
OXOANIONES,Clorato,240376,0.400,N,0.400
OXOANIONES,Clorito,240376,<0.025,N,0.000
THM-GCMS,Bromodiclorometano,240376,11.2,N,11.200
AMONI-CI-P,Amonio,240377,<0.15,N,0.006
CLORU-CI-P,Cloruros,240377,15.24,N,15.240
D_CONDUCT,Conductividad a 20 ºC,240377,317,N,316.900
D_OXIDABIL,Oxidabilidad,240377,1.08,N,1.080
D_PH,pH,240377,8.1,N,8.140
D_TURBIDEZ,Turbidez,240377,<0.4,N,0.150
M-013-AC1,Recuento de enterococos intestinales,240377,0,N,0.000
M-016-AC1,Recuento de E. coli,240377,0,N,0.000
M-016-AC1,Recuento de bacterias coliformes,240377,0,N,0.000
M-030-AC1,Recuento C. perfringens (con esporas),240377,0,N,0.000
M-068-AC1,Microorganismos cultivables a 22 °C,240377,<1,N,1.000
M-068-AC1,Microorganismos cultivables a 22 ºC,240377,0.0,K,0.000
M-068-AC1,Recuento,240377,0,K,0.000
NTRAT-CI-P,Nitratos,240377,3.21,N,3.210
NTRIT-CI-P,Nitritos,240377,<0.15,N,0.000
OXOANIONES,Bromato,240377,<2.5,N,0.000
OXOANIONES,Clorato,240377,0.430,N,0.430
OXOANIONES,Clorito,240377,<0.025,N,0.000
SULFA-CI-P,Sulfatos,240377,20.3,N,20.290
THM-GCMS,Bromodiclorometano,240377,11.8,N,11.800
THM-GCMS,Bromoformo,240377,<5.0,N,0.700
THM-GCMS,Cloroformo,240377,39.7,N,39.700
THM-GCMS,Dibromoclorometano,240377,<5.0,N,4.900
THM-GCMS,Suma Trihalometanos,240377,57.1,N,57.080
WMM-LM-CAM,Cloro combinado residual,240377,0.15,N,0.150
WMM-LM-CAM,Cloro libre residual,240377,<0.10,N,0.000
OXOANIONES,Bromato,240378,<2.5,N,0.000
OXOANIONES,Clorato,240378,0.630,N,0.630
OXOANIONES,Clorito,240378,<0.025,N,0.000
SULFA-CI-P,Sulfatos,240378,20.6,N,20.580
THM-GCMS,Bromodiclorometano,240378,9.9,N,9.900
THM-GCMS,Bromoformo,240378,<5.0,N,0.800
THM-GCMS,Cloroformo,240378,25.0,N,25.000
THM-GCMS,Dibromoclorometano,240378,<5.0,N,4.900
THM-GCMS,Suma Trihalometanos,240378,40.6,N,40.570
WMM-LM-CAM,Cloro combinado residual,240378,<0.10,N,0.070
WMM-LM-CAM,Cloro libre residual,240378,<0.10,N,0.020
AMONI-CI-P,Amonio,240378,<0.15,N,0.007
CLORU-CI-P,Cloruros,240378,15.16,N,15.160
D_CONDUCT,Conductividad a 20 ºC,240378,320,N,319.700
D_OXIDABIL,Oxidabilidad,240378,1.08,N,1.080
D_PH,pH,240378,8.2,N,8.210
D_TURBIDEZ,Turbidez,240378,0.6,N,0.550
M-013-AC1,Recuento de enterococos intestinales,240378,0,N,0.000
M-016-AC1,Recuento de E. coli,240378,0,N,0.000
M-016-AC1,Recuento de bacterias coliformes,240378,2,N,2.000
M-030-AC1,Recuento C. perfringens (con esporas),240378,0,N,0.000
M-068-AC1,Microorganismos cultivables a 22 °C,240378,20,N,20.000
M-068-AC1,Microorganismos cultivables a 22 ºC,240378,2.0E+01,K,20.000
M-068-AC1,Recuento,240378,20,K,20.000
NTRAT-CI-P,Nitratos,240378,3.35,N,3.350
NTRIT-CI-P,Nitritos,240378,<0.15,N,0.000
AMONI-CI-P,Amonio,240379,<0.15,N,0.015
WMM-LM-CAM,Cloro libre residual,240379,<0.10,N,0.000
D_CONDUCT,Conductividad a 20 ºC,240379,316,N,316.200
D_OXIDABIL,Oxidabilidad,240379,1.20,N,1.200
D_PH,pH,240379,8.1,N,8.050
D_TURBIDEZ,Turbidez,240379,<0.4,N,0.210
M-013-AC1,Recuento de enterococos intestinales,240379,0,N,0.000
M-016-AC1,Recuento de E. coli,240379,0,N,0.000
M-016-AC1,Recuento de bacterias coliformes,240379,0,N,0.000
M-030-AC1,Recuento C. perfringens (con esporas),240379,0,N,0.000
M-068-AC1,Microorganismos cultivables a 22 °C,240379,22,N,22.000
M-068-AC1,Microorganismos cultivables a 22 ºC,240379,2.2E+01,K,22.000
M-068-AC1,Recuento,240379,22,K,22.000
NTRAT-CI-P,Nitratos,240379,3.23,N,3.230
NTRIT-CI-P,Nitritos,240379,<0.15,N,0.000
OXOANIONES,Bromato,240379,<2.5,N,0.000
OXOANIONES,Clorato,240379,0.350,N,0.350
OXOANIONES,Clorito,240379,<0.025,N,0.000
SULFA-CI-P,Sulfatos,240379,20.3,N,20.310
THM-GCMS,Bromodiclorometano,240379,10.3,N,10.300
THM-GCMS,Bromoformo,240379,<5.0,N,0.700
THM-GCMS,Cloroformo,240379,30.2,N,30.200
THM-GCMS,Dibromoclorometano,240379,<5.0,N,4.300
THM-GCMS,Suma Trihalometanos,240379,45.5,N,45.490
WMM-LM-CAM,Cloro combinado residual,240379,<0.10,N,0.060
CLORU-CI-P,Cloruros,240379,14.71,N,14.710
THM-GCMS,Bromodiclorometano,240380,11.4,N,11.400
WMM-LM-CAM,Cloro libre residual,240380,<0.10,N,0.000
THM-GCMS,Cloroformo,240380,41.1,N,41.100
AMONI-CI-P,Amonio,240380,<0.15,N,0.011
CLORU-CI-P,Cloruros,240380,15.47,N,15.470
D_CONDUCT,Conductividad a 20 ºC,240380,320,N,320.200
D_OXIDABIL,Oxidabilidad,240380,1.12,N,1.120
D_PH,pH,240380,8.0,N,8.020
D_TURBIDEZ,Turbidez,240380,<0.4,N,0.140
M-013-AC1,Recuento de enterococos intestinales,240380,0,N,0.000
M-016-AC1,Recuento de E. coli,240380,0,N,0.000
M-016-AC1,Recuento de bacterias coliformes,240380,0,N,0.000
M-030-AC1,Recuento C. perfringens (con esporas),240380,0,N,0.000
M-068-AC1,Microorganismos cultivables a 22 °C,240380,<1,N,1.000
M-068-AC1,Microorganismos cultivables a 22 ºC,240380,0.0,K,0.000
SULFA-CI-P,Sulfatos,240380,20.5,N,20.520
M-068-AC1,Recuento,240380,0,K,0.000
NTRAT-CI-P,Nitratos,240380,3.27,N,3.270
NTRIT-CI-P,Nitritos,240380,<0.15,N,0.000
OXOANIONES,Bromato,240380,<2.5,N,0.000
OXOANIONES,Clorato,240380,0.420,N,0.420
OXOANIONES,Clorito,240380,<0.025,N,0.000
THM-GCMS,Dibromoclorometano,240380,<5.0,N,4.300
THM-GCMS,Suma Trihalometanos,240380,57.5,N,57.500
WMM-LM-CAM,Cloro combinado residual,240380,0.12,N,0.120
THM-GCMS,Bromoformo,240380,<5.0,N,0.700
M-016-AC1,Recuento de E. coli,240381,0,N,0.000
M-016-AC1,Recuento de bacterias coliformes,240381,0,N,0.000
M-030-AC1,Recuento C. perfringens (con esporas),240381,0,N,0.000
M-068-AC1,Microorganismos cultivables a 22 °C,240381,<1,N,1.000
M-068-AC1,Microorganismos cultivables a 22 ºC,240381,0.0,K,0.000
M-068-AC1,Recuento,240381,0,K,0.000
NTRAT-CI-P,Nitratos,240381,3.31,N,3.310
NTRIT-CI-P,Nitritos,240381,<0.15,N,0.000
OXOANIONES,Bromato,240381,<2.5,N,0.000
OXOANIONES,Clorato,240381,0.600,N,0.600
OXOANIONES,Clorito,240381,<0.025,N,0.000
SULFA-CI-P,Sulfatos,240381,20.5,N,20.540
THM-GCMS,Bromodiclorometano,240381,9.8,N,9.800
THM-GCMS,Bromoformo,240381,<5.0,N,0.800
THM-GCMS,Cloroformo,240381,25.5,N,25.500
THM-GCMS,Dibromoclorometano,240381,<5.0,N,4.700
THM-GCMS,Suma Trihalometanos,240381,40.7,N,40.730
WMM-LM-CAM,Cloro combinado residual,240381,<0.10,N,0.090
WMM-LM-CAM,Cloro libre residual,240381,<0.10,N,0.000
AMONI-CI-P,Amonio,240381,<0.15,N,0.013
CLORU-CI-P,Cloruros,240381,15.24,N,15.240
D_CONDUCT,Conductividad a 20 ºC,240381,323,N,322.500
D_OXIDABIL,Oxidabilidad,240381,1.16,N,1.160
D_PH,pH,240381,8.2,N,8.160
D_TURBIDEZ,Turbidez,240381,0.4,N,0.350
M-013-AC1,Recuento de enterococos intestinales,240381,0,N,0.000
AMONI-CI-P,Amonio,240382,<0.15,N,0.005
CLORU-CI-P,Cloruros,240382,15.20,N,15.200
WMM-LM-CAM,Cloro libre residual,240382,<0.10,N,0.000
WMM-LM-CAM,Cloro combinado residual,240382,<0.10,N,0.070
THM-GCMS,Suma Trihalometanos,240382,34.1,N,34.080
THM-GCMS,Dibromoclorometano,240382,<5.0,N,4.818
THM-GCMS,Cloroformo,240382,19.1,N,19.078
OXOANIONES,Clorato,240382,0.510,N,0.510
OXOANIONES,Bromato,240382,<2.5,N,0.000
NTRIT-CI-P,Nitritos,240382,<0.15,N,0.000
NTRAT-CI-P,Nitratos,240382,3.37,N,3.370
THM-GCMS,Bromoformo,240382,<5.0,N,1.657
THM-GCMS,Bromodiclorometano,240382,8.5,N,8.529
SULFA-CI-P,Sulfatos,240382,20.5,N,20.500
OXOANIONES,Clorito,240382,<0.025,N,0.000
M-068-AC1,Recuento,240382,295,K,295.000
M-068-AC1,Recnto. microorg cultivables a 22 °C,240382,250 ufc/ml,O,0.000
M-068-AC1,Microorganismos cultivables a 22 ºC,240382,3.0E+02,K,300.000
M-030-AC1,Recuento C. perfringens (con esporas),240382,0,N,0.000
M-016-AC1,Recuento de bacterias coliformes,240382,0,N,0.000
M-016-AC1,Recuento de E. coli,240382,0,N,0.000
M-013-AC1,Recuento de enterococos intestinales,240382,0,N,0.000
D_TURBIDEZ,Turbidez,240382,<0.4,N,0.210
D_PH,pH,240382,8.1,N,8.050
D_CONDUCT,Conductividad a 20 ºC,240382,321,N,320.500
AMONI-CI-P,Amonio,240383,<0.15,N,0.000
WMM-LM-CAM,Cloro libre residual,240383,<0.10,N,0.000
THM-GCMS,Suma Trihalometanos,240383,36.7,N,36.680
THM-GCMS,Dibromoclorometano,240383,<5.0,N,4.457
THM-GCMS,Cloroformo,240383,21.9,N,21.940
THM-GCMS,Bromoformo,240383,<5.0,N,1.334
THM-GCMS,Bromodiclorometano,240383,8.9,N,8.944
SULFA-CI-P,Sulfatos,240383,20.7,N,20.670
OXOANIONES,Clorito,240383,<0.025,N,0.000
OXOANIONES,Clorato,240383,0.540,N,0.540
OXOANIONES,Bromato,240383,<2.5,N,0.000
NTRIT-CI-P,Nitritos,240383,<0.15,N,0.000
NTRAT-CI-P,Nitratos,240383,3.40,N,3.400
M-068-AC1,Recuento,240383,294,K,294.000
M-068-AC1,Microorganismos cultivables a 22 ºC,240383,2.9E+02,K,290.000
M-068-AC1,Microorganismos cultivables a 22 °C,240383,230,N,230.000
M-030-AC1,Recuento C. perfringens (con esporas),240383,0,N,0.000
M-016-AC1,Recuento de bacterias coliformes,240383,0,N,0.000
M-016-AC1,Recuento de E. coli,240383,0,N,0.000
M-013-AC1,Recuento de enterococos intestinales,240383,0,N,0.000
D_TURBIDEZ,Turbidez,240383,<0.4,N,0.190
D_PH,pH,240383,8.3,N,8.290
D_CONDUCT,Conductividad a 20 ºC,240383,320,N,320.000
CLORU-CI-P,Cloruros,240383,15.73,N,15.730
WMM-LM-CAM,Cloro combinado residual,240383,<0.10,N,0.030
OXOANIONES,Clorito,240384,<0.025,N,0.000
SULFA-CI-P,Sulfatos,240384,20.7,N,20.720
THM-GCMS,Bromodiclorometano,240384,9.5,N,9.464
THM-GCMS,Bromoformo,240384,<5.0,N,1.585
AMONI-CI-P,Amonio,240384,<0.15,N,0.012
CLORU-CI-P,Cloruros,240384,16.13,N,16.130
D_CONDUCT,Conductividad a 20 ºC,240384,319,N,319.200
D_PH,pH,240384,8.3,N,8.250
D_TURBIDEZ,Turbidez,240384,<0.4,N,0.280
M-013-AC1,Recuento de enterococos intestinales,240384,0,N,0.000
M-016-AC1,Recuento de E. coli,240384,0,N,0.000
M-016-AC1,Recuento de bacterias coliformes,240384,0,N,0.000
M-030-AC1,Recuento C. perfringens (con esporas),240384,0,N,0.000
M-068-AC1,Microorganismos cultivables a 22 °C,240384,14,N,14.000
M-068-AC1,Microorganismos cultivables a 22 ºC,240384,1.4E+01,K,14.000
M-068-AC1,Recuento,240384,14,K,14.000
NTRAT-CI-P,Nitratos,240384,3.42,N,3.420
NTRIT-CI-P,Nitritos,240384,<0.15,N,0.000
OXOANIONES,Bromato,240384,<2.5,N,0.000
OXOANIONES,Clorato,240384,0.580,N,0.580
THM-GCMS,Cloroformo,240384,26.4,N,26.435
THM-GCMS,Dibromoclorometano,240384,<5.0,N,4.817
THM-GCMS,Suma Trihalometanos,240384,42.3,N,42.300
WMM-LM-CAM,Cloro combinado residual,240384,<0.10,N,0.090
WMM-LM-CAM,Cloro libre residual,240384,<0.10,N,0.010
AMONI-CI-P,Amonio,240385,<0.15,N,0.012
WMM-LM-CAM,Cloro libre residual,240385,<0.10,N,0.000
D_CONDUCT,Conductividad a 20 ºC,240385,320,N,320.300
D_PH,pH,240385,8.3,N,8.260
D_TURBIDEZ,Turbidez,240385,<0.4,N,0.160
M-013-AC1,Recuento de enterococos intestinales,240385,0,N,0.000
M-016-AC1,Recuento de E. coli,240385,0,N,0.000
M-016-AC1,Recuento de bacterias coliformes,240385,0,N,0.000
M-030-AC1,Recuento C. perfringens (con esporas),240385,0,N,0.000
M-068-AC1,Microorganismos cultivables a 22 ºC,240385,2.0,K,2.000
M-068-AC1,Recnto. microorg cultivables a 22 °C,240385,Presencia /ml,O,0.000
M-068-AC1,Recuento,240385,2,K,2.000
NTRAT-CI-P,Nitratos,240385,3.37,N,3.370
NTRIT-CI-P,Nitritos,240385,<0.15,N,0.000
OXOANIONES,Bromato,240385,<2.5,N,0.000
OXOANIONES,Clorato,240385,0.620,N,0.620
OXOANIONES,Clorito,240385,<0.025,N,0.000
SULFA-CI-P,Sulfatos,240385,20.5,N,20.470
THM-GCMS,Bromodiclorometano,240385,9.2,N,9.216
THM-GCMS,Bromoformo,240385,<5.0,N,1.567
THM-GCMS,Cloroformo,240385,25.8,N,25.799
THM-GCMS,Dibromoclorometano,240385,<5.0,N,4.836
THM-GCMS,Suma Trihalometanos,240385,41.4,N,41.420
WMM-LM-CAM,Cloro combinado residual,240385,0.10,N,0.100
CLORU-CI-P,Cloruros,240385,16.10,N,16.100
THM-GCMS,Cloroformo,240386,36.8,N,36.810
OXOANIONES,Clorato,240386,0.490,N,0.490
THM-GCMS,Suma Trihalometanos,240386,57.4,N,57.430
WMM-LM-CAM,Cloro combinado residual,240386,0.10,N,0.100
WMM-LM-CAM,Cloro libre residual,240386,<0.10,N,0.000
OXOANIONES,Clorito,240386,<0.025,N,0.000
SULFA-CI-P,Sulfatos,240386,20.7,N,20.650
THM-GCMS,Bromodiclorometano,240386,13.8,N,13.789
THM-GCMS,Bromoformo,240386,<5.0,N,1.415
AMONI-CI-P,Amonio,240386,<0.15,N,0.029
CLORU-CI-P,Cloruros,240386,15.74,N,15.740
D_CONDUCT,Conductividad a 20 ºC,240386,325,N,324.900
D_PH,pH,240386,8.1,N,8.100
D_TURBIDEZ,Turbidez,240386,<0.4,N,0.180
M-013-AC1,Recuento de enterococos intestinales,240386,0,N,0.000
M-016-AC1,Recuento de E. coli,240386,0,N,0.000
M-016-AC1,Recuento de bacterias coliformes,240386,0,N,0.000
M-030-AC1,Recuento C. perfringens (con esporas),240386,0,N,0.000
M-068-AC1,Microorganismos cultivables a 22 ºC,240386,1.0,K,1.000
M-068-AC1,Recnto. microorg cultivables a 22 °C,240386,Presencia /ml,O,0.000
M-068-AC1,Recuento,240386,1,K,1.000
NTRAT-CI-P,Nitratos,240386,3.43,N,3.430
NTRIT-CI-P,Nitritos,240386,<0.15,N,0.000
OXOANIONES,Bromato,240386,<2.5,N,0.000
THM-GCMS,Dibromoclorometano,240386,5.4,N,5.417
AMONI-CI-P,Amonio,240387,<0.15,N,0.008
WMM-LM-CAM,Cloro libre residual,240387,<0.10,N,0.080
D_CONDUCT,Conductividad a 20 ºC,240387,323,N,322.500
D_PH,pH,240387,8.0,N,8.020
D_TURBIDEZ,Turbidez,240387,<0.4,N,0.120
M-013-AC1,Recuento de enterococos intestinales,240387,0,N,0.000
M-016-AC1,Recuento de E. coli,240387,0,N,0.000
M-016-AC1,Recuento de bacterias coliformes,240387,0,N,0.000
M-030-AC1,Recuento C. perfringens (con esporas),240387,0,N,0.000
M-068-AC1,Microorganismos cultivables a 22 °C,240387,27,N,27.000
M-068-AC1,Microorganismos cultivables a 22 ºC,240387,2.7E+01,K,27.000
M-068-AC1,Recuento,240387,27,K,27.000
NTRAT-CI-P,Nitratos,240387,3.45,N,3.450
NTRIT-CI-P,Nitritos,240387,<0.15,N,0.000
OXOANIONES,Bromato,240387,<2.5,N,0.000
OXOANIONES,Clorato,240387,0.495,N,0.495
OXOANIONES,Clorito,240387,<0.025,N,0.000
SULFA-CI-P,Sulfatos,240387,20.9,N,20.850
THM-GCMS,Bromodiclorometano,240387,12.6,N,12.632
THM-GCMS,Bromoformo,240387,<5.0,N,1.429
THM-GCMS,Cloroformo,240387,37.2,N,37.204
THM-GCMS,Dibromoclorometano,240387,5.3,N,5.313
THM-GCMS,Suma Trihalometanos,240387,56.6,N,56.580
WMM-LM-CAM,Cloro combinado residual,240387,<0.10,N,0.040
CLORU-CI-P,Cloruros,240387,15.86,N,15.860
THM-GCMS,Dibromoclorometano,240388,5.8,N,5.759
THM-GCMS,Suma Trihalometanos,240388,60.5,N,60.480
WMM-LM-CAM,Cloro combinado residual,240388,0.17,N,0.170
WMM-LM-CAM,Cloro libre residual,240388,<0.10,N,0.000
AMONI-CI-P,Amonio,240388,<0.15,N,0.029
CLORU-CI-P,Cloruros,240388,14.95,N,14.950
D_CONDUCT,Conductividad a 20 ºC,240388,318,N,317.600
D_PH,pH,240388,8.0,N,8.000
D_TURBIDEZ,Turbidez,240388,<0.4,N,0.130
M-013-AC1,Recuento de enterococos intestinales,240388,0,N,0.000
M-016-AC1,Recuento de E. coli,240388,0,N,0.000
M-016-AC1,Recuento de bacterias coliformes,240388,0,N,0.000
M-030-AC1,Recuento C. perfringens (con esporas),240388,0,N,0.000
M-068-AC1,Microorganismos cultivables a 22 °C,240388,<1,N,1.000
M-068-AC1,Microorganismos cultivables a 22 ºC,240388,0.0,K,0.000
M-068-AC1,Recuento,240388,0,K,0.000
NTRAT-CI-P,Nitratos,240388,3.30,N,3.300
NTRIT-CI-P,Nitritos,240388,<0.15,N,0.000
OXOANIONES,Bromato,240388,<2.5,N,0.000
OXOANIONES,Clorato,240388,0.369,N,0.369
THM-GCMS,Cloroformo,240388,40.1,N,40.099
OXOANIONES,Clorito,240388,<0.025,N,0.000
SULFA-CI-P,Sulfatos,240388,20.5,N,20.540
THM-GCMS,Bromodiclorometano,240388,13.1,N,13.060
THM-GCMS,Bromoformo,240388,<5.0,N,1.557
AMONI-CI-P,Amonio,240389,<0.15,N,0.000
CLORU-CI-P,Cloruros,240389,13.82,N,13.820
WMM-LM-CAM,Cloro libre residual,240389,<0.10,N,0.090
WMM-LM-CAM,Cloro combinado residual,240389,0.16,N,0.160
THM-GCMS,Suma Trihalometanos,240389,36.9,N,36.890
THM-GCMS,Dibromoclorometano,240389,<5.0,N,3.482
THM-GCMS,Cloroformo,240389,24.2,N,24.209
THM-GCMS,Bromoformo,240389,<5.0,N,1.373
THM-GCMS,Bromodiclorometano,240389,7.8,N,7.822
SULFA-CI-P,Sulfatos,240389,20.3,N,20.290
OXOANIONES,Clorito,240389,<0.025,N,0.000
OXOANIONES,Clorato,240389,0.254,N,0.254
OXOANIONES,Bromato,240389,<2.5,N,0.000
NTRIT-CI-P,Nitritos,240389,<0.15,N,0.000
NTRAT-CI-P,Nitratos,240389,3.20,N,3.200
M-068-AC1,Recuento,240389,0,K,0.000
M-068-AC1,Microorganismos cultivables a 22 ºC,240389,0.0,K,0.000
M-068-AC1,Microorganismos cultivables a 22 °C,240389,<1,N,1.000
M-030-AC1,Recuento C. perfringens (con esporas),240389,0,N,0.000
M-016-AC1,Recuento de bacterias coliformes,240389,0,N,0.000
M-016-AC1,Recuento de E. coli,240389,0,N,0.000
M-013-AC1,Recuento de enterococos intestinales,240389,0,N,0.000
D_TURBIDEZ,Turbidez,240389,<0.4,N,0.110
D_PH,pH,240389,8.0,N,7.970
D_CONDUCT,Conductividad a 20 ºC,240389,310,N,310.200
AMONI-CI-P,Amonio,240390,<0.15,N,0.016
OXOANIONES,Clorito,240390,<0.025,N,0.000
THM-GCMS,Bromodiclorometano,240390,12.6,N,12.608
SULFA-CI-P,Sulfatos,240390,20.8,N,20.780
WMM-LM-CAM,Cloro libre residual,240390,<0.10,N,0.000
WMM-LM-CAM,Cloro combinado residual,240390,<0.10,N,0.060
THM-GCMS,Suma Trihalometanos,240390,54.0,N,53.950
THM-GCMS,Dibromoclorometano,240390,5.7,N,5.683
THM-GCMS,Cloroformo,240390,34.1,N,34.094
OXOANIONES,Clorato,240390,0.414,N,0.414
OXOANIONES,Bromato,240390,<2.5,N,0.000
NTRIT-CI-P,Nitritos,240390,<0.15,N,0.000
NTRAT-CI-P,Nitratos,240390,3.40,N,3.400
M-068-AC1,Recuento,240390,14,K,14.000
M-068-AC1,Microorganismos cultivables a 22 ºC,240390,1.4E+01,K,14.000
M-068-AC1,Microorganismos cultivables a 22 °C,240390,14,N,14.000
M-030-AC1,Recuento C. perfringens (con esporas),240390,0,N,0.000
M-016-AC1,Recuento de bacterias coliformes,240390,0,N,0.000
M-016-AC1,Recuento de E. coli,240390,0,N,0.000
M-013-AC1,Recuento de enterococos intestinales,240390,0,N,0.000
D_TURBIDEZ,Turbidez,240390,<0.4,N,0.130
D_PH,pH,240390,8.1,N,8.090
D_CONDUCT,Conductividad a 20 ºC,240390,321,N,320.700
CLORU-CI-P,Cloruros,240390,15.47,N,15.470
THM-GCMS,Bromoformo,240390,<5.0,N,1.567
MET-GRF-AC,Niquel total,240567,<5.0,N,0.870
MET-GRF-AC,Hierro total,240567,<10.0,N,8.420
WMM-LM-CAM,Cloro libre residual,240567,<0.10,N,0.000
WMM-LM-CAM,Cloro combinado residual,240567,<0.10,N,0.030
MET-GRF-AC,Plomo total,240567,<1.0,N,0.190
MET-GRF-AC,Niquel total,240567,<5.0,N,0.870
MET-GRF-AC,Hierro total,240567,<10.0,N,8.420
MET-GRF-AC,Cromo total,240567,<10.0,N,0.050
MET-GRF-AC,Cobre total,240567,<0.05,N,0.003
MET-GRF-AC,Aluminio total,240567,86.1,N,86.080
MET-GRF-AC,Plomo total,240567,<1.0,N,0.190
D_CONDUCT,Conductividad a 20 ºC,240567,319,N,318.900
D_PH,pH,240567,7.6,N,7.580
D_TURBIDEZ,Turbidez,240567,<0.4,N,0.250
MET-GRF-AC,Cromo total,240567,<10.0,N,0.050
MET-GRF-AC,Cobre total,240567,<0.1,N,0.003
MET-GRF-AC,Aluminio total,240567,86.1,N,86.080
M-016-AC1,Recuento de bacterias coliformes,240567,0,N,0.000
M-016-AC1,Recuento de E. coli,240567,0,N,0.000
MET-GRF-AC,Plomo total,240568,<1.0,N,0.410
WMM-LM-CAM,Cloro combinado residual,240568,0.21,N,0.210
WMM-LM-CAM,Cloro libre residual,240568,<0.10,N,0.020
D_TURBIDEZ,Turbidez,240568,<0.4,N,0.140
D_PH,pH,240568,8.0,N,7.950
D_CONDUCT,Conductividad a 20 ºC,240568,318,N,317.700
MET-GRF-AC,Niquel total,240568,<5.0,N,1.290
MET-GRF-AC,Hierro total,240568,<10.0,N,7.450
MET-GRF-AC,Cromo total,240568,<10.0,N,0.010
MET-GRF-AC,Cobre total,240568,<0.05,N,0.006
MET-GRF-AC,Aluminio total,240568,82.5,N,82.450
M-016-AC1,Recuento de bacterias coliformes,240568,0,N,0.000
M-016-AC1,Recuento de E. coli,240568,0,N,0.000
MET-GRF-AC,Niquel total,240569,<5.0,N,0.800
MET-GRF-AC,Hierro total,240569,<10.0,N,9.880
MET-GRF-AC,Cromo total,240569,<10.0,N,0.010
MET-GRF-AC,Cobre total,240569,<0.05,N,0.006
MET-GRF-AC,Aluminio total,240569,89.5,N,89.450
M-016-AC1,Recuento de bacterias coliformes,240569,0,N,0.000
M-016-AC1,Recuento de E. coli,240569,0,N,0.000
D_TURBIDEZ,Turbidez,240569,<0.4,N,0.130
D_PH,pH,240569,8.0,N,7.960
D_CONDUCT,Conductividad a 20 ºC,240569,318,N,317.800
MET-GRF-AC,Plomo total,240569,<1.0,N,0.410
WMM-LM-CAM,Cloro combinado residual,240569,<0.10,N,0.020
WMM-LM-CAM,Cloro libre residual,240569,<0.10,N,0.010
D_TURBIDEZ,Turbidez,240570,<0.4,N,0.190
M-016-AC1,"Recnto, de bacterias coliformes",240570,Estimado 3 ufc/ 100 ml,O,0.000
M-016-AC1,Recuento de E. coli,240570,0,N,0.000
M-016-AC1,Recuento de E. coli,240570,0,N,0.000
M-016-AC1,Recuento de bacterias coliformes,240570,3,N,3.000
MET-GRF-AC,Aluminio total,240570,86.7,N,86.730
MET-GRF-AC,Cobre total,240570,<0.05,N,0.008
MET-GRF-AC,Cromo total,240570,<10.0,N,0.020
MET-GRF-AC,Hierro total,240570,10.5,N,10.540
MET-GRF-AC,Niquel total,240570,<5.0,N,1.070
MET-GRF-AC,Plomo total,240570,<1.0,N,0.440
WMM-LM-CAM,Cloro combinado residual,240570,<0.10,N,0.030
WMM-LM-CAM,Cloro libre residual,240570,<0.10,N,0.000
D_CONDUCT,Conductividad a 20 ºC,240570,319,N,318.700
D_PH,pH,240570,8.0,N,7.990
D_CONDUCT,Conductividad a 20 ºC,240571,323,N,322.600
D_PH,pH,240571,8.0,N,8.020
D_TURBIDEZ,Turbidez,240571,<0.4,N,0.110
M-016-AC1,Recuento de E. coli,240571,0,N,0.000
M-016-AC1,Recuento de bacterias coliformes,240571,0,N,0.000
MET-GRF-AC,Aluminio total,240571,121.6,N,121.620
MET-GRF-AC,Cobre total,240571,0.06,N,0.056
MET-GRF-AC,Cromo total,240571,<10.0,N,0.020
MET-GRF-AC,Hierro total,240571,<10.0,N,6.540
MET-GRF-AC,Niquel total,240571,<5.0,N,1.530
MET-GRF-AC,Plomo total,240571,2.4,N,2.360
WMM-LM-CAM,Cloro combinado residual,240571,<0.10,N,0.040
WMM-LM-CAM,Cloro libre residual,240571,<0.10,N,0.010
WMM-LM-CAM,Cloro libre residual,240572,<0.10,N,0.000
D_TURBIDEZ,Turbidez,240572,<0.4,N,0.130
MET-GRF-AC,Plomo total,240572,2.2,N,2.180
MET-GRF-AC,Niquel total,240572,54.0,N,53.970
MET-GRF-AC,Hierro total,240572,16.8,N,16.820
MET-GRF-AC,Cromo total,240572,<10.0,N,0.050
MET-GRF-AC,Cobre total,240572,0.06,N,0.062
MET-GRF-AC,Aluminio total,240572,85.0,N,85.020
M-016-AC1,Recuento de bacterias coliformes,240572,0,N,0.000
M-016-AC1,Recuento de E. coli,240572,0,N,0.000
D_CONDUCT,Conductividad a 20 ºC,240572,322,N,321.600
D_PH,pH,240572,7.8,N,7.780
WMM-LM-CAM,Cloro combinado residual,240572,<0.10,N,0.000
MET-GRF-AC,Cromo total,240573,<10.0,N,0.020
MET-GRF-AC,Hierro total,240573,<10.0,N,6.670
MET-GRF-AC,Cobre total,240573,<0.05,N,0.036
MET-GRF-AC,Aluminio total,240573,82.5,N,82.540
WMM-LM-CAM,Cloro libre residual,240573,<0.10,N,0.020
WMM-LM-CAM,Cloro combinado residual,240573,0.16,N,0.160
MET-GRF-AC,Plomo total,240573,1.4,N,1.380
MET-GRF-AC,Niquel total,240573,26.5,N,26.520
M-016-AC1,Recuento de bacterias coliformes,240573,0,N,0.000
M-016-AC1,Recuento de E. coli,240573,0,N,0.000
D_TURBIDEZ,Turbidez,240573,<0.4,N,0.150
D_CONDUCT,Conductividad a 20 ºC,240573,324,N,323.700
D_PH,pH,240573,7.8,N,7.760
D_CONDUCT,Conductividad a 20 ºC,240574,<15,N,0.602
MET-GRF-AC,Plomo total,240574,<1.0,N,0.500
D_TURBIDEZ,Turbidez,240574,<0.4,N,0.090
M-016-AC1,Recuento de E. coli,240574,0,N,0.000
M-016-AC1,Recuento de bacterias coliformes,240574,0,N,0.000
MET-GRF-AC,Aluminio total,240574,<50.0,N,1.010
MET-GRF-AC,Cobre total,240574,<0.05,N,0.000
MET-GRF-AC,Cromo total,240574,<10.0,N,-0.020
MET-GRF-AC,Hierro total,240574,<10.0,N,0.410
MET-GRF-AC,Niquel total,240574,<5.0,N,0.050
D_PH,pH,240574,8.0,N,8.020
D_CONDUCT,Conductividad a 20 ºC,240679,317,N,317.100
WMM-LM-CAM,Cloro libre residual,240679,<0.10,N,0.020
D_TURBIDEZ,Turbidez,240679,<0.4,N,0.090
M-016-AC1,Recuento de E. coli,240679,0,N,0.000
M-016-AC1,Recuento de bacterias coliformes,240679,0,N,0.000
MET-GRF-AC,Aluminio total,240679,77.0,N,77.020
MET-GRF-AC,Cobre total,240679,0.05,N,0.050
MET-GRF-AC,Cromo total,240679,<10.0,N,0.040
MET-GRF-AC,Hierro total,240679,13.8,N,13.760
MET-GRF-AC,Niquel total,240679,<5.0,N,0.620
MET-GRF-AC,Plomo total,240679,1.4,N,1.360
WMM-LM-CAM,Cloro combinado residual,240679,<0.10,N,0.020
D_PH,pH,240679,7.5,N,7.510
D_CONDUCT,Conductividad a 20 ºC,240680,318,N,318.200
D_PH,pH,240680,7.7,N,7.710
WMM-LM-CAM,Cloro libre residual,240680,<0.10,N,0.000
WMM-LM-CAM,Cloro combinado residual,240680,<0.10,N,0.050
MET-GRF-AC,Plomo total,240680,1.6,N,1.590
MET-GRF-AC,Niquel total,240680,<5.0,N,4.670
MET-GRF-AC,Hierro total,240680,14.7,N,14.740
MET-GRF-AC,Cromo total,240680,<10.0,N,0.090
MET-GRF-AC,Cobre total,240680,0.05,N,0.050
MET-GRF-AC,Aluminio total,240680,94.4,N,94.420
M-016-AC1,Recuento de bacterias coliformes,240680,0,N,0.000
M-016-AC1,Recuento de E. coli,240680,0,N,0.000
D_TURBIDEZ,Turbidez,240680,<0.4,N,0.160
D_CONDUCT,Conductividad a 20 ºC,240681,311,N,311.400
WMM-LM-CAM,Cloro libre residual,240681,<0.10,N,0.020
MET-GRF-AC,Plomo total,240681,<1.0,N,0.340
MET-GRF-AC,Niquel total,240681,<5.0,N,1.120
MET-GRF-AC,Hierro total,240681,18.3,N,18.340
MET-GRF-AC,Cromo total,240681,<10.0,N,0.030
MET-GRF-AC,Cobre total,240681,<0.05,N,0.000
MET-GRF-AC,Aluminio total,240681,86.0,N,85.970
M-016-AC1,Recuento de bacterias coliformes,240681,0,N,0.000
M-016-AC1,Recuento de E. coli,240681,0,N,0.000
D_TURBIDEZ,Turbidez,240681,<0.4,N,0.150
D_PH,pH,240681,7.6,N,7.550
WMM-LM-CAM,Cloro combinado residual,240681,<0.10,N,0.020
D_PH,pH,240682,7.8,N,7.750
D_TURBIDEZ,Turbidez,240682,<0.4,N,0.140
M-016-AC1,Recuento de E. coli,240682,0,N,0.000
M-016-AC1,Recuento de bacterias coliformes,240682,0,N,0.000
MET-GRF-AC,Niquel total,240682,<5.0,N,0.650
MET-GRF-AC,Plomo total,240682,<1.0,N,0.050
WMM-LM-CAM,Cloro combinado residual,240682,<0.10,N,0.050
WMM-LM-CAM,Cloro libre residual,240682,<0.10,N,0.040
MET-GRF-AC,Aluminio total,240682,80.6,N,80.620
MET-GRF-AC,Cobre total,240682,<0.05,N,0.000
MET-GRF-AC,Cromo total,240682,<10.0,N,0.040
MET-GRF-AC,Hierro total,240682,12.4,N,12.350
D_CONDUCT,Conductividad a 20 ºC,240682,310,N,309.500
D_CONDUCT,Conductividad a 20 ºC,240683,312,N,311.500
WMM-LM-CAM,Cloro libre residual,240683,<0.10,N,0.000
D_TURBIDEZ,Turbidez,240683,<0.4,N,0.140
M-016-AC1,Recuento de E. coli,240683,0,N,0.000
M-016-AC1,Recuento de bacterias coliformes,240683,0,N,0.000
MET-GRF-AC,Aluminio total,240683,74.8,N,74.750
MET-GRF-AC,Cobre total,240683,<0.05,N,0.000
MET-GRF-AC,Cromo total,240683,<10.0,N,0.040
MET-GRF-AC,Hierro total,240683,11.6,N,11.550
MET-GRF-AC,Niquel total,240683,<5.0,N,4.620
MET-GRF-AC,Plomo total,240683,<1.0,N,0.140
WMM-LM-CAM,Cloro combinado residual,240683,<0.10,N,0.060
D_PH,pH,240683,7.9,N,7.900
D_CONDUCT,Conductividad a 20 ºC,240684,320,N,319.900
D_PH,pH,240684,7.8,N,7.770
D_TURBIDEZ,Turbidez,240684,<0.4,N,0.290
M-016-AC1,Recuento de E. coli,240684,0,N,0.000
M-016-AC1,Recuento de bacterias coliformes,240684,0,N,0.000
MET-GRF-AC,Aluminio total,240684,124.6,N,124.550
MET-GRF-AC,Cobre total,240684,<0.05,N,0.000
MET-GRF-AC,Cromo total,240684,<10.0,N,0.060
MET-GRF-AC,Hierro total,240684,25.9,N,25.880
MET-GRF-AC,Niquel total,240684,<5.0,N,0.710
MET-GRF-AC,Plomo total,240684,<1.0,N,0.580
WMM-LM-CAM,Cloro combinado residual,240684,<0.10,N,0.020
WMM-LM-CAM,Cloro libre residual,240684,<0.10,N,0.000
M-016-AC1,Recuento de E. coli,240685,0,N,0.000
M-016-AC1,Recuento de bacterias coliformes,240685,0,N,0.000
D_TURBIDEZ,Turbidez,240685,<0.4,N,0.260
D_PH,pH,240685,7.9,N,7.910
D_CONDUCT,Conductividad a 20 ºC,240685,326,N,325.600
WMM-LM-CAM,Cloro libre residual,240685,<0.10,N,0.020
WMM-LM-CAM,Cloro combinado residual,240685,<0.10,N,0.020
MET-GRF-AC,Plomo total,240685,<1.0,N,0.270
MET-GRF-AC,Niquel total,240685,<5.0,N,0.550
MET-GRF-AC,Hierro total,240685,17.0,N,16.950
MET-GRF-AC,Cromo total,240685,<10.0,N,0.050
MET-GRF-AC,Cobre total,240685,<0.05,N,0.010
MET-GRF-AC,Aluminio total,240685,94.9,N,94.870
M-016-AC1,Recuento de E. coli,240686,0,N,0.000
D_TURBIDEZ,Turbidez,240686,<0.4,N,0.200
D_PH,pH,240686,7.7,N,7.700
D_CONDUCT,Conductividad a 20 ºC,240686,311,N,311.200
WMM-LM-CAM,Cloro libre residual,240686,<0.10,N,0.030
WMM-LM-CAM,Cloro combinado residual,240686,<0.10,N,0.020
MET-GRF-AC,Plomo total,240686,<1.0,N,0.170
MET-GRF-AC,Niquel total,240686,5.7,N,5.660
MET-GRF-AC,Hierro total,240686,19.7,N,19.680
MET-GRF-AC,Cromo total,240686,<10.0,N,0.060
M-016-AC1,Recuento de bacterias coliformes,240686,0,N,0.000
MET-GRF-AC,Aluminio total,240686,66.0,N,65.950
MET-GRF-AC,Cobre total,240686,<0.05,N,0.020
D_CONDUCT,Conductividad a 20 ºC,240741,311,N,310.500
WMM-LM-CAM,Cloro libre residual,240741,<0.10,N,0.000
D_TURBIDEZ,Turbidez,240741,<0.4,N,0.090
M-016-AC1,Recuento de E. coli,240741,0,N,0.000
M-016-AC1,Recuento de bacterias coliformes,240741,0,N,0.000
MET-GRF-AC,Aluminio total,240741,127.0,N,127.010
MET-GRF-AC,Cobre total,240741,<0.05,N,0.000
MET-GRF-AC,Cromo total,240741,<10.0,N,0.050
MET-GRF-AC,Hierro total,240741,12.7,N,12.700
MET-GRF-AC,Niquel total,240741,<5.0,N,1.670
MET-GRF-AC,Plomo total,240741,<1.0,N,0.100
WMM-LM-CAM,Cloro combinado residual,240741,<0.10,N,0.000
D_PH,pH,240741,7.8,N,7.780
MET-GRF-AC,Niquel total,240742,<5.0,N,2.260
MET-GRF-AC,Plomo total,240742,<1.0,N,0.180
WMM-LM-CAM,Cloro combinado residual,240742,<0.10,N,0.000
WMM-LM-CAM,Cloro libre residual,240742,<0.10,N,0.000
D_CONDUCT,Conductividad a 20 ºC,240742,306,N,305.900
D_PH,pH,240742,7.7,N,7.660
D_TURBIDEZ,Turbidez,240742,<0.4,N,0.100
M-016-AC1,Recuento de E. coli,240742,0,N,0.000
M-016-AC1,Recuento de bacterias coliformes,240742,0,N,0.000
MET-GRF-AC,Aluminio total,240742,74.6,N,74.620
MET-GRF-AC,Cobre total,240742,<0.05,N,0.000
MET-GRF-AC,Cromo total,240742,<10.0,N,0.070
MET-GRF-AC,Hierro total,240742,15.5,N,15.540
D_CONDUCT,Conductividad a 20 ºC,240743,310,N,310.100
WMM-LM-CAM,Cloro libre residual,240743,<0.10,N,0.000
D_TURBIDEZ,Turbidez,240743,<0.4,N,0.130
M-016-AC1,Recuento de E. coli,240743,0,N,0.000
M-016-AC1,Recuento de bacterias coliformes,240743,0,N,0.000
MET-GRF-AC,Aluminio total,240743,73.3,N,73.280
MET-GRF-AC,Cobre total,240743,<0.05,N,0.020
MET-GRF-AC,Cromo total,240743,<10.0,N,0.040
MET-GRF-AC,Hierro total,240743,28.3,N,28.270
MET-GRF-AC,Niquel total,240743,<5.0,N,0.600
MET-GRF-AC,Plomo total,240743,<1.0,N,0.520
WMM-LM-CAM,Cloro combinado residual,240743,0.30,N,0.300
D_PH,pH,240743,7.9,N,7.860
MET-GRF-AC,Plomo total,240744,<1.0,N,0.390
MET-GRF-AC,Niquel total,240744,<5.0,N,2.110
WMM-LM-CAM,Cloro libre residual,240744,<0.10,N,0.000
D_CONDUCT,Conductividad a 20 ºC,240744,312,N,311.900
D_PH,pH,240744,7.9,N,7.880
D_TURBIDEZ,Turbidez,240744,<0.4,N,0.100
M-016-AC1,Recuento de E. coli,240744,0,N,0.000
M-016-AC1,Recuento de bacterias coliformes,240744,0,N,0.000
MET-GRF-AC,Aluminio total,240744,92.5,N,92.470
MET-GRF-AC,Cobre total,240744,<0.05,N,0.010
MET-GRF-AC,Cromo total,240744,<10.0,N,0.080
MET-GRF-AC,Hierro total,240744,14.8,N,14.790
WMM-LM-CAM,Cloro combinado residual,240744,0.10,N,0.100
D_CONDUCT,Conductividad a 20 ºC,240745,311,N,311.300
WMM-LM-CAM,Cloro libre residual,240745,<0.10,N,0.090
D_TURBIDEZ,Turbidez,240745,<0.4,N,0.170
M-016-AC1,Recuento de E. coli,240745,0,N,0.000
M-016-AC1,Recuento de bacterias coliformes,240745,0,N,0.000
MET-GRF-AC,Aluminio total,240745,91.4,N,91.350
MET-GRF-AC,Cobre total,240745,<0.05,N,0.000
MET-GRF-AC,Cromo total,240745,<10.0,N,0.060
MET-GRF-AC,Hierro total,240745,12.0,N,11.980
MET-GRF-AC,Niquel total,240745,<5.0,N,0.580
MET-GRF-AC,Plomo total,240745,<1.0,N,0.150
WMM-LM-CAM,Cloro combinado residual,240745,<0.10,N,0.070
D_PH,pH,240745,7.9,N,7.860
D_CONDUCT,Conductividad a 20 ºC,240746,318,N,318.200
WMM-LM-CAM,Cloro libre residual,240746,<0.10,N,0.000
D_TURBIDEZ,Turbidez,240746,<0.4,N,0.170
M-016-AC1,Recuento de E. coli,240746,0,N,0.000
M-016-AC1,Recuento de bacterias coliformes,240746,0,N,0.000
MET-GRF-AC,Aluminio total,240746,65.9,N,65.940
MET-GRF-AC,Cobre total,240746,0.07,N,0.070
MET-GRF-AC,Cromo total,240746,<10.0,N,0.030
MET-GRF-AC,Hierro total,240746,11.5,N,11.540
MET-GRF-AC,Niquel total,240746,<5.0,N,1.340
MET-GRF-AC,Plomo total,240746,1.9,N,1.940
WMM-LM-CAM,Cloro combinado residual,240746,<0.10,N,0.000
D_PH,pH,240746,7.8,N,7.840
D_CONDUCT,Conductividad a 20 ºC,240747,312,N,312.200
WMM-LM-CAM,Cloro libre residual,240747,<0.10,N,0.000
D_TURBIDEZ,Turbidez,240747,<0.4,N,0.110
M-016-AC1,Recuento de E. coli,240747,0,N,0.000
M-016-AC1,Recuento de bacterias coliformes,240747,0,N,0.000
MET-GRF-AC,Aluminio total,240747,<50.0,N,26.880
MET-GRF-AC,Cobre total,240747,<0.05,N,0.000
MET-GRF-AC,Cromo total,240747,<10.0,N,0.000
MET-GRF-AC,Hierro total,240747,<10.0,N,7.690
MET-GRF-AC,Niquel total,240747,<5.0,N,0.810
MET-GRF-AC,Plomo total,240747,<1.0,N,0.030
WMM-LM-CAM,Cloro combinado residual,240747,<0.10,N,0.000
D_PH,pH,240747,7.8,N,7.800
D_CONDUCT,Conductividad a 20 ºC,240949,316,N,316.000
WMM-LM-CAM,Cloro libre residual,240949,<0.10,N,0.100
D_TURBIDEZ,Turbidez,240949,<0.4,N,0.120
M-016-AC1,Recuento de E. coli,240949,0,N,0.000
M-016-AC1,Recuento de bacterias coliformes,240949,0,N,0.000
MET-GRF-AC,Aluminio total,240949,64.2,N,64.200
MET-GRF-AC,Cobre total,240949,<0.05,N,0.004
MET-GRF-AC,Cromo total,240949,<10.0,N,-0.020
MET-GRF-AC,Hierro total,240949,13.3,N,13.290
MET-GRF-AC,Niquel total,240949,<5.0,N,4.070
MET-GRF-AC,Plomo total,240949,<1.0,N,0.140
WMM-LM-CAM,Cloro combinado residual,240949,<0.10,N,0.100
D_PH,pH,240949,7.7,N,7.710
D_PH,pH,240950,7.5,N,7.520
D_CONDUCT,Conductividad a 20 ºC,240950,308,N,307.600
MET-GRF-AC,Plomo total,240950,<1.0,N,0.730
MET-GRF-AC,Niquel total,240950,<5.0,N,0.710
MET-GRF-AC,Hierro total,240950,21.8,N,21.840
MET-GRF-AC,Cromo total,240950,<10.0,N,0.080
MET-GRF-AC,Cobre total,240950,<0.05,N,0.011
M-016-AC1,Recuento de E. coli,240950,0,N,0.000
M-016-AC1,Recuento de bacterias coliformes,240950,0,N,0.000
MET-GRF-AC,Aluminio total,240950,<50.0,N,47.100
WMM-LM-CAM,Cloro combinado residual,240950,<0.10,N,0.100
WMM-LM-CAM,Cloro libre residual,240950,<0.10,N,0.100
D_TURBIDEZ,Turbidez,240950,<0.4,N,0.100
WMM-LM-CAM,Cloro libre residual,240951,<0.10,N,0.100
WMM-LM-CAM,Cloro combinado residual,240951,<0.10,N,0.100
MET-GRF-AC,Plomo total,240951,1.1,N,1.060
MET-GRF-AC,Niquel total,240951,<5.0,N,0.740
MET-GRF-AC,Hierro total,240951,41.1,N,41.130
MET-GRF-AC,Cromo total,240951,<10.0,N,0.000
MET-GRF-AC,Cobre total,240951,<0.05,N,0.029
MET-GRF-AC,Aluminio total,240951,57.1,N,57.090
D_CONDUCT,Conductividad a 20 ºC,240951,313,N,312.800
D_PH,pH,240951,7.7,N,7.670
D_TURBIDEZ,Turbidez,240951,<0.4,N,0.230
M-016-AC1,Recuento de bacterias coliformes,240951,0,N,0.000
M-016-AC1,Recuento de E. coli,240951,0,N,0.000
WMM-LM-CAM,Cloro combinado residual,240952,<0.10,N,0.100
MET-GRF-AC,Plomo total,240952,<1.0,N,0.100
MET-GRF-AC,Niquel total,240952,<5.0,N,0.710
MET-GRF-AC,Hierro total,240952,23.3,N,23.310
MET-GRF-AC,Cromo total,240952,<10.0,N,-0.030
MET-GRF-AC,Cobre total,240952,<0.05,N,0.003
MET-GRF-AC,Aluminio total,240952,119.4,N,119.380
M-016-AC1,Recuento de bacterias coliformes,240952,0,N,0.000
M-016-AC1,Recuento de E. coli,240952,0,N,0.000
D_TURBIDEZ,Turbidez,240952,0.4,N,0.360
WMM-LM-CAM,Cloro libre residual,240952,<0.10,N,0.100
D_CONDUCT,Conductividad a 20 ºC,240952,312,N,312.300
D_PH,pH,240952,7.7,N,7.680
D_TURBIDEZ,Turbidez,240953,<0.4,N,0.150
M-016-AC1,Recuento de E. coli,240953,0,N,0.000
M-016-AC1,Recuento de bacterias coliformes,240953,1,N,1.000
MET-GRF-AC,Aluminio total,240953,67.4,N,67.430
MET-GRF-AC,Cobre total,240953,<0.05,N,0.004
MET-GRF-AC,Cromo total,240953,<10.0,N,-0.040
MET-GRF-AC,Hierro total,240953,13.8,N,13.780
MET-GRF-AC,Niquel total,240953,<5.0,N,0.620
MET-GRF-AC,Plomo total,240953,<1.0,N,0.110
WMM-LM-CAM,Cloro combinado residual,240953,<0.10,N,0.100
WMM-LM-CAM,Cloro libre residual,240953,<0.10,N,0.100
D_CONDUCT,Conductividad a 20 ºC,240953,308,N,308.100
D_PH,pH,240953,7.5,N,7.510
D_CONDUCT,Conductividad a 20 ºC,240954,313,N,312.800
WMM-LM-CAM,Cloro libre residual,240954,<0.10,N,0.100
D_TURBIDEZ,Turbidez,240954,<0.4,N,0.210
M-016-AC1,Recuento de E. coli,240954,0,N,0.000
M-016-AC1,Recuento de bacterias coliformes,240954,0,N,0.000
MET-GRF-AC,Aluminio total,240954,59.7,N,59.740
MET-GRF-AC,Cobre total,240954,<0.05,N,0.008
MET-GRF-AC,Cromo total,240954,<10.0,N,-0.020
MET-GRF-AC,Hierro total,240954,14.6,N,14.590
MET-GRF-AC,Niquel total,240954,<5.0,N,0.640
MET-GRF-AC,Plomo total,240954,<1.0,N,0.620
WMM-LM-CAM,Cloro combinado residual,240954,<0.10,N,0.100
D_PH,pH,240954,7.6,N,7.590
D_CONDUCT,Conductividad a 20 ºC,240955,284,N,284.000
WMM-LM-CAM,Cloro libre residual,240955,<0.10,N,0.100
D_TURBIDEZ,Turbidez,240955,<0.4,N,0.140
M-016-AC1,Recuento de E. coli,240955,0,N,0.000
M-016-AC1,Recuento de bacterias coliformes,240955,0,N,0.000
MET-GRF-AC,Aluminio total,240955,151.1,N,151.110
MET-GRF-AC,Cobre total,240955,<0.05,N,0.002
MET-GRF-AC,Cromo total,240955,<10.0,N,-0.030
MET-GRF-AC,Hierro total,240955,10.1,N,10.060
MET-GRF-AC,Niquel total,240955,<5.0,N,0.510
MET-GRF-AC,Plomo total,240955,<1.0,N,0.100
WMM-LM-CAM,Cloro combinado residual,240955,<0.10,N,0.100
D_PH,pH,240955,7.9,N,7.880
D_CONDUCT,Conductividad a 20 ºC,240956,309,N,308.800
WMM-LM-CAM,Cloro libre residual,240956,<0.10,N,0.100
D_TURBIDEZ,Turbidez,240956,<0.4,N,0.130
M-016-AC1,Recuento de E. coli,240956,0,N,0.000
M-016-AC1,Recuento de bacterias coliformes,240956,0,N,0.000
MET-GRF-AC,Aluminio total,240956,66.1,N,66.100
MET-GRF-AC,Cobre total,240956,<0.05,N,0.011
MET-GRF-AC,Cromo total,240956,<10.0,N,0.000
MET-GRF-AC,Hierro total,240956,18.7,N,18.680
MET-GRF-AC,Niquel total,240956,<5.0,N,0.930
MET-GRF-AC,Plomo total,240956,<1.0,N,0.100
WMM-LM-CAM,Cloro combinado residual,240956,<0.10,N,0.100
D_PH,pH,240956,7.5,N,7.510
D_CONDUCT,Conductividad a 20 ºC,240957,308,N,308.400
WMM-LM-CAM,Cloro libre residual,240957,<0.10,N,0.100
D_TURBIDEZ,Turbidez,240957,<0.4,N,0.120
M-016-AC1,Recuento de E. coli,240957,0,N,0.000
M-016-AC1,Recuento de bacterias coliformes,240957,0,N,0.000
MET-GRF-AC,Aluminio total,240957,63.9,N,63.930
MET-GRF-AC,Cobre total,240957,<0.05,N,0.011
MET-GRF-AC,Cromo total,240957,<10.0,N,-0.010
MET-GRF-AC,Hierro total,240957,22.1,N,22.080
MET-GRF-AC,Niquel total,240957,<5.0,N,2.100
MET-GRF-AC,Plomo total,240957,<1.0,N,0.360
WMM-LM-CAM,Cloro combinado residual,240957,<0.10,N,0.100
D_PH,pH,240957,7.6,N,7.620
D_CONDUCT,Conductividad a 20 ºC,240958,305,N,305.200
WMM-LM-CAM,Cloro libre residual,240958,0.10,N,0.100
D_TURBIDEZ,Turbidez,240958,1.3,N,1.330
M-016-AC1,Recuento de E. coli,240958,0,N,0.000
M-016-AC1,Recuento de bacterias coliformes,240958,0,N,0.000
MET-GRF-AC,Aluminio total,240958,251.8,N,251.760
MET-GRF-AC,Cobre total,240958,<0.05,N,0.010
MET-GRF-AC,Cromo total,240958,<10.0,N,0.120
MET-GRF-AC,Hierro total,240958,200.4,N,200.410
MET-GRF-AC,Niquel total,240958,<5.0,N,1.830
MET-GRF-AC,Plomo total,240958,1.0,N,1.010
WMM-LM-CAM,Cloro combinado residual,240958,0.17,N,0.170
D_PH,pH,240958,7.5,N,7.530
D_CONDUCT,Conductividad a 20 ºC,240959,308,N,308.300
D_PH,pH,240959,7.5,N,7.490
D_TURBIDEZ,Turbidez,240959,<0.4,N,0.090
M-016-AC1,Recuento de E. coli,240959,0,N,0.000
M-016-AC1,Recuento de bacterias coliformes,240959,0,N,0.000
MET-GRF-AC,Aluminio total,240959,59.6,N,59.590
MET-GRF-AC,Plomo total,240959,<1.0,N,0.810
WMM-LM-CAM,Cloro combinado residual,240959,<0.10,N,0.100
WMM-LM-CAM,Cloro libre residual,240959,<0.10,N,0.100
MET-GRF-AC,Cobre total,240959,<0.05,N,0.042
MET-GRF-AC,Cromo total,240959,<10.0,N,-0.020
MET-GRF-AC,Hierro total,240959,13.7,N,13.700
MET-GRF-AC,Niquel total,240959,6.8,N,6.760
D_CONDUCT,Conductividad a 20 ºC,240960,315,N,314.700
D_PH,pH,240960,7.3,N,7.330
WMM-LM-CAM,Cloro libre residual,240960,<0.10,N,0.100
WMM-LM-CAM,Cloro combinado residual,240960,<0.10,N,0.100
MET-GRF-AC,Plomo total,240960,1.6,N,1.600
MET-GRF-AC,Niquel total,240960,72.2,N,72.240
MET-GRF-AC,Hierro total,240960,17.8,N,17.760
MET-GRF-AC,Cromo total,240960,<10.0,N,-0.010
MET-GRF-AC,Cobre total,240960,<0.05,N,0.043
MET-GRF-AC,Aluminio total,240960,51.6,N,51.580
M-016-AC1,Recuento de bacterias coliformes,240960,0,N,0.000
M-016-AC1,Recuento de E. coli,240960,0,N,0.000
D_TURBIDEZ,Turbidez,240960,<0.4,N,0.110
D_CONDUCT,Conductividad a 20 ºC,240961,306,N,305.900
WMM-LM-CAM,Cloro libre residual,240961,<0.10,N,0.100
MET-GRF-AC,Plomo total,240961,<1.0,N,0.280
MET-GRF-AC,Niquel total,240961,<5.0,N,2.270
MET-GRF-AC,Hierro total,240961,43.2,N,43.200
MET-GRF-AC,Cromo total,240961,<10.0,N,0.080
MET-GRF-AC,Cobre total,240961,<0.05,N,0.011
MET-GRF-AC,Aluminio total,240961,274.2,N,274.200
M-016-AC1,Recuento de bacterias coliformes,240961,0,N,0.000
M-016-AC1,Recuento de E. coli,240961,0,N,0.000
D_TURBIDEZ,Turbidez,240961,0.8,N,0.820
D_PH,pH,240961,7.7,N,7.670
WMM-LM-CAM,Cloro combinado residual,240961,0.17,N,0.170
WMM-LM-CAM,Cloro combinado residual,240962,<0.10,N,0.100
WMM-LM-CAM,Cloro libre residual,240962,<0.10,N,0.100
D_CONDUCT,Conductividad a 20 ºC,240962,313,N,313.400
D_PH,pH,240962,7.4,N,7.430
D_TURBIDEZ,Turbidez,240962,<0.4,N,0.200
M-016-AC1,Recuento de E. coli,240962,0,N,0.000
M-016-AC1,Recuento de bacterias coliformes,240962,0,N,0.000
MET-GRF-AC,Aluminio total,240962,56.3,N,56.290
MET-GRF-AC,Cobre total,240962,<0.05,N,0.013
MET-GRF-AC,Cromo total,240962,<10.0,N,-0.020
MET-GRF-AC,Hierro total,240962,23.9,N,23.890
MET-GRF-AC,Niquel total,240962,<5.0,N,1.010
MET-GRF-AC,Plomo total,240962,<1.0,N,0.330
D_CONDUCT,Conductividad a 20 ºC,240963,310,N,309.600
D_PH,pH,240963,7.6,N,7.630
MET-GRF-AC,Aluminio total,240963,55.5,N,55.530
M-016-AC1,Recuento de bacterias coliformes,240963,0,N,0.000
M-016-AC1,Recuento de E. coli,240963,0,N,0.000
WMM-LM-CAM,Cloro libre residual,240963,<0.10,N,0.100
WMM-LM-CAM,Cloro combinado residual,240963,0.11,N,0.110
MET-GRF-AC,Plomo total,240963,<1.0,N,0.270
MET-GRF-AC,Niquel total,240963,<5.0,N,0.630
MET-GRF-AC,Hierro total,240963,18.7,N,18.700
MET-GRF-AC,Cromo total,240963,<10.0,N,-0.010
MET-GRF-AC,Cobre total,240963,<0.05,N,0.004
D_TURBIDEZ,Turbidez,240963,0.4,N,0.370
WMM-LM-CAM,Cloro combinado residual,240964,0.20,N,0.200
WMM-LM-CAM,Cloro libre residual,240964,<0.10,N,0.100
MET-GRF-AC,Niquel total,240964,<5.0,N,0.540
MET-GRF-AC,Hierro total,240964,13.3,N,13.280
D_CONDUCT,Conductividad a 20 ºC,240964,309,N,309.300
MET-GRF-AC,Cromo total,240964,<10.0,N,0.060
MET-GRF-AC,Cobre total,240964,<0.05,N,0.002
MET-GRF-AC,Aluminio total,240964,66.4,N,66.400
M-016-AC1,Recuento de bacterias coliformes,240964,0,N,0.000
M-016-AC1,Recuento de E. coli,240964,0,N,0.000
D_TURBIDEZ,Turbidez,240964,<0.4,N,0.190
D_PH,pH,240964,7.7,N,7.680
MET-GRF-AC,Plomo total,240964,<1.0,N,0.060
AMONI-CI-P,Amonio,241022,<0.15,N,0.000
FECHA-LEG,Análisis Legionella-Fecha fin,241022,10/09/2025,T,0.000
D_OXIDABIL,Oxidabilidad,241022,0.73,N,0.730
D_PH,pH,241022,7.6,N,7.560
D_TURBIDEZ,Turbidez,241022,<0.4,N,0.090
FECHA-LEG,Análisis Legionella-Fecha de inicio,241022,26/08/2025,T,0.000
M-034,Recuento de Pseudomonas aeruginosa,241022,<1,N,1.000
M-033-AC2,Legionella-Volumen filtrado,241022,1,N,1.000
M-033-AC2,Legionella-Limite detección ensayo,241022,25 ufc/L,O,0.000
M-033-AC2,Legionella spp - Recuento,241022,No detectado,O,0.000
M-027,Recuento de bacterias coliformes,241022,<1,N,1.000
M-027,Recuento de E. coli,241022,<1,N,1.000
M-019-AC1,Recuento de Estafilococos coagulasa +,241022,0,N,0.000
D_CONDUCT,Conductividad a 20 ºC,241022,537,N,537.200
PE-IL-TEMP,Temperatura del agua,241026,62.3,N,62.300
PE-IL-CL,Cloro libre,241026,0.1,N,0.120
M-021,Recuento transformado,241026,1.0E+01,K,10.000
M-021,Recuento de Legionella pneumophila,241026,<10,N,10.000
M-021,Recuento,241026,<10,N,10.000
PE-IL-CL,Cloro libre,241028,0.1,N,0.140
M-021,Recuento de Legionella pneumophila,241028,<10,N,10.000
M-021,Recuento transformado,241028,1.0E+01,K,10.000
PE-IL-TEMP,Temperatura del agua,241028,60.3,N,60.300
M-021,Recuento,241028,<10,N,10.000
M-021,Recuento,241031,<10,N,10.000
PE-IL-CL,Cloro libre,241031,0.1,N,0.120
M-021,Recuento transformado,241031,1.0E+01,K,10.000
M-021,Recuento de Legionella pneumophila,241031,<10,N,10.000
PE-IL-TEMP,Temperatura del agua,241031,55.5,N,55.500
PE-IL-TEMP,Temperatura del agua,241035,41.4,N,41.400
PE-IL-CL,Cloro libre,241035,0.1,N,0.050
M-021,Recuento transformado,241035,1.0E+01,K,10.000
M-021,Recuento de Legionella pneumophila,241035,<10,N,10.000
M-021,Recuento,241035,<10,N,10.000
PE-IL-CL,Cloro libre,241036,0.0,N,0.030
M-021,Recuento transformado,241036,1.0E+01,K,10.000
M-021,Recuento de Legionella pneumophila,241036,<10,N,10.000
PE-IL-TEMP,Temperatura del agua,241036,39.2,N,39.200
M-021,Recuento,241036,<10,N,10.000
M-021,Recuento de Legionella pneumophila,241037,<10,N,10.000
M-021,Recuento transformado,241037,1.0E+01,K,10.000
PE-IL-CL,Cloro libre,241037,0.0,N,0.040
PE-IL-TEMP,Temperatura del agua,241037,41.8,N,41.800
M-021,Recuento,241037,<10,N,10.000
AL-POT-AC,Aluminio total,241048,78.3,N,78.280
FE-TOT-POT,Hierro,241048,30.5,N,30.510
WMM-LM-CAM,Cloro combinado residual,241048,<0.10,N,0.080
WMM-LM-CAM,Cloro libre residual,241048,<0.10,N,0.070
WMM-LM-CAM,Cloro libre residual,241049,<0.10,N,0.000
WMM-LM-CAM,Cloro combinado residual,241049,<0.10,N,0.020
NI-TOT-POT,Niquel,241049,14.5,N,14.540
AL-POT-AC,Aluminio total,241050,79.9,N,79.920
WMM-LM-CAM,Cloro combinado residual,241050,<0.10,N,0.040
WMM-LM-CAM,Cloro libre residual,241050,<0.10,N,0.030
D_CONDUCT,Conductividad a 20 ºC,241154,322,N,322.000
WMM-LM-CAM,Cloro libre residual,241154,<0.10,N,0.000
D_TURBIDEZ,Turbidez,241154,<0.4,N,0.120
M-016-AC1,Recuento de E. coli,241154,0,N,0.000
M-016-AC1,Recuento de bacterias coliformes,241154,0,N,0.000
MET-GRF-AC,Aluminio total,241154,66.3,N,66.320
MET-GRF-AC,Cobre total,241154,<0.05,N,0.010
MET-GRF-AC,Cromo total,241154,<10.0,N,0.040
MET-GRF-AC,Hierro total,241154,33.4,N,33.390
MET-GRF-AC,Niquel total,241154,<5.0,N,0.600
MET-GRF-AC,Plomo total,241154,<1.0,N,0.410
WMM-LM-CAM,Cloro combinado residual,241154,<0.10,N,0.020
D_PH,pH,241154,7.8,N,7.840
MET-GRF-AC,Aluminio total,241155,<50.0,N,40.000
MET-GRF-AC,Cobre total,241155,<0.05,N,0.010
MET-GRF-AC,Cromo total,241155,<10.0,N,0.030
MET-GRF-AC,Hierro total,241155,26.9,N,26.900
MET-GRF-AC,Niquel total,241155,<5.0,N,1.330
MET-GRF-AC,Plomo total,241155,<1.0,N,0.180
WMM-LM-CAM,Cloro combinado residual,241155,<0.10,N,0.030
WMM-LM-CAM,Cloro libre residual,241155,<0.10,N,0.000
D_CONDUCT,Conductividad a 20 ºC,241155,324,N,323.900
D_PH,pH,241155,7.7,N,7.710
D_TURBIDEZ,Turbidez,241155,<0.4,N,0.160
M-016-AC1,Recuento de E. coli,241155,0,N,0.000
M-016-AC1,Recuento de bacterias coliformes,241155,0,N,0.000
D_TURBIDEZ,Turbidez,241156,<0.4,N,0.110
M-016-AC1,Recuento de E. coli,241156,0,N,0.000
M-016-AC1,Recuento de bacterias coliformes,241156,0,N,0.000
MET-GRF-AC,Aluminio total,241156,79.8,N,79.790
MET-GRF-AC,Cobre total,241156,<0.05,N,0.000
MET-GRF-AC,Cromo total,241156,<10.0,N,0.060
MET-GRF-AC,Hierro total,241156,16.5,N,16.540
MET-GRF-AC,Niquel total,241156,<5.0,N,0.680
MET-GRF-AC,Plomo total,241156,<1.0,N,0.070
WMM-LM-CAM,Cloro combinado residual,241156,0.17,N,0.170
WMM-LM-CAM,Cloro libre residual,241156,<0.10,N,0.030
D_CONDUCT,Conductividad a 20 ºC,241156,321,N,321.300
D_PH,pH,241156,7.5,N,7.520
D_CONDUCT,Conductividad a 20 ºC,241157,315,N,314.900
WMM-LM-CAM,Cloro libre residual,241157,<0.10,N,0.000
D_TURBIDEZ,Turbidez,241157,<0.4,N,0.240
M-016-AC1,Recuento de E. coli,241157,0,N,0.000
M-016-AC1,Recuento de bacterias coliformes,241157,0,N,0.000
MET-GRF-AC,Aluminio total,241157,83.6,N,83.610
MET-GRF-AC,Cobre total,241157,<0.05,N,0.000
MET-GRF-AC,Cromo total,241157,<10.0,N,0.040
MET-GRF-AC,Hierro total,241157,19.1,N,19.140
MET-GRF-AC,Niquel total,241157,<5.0,N,0.760
MET-GRF-AC,Plomo total,241157,<1.0,N,0.110
WMM-LM-CAM,Cloro combinado residual,241157,0.20,N,0.200
D_PH,pH,241157,7.5,N,7.530
D_CONDUCT,Conductividad a 20 ºC,241158,316,N,316.100
WMM-LM-CAM,Cloro libre residual,241158,<0.10,N,0.000
D_TURBIDEZ,Turbidez,241158,<0.4,N,0.220
M-016-AC1,Recuento de E. coli,241158,0,N,0.000
M-016-AC1,Recuento de bacterias coliformes,241158,0,N,0.000
MET-GRF-AC,Aluminio total,241158,86.6,N,86.630
MET-GRF-AC,Cobre total,241158,<0.05,N,0.030
MET-GRF-AC,Cromo total,241158,<10.0,N,0.040
MET-GRF-AC,Hierro total,241158,22.0,N,22.010
MET-GRF-AC,Niquel total,241158,<5.0,N,1.940
MET-GRF-AC,Plomo total,241158,1.2,N,1.180
WMM-LM-CAM,Cloro combinado residual,241158,<0.10,N,0.010
D_PH,pH,241158,7.5,N,7.490
M-016-AC1,Recuento de bacterias coliformes,241159,0,N,0.000
WMM-LM-CAM,Cloro libre residual,241159,<0.10,N,0.000
MET-GRF-AC,Cobre total,241159,<0.05,N,0.020
MET-GRF-AC,Cromo total,241159,<10.0,N,0.020
MET-GRF-AC,Hierro total,241159,14.4,N,14.420
MET-GRF-AC,Niquel total,241159,<5.0,N,1.370
MET-GRF-AC,Plomo total,241159,<1.0,N,0.360
WMM-LM-CAM,Cloro combinado residual,241159,<0.10,N,0.000
D_CONDUCT,Conductividad a 20 ºC,241159,318,N,318.200
D_PH,pH,241159,7.5,N,7.520
D_TURBIDEZ,Turbidez,241159,<0.4,N,0.090
M-016-AC1,Recuento de E. coli,241159,0,N,0.000
MET-GRF-AC,Aluminio total,241159,<50.0,N,47.350
D_CONDUCT,Conductividad a 20 ºC,241160,317,N,316.700
WMM-LM-CAM,Cloro libre residual,241160,<0.10,N,0.000
D_TURBIDEZ,Turbidez,241160,<0.4,N,0.110
M-016-AC1,Recuento de E. coli,241160,0,N,0.000
M-016-AC1,Recuento de bacterias coliformes,241160,0,N,0.000
MET-GRF-AC,Aluminio total,241160,54.3,N,54.320
MET-GRF-AC,Cobre total,241160,<0.05,N,0.020
MET-GRF-AC,Cromo total,241160,<10.0,N,0.030
MET-GRF-AC,Hierro total,241160,15.3,N,15.320
MET-GRF-AC,Niquel total,241160,<5.0,N,1.750
MET-GRF-AC,Plomo total,241160,<1.0,N,0.480
WMM-LM-CAM,Cloro combinado residual,241160,<0.10,N,0.000
D_PH,pH,241160,7.5,N,7.470
D_CONDUCT,Conductividad a 20 ºC,241161,326,N,326.000
WMM-LM-CAM,Cloro libre residual,241161,<0.10,N,0.000
D_TURBIDEZ,Turbidez,241161,<0.4,N,0.100
M-016-AC1,Recuento de E. coli,241161,0,N,0.000
M-016-AC1,Recuento de bacterias coliformes,241161,0,N,0.000
MET-GRF-AC,Aluminio total,241161,55.2,N,55.200
MET-GRF-AC,Cobre total,241161,<0.05,N,0.000
MET-GRF-AC,Cromo total,241161,<10.0,N,0.020
MET-GRF-AC,Hierro total,241161,25.6,N,25.590
MET-GRF-AC,Niquel total,241161,<5.0,N,0.480
MET-GRF-AC,Plomo total,241161,<1.0,N,0.090
WMM-LM-CAM,Cloro combinado residual,241161,0.10,N,0.100
D_PH,pH,241161,7.8,N,7.750
M-068-AC1,Microorganismos cultivables a 22 ºC,241162,2.6E+01,K,26.000
M-068-AC1,Microorganismos cultivables a 22 °C,241162,26,N,26.000
M-068-AC1,Recuento,241162,26,K,26.000
MET-POT-AC,Aluminio total,241162,71.2,N,71.170
MET-POT-AC,Antimonio total,241162,<1.0,N,0.500
MET-POT-AC,Arsénico total,241162,<1.0,N,0.580
MET-POT-AC,Boro total,241162,<0.05,N,0.030
MET-POT-AC,Cadmio total,241162,<1.5,N,0.010
MET-POT-AC,Cobre total,241162,<0.05,N,0.030
MET-POT-AC,Cromo total,241162,<10.0,N,0.040
MET-POT-AC,Hierro total,241162,25.5,N,25.460
MET-POT-AC,Manganeso total,241162,<10.0,N,6.650
MET-POT-AC,Niquel total,241162,<5.0,N,1.410
MET-POT-AC,Plomo total,241162,<1.0,N,0.410
MET-POT-AC,Selenio total,241162,<1.0,N,0.160
NA-CI-P,Sodio,241162,10.38,N,10.376
NTRAT-CI-P,Nitratos,241162,1.19,N,1.190
NTRIT-CI-P,Nitritos,241162,<0.15,N,0.000
OXOANIONES,Bromato,241162,<2.5,N,0.000
OXOANIONES,Clorato,241162,0.290,N,0.290
OXOANIONES,Clorito,241162,<0.025,N,0.000
PE-IL-TEMP,Temperatura del agua,241162,21.7,N,21.700
SULFA-CI-P,Sulfatos,241162,19.4,N,19.350
THM-GCMS,Bromodiclorometano,241162,11.8,N,11.819
THM-GCMS,Bromoformo,241162,<5.0,N,0.481
THM-GCMS,Cloroformo,241162,32.3,N,32.269
THM-GCMS,Dibromoclorometano,241162,<5.0,N,4.898
THM-GCMS,Suma Trihalometanos,241162,49.5,N,49.470
WMM-LM-CAM,Cloro combinado residual,241162,0.12,N,0.120
WMM-LM-CAM,Cloro libre residual,241162,<0.10,N,0.020
AMONI-CI-P,Amonio,241162,<0.15,N,0.006
CLORU-CI-P,Cloruros,241162,15.10,N,15.100
D_CONDUCT,Conductividad a 20 ºC,241162,323,N,322.600
D_PH,pH,241162,7.6,N,7.620
D_TURBIDEZ,Turbidez,241162,<0.4,N,0.150
M-013-AC1,Recuento de enterococos intestinales,241162,0,N,0.000
M-016-AC1,Recuento de E. coli,241162,0,N,0.000
M-016-AC1,Recuento de bacterias coliformes,241162,0,N,0.000
M-030-AC1,Recuento C. perfringens (con esporas),241162,0,N,0.000
MET-POT-AC,Aluminio total,241163,56.3,N,56.290
MET-POT-AC,Antimonio total,241163,<1.0,N,0.180
MET-POT-AC,Arsénico total,241163,<1.0,N,0.560
MET-POT-AC,Boro total,241163,<0.05,N,0.020
MET-POT-AC,Cadmio total,241163,<1.5,N,0.010
MET-POT-AC,Cobre total,241163,<0.05,N,0.000
MET-POT-AC,Cromo total,241163,<10.0,N,0.020
MET-POT-AC,Hierro total,241163,16.5,N,16.490
MET-POT-AC,Manganeso total,241163,<10.0,N,5.820
MET-POT-AC,Niquel total,241163,<5.0,N,0.850
MET-POT-AC,Plomo total,241163,<1.0,N,0.180
MET-POT-AC,Selenio total,241163,<1.0,N,0.120
NA-CI-P,Sodio,241163,10.32,N,10.318
NTRAT-CI-P,Nitratos,241163,1.10,N,1.100
NTRIT-CI-P,Nitritos,241163,<0.15,N,0.000
OXOANIONES,Bromato,241163,<2.5,N,0.000
OXOANIONES,Clorato,241163,0.300,N,0.300
OXOANIONES,Clorito,241163,<0.025,N,0.000
PE-IL-TEMP,Temperatura del agua,241163,20.1,N,20.100
SULFA-CI-P,Sulfatos,241163,18.8,N,18.790
THM-GCMS,Bromodiclorometano,241163,12.3,N,12.339
THM-GCMS,Bromoformo,241163,<5.0,N,0.436
THM-GCMS,Cloroformo,241163,35.8,N,35.793
THM-GCMS,Dibromoclorometano,241163,<5.0,N,4.531
THM-GCMS,Suma Trihalometanos,241163,53.1,N,53.100
WMM-LM-CAM,Cloro combinado residual,241163,0.23,N,0.230
WMM-LM-CAM,Cloro libre residual,241163,0.20,N,0.200
AMONI-CI-P,Amonio,241163,<0.15,N,0.000
CLORU-CI-P,Cloruros,241163,15.08,N,15.080
D_CONDUCT,Conductividad a 20 ºC,241163,309,N,308.700
D_PH,pH,241163,7.6,N,7.570
D_TURBIDEZ,Turbidez,241163,<0.4,N,0.130
M-013-AC1,Recuento de enterococos intestinales,241163,0,N,0.000
M-016-AC1,Recuento de E. coli,241163,0,N,0.000
M-016-AC1,Recuento de bacterias coliformes,241163,0,N,0.000
M-030-AC1,Recuento C. perfringens (con esporas),241163,0,N,0.000
M-068-AC1,Microorganismos cultivables a 22 °C,241163,<1,N,1.000
M-068-AC1,Microorganismos cultivables a 22 ºC,241163,0.0,K,0.000
M-068-AC1,Recuento,241163,0,K,0.000
AMONI-CI-P,Amonio,241164,<0.15,N,0.009
M-068-AC1,Microorganismos cultivables a 22 °C,241164,<1,N,1.000
D_CONDUCT,Conductividad a 20 ºC,241164,319,N,318.600
D_PH,pH,241164,7.6,N,7.600
D_TURBIDEZ,Turbidez,241164,<0.4,N,0.000
M-013-AC1,Recuento de enterococos intestinales,241164,0,N,0.000
PE-IL-TEMP,Temperatura del agua,241164,24.5,N,24.500
SULFA-CI-P,Sulfatos,241164,19.2,N,19.150
THM-GCMS,Bromodiclorometano,241164,11.7,N,11.718
THM-GCMS,Bromoformo,241164,<5.0,N,0.394
THM-GCMS,Cloroformo,241164,37.0,N,36.991
THM-GCMS,Dibromoclorometano,241164,<5.0,N,4.133
THM-GCMS,Suma Trihalometanos,241164,53.2,N,53.240
WMM-LM-CAM,Cloro combinado residual,241164,0.23,N,0.230
WMM-LM-CAM,Cloro libre residual,241164,0.15,N,0.150
M-068-AC1,Microorganismos cultivables a 22 ºC,241164,0.0,K,0.000
M-068-AC1,Recuento,241164,0,K,0.000
MET-POT-AC,Aluminio total,241164,53.6,N,53.560
MET-POT-AC,Antimonio total,241164,<1.0,N,0.120
MET-POT-AC,Arsénico total,241164,<1.0,N,0.580
MET-POT-AC,Boro total,241164,<0.05,N,0.020
MET-POT-AC,Cadmio total,241164,<1.5,N,0.010
MET-POT-AC,Cobre total,241164,<0.05,N,0.010
MET-POT-AC,Cromo total,241164,<10.0,N,0.020
MET-POT-AC,Hierro total,241164,16.3,N,16.290
MET-POT-AC,Manganeso total,241164,<10.0,N,4.970
MET-POT-AC,Niquel total,241164,<5.0,N,0.610
MET-POT-AC,Plomo total,241164,<1.0,N,0.190
MET-POT-AC,Selenio total,241164,<1.0,N,0.100
NA-CI-P,Sodio,241164,10.38,N,10.384
NTRAT-CI-P,Nitratos,241164,1.12,N,1.120
NTRIT-CI-P,Nitritos,241164,<0.15,N,0.000
OXOANIONES,Bromato,241164,<2.5,N,0.000
OXOANIONES,Clorato,241164,0.290,N,0.290
OXOANIONES,Clorito,241164,<0.025,N,0.000
M-016-AC1,Recuento de E. coli,241164,0,N,0.000
M-016-AC1,Recuento de bacterias coliformes,241164,0,N,0.000
M-030-AC1,Recuento C. perfringens (con esporas),241164,0,N,0.000
CLORU-CI-P,Cloruros,241164,15.08,N,15.080
NTRAT-CI-P,Nitratos,241165,1.10,N,1.100
NTRIT-CI-P,Nitritos,241165,<0.15,N,0.000
OXOANIONES,Bromato,241165,<2.5,N,0.000
OXOANIONES,Clorato,241165,0.300,N,0.300
OXOANIONES,Clorito,241165,<0.025,N,0.000
PE-IL-TEMP,Temperatura del agua,241165,19.3,N,19.300
SULFA-CI-P,Sulfatos,241165,18.9,N,18.850
THM-GCMS,Bromodiclorometano,241165,12.7,N,12.747
THM-GCMS,Bromoformo,241165,<5.0,N,0.452
THM-GCMS,Cloroformo,241165,38.6,N,38.589
THM-GCMS,Dibromoclorometano,241165,<5.0,N,4.677
THM-GCMS,Suma Trihalometanos,241165,56.5,N,56.470
WMM-LM-CAM,Cloro combinado residual,241165,0.17,N,0.170
WMM-LM-CAM,Cloro libre residual,241165,0.11,N,0.110
MET-POT-AC,Niquel total,241165,<5.0,N,0.720
MET-POT-AC,Plomo total,241165,<1.0,N,0.590
MET-POT-AC,Selenio total,241165,<1.0,N,0.190
NA-CI-P,Sodio,241165,10.39,N,10.388
AMONI-CI-P,Amonio,241165,<0.15,N,0.006
CLORU-CI-P,Cloruros,241165,15.21,N,15.210
D_CONDUCT,Conductividad a 20 ºC,241165,312,N,311.700
D_PH,pH,241165,7.6,N,7.620
D_TURBIDEZ,Turbidez,241165,0.7,N,0.710
M-013-AC1,Recuento de enterococos intestinales,241165,0,N,0.000
M-016-AC1,Recuento de E. coli,241165,0,N,0.000
M-016-AC1,Recuento de bacterias coliformes,241165,0,N,0.000
M-030-AC1,Recuento C. perfringens (con esporas),241165,0,N,0.000
M-068-AC1,Microorganismos cultivables a 22 ºC,241165,7.0,K,7.000
M-068-AC1,Recnto. microorg. cultivables a 22 °C,241165,Estimado 7 ufc/ ml,O,0.000
M-068-AC1,Recuento,241165,7,K,7.000
MET-POT-AC,Aluminio total,241165,158.6,N,158.640
MET-POT-AC,Antimonio total,241165,<1.0,N,0.100
MET-POT-AC,Arsénico total,241165,<1.0,N,0.630
MET-POT-AC,Boro total,241165,<0.05,N,0.000
MET-POT-AC,Cadmio total,241165,<1.5,N,0.010
MET-POT-AC,Cobre total,241165,<0.05,N,0.000
MET-POT-AC,Cromo total,241165,<10.0,N,0.040
MET-POT-AC,Hierro total,241165,71.4,N,71.350
MET-POT-AC,Manganeso total,241165,26.0,N,25.970
M-013-AC1,Recuento de enterococos intestinales,241166,0,N,0.000
D_PH,pH,241166,7.6,N,7.620
M-016-AC1,Recuento de bacterias coliformes,241166,0,N,0.000
M-030-AC1,Recuento C. perfringens (con esporas),241166,0,N,0.000
M-068-AC1,Microorganismos cultivables a 22 °C,241166,<1,N,1.000
M-068-AC1,Microorganismos cultivables a 22 ºC,241166,0.0,K,0.000
M-068-AC1,Recuento,241166,0,K,0.000
MET-POT-AC,Aluminio total,241166,50.2,N,50.210
MET-POT-AC,Antimonio total,241166,<1.0,N,0.080
MET-POT-AC,Arsénico total,241166,<1.0,N,0.500
MET-POT-AC,Boro total,241166,<0.05,N,0.020
MET-POT-AC,Cadmio total,241166,<1.5,N,0.010
MET-POT-AC,Cobre total,241166,<0.05,N,0.000
MET-POT-AC,Cromo total,241166,<10.0,N,0.020
MET-POT-AC,Hierro total,241166,36.3,N,36.250
MET-POT-AC,Manganeso total,241166,<10.0,N,7.050
MET-POT-AC,Niquel total,241166,<5.0,N,0.620
MET-POT-AC,Plomo total,241166,<1.0,N,0.070
MET-POT-AC,Selenio total,241166,<1.0,N,0.060
NA-CI-P,Sodio,241166,10.36,N,10.357
NTRAT-CI-P,Nitratos,241166,1.10,N,1.100
NTRIT-CI-P,Nitritos,241166,<0.15,N,0.000
OXOANIONES,Bromato,241166,<2.5,N,0.000
OXOANIONES,Clorato,241166,0.310,N,0.310
OXOANIONES,Clorito,241166,<0.025,N,0.000
PE-IL-TEMP,Temperatura del agua,241166,18.7,N,18.700
SULFA-CI-P,Sulfatos,241166,18.9,N,18.880
THM-GCMS,Bromodiclorometano,241166,12.9,N,12.888
THM-GCMS,Bromoformo,241166,<5.0,N,0.425
THM-GCMS,Cloroformo,241166,36.5,N,36.450
THM-GCMS,Dibromoclorometano,241166,<5.0,N,4.484
THM-GCMS,Suma Trihalometanos,241166,54.3,N,54.250
WMM-LM-CAM,Cloro combinado residual,241166,0.11,N,0.110
WMM-LM-CAM,Cloro libre residual,241166,0.10,N,0.100
D_TURBIDEZ,Turbidez,241166,<0.4,N,0.180
AMONI-CI-P,Amonio,241166,<0.15,N,0.010
CLORU-CI-P,Cloruros,241166,15.14,N,15.140
D_CONDUCT,Conductividad a 20 ºC,241166,311,N,311.000
M-016-AC1,Recuento de E. coli,241166,0,N,0.000
WMM-LM-CAM,Cloro libre residual,241167,<0.10,N,0.000
AMONI-CI-P,Amonio,241167,<0.15,N,0.010
CLORU-CI-P,Cloruros,241167,15.12,N,15.120
D_CONDUCT,Conductividad a 20 ºC,241167,323,N,322.700
D_PH,pH,241167,7.6,N,7.580
MET-POT-AC,Manganeso total,241167,<10.0,N,4.740
MET-POT-AC,Niquel total,241167,<5.0,N,0.580
MET-POT-AC,Plomo total,241167,<1.0,N,0.180
MET-POT-AC,Selenio total,241167,<1.0,N,0.120
NA-CI-P,Sodio,241167,10.41,N,10.409
NTRAT-CI-P,Nitratos,241167,1.14,N,1.140
NTRIT-CI-P,Nitritos,241167,<0.15,N,0.000
OXOANIONES,Bromato,241167,<2.5,N,0.000
OXOANIONES,Clorato,241167,0.290,N,0.290
OXOANIONES,Clorito,241167,<0.025,N,0.000
PE-IL-TEMP,Temperatura del agua,241167,20.5,N,20.500
SULFA-CI-P,Sulfatos,241167,19.4,N,19.410
THM-GCMS,Bromodiclorometano,241167,14.4,N,14.396
THM-GCMS,Bromoformo,241167,<5.0,N,0.493
THM-GCMS,Cloroformo,241167,40.3,N,40.286
THM-GCMS,Dibromoclorometano,241167,5.0,N,5.014
THM-GCMS,Suma Trihalometanos,241167,60.2,N,60.190
WMM-LM-CAM,Cloro combinado residual,241167,0.14,N,0.140
D_TURBIDEZ,Turbidez,241167,<0.4,N,0.120
M-013-AC1,Recuento de enterococos intestinales,241167,0,N,0.000
M-016-AC1,Recuento de E. coli,241167,0,N,0.000
M-016-AC1,Recuento de bacterias coliformes,241167,0,N,0.000
M-030-AC1,Recuento C. perfringens (con esporas),241167,0,N,0.000
M-068-AC1,Microorganismos cultivables a 22 °C,241167,<1,N,1.000
M-068-AC1,Microorganismos cultivables a 22 ºC,241167,0.0,K,0.000
M-068-AC1,Recuento,241167,0,K,0.000
MET-POT-AC,Aluminio total,241167,53.1,N,53.090
MET-POT-AC,Antimonio total,241167,<1.0,N,0.070
MET-POT-AC,Arsénico total,241167,<1.0,N,0.550
MET-POT-AC,Boro total,241167,<0.05,N,0.020
MET-POT-AC,Cadmio total,241167,<1.5,N,0.000
MET-POT-AC,Cobre total,241167,<0.05,N,0.000
MET-POT-AC,Cromo total,241167,<10.0,N,0.020
MET-POT-AC,Hierro total,241167,14.9,N,14.930
AMONI-CI-P,Amonio,241168,<0.15,N,0.019
MET-POT-AC,Arsénico total,241168,<1.0,N,0.570
D_CONDUCT,Conductividad a 20 ºC,241168,320,N,320.400
D_PH,pH,241168,7.6,N,7.610
D_TURBIDEZ,Turbidez,241168,<0.4,N,0.130
M-013-AC1,Recuento de enterococos intestinales,241168,0,N,0.000
M-016-AC1,Recuento de E. coli,241168,0,N,0.000
M-016-AC1,Recuento de bacterias coliformes,241168,0,N,0.000
M-030-AC1,Recuento C. perfringens (con esporas),241168,0,N,0.000
M-068-AC1,Microorganismos cultivables a 22 °C,241168,<1,N,1.000
M-068-AC1,Microorganismos cultivables a 22 ºC,241168,0.0,K,0.000
M-068-AC1,Recuento,241168,0,K,0.000
WMM-LM-CAM,Cloro libre residual,241168,<0.10,N,0.060
MET-POT-AC,Boro total,241168,<0.05,N,0.020
MET-POT-AC,Cadmio total,241168,<1.5,N,0.000
MET-POT-AC,Cobre total,241168,<0.05,N,0.000
MET-POT-AC,Cromo total,241168,<10.0,N,0.080
MET-POT-AC,Hierro total,241168,19.8,N,19.820
MET-POT-AC,Manganeso total,241168,<10.0,N,5.730
MET-POT-AC,Niquel total,241168,<5.0,N,0.720
MET-POT-AC,Plomo total,241168,<1.0,N,0.000
MET-POT-AC,Selenio total,241168,<1.0,N,0.160
NA-CI-P,Sodio,241168,10.41,N,10.409
NTRAT-CI-P,Nitratos,241168,1.14,N,1.140
NTRIT-CI-P,Nitritos,241168,<0.15,N,0.000
OXOANIONES,Bromato,241168,<2.5,N,0.000
OXOANIONES,Clorato,241168,0.300,N,0.300
OXOANIONES,Clorito,241168,<0.025,N,0.000
PE-IL-TEMP,Temperatura del agua,241168,21.2,N,21.200
SULFA-CI-P,Sulfatos,241168,19.3,N,19.320
THM-GCMS,Bromodiclorometano,241168,14.5,N,14.452
THM-GCMS,Bromoformo,241168,<5.0,N,0.497
THM-GCMS,Cloroformo,241168,44.8,N,44.844
THM-GCMS,Dibromoclorometano,241168,5.1,N,5.142
THM-GCMS,Suma Trihalometanos,241168,64.9,N,64.940
WMM-LM-CAM,Cloro combinado residual,241168,0.18,N,0.180
MET-POT-AC,Aluminio total,241168,57.3,N,57.320
MET-POT-AC,Antimonio total,241168,<1.0,N,0.070
CLORU-CI-P,Cloruros,241168,15.19,N,15.190
AMONI-CI-P,Amonio,241169,<0.15,N,0.003
WMM-LM-CAM,Cloro libre residual,241169,<0.10,N,0.040
D_CONDUCT,Conductividad a 20 ºC,241169,317,N,317.100
D_PH,pH,241169,7.8,N,7.830
D_TURBIDEZ,Turbidez,241169,<0.4,N,0.100
M-013-AC1,Recuento de enterococos intestinales,241169,0,N,0.000
M-016-AC1,Recuento de E. coli,241169,0,N,0.000
M-016-AC1,Recuento de bacterias coliformes,241169,0,N,0.000
M-030-AC1,Recuento C. perfringens (con esporas),241169,0,N,0.000
M-068-AC1,Microorganismos cultivables a 22 °C,241169,58,N,58.000
M-068-AC1,Microorganismos cultivables a 22 ºC,241169,5.8E+01,K,58.000
M-068-AC1,Recuento,241169,58,K,58.000
MET-POT-AC,Aluminio total,241169,58.6,N,58.580
MET-POT-AC,Antimonio total,241169,<1.0,N,0.000
MET-POT-AC,Arsénico total,241169,<1.0,N,0.540
MET-POT-AC,Boro total,241169,<0.05,N,0.020
MET-POT-AC,Cadmio total,241169,<1.5,N,0.000
MET-POT-AC,Cobre total,241169,<0.05,N,0.000
MET-POT-AC,Cromo total,241169,<10.0,N,0.030
MET-POT-AC,Hierro total,241169,14.1,N,14.100
MET-POT-AC,Manganeso total,241169,<10.0,N,1.760
MET-POT-AC,Niquel total,241169,<5.0,N,0.610
MET-POT-AC,Plomo total,241169,<1.0,N,0.070
MET-POT-AC,Selenio total,241169,<1.0,N,0.200
NA-CI-P,Sodio,241169,10.76,N,10.763
NTRAT-CI-P,Nitratos,241169,1.38,N,1.380
NTRIT-CI-P,Nitritos,241169,<0.15,N,0.000
OXOANIONES,Bromato,241169,<2.5,N,0.000
OXOANIONES,Clorato,241169,0.390,N,0.390
OXOANIONES,Clorito,241169,<0.025,N,0.000
PE-IL-TEMP,Temperatura del agua,241169,21.6,N,21.600
SULFA-CI-P,Sulfatos,241169,19.3,N,19.300
THM-GCMS,Bromodiclorometano,241169,13.8,N,13.838
THM-GCMS,Bromoformo,241169,<5.0,N,0.443
THM-GCMS,Cloroformo,241169,41.8,N,41.796
THM-GCMS,Dibromoclorometano,241169,5.2,N,5.194
THM-GCMS,Suma Trihalometanos,241169,61.3,N,61.270
WMM-LM-CAM,Cloro combinado residual,241169,<0.10,N,0.090
CLORU-CI-P,Cloruros,241169,15.69,N,15.690
M-021,Recuento,241174,<10,N,10.000
M-021,Recuento transformado,241174,1.0E+01,K,10.000
PE-IL-CL,Cloro libre,241174,0.0,N,0.030
PE-IL-TEMP,Temperatura del agua,241174,56.1,N,56.100
M-021,Recuento de Legionella pneumophila,241174,<10,N,10.000
M-033-AC2,Legionella spp - Recuento,241175,No detectado,O,0.000
M-033-AC2,Legionella-Limite detección ensayo,241175,25 ufc/L,O,0.000
PE-IL-TEMP,Temperatura del agua,241175,17.5,N,17.500
PE-IL-CL,Cloro libre,241175,0.0,N,0.000
M-033-AC2,Legionella-Volumen filtrado,241175,1,N,1.000
PE-IL-CL,Cloro libre,241176,0.0,N,0.000
PE-IL-TEMP,Temperatura del agua,241176,18,N,18.000
M-033-AC2,Legionella spp - Recuento,241176,No detectado,O,0.000
M-033-AC2,Legionella-Limite detección ensayo,241176,25 ufc/L,O,0.000
M-033-AC2,Legionella-Volumen filtrado,241176,1,N,1.000
PE-IL-CL,Cloro libre,241177,0.0,N,0.000
PE-IL-TEMP,Temperatura del agua,241177,21,N,21.000
M-033-AC2,Legionella spp - Recuento,241177,No detectado,O,0.000
M-033-AC2,Legionella-Limite detección ensayo,241177,25 ufc/L,O,0.000
M-033-AC2,Legionella-Volumen filtrado,241177,1,N,1.000
PE-IL-CL,Cloro libre,241178,0.0,N,0.000
PE-IL-TEMP,Temperatura del agua,241178,22,N,22.000
M-033-AC2,Legionella-Volumen filtrado,241178,1,N,1.000
M-033-AC2,Legionella-Limite detección ensayo,241178,25 ufc/L,O,0.000
M-033-AC2,Legionella spp - Recuento,241178,No detectado,O,0.000
D_CONDUCT,Conductividad a 20 ºC,241226,321,N,320.700
D_PH,pH,241226,7.8,N,7.810
WMM-LM-CAM,Cloro libre residual,241226,<0.10,N,0.000
WMM-LM-CAM,Cloro combinado residual,241226,<0.10,N,0.050
MET-GRF-AC,Plomo total,241226,<1.0,N,0.070
MET-GRF-AC,Niquel total,241226,<5.0,N,0.490
MET-GRF-AC,Hierro total,241226,25.5,N,25.490
MET-GRF-AC,Cromo total,241226,<10.0,N,0.030
MET-GRF-AC,Cobre total,241226,<0.05,N,0.000
MET-GRF-AC,Aluminio total,241226,55.4,N,55.360
M-016-AC1,Recuento de bacterias coliformes,241226,0,N,0.000
M-016-AC1,Recuento de E. coli,241226,0,N,0.000
D_TURBIDEZ,Turbidez,241226,<0.4,N,0.100
WMM-LM-CAM,Cloro libre residual,241227,<0.10,N,0.020
D_TURBIDEZ,Turbidez,241227,<0.4,N,0.090
D_PH,pH,241227,8.1,N,8.060
D_CONDUCT,Conductividad a 20 ºC,241227,325,N,325.000
MET-GRF-AC,Aluminio total,241227,65.3,N,65.280
WMM-LM-CAM,Cloro combinado residual,241227,<0.10,N,0.020
MET-GRF-AC,Plomo total,241227,<1.0,N,0.060
MET-GRF-AC,Niquel total,241227,<5.0,N,0.380
MET-GRF-AC,Hierro total,241227,28.0,N,28.020
MET-GRF-AC,Cromo total,241227,<10.0,N,0.030
MET-GRF-AC,Cobre total,241227,<0.05,N,0.000
M-016-AC1,Recuento de bacterias coliformes,241227,0,N,0.000
M-016-AC1,Recuento de E. coli,241227,0,N,0.000
WMM-LM-CAM,Cloro libre residual,241228,<0.10,N,0.020
D_CONDUCT,Conductividad a 20 ºC,241228,319,N,319.100
D_PH,pH,241228,7.8,N,7.810
D_TURBIDEZ,Turbidez,241228,<0.4,N,0.110
M-016-AC1,Recuento de E. coli,241228,0,N,0.000
M-016-AC1,Recuento de bacterias coliformes,241228,0,N,0.000
MET-GRF-AC,Aluminio total,241228,54.6,N,54.580
MET-GRF-AC,Cobre total,241228,<0.05,N,0.000
MET-GRF-AC,Cromo total,241228,<10.0,N,0.020
MET-GRF-AC,Hierro total,241228,24.5,N,24.530
MET-GRF-AC,Niquel total,241228,<5.0,N,0.480
MET-GRF-AC,Plomo total,241228,<1.0,N,0.030
WMM-LM-CAM,Cloro combinado residual,241228,0.18,N,0.180
D_CONDUCT,Conductividad a 20 ºC,241229,331,N,330.800
WMM-LM-CAM,Cloro libre residual,241229,<0.10,N,0.000
D_TURBIDEZ,Turbidez,241229,<0.4,N,0.110
M-016-AC1,Recuento de E. coli,241229,0,N,0.000
M-016-AC1,Recuento de bacterias coliformes,241229,0,N,0.000
MET-GRF-AC,Aluminio total,241229,56.3,N,56.250
MET-GRF-AC,Cobre total,241229,<0.05,N,0.000
MET-GRF-AC,Cromo total,241229,<10.0,N,0.040
MET-GRF-AC,Hierro total,241229,27.5,N,27.520
MET-GRF-AC,Niquel total,241229,<5.0,N,0.470
MET-GRF-AC,Plomo total,241229,<1.0,N,0.040
WMM-LM-CAM,Cloro combinado residual,241229,0.10,N,0.100
D_PH,pH,241229,7.8,N,7.800
D_CONDUCT,Conductividad a 20 ºC,241230,324,N,323.900
WMM-LM-CAM,Cloro libre residual,241230,<0.10,N,0.030
D_TURBIDEZ,Turbidez,241230,<0.4,N,0.090
M-016-AC1,Recuento de E. coli,241230,0,N,0.000
M-016-AC1,Recuento de bacterias coliformes,241230,0,N,0.000
MET-GRF-AC,Aluminio total,241230,55.2,N,55.230
MET-GRF-AC,Cobre total,241230,<0.05,N,0.010
MET-GRF-AC,Cromo total,241230,<10.0,N,0.020
MET-GRF-AC,Hierro total,241230,24.4,N,24.380
MET-GRF-AC,Niquel total,241230,8.6,N,8.610
MET-GRF-AC,Plomo total,241230,<1.0,N,0.270
WMM-LM-CAM,Cloro combinado residual,241230,<0.10,N,0.070
D_PH,pH,241230,7.8,N,7.780
PE-IL-TEMP,Temperatura del agua,241247,53.6,N,53.600
PE-IL-CL,Cloro libre,241247,0.0,N,0.000
M-021,Recuento transformado,241247,2.2E+02,K,220.000
M-021,Recuento de Legionella pneumophila,241247,220,N,220.000
M-021,Recuento,241247,223,N,223.000
M-021,Recuento,241248,<10,N,10.000
M-021,Recuento transformado,241248,1.0E+01,K,10.000
PE-IL-CL,Cloro libre,241248,0.0,N,0.000
PE-IL-TEMP,Temperatura del agua,241248,55.4,N,55.400
M-021,Recuento de Legionella pneumophila,241248,<10,N,10.000
PE-IL-CL,Cloro libre,241249,0.0,N,0.000
M-021,Recuento transformado,241249,1.0E+01,K,10.000
M-021,Recuento de Legionella pneumophila,241249,<10,N,10.000
M-021,Recuento,241249,<10,N,10.000
PE-IL-TEMP,Temperatura del agua,241249,50,N,50.000
M-021,Recuento transformado,241250,1.0E+01,K,10.000
M-021,Recuento de Legionella pneumophila,241250,<10,N,10.000
PE-IL-TEMP,Temperatura del agua,241250,49.1,N,49.100
PE-IL-CL,Cloro libre,241250,0.0,N,0.030
M-021,Recuento,241250,<10,N,10.000
PE-IL-CL,Cloro libre,241251,0.0,N,0.000
M-021,Recuento transformado,241251,1.0E+01,K,10.000
M-021,Recuento de Legionella pneumophila,241251,<10,N,10.000
PE-IL-TEMP,Temperatura del agua,241251,62.6,N,62.600
M-021,Recuento,241251,<10,N,10.000
PE-IL-CL,Cloro libre,241252,0.0,N,0.000
M-021,Recuento transformado,241252,1.0E+01,K,10.000
M-021,Recuento de Legionella pneumophila,241252,<10,N,10.000
M-021,Recuento,241252,<10,N,10.000
PE-IL-TEMP,Temperatura del agua,241252,58,N,58.000
PE-IL-TEMP,Temperatura del agua,241258,50.2,N,50.200
PE-IL-CL,Cloro libre,241258,0.1,N,0.050
M-021,Recuento transformado,241258,1.0E+01,K,10.000
M-021,Recuento de Legionella pneumophila,241258,<10,N,10.000
M-021,Recuento,241258,<10,N,10.000
M-021,Recuento,241259,<10,N,10.000
M-021,Recuento de Legionella pneumophila,241259,<10,N,10.000
PE-IL-TEMP,Temperatura del agua,241259,50.5,N,50.500
PE-IL-CL,Cloro libre,241259,0.0,N,0.000
M-021,Recuento transformado,241259,1.0E+01,K,10.000
PE-IL-TEMP,Temperatura del agua,241260,50.4,N,50.400
M-021,Recuento,241260,<10,N,10.000
M-021,Recuento de Legionella pneumophila,241260,<10,N,10.000
M-021,Recuento transformado,241260,1.0E+01,K,10.000
PE-IL-CL,Cloro libre,241260,0.0,N,0.000
D_CONDUCT,Conductividad a 20 ºC,241422,327,N,326.700
D_PH,pH,241422,7.5,N,7.450
D_TURBIDEZ,Turbidez,241422,<0.4,N,0.140
M-016-AC1,Recuento de E. coli,241422,0,N,0.000
M-016-AC1,Recuento de bacterias coliformes,241422,0,N,0.000
M-021,Recuento,241422,10,N,10.000
M-021,Recuento de Legionella pneumophila,241422,10,N,10.000
M-021,Recuento transformado,241422,1.0E+01,K,10.000
M-068-AC1,Microorganismos cultivables a 22 ºC,241422,1.0,K,1.000
M-068-AC1,Recnto. microorg. cultivables a 22 °C,241422,Presencia /ml,O,0.000
M-068-AC1,Recuento,241422,1,K,1.000
MET-GRF-AC,Aluminio total,241422,<50.0,N,48.830
MET-GRF-AC,Cobre total,241422,<0.05,N,0.030
MET-GRF-AC,Cromo total,241422,<10.0,N,0.040
MET-GRF-AC,Hierro total,241422,23.7,N,23.720
MET-GRF-AC,Niquel total,241422,<5.0,N,0.760
MET-GRF-AC,Plomo total,241422,<1.0,N,0.480
PE-IL-TEMP,Temperatura del agua,241422,33.5,N,33.500
WMM-LM-CAM,Cloro combinado residual,241422,<0.10,N,0.050
WMM-LM-CAM,Cloro libre residual,241422,0.19,N,0.190
FECHA-LEG,Análisis Legionella-Fecha de inicio,241422,16/09/2025,T,0.000
FECHA-LEG,Análisis Legionella-Fecha fin,241422,23/09/2025,T,0.000
D_CONDUCT,Conductividad a 20 ºC,241423,321,N,321.100
D_PH,pH,241423,7.5,N,7.520
D_TURBIDEZ,Turbidez,241423,<0.4,N,0.150
FECHA-LEG,Análisis Legionella-Fecha de inicio,241423,16/09/2025,T,0.000
FECHA-LEG,Análisis Legionella-Fecha fin,241423,23/09/2025,T,0.000
M-016-AC1,Recuento de E. coli,241423,0,N,0.000
M-016-AC1,Recuento de bacterias coliformes,241423,0,N,0.000
M-021,Recuento,241423,<10,N,10.000
M-021,Recuento de Legionella pneumophila,241423,<10,N,10.000
M-021,Recuento transformado,241423,1.0E+01,K,10.000
M-068-AC1,Microorganismos cultivables a 22 ºC,241423,1.0,K,1.000
M-068-AC1,Recnto. microorg. cultivables a 22 °C,241423,Presencia /ml,O,0.000
M-068-AC1,Recuento,241423,1,K,1.000
MET-GRF-AC,Aluminio total,241423,54.6,N,54.590
MET-GRF-AC,Cobre total,241423,<0.05,N,0.000
MET-GRF-AC,Cromo total,241423,<10.0,N,0.020
MET-GRF-AC,Hierro total,241423,26.3,N,26.310
MET-GRF-AC,Niquel total,241423,<5.0,N,0.750
MET-GRF-AC,Plomo total,241423,<1.0,N,0.190
PE-IL-TEMP,Temperatura del agua,241423,19.1,N,19.100
WMM-LM-CAM,Cloro combinado residual,241423,0.16,N,0.160
WMM-LM-CAM,Cloro libre residual,241423,0.21,N,0.210
WMM-LM-CAM,Cloro libre residual,241424,<0.10,N,0.000
D_CONDUCT,Conductividad a 20 ºC,241424,323,N,323.000
D_PH,pH,241424,7.6,N,7.580
D_TURBIDEZ,Turbidez,241424,<0.4,N,0.000
M-016-AC1,Recuento de E. coli,241424,0,N,0.000
M-016-AC1,Recuento de bacterias coliformes,241424,0,N,0.000
M-021,Recuento,241424,2133,N,2133.000
M-021,Recuento de Legionella pneumophila,241424,2.1E+03,N,2100.000
M-021,Recuento transformado,241424,2.1E+03,K,2100.000
M-068-AC1,Microorganismos cultivables a 22 °C,241424,33,N,33.000
M-068-AC1,Microorganismos cultivables a 22 ºC,241424,3.3E+01,K,33.000
M-068-AC1,Recuento,241424,33,K,33.000
MET-GRF-AC,Aluminio total,241424,52.5,N,52.540
MET-GRF-AC,Cobre total,241424,<0.05,N,0.020
MET-GRF-AC,Cromo total,241424,<10.0,N,0.020
FECHA-LEG,Análisis Legionella-Fecha de inicio,241424,16/09/2025,T,0.000
FECHA-LEG,Análisis Legionella-Fecha fin,241424,23/09/2025,T,0.000
MET-GRF-AC,Hierro total,241424,28.8,N,28.790
MET-GRF-AC,Niquel total,241424,<5.0,N,1.830
MET-GRF-AC,Plomo total,241424,1.5,N,1.520
PE-IL-TEMP,Temperatura del agua,241424,22.4,N,22.400
WMM-LM-CAM,Cloro combinado residual,241424,0.28,N,0.280
M-021,Recuento,241425,194,N,194.000
M-021,Recuento de Legionella pneumophila,241425,1.9E+02,N,190.000
M-021,Recuento transformado,241425,1.9E+02,K,190.000
M-068-AC1,Microorganismos cultivables a 22 °C,241425,<1,N,1.000
M-068-AC1,Microorganismos cultivables a 22 ºC,241425,0.0,K,0.000
M-068-AC1,Recuento,241425,0,K,0.000
MET-GRF-AC,Aluminio total,241425,<50.0,N,49.340
MET-GRF-AC,Cobre total,241425,<0.05,N,0.020
MET-GRF-AC,Cromo total,241425,<10.0,N,0.020
MET-GRF-AC,Hierro total,241425,23.8,N,23.760
MET-GRF-AC,Niquel total,241425,<5.0,N,2.220
MET-GRF-AC,Plomo total,241425,<1.0,N,0.790
PE-IL-TEMP,Temperatura del agua,241425,23.4,N,23.400
WMM-LM-CAM,Cloro combinado residual,241425,0.14,N,0.140
WMM-LM-CAM,Cloro libre residual,241425,<0.10,N,0.060
D_CONDUCT,Conductividad a 20 ºC,241425,324,N,323.900
D_PH,pH,241425,7.6,N,7.580
D_TURBIDEZ,Turbidez,241425,<0.4,N,0.170
FECHA-LEG,Análisis Legionella-Fecha de inicio,241425,16/09/2025,T,0.000
FECHA-LEG,Análisis Legionella-Fecha fin,241425,23/09/2025,T,0.000
M-016-AC1,Recuento de E. coli,241425,0,N,0.000
M-016-AC1,Recuento de bacterias coliformes,241425,0,N,0.000
WMM-LM-CAM,Cloro libre residual,241426,<0.10,N,0.090
WMM-LM-CAM,Cloro combinado residual,241426,0.21,N,0.210
PE-IL-TEMP,Temperatura del agua,241426,21.1,N,21.100
MET-GRF-AC,Plomo total,241426,1.4,N,1.410
MET-GRF-AC,Niquel total,241426,<5.0,N,1.000
MET-GRF-AC,Hierro total,241426,24.6,N,24.630
MET-GRF-AC,Cromo total,241426,<10.0,N,0.010
MET-GRF-AC,Cobre total,241426,0.05,N,0.050
MET-GRF-AC,Aluminio total,241426,<50.0,N,46.010
M-068-AC1,Recuento,241426,0,K,0.000
M-068-AC1,Microorganismos cultivables a 22 ºC,241426,0.0,K,0.000
M-068-AC1,Microorganismos cultivables a 22 °C,241426,<1,N,1.000
M-021,Recuento transformado,241426,1.0E+01,K,10.000
M-021,Recuento de Legionella pneumophila,241426,<10,N,10.000
M-021,Recuento,241426,<10,N,10.000
M-016-AC1,Recuento de bacterias coliformes,241426,0,N,0.000
M-016-AC1,Recuento de E. coli,241426,0,N,0.000
FECHA-LEG,Análisis Legionella-Fecha fin,241426,23/09/2025,T,0.000
FECHA-LEG,Análisis Legionella-Fecha de inicio,241426,16/09/2025,T,0.000
D_TURBIDEZ,Turbidez,241426,<0.4,N,0.150
D_PH,pH,241426,7.6,N,7.590
D_CONDUCT,Conductividad a 20 ºC,241426,323,N,323.400
WMM-LM-CAM,Cloro libre residual,241427,0.12,N,0.120
PE-IL-TEMP,Temperatura del agua,241427,20.1,N,20.100
MET-GRF-AC,Plomo total,241427,<1.0,N,0.060
MET-GRF-AC,Niquel total,241427,<5.0,N,0.610
MET-GRF-AC,Hierro total,241427,23.7,N,23.660
MET-GRF-AC,Cromo total,241427,<10.0,N,0.030
MET-GRF-AC,Cobre total,241427,<0.05,N,0.010
MET-GRF-AC,Aluminio total,241427,56.6,N,56.580
M-068-AC1,Recuento,241427,0,K,0.000
M-068-AC1,Microorganismos cultivables a 22 ºC,241427,0.0,K,0.000
M-068-AC1,Microorganismos cultivables a 22 °C,241427,<1,N,1.000
M-021,Recuento transformado,241427,1.0E+01,K,10.000
M-021,Recuento de Legionella pneumophila,241427,<10,N,10.000
M-021,Recuento,241427,<10,N,10.000
M-016-AC1,Recuento de bacterias coliformes,241427,0,N,0.000
M-016-AC1,Recuento de E. coli,241427,0,N,0.000
FECHA-LEG,Análisis Legionella-Fecha fin,241427,23/09/2025,T,0.000
FECHA-LEG,Análisis Legionella-Fecha de inicio,241427,16/09/2025,T,0.000
D_TURBIDEZ,Turbidez,241427,<0.4,N,0.140
D_PH,pH,241427,7.6,N,7.590
D_CONDUCT,Conductividad a 20 ºC,241427,319,N,319.400
WMM-LM-CAM,Cloro combinado residual,241427,0.16,N,0.160
PE-IL-CL,Cloro libre,241437,0.0,N,0.000
M-068-AC1,Recuento,241437,227,K,227.000
M-068-AC1,Microorganismos cultivables a 22 ºC,241437,2.3E+02,K,230.000
M-068-AC1,Microorganismos cultivables a 22 °C,241437,2.3E+02,N,230.000
M-033-AC2,Legionella-Volumen filtrado,241437,1,N,1.000
M-033-AC2,Legionella-Limite detección ensayo,241437,25 ufc/L,O,0.000
M-033-AC2,Legionella spp - Recuento,241437,No detectado,O,0.000
PE-IL-TEMP,Temperatura del agua,241437,23.5,N,23.500
M-033-AC2,Legionella spp - Recuento,241438,No detectado,O,0.000
M-033-AC2,Legionella-Limite detección ensayo,241438,25 ufc/L,O,0.000
M-033-AC2,Legionella-Volumen filtrado,241438,1,N,1.000
M-068-AC1,Microorganismos cultivables a 22 °C,241438,<10,N,10.000
M-068-AC1,Microorganismos cultivables a 22 ºC,241438,0.0,K,0.000
M-068-AC1,Recuento,241438,0,K,0.000
PE-IL-CL,Cloro libre,241438,0.1,N,0.120
PE-IL-TEMP,Temperatura del agua,241438,23.2,N,23.200
PE-IL-TEMP,Temperatura del agua,241439,25.1,N,25.100
PE-IL-CL,Cloro libre,241439,0.0,N,0.000
M-068-AC1,Recuento,241439,45,K,45.000
M-068-AC1,Recnto. Microorg. cultivables a 22º C,241439,Estimado 45 ufc/ml,O,0.000
M-068-AC1,Microorganismos cultivables a 22 ºC,241439,4.5E+01,K,45.000
M-033-AC2,Legionella-Volumen filtrado,241439,1,N,1.000
M-033-AC2,Legionella-Limite detección ensayo,241439,25 ufc/L,O,0.000
M-033-AC2,Legionella spp - Recuento,241439,No detectado,O,0.000
FECHA-LEG,Análisis Legionella-Fecha de inicio,241440,19/09/2025,T,0.000
PE-IL-TEMP,Temperatura del agua,241440,74,N,74.000
M-033-AC2,Legionella spp - Recuento,241440,No detectado,O,0.000
M-033-AC2,Legionella-Limite detección ensayo,241440,25 ufc/L,O,0.000
M-033-AC2,Legionella-Volumen filtrado,241440,1,N,1.000
PE-IL-CL,Cloro libre,241440,0.0,N,0.000
FECHA-LEG,Análisis Legionella-Fecha fin,241440,29/09/2025,T,0.000
FECHA-LEG,Análisis Legionella-Fecha de inicio,241441,19/09/2025,T,0.000
FECHA-LEG,Análisis Legionella-Fecha fin,241441,29/09/2025,T,0.000
PE-IL-TEMP,Temperatura del agua,241441,58,N,58.000
PE-IL-CL,Cloro libre,241441,0.0,N,0.000
M-033-AC2,Legionella-Volumen filtrado,241441,1,N,1.000
M-033-AC2,Legionella-Limite detección ensayo,241441,25 ufc/L,O,0.000
M-033-AC2,Legionella spp - Recuento,241441,No detectado,O,0.000
FECHA-LEG,Análisis Legionella-Fecha de inicio,241442,19/09/2025,T,0.000
PE-IL-TEMP,Temperatura del agua,241442,56.5,N,56.500
M-033-AC2,Legionella-Volumen filtrado,241442,1,N,1.000
M-033-AC2,Legionella-Limite detección ensayo,241442,25 ufc/L,O,0.000
M-033-AC2,Legionella spp - Recuento,241442,No detectado,O,0.000
FECHA-LEG,Análisis Legionella-Fecha fin,241442,29/09/2025,T,0.000
PE-IL-CL,Cloro libre,241442,0.0,N,0.000
AMONI-CI-P,Amonio,241450,<0.15,N,0.000
D_CONDUCT,Conductividad a 20 ºC,241450,509,N,508.500
D_OXIDABIL,Oxidabilidad,241450,1.47,N,1.470
D_PH,pH,241450,7.2,N,7.220
D_TURBIDEZ,Turbidez,241450,<0.4,N,0.100
M-019-AC1,Recuento de Estafilococos coagulasa +,241450,<1,N,1.000
M-027,Recuento de E. coli,241450,<1,N,1.000
M-027,Recuento de bacterias coliformes,241450,<1,N,1.000
M-034,Recuento de Pseudomonas aeruginosa,241450,<1,N,1.000
MET-LUD-AC,Aluminio total,241450,<50.0,N,42.900
MET-LUD-AC,Cobre total,241450,<50.0,N,2.170
MET-LUD-AC,Hierro total,241450,19.0,N,19.040
MET-LUD-AC,Plomo total,241450,<1.0,N,0.070
AMONI-CI-P,Amonio,241451,<0.15,N,0.000
MET-LUD-AC,Plomo total,241451,<1.0,N,0.140
D_OXIDABIL,Oxidabilidad,241451,1.76,N,1.760
D_PH,pH,241451,7.3,N,7.250
D_TURBIDEZ,Turbidez,241451,<0.4,N,0.110
M-019-AC1,Recuento de Estafilococos coagulasa +,241451,0,N,0.000
M-027,Recuento de E. coli,241451,<1,N,1.000
M-027,Recuento de bacterias coliformes,241451,<1,N,1.000
M-034,Recuento de Pseudomonas aeruginosa,241451,<1,N,1.000
MET-LUD-AC,Aluminio total,241451,50.2,N,50.210
MET-LUD-AC,Cobre total,241451,<50.0,N,3.130
MET-LUD-AC,Hierro total,241451,19.0,N,18.960
D_CONDUCT,Conductividad a 20 ºC,241451,599,N,599.100
D_PH,pH,241452,7.3,N,7.290
D_OXIDABIL,Oxidabilidad,241452,1.06,N,1.060
M-019-AC1,Recuento de Estafilococos coagulasa +,241452,0,N,0.000
M-027,Recuento de E. coli,241452,<1,N,1.000
M-027,Recuento de bacterias coliformes,241452,<1,N,1.000
M-034,Recuento de Pseudomonas aeruginosa,241452,<1,N,1.000
MET-LUD-AC,Aluminio total,241452,<50.0,N,49.470
MET-LUD-AC,Cobre total,241452,<50.0,N,4.490
MET-LUD-AC,Hierro total,241452,18.2,N,18.240
MET-LUD-AC,Plomo total,241452,<1.0,N,0.070
AMONI-CI-P,Amonio,241452,<0.15,N,0.000
D_CONDUCT,Conductividad a 20 ºC,241452,616,N,616.100
D_TURBIDEZ,Turbidez,241452,<0.4,N,0.140
AMONI-CI-P,Amonio,241453,<0.15,N,0.000
MET-LUD-AC,Plomo total,241453,<1.0,N,0.040
D_OXIDABIL,Oxidabilidad,241453,1.35,N,1.350
D_PH,pH,241453,7.2,N,7.230
D_TURBIDEZ,Turbidez,241453,<0.4,N,0.100
M-019-AC1,Recuento de Estafilococos coagulasa +,241453,0,N,0.000
M-027,Recuento de E. coli,241453,<1,N,1.000
M-027,Recuento de bacterias coliformes,241453,<1,N,1.000
M-034,Recuento de Pseudomonas aeruginosa,241453,<1,N,1.000
MET-LUD-AC,Aluminio total,241453,<50.0,N,49.200
MET-LUD-AC,Cobre total,241453,<50.0,N,2.450
MET-LUD-AC,Hierro total,241453,20.5,N,20.480
D_CONDUCT,Conductividad a 20 ºC,241453,820,N,819.700
MET-LUD-AC,Plomo total,241454,<1.0,N,0.050
MET-LUD-AC,Hierro total,241454,19.1,N,19.070
D_CONDUCT,Conductividad a 20 ºC,241454,473,N,473.400
D_OXIDABIL,Oxidabilidad,241454,1.22,N,1.220
D_PH,pH,241454,7.2,N,7.210
D_TURBIDEZ,Turbidez,241454,<0.4,N,0.100
M-019-AC1,Recuento de Estafilococos coagulasa +,241454,<1,N,1.000
M-027,Recuento de E. coli,241454,<1,N,1.000
M-027,Recuento de bacterias coliformes,241454,<1,N,1.000
M-034,Recuento de Pseudomonas aeruginosa,241454,<1,N,1.000
MET-LUD-AC,Aluminio total,241454,<50.0,N,45.410
MET-LUD-AC,Cobre total,241454,<50.0,N,3.010
AMONI-CI-P,Amonio,241454,<0.15,N,0.000
AMONI-CI-P,Amonio,241455,<0.15,N,0.000
MET-LUD-AC,Plomo total,241455,<1.0,N,0.140
D_OXIDABIL,Oxidabilidad,241455,2.04,N,2.040
D_PH,pH,241455,7.2,N,7.200
D_TURBIDEZ,Turbidez,241455,<0.4,N,0.170
M-019-AC1,Recuento de Estafilococos coagulasa +,241455,0,N,0.000
M-027,Recuento de E. coli,241455,<1,N,1.000
M-027,Recuento de bacterias coliformes,241455,<1,N,1.000
M-034,Recuento de Pseudomonas aeruginosa,241455,<1,N,1.000
MET-LUD-AC,Aluminio total,241455,<50.0,N,47.010
MET-LUD-AC,Cobre total,241455,<50.0,N,2.200
MET-LUD-AC,Hierro total,241455,21.7,N,21.650
D_CONDUCT,Conductividad a 20 ºC,241455,652,N,652.400
D_OXIDABIL,Oxidabilidad,241456,0.73,N,0.730
D_PH,pH,241456,7.5,N,7.500
D_TURBIDEZ,Turbidez,241456,<0.4,N,0.100
M-019-AC1,Recuento de Estafilococos coagulasa +,241456,<1,N,1.000
M-027,Recuento de E. coli,241456,<1,N,1.000
M-027,Recuento de bacterias coliformes,241456,<1,N,1.000
M-034,Recuento de Pseudomonas aeruginosa,241456,<1,N,1.000
MET-LUD-AC,Aluminio total,241456,88.3,N,88.270
MET-LUD-AC,Cobre total,241456,<50.0,N,1.480
MET-LUD-AC,Hierro total,241456,18.5,N,18.510
MET-LUD-AC,Plomo total,241456,<1.0,N,0.240
AMONI-CI-P,Amonio,241456,<0.15,N,0.000
D_CONDUCT,Conductividad a 20 ºC,241456,408,N,407.900
D_CONDUCT,Conductividad a 20 ºC,241457,506,N,505.800
D_OXIDABIL,Oxidabilidad,241457,1.14,N,1.140
MET-LUD-AC,Hierro total,241457,22.5,N,22.450
MET-LUD-AC,Cobre total,241457,<50.0,N,8.750
MET-LUD-AC,Aluminio total,241457,58.1,N,58.110
M-034,Recuento de Pseudomonas aeruginosa,241457,<1,N,1.000
M-027,Recuento de bacterias coliformes,241457,<1,N,1.000
M-027,Recuento de E. coli,241457,<1,N,1.000
M-019-AC1,Recuento de Estafilococos coagulasa +,241457,<1,N,1.000
AMONI-CI-P,Amonio,241457,<0.15,N,0.000
D_TURBIDEZ,Turbidez,241457,<0.4,N,0.100
D_PH,pH,241457,7.4,N,7.440
MET-LUD-AC,Plomo total,241457,<1.0,N,0.120
MET-LUD-AC,Hierro total,241458,18.9,N,18.890
MET-LUD-AC,Plomo total,241458,<1.0,N,0.100
M-027,Recuento de E. coli,241458,<1,N,1.000
AMONI-CI-P,Amonio,241458,<0.15,N,0.000
MET-LUD-AC,Cobre total,241458,<50.0,N,4.870
D_OXIDABIL,Oxidabilidad,241458,1.47,N,1.470
D_PH,pH,241458,7.3,N,7.300
D_TURBIDEZ,Turbidez,241458,<0.4,N,0.130
FECHA-LEG,Análisis Legionella-Fecha de inicio,241458,22/09/2025,T,0.000
FECHA-LEG,Análisis Legionella-Fecha fin,241458,02/10/2025,T,0.000
M-019-AC1,Recuento de Estafilococos coagulasa +,241458,0,N,0.000
M-027,Recuento de bacterias coliformes,241458,<1,N,1.000
M-033-AC2,Legionella spp - Recuento,241458,No detectado,O,0.000
M-033-AC2,Legionella-Limite detección ensayo,241458,25 ufc/L,O,0.000
M-033-AC2,Legionella-Volumen filtrado,241458,1,N,1.000
D_CONDUCT,Conductividad a 20 ºC,241458,505,N,504.700
MET-LUD-AC,Aluminio total,241458,<50.0,N,46.620
M-034,Recuento de Pseudomonas aeruginosa,241458,<1,N,1.000
MET-LUD-AC,Hierro total,241459,18.2,N,18.230
MET-LUD-AC,Cobre total,241459,<50.0,N,9.840
MET-LUD-AC,Aluminio total,241459,51.7,N,51.650
M-034,Recuento de Pseudomonas aeruginosa,241459,<1,N,1.000
M-027,Recuento de bacterias coliformes,241459,<1,N,1.000
M-027,Recuento de E. coli,241459,<1,N,1.000
M-019-AC1,Recuento de Estafilococos coagulasa +,241459,0,N,0.000
MET-LUD-AC,Plomo total,241459,<1.0,N,0.090
D_TURBIDEZ,Turbidez,241459,<0.4,N,0.090
D_PH,pH,241459,7.3,N,7.280
D_OXIDABIL,Oxidabilidad,241459,1.43,N,1.430
D_CONDUCT,Conductividad a 20 ºC,241459,639,N,639.000
AMONI-CI-P,Amonio,241459,<0.15,N,0.000
FECHA-LEG,Análisis Legionella-Fecha de inicio,241460,22/09/2025,T,0.000
MET-LUD-AC,Plomo total,241460,<1.0,N,0.080
M-019-AC1,Recuento de Estafilococos coagulasa +,241460,0,N,0.000
M-027,Recuento de E. coli,241460,<1,N,1.000
M-027,Recuento de bacterias coliformes,241460,<1,N,1.000
M-033-AC2,Legionella spp - Recuento,241460,No detectado,O,0.000
M-033-AC2,Legionella-Limite detección ensayo,241460,25 ufc/L,O,0.000
M-033-AC2,Legionella-Volumen filtrado,241460,1,N,1.000
AMONI-CI-P,Amonio,241460,<0.15,N,0.000
D_CONDUCT,Conductividad a 20 ºC,241460,1120,N,1120.000
D_OXIDABIL,Oxidabilidad,241460,2.90,N,2.900
D_PH,pH,241460,7.2,N,7.240
D_TURBIDEZ,Turbidez,241460,<0.4,N,0.140
M-034,Recuento de Pseudomonas aeruginosa,241460,<1,N,1.000
MET-LUD-AC,Aluminio total,241460,52.0,N,52.010
MET-LUD-AC,Cobre total,241460,<50.0,N,4.570
MET-LUD-AC,Hierro total,241460,17.6,N,17.570
FECHA-LEG,Análisis Legionella-Fecha fin,241460,06/10/2025,T,0.000
MET-LUD-AC,Hierro total,241462,17.7,N,17.660
MET-LUD-AC,Cobre total,241462,<50.0,N,3.220
AMONI-CI-P,Amonio,241462,<0.15,N,0.000
D_CONDUCT,Conductividad a 20 ºC,241462,538,N,537.700
D_OXIDABIL,Oxidabilidad,241462,0.98,N,0.980
D_PH,pH,241462,7.5,N,7.450
D_TURBIDEZ,Turbidez,241462,<0.4,N,0.130
M-019-AC1,Recuento de Estafilococos coagulasa +,241462,<1,N,1.000
M-027,Recuento de E. coli,241462,<1,N,1.000
M-027,Recuento de bacterias coliformes,241462,<1,N,1.000
M-034,Recuento de Pseudomonas aeruginosa,241462,<1,N,1.000
MET-LUD-AC,Aluminio total,241462,65.9,N,65.910
MET-LUD-AC,Plomo total,241462,<1.0,N,0.050
AMONI-CI-P,Amonio,241463,<0.15,N,0.000
MET-LUD-AC,Plomo total,241463,<1.0,N,0.040
D_OXIDABIL,Oxidabilidad,241463,1.39,N,1.390
D_PH,pH,241463,7.5,N,7.450
D_TURBIDEZ,Turbidez,241463,<0.4,N,0.130
M-019-AC1,Recuento de Estafilococos coagulasa +,241463,<1,N,1.000
M-027,Recuento de E. coli,241463,<1,N,1.000
M-027,Recuento de bacterias coliformes,241463,<1,N,1.000
M-034,Recuento de Pseudomonas aeruginosa,241463,<1,N,1.000
MET-LUD-AC,Aluminio total,241463,<50.0,N,38.110
MET-LUD-AC,Cobre total,241463,<50.0,N,2.300
MET-LUD-AC,Hierro total,241463,17.6,N,17.550
D_CONDUCT,Conductividad a 20 ºC,241463,535,N,535.400
AMONI-CI-P,Amonio,241464,<0.15,N,0.000
MET-LUD-AC,Plomo total,241464,<1.0,N,0.530
D_OXIDABIL,Oxidabilidad,241464,1.55,N,1.550
D_PH,pH,241464,7.5,N,7.450
D_TURBIDEZ,Turbidez,241464,<0.4,N,0.080
M-019-AC1,Recuento de Estafilococos coagulasa +,241464,0,N,0.000
M-027,Recuento de E. coli,241464,<1,N,1.000
M-027,Recuento de bacterias coliformes,241464,<1,N,1.000
M-034,Recuento de Pseudomonas aeruginosa,241464,<1,N,1.000
MET-LUD-AC,Aluminio total,241464,<50.0,N,24.960
MET-LUD-AC,Cobre total,241464,<50.0,N,3.380
MET-LUD-AC,Hierro total,241464,18.6,N,18.550
D_CONDUCT,Conductividad a 20 ºC,241464,611,N,611.400
AMONI-CI-P,Amonio,241465,<0.15,N,0.000
MET-LUD-AC,Plomo total,241465,<1.0,N,0.120
D_OXIDABIL,Oxidabilidad,241465,1.67,N,1.670
D_PH,pH,241465,7.4,N,7.350
D_TURBIDEZ,Turbidez,241465,<0.4,N,0.160
M-019-AC1,Recuento de Estafilococos coagulasa +,241465,0,N,0.000
M-027,Recuento de E. coli,241465,<1,N,1.000
M-027,Recuento de bacterias coliformes,241465,<1,N,1.000
M-034,Recuento de Pseudomonas aeruginosa,241465,<1,N,1.000
MET-LUD-AC,Aluminio total,241465,63.4,N,63.400
MET-LUD-AC,Cobre total,241465,<50.0,N,2.480
MET-LUD-AC,Hierro total,241465,21.1,N,21.070
D_CONDUCT,Conductividad a 20 ºC,241465,667,N,666.900
M-027,Recuento de bacterias coliformes,241466,<1,N,1.000
M-027,Recuento de E. coli,241466,<1,N,1.000
MET-LUD-AC,Aluminio total,241466,<50.0,N,39.980
MET-LUD-AC,Cobre total,241466,<50.0,N,3.520
MET-LUD-AC,Hierro total,241466,18.3,N,18.300
MET-LUD-AC,Plomo total,241466,<1.0,N,0.070
AMONI-CI-P,Amonio,241466,<0.15,N,0.000
D_CONDUCT,Conductividad a 20 ºC,241466,785,N,785.000
D_OXIDABIL,Oxidabilidad,241466,1.27,N,1.270
D_PH,pH,241466,7.2,N,7.220
D_TURBIDEZ,Turbidez,241466,<0.4,N,0.200
M-019-AC1,Recuento de Estafilococos coagulasa +,241466,0,N,0.000
M-034,Recuento de Pseudomonas aeruginosa,241466,<1,N,1.000
AMONI-CI-P,Amonio,241467,<0.15,N,0.000
D_CONDUCT,Conductividad a 20 ºC,241467,547,N,547.400
D_OXIDABIL,Oxidabilidad,241467,2.45,N,2.450
D_PH,pH,241467,7.5,N,7.510
D_TURBIDEZ,Turbidez,241467,<0.4,N,0.120
M-019-AC1,Recuento de Estafilococos coagulasa +,241467,0,N,0.000
M-027,Recuento de E. coli,241467,<1,N,1.000
M-027,Recuento de bacterias coliformes,241467,<1,N,1.000
M-034,Recuento de Pseudomonas aeruginosa,241467,<1,N,1.000
MET-LUD-AC,Aluminio total,241467,69.8,N,69.770
MET-LUD-AC,Cobre total,241467,<50.0,N,4.960
MET-LUD-AC,Hierro total,241467,16.8,N,16.780
MET-LUD-AC,Plomo total,241467,<1.0,N,0.010
D_OXIDABIL,Oxidabilidad,241468,2.69,N,2.690
D_PH,pH,241468,7.4,N,7.420
AMONI-CI-P,Amonio,241468,<0.15,N,0.000
MET-LUD-AC,Plomo total,241468,<1.0,N,0.070
MET-LUD-AC,Hierro total,241468,16.7,N,16.690
MET-LUD-AC,Cobre total,241468,<50.0,N,8.810
MET-LUD-AC,Aluminio total,241468,54.5,N,54.460
M-034,Recuento de Pseudomonas aeruginosa,241468,<1,N,1.000
M-027,Recuento de bacterias coliformes,241468,<1,N,1.000
M-027,Recuento de E. coli,241468,<1,N,1.000
M-019-AC1,Recuento de Estafilococos coagulasa +,241468,<1,N,1.000
D_TURBIDEZ,Turbidez,241468,<0.4,N,0.170
D_CONDUCT,Conductividad a 20 ºC,241468,623,N,622.600
D_OXIDABIL,Oxidabilidad,241469,1.63,N,1.630
D_CONDUCT,Conductividad a 20 ºC,241469,479,N,479.000
AMONI-CI-P,Amonio,241469,<0.15,N,0.000
MET-LUD-AC,Plomo total,241469,<1.0,N,0.010
MET-LUD-AC,Hierro total,241469,16.9,N,16.870
MET-LUD-AC,Cobre total,241469,<50.0,N,1.420
MET-LUD-AC,Aluminio total,241469,67.2,N,67.180
M-034,Recuento de Pseudomonas aeruginosa,241469,<1,N,1.000
M-027,Recuento de bacterias coliformes,241469,<1,N,1.000
M-027,Recuento de E. coli,241469,<1,N,1.000
M-019-AC1,Recuento de Estafilococos coagulasa +,241469,0,N,0.000
D_PH,pH,241469,7.5,N,7.520
D_TURBIDEZ,Turbidez,241469,<0.4,N,0.140
M-019-AC1,Recuento de Estafilococos coagulasa +,241470,0,N,0.000
M-027,Recuento de E. coli,241470,<1,N,1.000
M-027,Recuento de bacterias coliformes,241470,<1,N,1.000
M-034,Recuento de Pseudomonas aeruginosa,241470,<1,N,1.000
MET-LUD-AC,Aluminio total,241470,59.2,N,59.150
MET-LUD-AC,Cobre total,241470,<50.0,N,1.430
MET-LUD-AC,Hierro total,241470,17.3,N,17.260
MET-LUD-AC,Plomo total,241470,<1.0,N,0.010
AMONI-CI-P,Amonio,241470,<0.15,N,0.000
D_CONDUCT,Conductividad a 20 ºC,241470,552,N,552.400
D_OXIDABIL,Oxidabilidad,241470,1.59,N,1.590
D_PH,pH,241470,7.4,N,7.400
D_TURBIDEZ,Turbidez,241470,<0.4,N,0.070
AMONI-CI-P,Amonio,241514,<0.15,N,0.000
PE-IL-TEMP,Temperatura del agua,241514,28.2,N,28.200
D_OXIDABIL,Oxidabilidad,241514,0.90,N,0.900
D_PH,pH,241514,7.7,N,7.660
D_TURBIDEZ,Turbidez,241514,<0.4,N,0.320
M-019-AC1,Recuento de Estafilococos coagulasa +,241514,0,N,0.000
M-027,Recuento de E. coli,241514,<1,N,1.000
M-027,Recuento de bacterias coliformes,241514,<1,N,1.000
M-034,Recuento de Pseudomonas aeruginosa,241514,<1,N,1.000
PE-IL-BR-1,Bromo,241514,3.76,N,3.760
D_CONDUCT,Conductividad a 20 ºC,241514,731,N,731.200
D_PH,pH,241516,7.7,N,7.660
D_TURBIDEZ,Turbidez,241516,<0.4,N,0.340
M-019-AC1,Recuento de Estafilococos coagulasa +,241516,0,N,0.000
M-027,Recuento de E. coli,241516,<1,N,1.000
M-027,Recuento de bacterias coliformes,241516,<1,N,1.000
M-034,Recuento de Pseudomonas aeruginosa,241516,<1,N,1.000
PE-IL-BR-1,Bromo,241516,2.38,N,2.380
PE-IL-TEMP,Temperatura del agua,241516,30,N,30.000
AMONI-CI-P,Amonio,241516,<0.15,N,0.000
D_CONDUCT,Conductividad a 20 ºC,241516,478,N,477.800
D_OXIDABIL,Oxidabilidad,241516,0.69,N,0.690
D_PH,pH,241517,7.9,N,7.900
D_CONDUCT,Conductividad a 20 ºC,241517,444,N,443.600
PE-IL-TEMP,Temperatura del agua,241517,26.1,N,26.100
PE-IL-BR-1,Bromo,241517,3.50,N,3.500
M-034,Recuento de Pseudomonas aeruginosa,241517,<1,N,1.000
M-027,Recuento de bacterias coliformes,241517,<1,N,1.000
M-027,Recuento de E. coli,241517,<1,N,1.000
M-019-AC1,Recuento de Estafilococos coagulasa +,241517,0,N,0.000
D_TURBIDEZ,Turbidez,241517,<0.4,N,0.230
AMONI-CI-P,Amonio,241517,<0.15,N,0.000
D_OXIDABIL,Oxidabilidad,241517,1.02,N,1.020
PE-IL-TEMP,Temperatura del agua,241518,31.2,N,31.200
M-034,Recuento de Pseudomonas aeruginosa,241518,<1,N,1.000
PE-IL-BR-1,Bromo,241518,2.90,N,2.900
M-027,Recuento de bacterias coliformes,241518,<1,N,1.000
M-027,Recuento de E. coli,241518,<1,N,1.000
M-019-AC1,Recuento de Estafilococos coagulasa +,241518,0,N,0.000
D_TURBIDEZ,Turbidez,241518,0.4,N,0.440
D_PH,pH,241518,7.7,N,7.680
D_OXIDABIL,Oxidabilidad,241518,1.59,N,1.590
D_CONDUCT,Conductividad a 20 ºC,241518,949,N,948.600
AMONI-CI-P,Amonio,241518,<0.15,N,0.000
M-034,Recuento de Pseudomonas aeruginosa,241519,<1,N,1.000
M-019-AC1,Recuento de Estafilococos coagulasa +,241519,0,N,0.000
M-027,Recuento de bacterias coliformes,241519,<1,N,1.000
M-027,Recuento de E. coli,241519,<1,N,1.000
PE-IL-TEMP,Temperatura del agua,241519,33.6,N,33.600
AMONI-CI-P,Amonio,241519,<0.15,N,0.000
D_CONDUCT,Conductividad a 20 ºC,241519,537,N,536.900
D_OXIDABIL,Oxidabilidad,241519,1.10,N,1.100
D_PH,pH,241519,7.8,N,7.770
D_TURBIDEZ,Turbidez,241519,<0.4,N,0.200
PE-IL-BR-1,Bromo,241519,3.40,N,3.400
AMONI-CI-P,Amonio,241520,<0.15,N,0.085
D_CONDUCT,Conductividad a 20 ºC,241520,451,N,451.000
D_OXIDABIL,Oxidabilidad,241520,1.96,N,1.960
D_PH,pH,241520,8.2,N,8.150
D_TURBIDEZ,Turbidez,241520,0.7,N,0.730
M-019-AC1,Recuento de Estafilococos coagulasa +,241520,2,N,2.000
M-027,Recuento de E. coli,241520,<1,N,1.000
M-027,Recuento de bacterias coliformes,241520,<1,N,1.000
M-034,Recuento de Pseudomonas aeruginosa,241520,<1,N,1.000
PE-IL-TEMP,Temperatura del agua,241520,33.5,N,33.500
WMM-LM-CAM,Cloro combinado residual,241520,0.15,N,0.150
WMM-LM-CAM,Cloro libre residual,241520,<0.10,N,0.000
FECHA-LEG,Análisis Legionella-Fecha de inicio,241524,26/09/2025,T,0.000
PE-IL-TEMP,Temperatura del agua,241524,42.1,N,42.100
M-033-AC2,Legionella spp - Recuento,241524,No detectado,O,0.000
M-033-AC2,Legionella-Limite detección ensayo,241524,25 ufc/L,O,0.000
M-033-AC2,Legionella-Volumen filtrado,241524,1,N,1.000
PE-IL-CL,Cloro libre,241524,1.9,N,1.900
FECHA-LEG,Análisis Legionella-Fecha fin,241524,06/10/2025,T,0.000
FECHA-LEG,Análisis Legionella-Fecha de inicio,241525,26/09/2025,T,0.000
PE-IL-TEMP,Temperatura del agua,241525,40.1,N,40.100
M-033-AC2,Legionella spp - Recuento,241525,No detectado,O,0.000
M-033-AC2,Legionella-Limite detección ensayo,241525,25 ufc/L,O,0.000
M-033-AC2,Legionella-Volumen filtrado,241525,1,N,1.000
PE-IL-CL,Cloro libre,241525,1.8,N,1.810
FECHA-LEG,Análisis Legionella-Fecha fin,241525,06/10/2025,T,0.000
FECHA-LEG,Análisis Legionella-Fecha de inicio,241526,26/09/2025,T,0.000
PE-IL-TEMP,Temperatura del agua,241526,42.1,N,42.100
M-033-AC2,Legionella spp - Recuento,241526,No detectado,O,0.000
M-033-AC2,Legionella-Limite detección ensayo,241526,25 ufc/L,O,0.000
M-033-AC2,Legionella-Volumen filtrado,241526,1,N,1.000
PE-IL-CL,Cloro libre,241526,2.0,N,2.000
FECHA-LEG,Análisis Legionella-Fecha fin,241526,06/10/2025,T,0.000
FECHA-LEG,Análisis Legionella-Fecha de inicio,241527,26/09/2025,T,0.000
PE-IL-TEMP,Temperatura del agua,241527,51.4,N,51.400
M-033-AC2,Legionella spp - Recuento,241527,No detectado,O,0.000
M-033-AC2,Legionella-Limite detección ensayo,241527,25 ufc/L,O,0.000
M-033-AC2,Legionella-Volumen filtrado,241527,1,N,1.000
PE-IL-CL,Cloro libre,241527,2.0,N,1.950
FECHA-LEG,Análisis Legionella-Fecha fin,241527,06/10/2025,T,0.000
FECHA-LEG,Análisis Legionella-Fecha de inicio,241528,26/09/2025,T,0.000
FECHA-LEG,Análisis Legionella-Fecha fin,241528,09/10/2025,T,0.000
M-033-AC1,Recnto. Legionella spp,241528,Presencia / L,O,0.000
PE-IL-TEMP,Temperatura del agua,241528,50,N,50.000
M-033-AC1,Recuento transformado,241528,2.5E+01,K,25.000
M-033-AC1,Legionella volumen filtrado,241528,1,N,1.000
M-033-AC3,Identificación de L. pneumophila sr 1,241528,Detectado,O,0.000
M-033-AC3,Identificación de L. pneumophila sr 2-14,241528,No detectado,O,0.000
M-033-AC3,Identificación de Legionella otras spp,241528,No detectado,O,0.000
PE-IL-CL,Cloro libre,241528,1.9,N,1.900
M-033-AC1,Recuento,241528,25,N,25.000
FECHA-LEG,Análisis Legionella-Fecha de inicio,241529,26/09/2025,T,0.000
FECHA-LEG,Análisis Legionella-Fecha fin,241529,09/10/2025,T,0.000
M-033-AC1,Recnto. Legionella spp,241529,Presencia / L,O,0.000
M-033-AC1,Recuento transformado,241529,1.0E+02,K,100.000
M-033-AC1,Legionella volumen filtrado,241529,0.950,N,0.950
M-033-AC3,Identificación de L. pneumophila sr 1,241529,Detectado,O,0.000
M-033-AC3,Identificación de L. pneumophila sr 2-14,241529,No detectado,O,0.000
M-033-AC3,Identificación de Legionella otras spp,241529,No detectado,O,0.000
M-033-AC1,Recuento,241529,100,N,100.000
PE-IL-TEMP,Temperatura del agua,241653,39,N,39.000
M-021,Recuento,241653,0,N,0.000
M-021,Recuento de Legionella pneumophila,241653,<10,N,10.000
M-021,Recuento transformado,241653,0.0,K,0.000
PE-IL-CL,Cloro libre,241653,0.2,N,0.220
MET-GRF-AC,Plomo total,241654,<1.0,N,0.000
D_CONDUCT,Conductividad a 20 ºC,241654,<15,N,0.885
D_TURBIDEZ,Turbidez,241654,<0.4,N,0.070
FECHA-LEG,Análisis Legionella-Fecha de inicio,241654,29/09/2025,T,0.000
FECHA-LEG,Análisis Legionella-Fecha fin,241654,06/10/2025,T,0.000
M-016-AC1,Recuento de E. coli,241654,0,N,0.000
M-016-AC1,Recuento de bacterias coliformes,241654,0,N,0.000
M-021,Recuento,241654,0,N,0.000
M-021,Recuento de Legionella pneumophila,241654,<10,N,10.000
M-021,Recuento transformado,241654,0.0,K,0.000
M-068-AC1,Microorganismos cultivables a 22 °C,241654,<1,N,1.000
M-068-AC1,Microorganismos cultivables a 22 ºC,241654,0.0,K,0.000
M-068-AC1,Recuento,241654,0,K,0.000
MET-GRF-AC,Aluminio total,241654,<50.0,N,-6.540
MET-GRF-AC,Cobre total,241654,<0.05,N,0.000
MET-GRF-AC,Cromo total,241654,<10.0,N,-0.030
MET-GRF-AC,Hierro total,241654,<10.0,N,-0.130
MET-GRF-AC,Niquel total,241654,<5.0,N,-0.020
PE-IL-TEMP,Temperatura del agua,241655,20,N,20.000
MET-GRF-AC,Plomo total,241655,<1.0,N,0.150
WMM-LM-CAM,Cloro libre residual,241655,<0.10,N,0.050
D_CONDUCT,Conductividad a 20 ºC,241655,277,N,277.200
D_PH,pH,241655,7.6,N,7.550
D_TURBIDEZ,Turbidez,241655,<0.4,N,0.120
FECHA-LEG,Análisis Legionella-Fecha de inicio,241655,29/09/2025,T,0.000
FECHA-LEG,Análisis Legionella-Fecha fin,241655,06/10/2025,T,0.000
M-016-AC1,Recuento de E. coli,241655,0,N,0.000
M-016-AC1,Recuento de bacterias coliformes,241655,0,N,0.000
M-021,Recuento,241655,0,N,0.000
M-021,Recuento de Legionella pneumophila,241655,<10,N,10.000
M-021,Recuento transformado,241655,0.0,K,0.000
M-068-AC1,Microorganismos cultivables a 22 °C,241655,12,N,12.000
M-068-AC1,Microorganismos cultivables a 22 ºC,241655,1.2E+01,K,12.000
M-068-AC1,Recuento,241655,12,K,12.000
MET-GRF-AC,Aluminio total,241655,58.8,N,58.780
MET-GRF-AC,Cobre total,241655,<0.05,N,0.003
MET-GRF-AC,Cromo total,241655,<10.0,N,-0.020
MET-GRF-AC,Hierro total,241655,37.4,N,37.350
MET-GRF-AC,Niquel total,241655,<5.0,N,0.890
WMM-LM-CAM,Cloro combinado residual,241655,0.12,N,0.120
D_CONDUCT,Conductividad a 20 ºC,241656,294,N,294.300
D_PH,pH,241656,7.6,N,7.590
D_TURBIDEZ,Turbidez,241656,<0.4,N,0.110
M-016-AC1,Recuento de E. coli,241656,0,N,0.000
M-016-AC1,Recuento de bacterias coliformes,241656,0,N,0.000
M-021,Recuento,241656,0,N,0.000
M-021,Recuento de Legionella pneumophila,241656,<10,N,10.000
M-021,Recuento transformado,241656,0.0,K,0.000
M-068-AC1,Microorganismos cultivables a 22 °C,241656,<1,N,1.000
M-068-AC1,Microorganismos cultivables a 22 ºC,241656,0.0,K,0.000
M-068-AC1,Recuento,241656,0,K,0.000
MET-GRF-AC,Aluminio total,241656,<50.0,N,48.200
MET-GRF-AC,Cobre total,241656,<0.05,N,0.008
MET-GRF-AC,Cromo total,241656,<10.0,N,-0.020
MET-GRF-AC,Hierro total,241656,<10.0,N,6.270
MET-GRF-AC,Niquel total,241656,<5.0,N,0.480
MET-GRF-AC,Plomo total,241656,<1.0,N,0.360
PE-IL-TEMP,Temperatura del agua,241656,19,N,19.000
WMM-LM-CAM,Cloro combinado residual,241656,0.16,N,0.160
WMM-LM-CAM,Cloro libre residual,241656,<0.10,N,0.000
FECHA-LEG,Análisis Legionella-Fecha de inicio,241656,29/09/2025,T,0.000
FECHA-LEG,Análisis Legionella-Fecha fin,241656,06/10/2025,T,0.000
PE-IL-TEMP,Temperatura del agua,241657,18.1,N,18.100
WMM-LM-CAM,Cloro libre residual,241657,<0.10,N,0.000
MET-GRF-AC,Plomo total,241657,<1.0,N,0.750
MET-GRF-AC,Niquel total,241657,<5.0,N,0.740
MET-GRF-AC,Hierro total,241657,<10.0,N,8.980
MET-GRF-AC,Cromo total,241657,<10.0,N,0.000
MET-GRF-AC,Cobre total,241657,<0.05,N,0.010
MET-GRF-AC,Aluminio total,241657,51.2,N,51.210
M-068-AC1,Recuento,241657,0,K,0.000
M-068-AC1,Microorganismos cultivables a 22 ºC,241657,0.0,K,0.000
M-068-AC1,Microorganismos cultivables a 22 °C,241657,<1,N,1.000
M-021,Recuento transformado,241657,0.0,K,0.000
M-021,Recuento de Legionella pneumophila,241657,<10,N,10.000
M-021,Recuento,241657,0,N,0.000
M-016-AC1,Recuento de bacterias coliformes,241657,0,N,0.000
M-016-AC1,Recuento de E. coli,241657,0,N,0.000
FECHA-LEG,Análisis Legionella-Fecha fin,241657,06/10/2025,T,0.000
FECHA-LEG,Análisis Legionella-Fecha de inicio,241657,29/09/2025,T,0.000
D_TURBIDEZ,Turbidez,241657,<0.4,N,0.100
D_PH,pH,241657,7.8,N,7.790
D_CONDUCT,Conductividad a 20 ºC,241657,290,N,290.300
WMM-LM-CAM,Cloro combinado residual,241657,0.10,N,0.100
FECHA-LEG,Análisis Legionella-Fecha de inicio,241658,29/09/2025,T,0.000
D_TURBIDEZ,Turbidez,241658,<0.4,N,0.110
D_PH,pH,241658,7.7,N,7.700
D_CONDUCT,Conductividad a 20 ºC,241658,284,N,284.200
WMM-LM-CAM,Cloro libre residual,241658,<0.10,N,0.000
WMM-LM-CAM,Cloro combinado residual,241658,<0.10,N,0.090
PE-IL-TEMP,Temperatura del agua,241658,18.7,N,18.700
MET-GRF-AC,Plomo total,241658,1.0,N,0.980
MET-GRF-AC,Niquel total,241658,<5.0,N,0.540
MET-GRF-AC,Hierro total,241658,<10.0,N,8.560
MET-GRF-AC,Cromo total,241658,<10.0,N,-0.020
MET-GRF-AC,Cobre total,241658,<0.05,N,0.010
MET-GRF-AC,Aluminio total,241658,<50.0,N,44.540
M-068-AC1,Recuento,241658,0,K,0.000
M-068-AC1,Microorganismos cultivables a 22 ºC,241658,0.0,K,0.000
M-068-AC1,Microorganismos cultivables a 22 °C,241658,<1,N,1.000
M-021,Recuento transformado,241658,0.0,K,0.000
M-021,Recuento de Legionella pneumophila,241658,<10,N,10.000
M-021,Recuento,241658,0,N,0.000
M-016-AC1,Recuento de bacterias coliformes,241658,0,N,0.000
M-016-AC1,Recuento de E. coli,241658,0,N,0.000
FECHA-LEG,Análisis Legionella-Fecha fin,241658,06/10/2025,T,0.000
FECHA-LEG,Análisis Legionella-Fecha de inicio,241683,02/10/2025,T,0.000
FECHA-LEG,Análisis Legionella-Fecha fin,241683,02/10/2025,T,0.000
M-026-NC1,Detección Legionella spp,241683,No detectado,O,0.000
PE-IL-CL,Cloro libre,241683,0.0,N,0.000
PE-IL-TEMP,Temperatura del agua,241683,34.5,N,34.500
FECHA-LEG,Análisis Legionella-Fecha de inicio,241684,02/10/2025,T,0.000
FECHA-LEG,Análisis Legionella-Fecha fin,241684,02/10/2025,T,0.000
M-026-NC1,Detección Legionella spp,241684,No detectado,O,0.000
PE-IL-CL,Cloro libre,241684,0.0,N,0.000
PE-IL-TEMP,Temperatura del agua,241684,50.4,N,50.400
PE-IL-CL,Cloro libre,241685,0.0,N,0.000
FECHA-LEG,Análisis Legionella-Fecha de inicio,241685,02/10/2025,T,0.000
FECHA-LEG,Análisis Legionella-Fecha fin,241685,02/10/2025,T,0.000
M-026-NC1,Detección Legionella spp,241685,No detectado,O,0.000
PE-IL-TEMP,Temperatura del agua,241685,33.4,N,33.400
PE-IL-TEMP,Temperatura del agua,241686,42.0,N,42.000
PE-IL-CL,Cloro libre,241686,0.0,N,0.000
M-026-NC1,Detección Legionella spp,241686,No detectado,O,0.000
FECHA-LEG,Análisis Legionella-Fecha fin,241686,02/10/2025,T,0.000
FECHA-LEG,Análisis Legionella-Fecha de inicio,241686,02/10/2025,T,0.000
PE-IL-CL,Cloro libre,241687,0.0,N,0.000
M-026-NC1,Detección Legionella spp,241687,No detectado,O,0.000
FECHA-LEG,Análisis Legionella-Fecha fin,241687,02/10/2025,T,0.000
PE-IL-TEMP,Temperatura del agua,241687,57,N,57.000
FECHA-LEG,Análisis Legionella-Fecha de inicio,241687,02/10/2025,T,0.000
FECHA-LEG,Análisis Legionella-Fecha fin,241688,02/10/2025,T,0.000
M-026-NC1,Detección Legionella spp,241688,No detectado,O,0.000
PE-IL-CL,Cloro libre,241688,0.0,N,0.000
PE-IL-TEMP,Temperatura del agua,241688,32.5,N,32.500
FECHA-LEG,Análisis Legionella-Fecha de inicio,241688,02/10/2025,T,0.000
FECHA-LEG,Análisis Legionella-Fecha de inicio,241689,02/10/2025,T,0.000
FECHA-LEG,Análisis Legionella-Fecha fin,241689,02/10/2025,T,0.000
M-026-NC1,Detección Legionella spp,241689,Detectado,O,0.000
PE-IL-TEMP,Temperatura del agua,241689,24.3,N,24.300
PE-IL-CL,Cloro libre,241689,0.0,N,0.000
PE-IL-TEMP,Temperatura del agua,241690,36.9,N,36.900
FECHA-LEG,Análisis Legionella-Fecha fin,241690,02/10/2025,T,0.000
M-026-NC1,Detección Legionella spp,241690,No detectado,O,0.000
PE-IL-CL,Cloro libre,241690,0.0,N,0.000
FECHA-LEG,Análisis Legionella-Fecha de inicio,241690,02/10/2025,T,0.000
PE-IL-CL,Cloro libre,241701,0.0,N,0.000
M-026-NC1,Detección Legionella spp,241701,No detectado,O,0.000
FECHA-LEG,Análisis Legionella-Fecha fin,241701,03/10/2025,T,0.000
FECHA-LEG,Análisis Legionella-Fecha de inicio,241701,03/10/2025,T,0.000
PE-IL-TEMP,Temperatura del agua,241701,39.6,N,39.600
PE-IL-CL,Cloro libre,241702,0.0,N,0.000
M-026-NC1,Detección Legionella spp,241702,Detectado,O,0.000
FECHA-LEG,Análisis Legionella-Fecha fin,241702,03/10/2025,T,0.000
FECHA-LEG,Análisis Legionella-Fecha de inicio,241702,03/10/2025,T,0.000
PE-IL-TEMP,Temperatura del agua,241702,38.2,N,38.200
PE-IL-TEMP,Temperatura del agua,241703,34,N,34.000
PE-IL-CL,Cloro libre,241703,0.0,N,0.000
M-026-NC1,Detección Legionella spp,241703,No detectado,O,0.000
FECHA-LEG,Análisis Legionella-Fecha fin,241703,03/10/2025,T,0.000
FECHA-LEG,Análisis Legionella-Fecha de inicio,241703,03/10/2025,T,0.000
M-026-NC1,Detección Legionella spp,241704,Detectado,O,0.000
PE-IL-CL,Cloro libre,241704,0.0,N,0.000
FECHA-LEG,Análisis Legionella-Fecha fin,241704,03/10/2025,T,0.000
FECHA-LEG,Análisis Legionella-Fecha de inicio,241704,03/10/2025,T,0.000
PE-IL-TEMP,Temperatura del agua,241704,40,N,40.000
FECHA-LEG,Análisis Legionella-Fecha fin,241705,03/10/2025,T,0.000
PE-IL-CL,Cloro libre,241705,0.0,N,0.000
M-026-NC1,Detección Legionella spp,241705,No detectado,O,0.000
PE-IL-TEMP,Temperatura del agua,241705,43.9,N,43.900
FECHA-LEG,Análisis Legionella-Fecha de inicio,241705,03/10/2025,T,0.000
PE-IL-TEMP,Temperatura del agua,241706,32.3,N,32.300
PE-IL-CL,Cloro libre,241706,0.0,N,0.000
M-026-NC1,Detección Legionella spp,241706,No detectado,O,0.000
FECHA-LEG,Análisis Legionella-Fecha fin,241706,03/10/2025,T,0.000
FECHA-LEG,Análisis Legionella-Fecha de inicio,241706,03/10/2025,T,0.000
PE-IL-TEMP,Temperatura del agua,241707,56.2,N,56.200
PE-IL-CL,Cloro libre,241707,0.0,N,0.000
M-026-NC1,Detección Legionella spp,241707,No detectado,O,0.000
FECHA-LEG,Análisis Legionella-Fecha fin,241707,03/10/2025,T,0.000
FECHA-LEG,Análisis Legionella-Fecha de inicio,241707,03/10/2025,T,0.000
PE-IL-CL,Cloro libre,241708,0.0,N,0.000
M-026-NC1,Detección Legionella spp,241708,No detectado,O,0.000
FECHA-LEG,Análisis Legionella-Fecha fin,241708,03/10/2025,T,0.000
FECHA-LEG,Análisis Legionella-Fecha de inicio,241708,03/10/2025,T,0.000
PE-IL-TEMP,Temperatura del agua,241708,45.6,N,45.600
AMONI-CI-P,Amonio,241722,<0.15,N,0.000
THM-GCMS,Suma Trihalometanos,241722,50.1,N,50.060
D_CONDUCT,Conductividad a 20 ºC,241722,263,N,263.300
D_PH,pH,241722,7.9,N,7.930
D_TURBIDEZ,Turbidez,241722,<0.4,N,0.130
M-013-AC1,Recuento de enterococos intestinales,241722,0,N,0.000
M-016-AC1,Recuento de E. coli,241722,0,N,0.000
M-016-AC1,Recuento de bacterias coliformes,241722,0,N,0.000
M-030-AC1,Recuento C. perfringens (con esporas),241722,0,N,0.000
M-068-AC1,Microorganismos cultivables a 22 °C,241722,65,N,65.000
M-068-AC1,Microorganismos cultivables a 22 ºC,241722,6.5E+01,K,65.000
M-068-AC1,Recuento,241722,65,K,65.000
MET-POT-AC,Aluminio total,241722,80.5,N,80.450
MET-POT-AC,Antimonio total,241722,<1.0,N,0.020
MET-POT-AC,Arsénico total,241722,1.0,N,0.990
MET-POT-AC,Boro total,241722,<0.05,N,0.027
MET-POT-AC,Cadmio total,241722,<1.5,N,0.000
MET-POT-AC,Cobre total,241722,<0.05,N,0.017
MET-POT-AC,Cromo total,241722,<10.0,N,-0.010
MET-POT-AC,Hierro total,241722,11.4,N,11.430
MET-POT-AC,Manganeso total,241722,<10.0,N,1.390
MET-POT-AC,Niquel total,241722,<5.0,N,0.350
MET-POT-AC,Plomo total,241722,<1.0,N,0.260
MET-POT-AC,Selenio total,241722,<1.0,N,0.120
NA-CI-P,Sodio,241722,10.74,N,10.740
NTRAT-CI-P,Nitratos,241722,<1.00,N,0.510
NTRIT-CI-P,Nitritos,241722,<0.15,N,0.000
OXOANIONES,Bromato,241722,<2.5,N,0.000
OXOANIONES,Clorato,241722,<0.025,N,0.000
OXOANIONES,Clorito,241722,<0.025,N,0.000
PE-IL-CL,Cloro libre,241722,0.1,N,0.070
SULFA-CI-P,Sulfatos,241722,18.6,N,18.630
THM-GCMS,Bromodiclorometano,241722,12.3,N,12.342
THM-GCMS,Bromoformo,241722,<5.0,N,0.818
THM-GCMS,Cloroformo,241722,31.5,N,31.535
THM-GCMS,Dibromoclorometano,241722,5.4,N,5.363
CLORU-CI-P,Cloruros,241722,15.93,N,15.930
SULFA-CI-P,Sulfatos,241723,18.5,N,18.450
THM-GCMS,Bromodiclorometano,241723,11.3,N,11.336
THM-GCMS,Bromoformo,241723,<5.0,N,0.000
THM-GCMS,Cloroformo,241723,29.2,N,29.165
THM-GCMS,Dibromoclorometano,241723,<5.0,N,4.870
THM-GCMS,Suma Trihalometanos,241723,45.4,N,45.370
AMONI-CI-P,Amonio,241723,<0.15,N,0.000
CLORU-CI-P,Cloruros,241723,15.44,N,15.440
D_CONDUCT,Conductividad a 20 ºC,241723,264,N,263.800
D_PH,pH,241723,7.9,N,7.890
D_TURBIDEZ,Turbidez,241723,<0.4,N,0.140
M-013-AC1,Recuento de enterococos intestinales,241723,0,N,0.000
M-016-AC1,Recuento de E. coli,241723,0,N,0.000
M-016-AC1,Recuento de bacterias coliformes,241723,0,N,0.000
M-030-AC1,Recuento C. perfringens (con esporas),241723,0,N,0.000
M-068-AC1,Microorganismos cultivables a 22 °C,241723,<1,N,1.000
M-068-AC1,Microorganismos cultivables a 22 ºC,241723,0.0,K,0.000
M-068-AC1,Recuento,241723,0,K,0.000
MET-POT-AC,Aluminio total,241723,92.0,N,91.950
MET-POT-AC,Antimonio total,241723,<1.0,N,0.020
MET-POT-AC,Arsénico total,241723,1.0,N,1.010
MET-POT-AC,Boro total,241723,<0.05,N,0.026
MET-POT-AC,Cadmio total,241723,<1.5,N,0.000
MET-POT-AC,Cobre total,241723,<0.05,N,0.002
MET-POT-AC,Cromo total,241723,<10.0,N,0.000
MET-POT-AC,Hierro total,241723,<10.0,N,5.190
MET-POT-AC,Manganeso total,241723,<10.0,N,1.150
MET-POT-AC,Niquel total,241723,<5.0,N,0.410
MET-POT-AC,Plomo total,241723,<1.0,N,0.090
MET-POT-AC,Selenio total,241723,<1.0,N,0.070
NA-CI-P,Sodio,241723,10.64,N,10.637
NTRAT-CI-P,Nitratos,241723,<1.00,N,0.480
NTRIT-CI-P,Nitritos,241723,<0.15,N,0.000
OXOANIONES,Bromato,241723,<2.5,N,0.000
OXOANIONES,Clorato,241723,<0.025,N,0.000
OXOANIONES,Clorito,241723,<0.025,N,0.000
PE-IL-CL,Cloro libre,241723,0.2,N,0.150
AMONI-CI-P,Amonio,241724,<0.15,N,0.000
CLORU-CI-P,Cloruros,241724,15.58,N,15.580
D_CONDUCT,Conductividad a 20 ºC,241724,264,N,263.600
D_PH,pH,241724,7.9,N,7.850
D_TURBIDEZ,Turbidez,241724,<0.4,N,0.120
M-013-AC1,Recuento de enterococos intestinales,241724,0,N,0.000
M-016-AC1,Recuento de E. coli,241724,0,N,0.000
M-016-AC1,Recuento de bacterias coliformes,241724,0,N,0.000
M-030-AC1,Recuento C. perfringens (con esporas),241724,0,N,0.000
M-068-AC1,Microorganismos cultivables a 22 °C,241724,270,N,270.000
M-068-AC1,Microorganismos cultivables a 22 ºC,241724,2.7E+02,K,270.000
M-068-AC1,Recuento,241724,272,K,272.000
MET-POT-AC,Aluminio total,241724,87.3,N,87.280
MET-POT-AC,Antimonio total,241724,<1.0,N,0.020
MET-POT-AC,Arsénico total,241724,1.1,N,1.100
MET-POT-AC,Boro total,241724,<0.05,N,0.029
MET-POT-AC,Niquel total,241724,<5.0,N,0.420
MET-POT-AC,Plomo total,241724,<1.0,N,0.170
MET-POT-AC,Selenio total,241724,<1.0,N,0.310
NA-CI-P,Sodio,241724,10.75,N,10.751
NTRAT-CI-P,Nitratos,241724,<1.00,N,0.480
NTRIT-CI-P,Nitritos,241724,<0.15,N,0.000
OXOANIONES,Bromato,241724,<2.5,N,0.000
OXOANIONES,Clorato,241724,<0.025,N,0.000
OXOANIONES,Clorito,241724,<0.025,N,0.000
PE-IL-CL,Cloro libre,241724,0.9,N,0.880
SULFA-CI-P,Sulfatos,241724,18.3,N,18.340
THM-GCMS,Bromodiclorometano,241724,12.8,N,12.771
THM-GCMS,Bromoformo,241724,<5.0,N,0.805
THM-GCMS,Cloroformo,241724,32.0,N,31.982
THM-GCMS,Dibromoclorometano,241724,5.2,N,5.153
THM-GCMS,Suma Trihalometanos,241724,50.7,N,50.710
MET-POT-AC,Cadmio total,241724,<1.5,N,0.000
MET-POT-AC,Cobre total,241724,<0.05,N,0.041
MET-POT-AC,Cromo total,241724,<10.0,N,-0.010
MET-POT-AC,Hierro total,241724,<10.0,N,5.120
MET-POT-AC,Manganeso total,241724,<10.0,N,0.540
M-068-AC1,Recuento,241725,0,K,0.000
THM-GCMS,Suma Trihalometanos,241725,50.6,N,50.590
MET-POT-AC,Aluminio total,241725,131.6,N,131.580
MET-POT-AC,Antimonio total,241725,<1.0,N,0.070
MET-POT-AC,Arsénico total,241725,1.0,N,0.950
MET-POT-AC,Boro total,241725,<0.05,N,0.039
MET-POT-AC,Cadmio total,241725,<1.5,N,0.020
MET-POT-AC,Cobre total,241725,<0.05,N,0.007
MET-POT-AC,Cromo total,241725,<10.0,N,0.050
MET-POT-AC,Hierro total,241725,10.2,N,10.200
MET-POT-AC,Manganeso total,241725,<10.0,N,2.390
MET-POT-AC,Niquel total,241725,<5.0,N,0.510
MET-POT-AC,Plomo total,241725,<1.0,N,0.580
MET-POT-AC,Selenio total,241725,<1.0,N,0.120
NA-CI-P,Sodio,241725,10.75,N,10.754
NTRAT-CI-P,Nitratos,241725,<1.00,N,0.490
NTRIT-CI-P,Nitritos,241725,<0.15,N,0.000
OXOANIONES,Bromato,241725,<2.5,N,0.000
OXOANIONES,Clorato,241725,<0.025,N,0.000
OXOANIONES,Clorito,241725,<0.025,N,0.000
PE-IL-CL,Cloro libre,241725,0.1,N,0.060
SULFA-CI-P,Sulfatos,241725,18.4,N,18.440
THM-GCMS,Bromodiclorometano,241725,12.0,N,12.016
THM-GCMS,Bromoformo,241725,<5.0,N,0.761
THM-GCMS,Cloroformo,241725,32.8,N,32.845
THM-GCMS,Dibromoclorometano,241725,5.0,N,4.965
AMONI-CI-P,Amonio,241725,<0.15,N,0.000
CLORU-CI-P,Cloruros,241725,15.62,N,15.620
D_CONDUCT,Conductividad a 20 ºC,241725,261,N,260.600
D_PH,pH,241725,7.9,N,7.890
D_TURBIDEZ,Turbidez,241725,<0.4,N,0.150
M-013-AC1,Recuento de enterococos intestinales,241725,0,N,0.000
M-016-AC1,Recuento de E. coli,241725,0,N,0.000
M-016-AC1,Recuento de bacterias coliformes,241725,0,N,0.000
M-030-AC1,Recuento C. perfringens (con esporas),241725,0,N,0.000
M-068-AC1,Microorganismos cultivables a 22 °C,241725,<1,N,1.000
M-068-AC1,Microorganismos cultivables a 22 ºC,241725,0.0,K,0.000
THM-GCMS,Dibromoclorometano,241726,<5.0,N,4.296
D_PH,pH,241726,7.9,N,7.880
PE-IL-CL,Cloro libre,241726,0.1,N,0.100
SULFA-CI-P,Sulfatos,241726,18.5,N,18.460
THM-GCMS,Bromodiclorometano,241726,11.9,N,11.859
THM-GCMS,Bromoformo,241726,<5.0,N,0.000
THM-GCMS,Cloroformo,241726,31.2,N,31.178
D_TURBIDEZ,Turbidez,241726,<0.4,N,0.150
M-013-AC1,Recuento de enterococos intestinales,241726,0,N,0.000
M-016-AC1,Recuento de E. coli,241726,0,N,0.000
M-016-AC1,Recuento de bacterias coliformes,241726,0,N,0.000
M-030-AC1,Recuento C. perfringens (con esporas),241726,0,N,0.000
M-068-AC1,Microorganismos cultivables a 22 ºC,241726,1.0,K,1.000
M-068-AC1,Recnto. microorg. cultivables a 22 °C,241726,Presencia /ml,O,0.000
M-068-AC1,Recuento,241726,1,K,1.000
MET-POT-AC,Aluminio total,241726,85.0,N,85.010
MET-POT-AC,Antimonio total,241726,<1.0,N,0.060
MET-POT-AC,Arsénico total,241726,1.0,N,1.000
MET-POT-AC,Boro total,241726,<0.05,N,0.028
MET-POT-AC,Cadmio total,241726,<1.5,N,0.010
MET-POT-AC,Cobre total,241726,<0.05,N,0.001
MET-POT-AC,Cromo total,241726,<10.0,N,0.010
MET-POT-AC,Hierro total,241726,18.4,N,18.420
MET-POT-AC,Manganeso total,241726,<10.0,N,1.900
MET-POT-AC,Niquel total,241726,<5.0,N,0.430
MET-POT-AC,Plomo total,241726,<1.0,N,0.450
MET-POT-AC,Selenio total,241726,<1.0,N,0.200
NA-CI-P,Sodio,241726,10.62,N,10.616
NTRAT-CI-P,Nitratos,241726,<1.00,N,0.540
NTRIT-CI-P,Nitritos,241726,<0.15,N,0.000
OXOANIONES,Bromato,241726,<2.5,N,0.000
OXOANIONES,Clorato,241726,<0.025,N,0.000
OXOANIONES,Clorito,241726,<0.025,N,0.000
AMONI-CI-P,Amonio,241726,<0.15,N,0.062
CLORU-CI-P,Cloruros,241726,15.47,N,15.470
D_CONDUCT,Conductividad a 20 ºC,241726,265,N,264.800
THM-GCMS,Suma Trihalometanos,241726,48.0,N,47.960
AMONI-CI-P,Amonio,241727,<0.15,N,0.000
M-016-AC1,Recuento de E. coli,241727,0,N,0.000
D_CONDUCT,Conductividad a 20 ºC,241727,263,N,262.700
D_PH,pH,241727,7.9,N,7.920
D_TURBIDEZ,Turbidez,241727,<0.4,N,0.150
M-016-AC1,Recuento de bacterias coliformes,241727,0,N,0.000
M-030-AC1,Recuento C. perfringens (con esporas),241727,0,N,0.000
M-068-AC1,Microorganismos cultivables a 22 °C,241727,<1,N,1.000
M-068-AC1,Microorganismos cultivables a 22 ºC,241727,0.0,K,0.000
M-068-AC1,Recuento,241727,0,K,0.000
MET-POT-AC,Aluminio total,241727,88.1,N,88.060
MET-POT-AC,Antimonio total,241727,<1.0,N,0.040
MET-POT-AC,Arsénico total,241727,1.0,N,1.020
MET-POT-AC,Boro total,241727,<0.05,N,0.026
MET-POT-AC,Cadmio total,241727,<1.5,N,0.000
MET-POT-AC,Cobre total,241727,<0.05,N,0.001
MET-POT-AC,Cromo total,241727,<10.0,N,-0.030
MET-POT-AC,Hierro total,241727,<10.0,N,4.710
MET-POT-AC,Manganeso total,241727,<10.0,N,2.210
MET-POT-AC,Niquel total,241727,<5.0,N,0.310
MET-POT-AC,Plomo total,241727,<1.0,N,0.020
MET-POT-AC,Selenio total,241727,<1.0,N,0.200
NA-CI-P,Sodio,241727,10.72,N,10.722
NTRAT-CI-P,Nitratos,241727,<1.00,N,0.530
NTRIT-CI-P,Nitritos,241727,<0.15,N,0.000
OXOANIONES,Bromato,241727,<2.5,N,0.000
OXOANIONES,Clorato,241727,<0.025,N,0.000
OXOANIONES,Clorito,241727,<0.025,N,0.000
PE-IL-CL,Cloro libre,241727,0.4,N,0.410
SULFA-CI-P,Sulfatos,241727,18.5,N,18.470
THM-GCMS,Bromodiclorometano,241727,13.1,N,13.062
THM-GCMS,Bromoformo,241727,<5.0,N,0.000
THM-GCMS,Cloroformo,241727,34.8,N,34.791
THM-GCMS,Dibromoclorometano,241727,5.3,N,5.296
THM-GCMS,Suma Trihalometanos,241727,53.2,N,53.150
M-013-AC1,Recuento de enterococos intestinales,241727,0,N,0.000
CLORU-CI-P,Cloruros,241727,15.67,N,15.670
M-068-AC1,Microorganismos cultivables a 22 °C,241728,<1,N,1.000
M-068-AC1,Microorganismos cultivables a 22 ºC,241728,0.0,K,0.000
M-068-AC1,Recuento,241728,0,K,0.000
MET-POT-AC,Aluminio total,241728,136.1,N,136.120
MET-POT-AC,Antimonio total,241728,<1.0,N,0.040
MET-POT-AC,Arsénico total,241728,1.1,N,1.090
MET-POT-AC,Boro total,241728,<0.05,N,0.027
MET-POT-AC,Cadmio total,241728,<1.5,N,0.000
MET-POT-AC,Cobre total,241728,<0.05,N,0.002
MET-POT-AC,Cromo total,241728,<10.0,N,0.010
MET-POT-AC,Hierro total,241728,12.6,N,12.570
MET-POT-AC,Manganeso total,241728,<10.0,N,9.690
MET-POT-AC,Niquel total,241728,<5.0,N,0.740
MET-POT-AC,Plomo total,241728,<1.0,N,0.140
MET-POT-AC,Selenio total,241728,<1.0,N,0.150
NA-CI-P,Sodio,241728,10.68,N,10.682
NTRAT-CI-P,Nitratos,241728,<1.00,N,0.490
NTRIT-CI-P,Nitritos,241728,<0.15,N,0.000
OXOANIONES,Bromato,241728,<2.5,N,0.000
OXOANIONES,Clorato,241728,<0.025,N,0.000
OXOANIONES,Clorito,241728,<0.025,N,0.000
PE-IL-CL,Cloro libre,241728,0.7,N,0.670
SULFA-CI-P,Sulfatos,241728,18.4,N,18.420
THM-GCMS,Bromodiclorometano,241728,12.6,N,12.642
THM-GCMS,Bromoformo,241728,<5.0,N,0.758
THM-GCMS,Cloroformo,241728,34.1,N,34.127
THM-GCMS,Dibromoclorometano,241728,5.1,N,5.077
THM-GCMS,Suma Trihalometanos,241728,52.6,N,52.600
AMONI-CI-P,Amonio,241728,<0.15,N,0.000
CLORU-CI-P,Cloruros,241728,15.61,N,15.610
D_CONDUCT,Conductividad a 20 ºC,241728,262,N,262.200
D_PH,pH,241728,7.9,N,7.850
D_TURBIDEZ,Turbidez,241728,0.4,N,0.370
M-013-AC1,Recuento de enterococos intestinales,241728,0,N,0.000
M-016-AC1,Recuento de E. coli,241728,0,N,0.000
M-016-AC1,Recuento de bacterias coliformes,241728,0,N,0.000
M-030-AC1,Recuento C. perfringens (con esporas),241728,0,N,0.000
MET-POT-AC,Cromo total,241729,<10.0,N,0.000
MET-POT-AC,Cobre total,241729,<0.05,N,0.004
MET-POT-AC,Manganeso total,241729,<10.0,N,0.680
MET-POT-AC,Niquel total,241729,<5.0,N,0.470
MET-POT-AC,Plomo total,241729,<1.0,N,0.110
MET-POT-AC,Selenio total,241729,<1.0,N,0.360
NA-CI-P,Sodio,241729,11.64,N,11.642
NTRAT-CI-P,Nitratos,241729,<1.00,N,0.510
NTRIT-CI-P,Nitritos,241729,<0.15,N,0.000
OXOANIONES,Bromato,241729,<2.5,N,0.000
OXOANIONES,Clorato,241729,<0.025,N,0.000
OXOANIONES,Clorito,241729,<0.025,N,0.000
PE-IL-CL,Cloro libre,241729,0.0,N,0.000
SULFA-CI-P,Sulfatos,241729,18.4,N,18.370
THM-GCMS,Bromodiclorometano,241729,13.2,N,13.226
THM-GCMS,Bromoformo,241729,<5.0,N,0.000
THM-GCMS,Cloroformo,241729,38.3,N,38.251
THM-GCMS,Dibromoclorometano,241729,5.4,N,5.357
THM-GCMS,Suma Trihalometanos,241729,56.8,N,56.830
AMONI-CI-P,Amonio,241729,<0.15,N,0.000
CLORU-CI-P,Cloruros,241729,16.95,N,16.950
D_CONDUCT,Conductividad a 20 ºC,241729,276,N,276.400
D_PH,pH,241729,8.0,N,7.960
D_TURBIDEZ,Turbidez,241729,<0.4,N,0.110
M-013-AC1,Recuento de enterococos intestinales,241729,0,N,0.000
M-016-AC1,Recuento de E. coli,241729,0,N,0.000
M-016-AC1,Recuento de bacterias coliformes,241729,0,N,0.000
M-030-AC1,Recuento C. perfringens (con esporas),241729,0,N,0.000
M-068-AC1,Microorganismos cultivables a 22 ºC,241729,5.0,K,5.000
M-068-AC1,Recnto. microorg. cultivables a 22 °C,241729,Estimado 5 ufc/ ml,O,0.000
M-068-AC1,Recuento,241729,5,K,5.000
MET-POT-AC,Aluminio total,241729,79.1,N,79.090
MET-POT-AC,Antimonio total,241729,<1.0,N,0.030
MET-POT-AC,Arsénico total,241729,1.1,N,1.080
MET-POT-AC,Boro total,241729,<0.05,N,0.028
MET-POT-AC,Cadmio total,241729,<1.5,N,0.000
MET-POT-AC,Hierro total,241729,<10.0,N,4.810
PE-IL-TEMP,Temperatura del agua,241747,36.6,N,36.600
M-021,Recuento transformado,241747,1.1E+01,K,11.000
M-021,Recuento de Legionella pneumophila,241747,11,N,11.000
M-021,Recuento,241747,11,N,11.000
PE-IL-CL,Cloro libre,241747,0.0,N,0.030
D_PH,pH,241748,7.7,N,7.690
D_TURBIDEZ,Turbidez,241748,<0.4,N,0.110
FECHA-LEG,Análisis Legionella-Fecha de inicio,241748,08/10/2025,T,0.000
FECHA-LEG,Análisis Legionella-Fecha fin,241748,15/10/2025,T,0.000
M-016-AC1,Recuento de E. coli,241748,0,N,0.000
M-016-AC1,Recuento de bacterias coliformes,241748,0,N,0.000
M-021,Recuento,241748,0,N,0.000
M-021,Recuento de Legionella pneumophila,241748,<10,N,10.000
M-021,Recuento transformado,241748,0.0,K,0.000
M-068-AC1,Microorganismos cultivables a 22 °C,241748,<1,N,1.000
M-068-AC1,Microorganismos cultivables a 22 ºC,241748,0.0,K,0.000
M-068-AC1,Recuento,241748,0,K,0.000
D_CONDUCT,Conductividad a 20 ºC,241748,264,N,264.000
PE-IL-TEMP,Temperatura del agua,241748,20.4,N,20.400
PE-IL-CL,Cloro libre,241748,0.0,N,0.020
MET-GRF-AC,Plomo total,241748,<1.0,N,0.200
MET-GRF-AC,Niquel total,241748,<5.0,N,0.790
MET-GRF-AC,Hierro total,241748,<10.0,N,5.700
MET-GRF-AC,Aluminio total,241748,92.8,N,92.780
MET-GRF-AC,Cobre total,241748,<0.05,N,0.026
MET-GRF-AC,Cromo total,241748,<10.0,N,0.010
M-068-AC1,Microorganismos cultivables a 22 ºC,241749,2.0,K,2.000
M-068-AC1,Recnto. microorg. cultivables a 22 °C,241749,Presencia / ml,O,0.000
M-068-AC1,Recuento,241749,2,K,2.000
MET-GRF-AC,Aluminio total,241749,101.9,N,101.940
PE-IL-TEMP,Temperatura del agua,241749,19.1,N,19.100
MET-GRF-AC,Cobre total,241749,<0.05,N,0.002
MET-GRF-AC,Cromo total,241749,<10.0,N,0.010
MET-GRF-AC,Hierro total,241749,<10.0,N,8.770
MET-GRF-AC,Niquel total,241749,<5.0,N,0.440
MET-GRF-AC,Plomo total,241749,<1.0,N,0.260
PE-IL-CL,Cloro libre,241749,0.0,N,0.020
D_CONDUCT,Conductividad a 20 ºC,241749,262,N,261.500
D_PH,pH,241749,7.7,N,7.730
D_TURBIDEZ,Turbidez,241749,<0.4,N,0.110
FECHA-LEG,Análisis Legionella-Fecha de inicio,241749,08/10/2025,T,0.000
FECHA-LEG,Análisis Legionella-Fecha fin,241749,15/10/2025,T,0.000
M-016-AC1,Recuento de E. coli,241749,0,N,0.000
M-016-AC1,Recuento de bacterias coliformes,241749,0,N,0.000
M-021,Recuento,241749,0,N,0.000
M-021,Recuento de Legionella pneumophila,241749,<10,N,10.000
M-021,Recuento transformado,241749,0.0,K,0.000
MET-GRF-AC,Aluminio total,241750,76.1,N,76.100
MET-GRF-AC,Cromo total,241750,<10.0,N,0.020
MET-GRF-AC,Hierro total,241750,<10.0,N,8.730
MET-GRF-AC,Niquel total,241750,<5.0,N,3.490
MET-GRF-AC,Plomo total,241750,<1.0,N,0.200
PE-IL-CL,Cloro libre,241750,0.1,N,0.120
PE-IL-TEMP,Temperatura del agua,241750,14.4,N,14.400
D_CONDUCT,Conductividad a 20 ºC,241750,274,N,273.800
D_PH,pH,241750,7.9,N,7.880
D_TURBIDEZ,Turbidez,241750,<0.4,N,0.120
FECHA-LEG,Análisis Legionella-Fecha de inicio,241750,08/10/2025,T,0.000
FECHA-LEG,Análisis Legionella-Fecha fin,241750,15/10/2025,T,0.000
M-016-AC1,Recuento de E. coli,241750,0,N,0.000
M-016-AC1,Recuento de bacterias coliformes,241750,0,N,0.000
M-021,Recuento,241750,534,N,534.000
M-021,Recuento de Legionella pneumophila,241750,5.3E+02,N,530.000
M-021,Recuento transformado,241750,5.3E+02,K,530.000
M-068-AC1,Microorganismos cultivables a 22 ºC,241750,3.0,K,3.000
M-068-AC1,Recnto. microorg. cultivables a 22 °C,241750,Estimado 3 ufc/ ml,O,0.000
M-068-AC1,Recuento,241750,3,K,3.000
MET-GRF-AC,Cobre total,241750,0.07,N,0.072
D_CONDUCT,Conductividad a 20 ºC,241751,262,N,261.700
D_PH,pH,241751,7.8,N,7.750
D_TURBIDEZ,Turbidez,241751,<0.4,N,0.100
FECHA-LEG,Análisis Legionella-Fecha de inicio,241751,08/10/2025,T,0.000
FECHA-LEG,Análisis Legionella-Fecha fin,241751,15/10/2025,T,0.000
M-016-AC1,Recuento de E. coli,241751,0,N,0.000
M-016-AC1,Recuento de bacterias coliformes,241751,0,N,0.000
M-021,Recuento,241751,0,N,0.000
M-021,Recuento de Legionella pneumophila,241751,<10,N,10.000
M-021,Recuento transformado,241751,0.0,K,0.000
M-068-AC1,Microorganismos cultivables a 22 ºC,241751,2.0,K,2.000
M-068-AC1,Recnto. microorg. cultivables a 22 °C,241751,Presencia / ml,O,0.000
M-068-AC1,Recuento,241751,2,K,2.000
MET-GRF-AC,Aluminio total,241751,102.8,N,102.800
MET-GRF-AC,Cobre total,241751,<0.05,N,0.002
MET-GRF-AC,Cromo total,241751,<10.0,N,0.000
MET-GRF-AC,Hierro total,241751,<10.0,N,4.450
MET-GRF-AC,Niquel total,241751,<5.0,N,0.370
MET-GRF-AC,Plomo total,241751,<1.0,N,0.090
PE-IL-CL,Cloro libre,241751,0.2,N,0.200
PE-IL-TEMP,Temperatura del agua,241751,19.1,N,19.100
M-021,Recuento transformado,241752,0.0,K,0.000
M-068-AC1,Microorganismos cultivables a 22 °C,241752,9,N,9.000
M-068-AC1,Microorganismos cultivables a 22 ºC,241752,9.0,K,9.000
M-068-AC1,Recuento,241752,9,K,9.000
MET-GRF-AC,Aluminio total,241752,93.5,N,93.520
MET-GRF-AC,Cobre total,241752,<0.05,N,0.019
MET-GRF-AC,Cromo total,241752,<10.0,N,0.010
MET-GRF-AC,Hierro total,241752,<10.0,N,7.270
MET-GRF-AC,Niquel total,241752,<5.0,N,1.480
MET-GRF-AC,Plomo total,241752,<1.0,N,0.150
PE-IL-CL,Cloro libre,241752,0.1,N,0.070
PE-IL-TEMP,Temperatura del agua,241752,17.6,N,17.600
D_CONDUCT,Conductividad a 20 ºC,241752,262,N,262.100
D_PH,pH,241752,7.7,N,7.670
D_TURBIDEZ,Turbidez,241752,<0.4,N,0.100
FECHA-LEG,Análisis Legionella-Fecha de inicio,241752,08/10/2025,T,0.000
FECHA-LEG,Análisis Legionella-Fecha fin,241752,15/10/2025,T,0.000
M-016-AC1,Recuento de E. coli,241752,0,N,0.000
M-016-AC1,Recuento de bacterias coliformes,241752,0,N,0.000
M-021,Recuento,241752,0,N,0.000
M-021,Recuento de Legionella pneumophila,241752,<10,N,10.000
M-033-AC1,Recnto. Legionella spp,241753,Presencia /L,O,0.000
FECHA-LEG,Análisis Legionella-Fecha fin,241753,20/10/2025,T,0.000
FECHA-LEG,Análisis Legionella-Fecha de inicio,241753,10/10/2025,T,0.000
PE-IL-TEMP,Temperatura del agua,241753,20.1,N,20.100
M-033-AC1,Recuento transformado,241753,1.0E+02,K,100.000
M-033-AC1,Legionella volumen filtrado,241753,1,N,1.000
M-033-AC3,Identificación de L. pneumophila sr 1,241753,Detectado,O,0.000
M-033-AC3,Identificación de L. pneumophila sr 2-14,241753,No detectado,O,0.000
M-033-AC3,Identificación de Legionella otras spp,241753,No detectado,O,0.000
PE-IL-CL,Cloro libre,241753,0.0,N,0.000
M-033-AC1,Recuento,241753,100,N,100.000
M-033-AC1,Legionella spp - Recuento,241754,>3.0E+04,N,30000.000
FECHA-LEG,Análisis Legionella-Fecha fin,241754,20/10/2025,T,0.000
FECHA-LEG,Análisis Legionella-Fecha de inicio,241754,10/10/2025,T,0.000
M-033-AC1,Recuento,241754,>30000,N,30000.000
PE-IL-TEMP,Temperatura del agua,241754,34.5,N,34.500
PE-IL-CL,Cloro libre,241754,0.1,N,0.100
M-033-AC3,Identificación de Legionella otras spp,241754,No detectado,O,0.000
M-033-AC3,Identificación de L. pneumophila sr 2-14,241754,Detectado,O,0.000
M-033-AC3,Identificación de L. pneumophila sr 1,241754,No detectado,O,0.000
M-033-AC1,Legionella volumen filtrado,241754,1,N,1.000
M-033-AC1,Recuento transformado,241754,3.0E+04,K,30000.000
FECHA-LEG,Análisis Legionella-Fecha de inicio,241755,10/10/2025,T,0.000
FECHA-LEG,Análisis Legionella-Fecha fin,241755,20/10/2025,T,0.000
M-033-AC1,Legionella spp - Recuento,241755,>3.E+04,N,30000.000
PE-IL-TEMP,Temperatura del agua,241755,37.0,N,37.000
M-033-AC3,Identificación de Legionella otras spp,241755,No detectado,O,0.000
M-033-AC3,Identificación de L. pneumophila sr 2-14,241755,Detectado,O,0.000
M-033-AC3,Identificación de L. pneumophila sr 1,241755,No detectado,O,0.000
M-033-AC1,Legionella volumen filtrado,241755,1,N,1.000
M-033-AC1,Recuento transformado,241755,3.0E+04,K,30000.000
M-033-AC1,Recuento,241755,>30000,N,30000.000
PE-IL-CL,Cloro libre,241755,0.1,N,0.120
FECHA-LEG,Análisis Legionella-Fecha de inicio,241955,15/10/2025,T,0.000
PE-IL-TEMP,Temperatura del agua,241955,48,N,48.000
PE-IL-CL,Cloro libre,241955,0.3,N,0.260
M-026-NC1,Detección Legionella spp,241955,No detectado,O,0.000
FECHA-LEG,Análisis Legionella-Fecha fin,241955,15/10/2025,T,0.000
FECHA-LEG,Análisis Legionella-Fecha de inicio,241956,15/10/2025,T,0.000
PE-IL-TEMP,Temperatura del agua,241956,46.8,N,46.800
FECHA-LEG,Análisis Legionella-Fecha fin,241956,15/10/2025,T,0.000
PE-IL-CL,Cloro libre,241956,0.2,N,0.200
M-026-NC1,Detección Legionella spp,241956,No detectado,O,0.000
PE-IL-TEMP,Temperatura del agua,241957,47.3,N,47.300
M-026-NC1,Detección Legionella spp,241957,Detectado,O,0.000
PE-IL-CL,Cloro libre,241957,0.3,N,0.270
FECHA-LEG,Análisis Legionella-Fecha fin,241957,15/10/2025,T,0.000
FECHA-LEG,Análisis Legionella-Fecha de inicio,241957,15/10/2025,T,0.000
PE-IL-TEMP,Temperatura del agua,241966,62.0,N,62.000
PE-IL-CL,Cloro libre,241966,0.0,N,0.000
M-021,Recuento transformado,241966,1.0E+01,K,10.000
M-021,Recuento de Legionella pneumophila,241966,<10,N,10.000
M-021,Recuento,241966,<10,N,10.000
M-021,Recuento,241967,<10,N,10.000
M-021,Recuento de Legionella pneumophila,241967,<10,N,10.000
PE-IL-TEMP,Temperatura del agua,241967,58,N,58.000
PE-IL-CL,Cloro libre,241967,0.0,N,0.000
M-021,Recuento transformado,241967,1.0E+01,K,10.000
M-021,Recuento,241968,<10,N,10.000
M-021,Recuento de Legionella pneumophila,241968,<10,N,10.000
M-021,Recuento transformado,241968,1.0E+01,K,10.000
PE-IL-CL,Cloro libre,241968,0.0,N,0.000
PE-IL-TEMP,Temperatura del agua,241968,52.8,N,52.800
PE-IL-CL,Cloro libre,241969,0.0,N,0.000
M-021,Recuento transformado,241969,1.0E+01,K,10.000
PE-IL-TEMP,Temperatura del agua,241969,55.5,N,55.500
M-021,Recuento,241969,10,N,10.000
M-021,Recuento de Legionella pneumophila,241969,10,N,10.000
PE-IL-CL,Cloro libre,241970,0.0,N,0.000
M-021,Recuento transformado,241970,5.2E+01,K,52.000
M-021,Recuento de Legionella pneumophila,241970,52,N,52.000
PE-IL-TEMP,Temperatura del agua,241970,53.8,N,53.800
M-021,Recuento,241970,52,N,52.000
PE-IL-CL,Cloro libre,241971,0.0,N,0.000
M-021,Recuento transformado,241971,5.2E+01,K,52.000
M-021,Recuento de Legionella pneumophila,241971,52,N,52.000
M-021,Recuento,241971,52,N,52.000
PE-IL-TEMP,Temperatura del agua,241971,51.3,N,51.300
PE-IL-TEMP,Temperatura del agua,241972,44,N,44.000
M-021,Recuento,241972,<10,N,10.000
M-021,Recuento de Legionella pneumophila,241972,<10,N,10.000
M-021,Recuento transformado,241972,1.0E+01,K,10.000
PE-IL-CL,Cloro libre,241972,0.0,N,0.040
PE-IL-TEMP,Temperatura del agua,241973,48.9,N,48.900
PE-IL-CL,Cloro libre,241973,0.0,N,0.020
M-021,Recuento transformado,241973,1.0E+01,K,10.000
M-021,Recuento de Legionella pneumophila,241973,<10,N,10.000
M-021,Recuento,241973,<10,N,10.000
PE-IL-TEMP,Temperatura del agua,241974,45.1,N,45.100
M-021,Recuento transformado,241974,1.0E+01,K,10.000
M-021,Recuento de Legionella pneumophila,241974,<10,N,10.000
M-021,Recuento,241974,<10,N,10.000
PE-IL-CL,Cloro libre,241974,0.1,N,0.080
PE-IL-TEMP,Temperatura del agua,242008,31.8,N,31.800
AMONI-CI-P,Amonio,242008,<0.15,N,0.000
M-034,Recuento de Pseudomonas aeruginosa,242008,<1,N,1.000
M-027,Recuento de bacterias coliformes,242008,1,N,1.000
M-027,Recuento de E. coli,242008,<1,N,1.000
M-019-AC1,Recuento de Estafilococos coagulasa +,242008,0,N,0.000
D_TURBIDEZ,Turbidez,242008,<0.4,N,0.220
D_PH,pH,242008,8.1,N,8.080
D_OXIDABIL,Oxidabilidad,242008,1.54,N,1.540
D_CONDUCT,Conductividad a 20 ºC,242008,457,N,457.200
PE-IL-CL,Cloro libre,242008,2.0,N,2.000
PE-IL-BR-1,Bromo,242009,1.00,N,1.000
PE-IL-TEMP,Temperatura del agua,242009,32.3,N,32.300
M-034,Recuento de Pseudomonas aeruginosa,242009,1,N,1.000
M-027,Recuento de bacterias coliformes,242009,<1,N,1.000
M-027,Recuento de E. coli,242009,<1,N,1.000
M-019-AC1,Recuento de Estafilococos coagulasa +,242009,11,N,11.000
D_TURBIDEZ,Turbidez,242009,1.1,N,1.060
D_PH,pH,242009,8.2,N,8.180
D_OXIDABIL,Oxidabilidad,242009,7.29,N,7.290
D_CONDUCT,Conductividad a 20 ºC,242009,520,N,520.200
AMONI-CI-P,Amonio,242009,1.64,N,1.640
AMONI-CI-P,Amonio,242010,<0.15,N,0.000
PE-IL-TEMP,Temperatura del agua,242010,32.1,N,32.100
D_OXIDABIL,Oxidabilidad,242010,1.08,N,1.080
D_PH,pH,242010,7.7,N,7.660
D_TURBIDEZ,Turbidez,242010,<0.4,N,0.300
M-019-AC1,Recuento de Estafilococos coagulasa +,242010,0,N,0.000
M-027,Recuento de E. coli,242010,<1,N,1.000
M-027,Recuento de bacterias coliformes,242010,<1,N,1.000
M-034,Recuento de Pseudomonas aeruginosa,242010,<1,N,1.000
PE-IL-CL,Cloro libre,242010,1.6,N,1.580
D_CONDUCT,Conductividad a 20 ºC,242010,1553,N,1553.000
AMONI-CI-P,Amonio,242011,<0.15,N,0.000
D_CONDUCT,Conductividad a 20 ºC,242011,1886,N,1886.000
D_OXIDABIL,Oxidabilidad,242011,1.46,N,1.460
D_PH,pH,242011,7.5,N,7.470
D_TURBIDEZ,Turbidez,242011,<0.4,N,0.130
M-019-AC1,Recuento de Estafilococos coagulasa +,242011,3,N,3.000
M-027,Recuento de E. coli,242011,<1,N,1.000
M-027,Recuento de bacterias coliformes,242011,5,N,5.000
M-034,Recuento de Pseudomonas aeruginosa,242011,<1,N,1.000
PE-IL-CL,Cloro libre,242011,1.2,N,1.230
PE-IL-TEMP,Temperatura del agua,242011,31.9,N,31.900
AMONI-CI-P,Amonio,242012,<0.15,N,0.000
PE-IL-TEMP,Temperatura del agua,242012,33.9,N,33.900
D_OXIDABIL,Oxidabilidad,242012,1.08,N,1.080
D_PH,pH,242012,7.8,N,7.840
D_TURBIDEZ,Turbidez,242012,<0.4,N,0.340
M-019-AC1,Recuento de Estafilococos coagulasa +,242012,2,N,2.000
M-027,Recuento de E. coli,242012,<1,N,1.000
M-027,Recuento de bacterias coliformes,242012,<1,N,1.000
M-034,Recuento de Pseudomonas aeruginosa,242012,<1,N,1.000
PE-IL-CL,Cloro libre,242012,0.4,N,0.380
D_CONDUCT,Conductividad a 20 ºC,242012,1297,N,1297.000
D_PH,pH,242013,7.6,N,7.570
D_TURBIDEZ,Turbidez,242013,<0.4,N,0.190
M-019-AC1,Recuento de Estafilococos coagulasa +,242013,0,N,0.000
M-027,Recuento de E. coli,242013,<1,N,1.000
M-027,Recuento de bacterias coliformes,242013,2,N,2.000
M-034,Recuento de Pseudomonas aeruginosa,242013,<1,N,1.000
PE-IL-CL,Cloro libre,242013,0.2,N,0.150
PE-IL-TEMP,Temperatura del agua,242013,31.9,N,31.900
AMONI-CI-P,Amonio,242013,<0.15,N,0.000
D_CONDUCT,Conductividad a 20 ºC,242013,573,N,572.600
D_OXIDABIL,Oxidabilidad,242013,0.83,N,0.830
AMONI-CI-P,Amonio,242014,<0.15,N,0.000
PE-IL-TEMP,Temperatura del agua,242014,33.9,N,33.900
D_OXIDABIL,Oxidabilidad,242014,1.17,N,1.170
D_PH,pH,242014,8.0,N,8.010
D_TURBIDEZ,Turbidez,242014,<0.4,N,0.180
M-019-AC1,Recnto. de Estafilococos coagulasa +,242014,no aceptable,O,0.000
M-027,Recuento de E. coli,242014,21,N,21.000
M-027,Recuento de bacterias coliformes,242014,62,N,62.000
M-034,Recuento de Pseudomonas aeruginosa,242014,5,N,5.000
PE-IL-CL,Cloro libre,242014,0.1,N,0.140
D_CONDUCT,Conductividad a 20 ºC,242014,885,N,885.200
M-019-AC1,Recuento de Estafilococos coagulasa +,242015,1,N,1.000
M-027,Recuento de E. coli,242015,<1,N,1.000
M-027,Recuento de bacterias coliformes,242015,<1,N,1.000
M-034,Recuento de Pseudomonas aeruginosa,242015,<1,N,1.000
PE-IL-CL,Cloro libre,242015,1.6,N,1.620
PE-IL-TEMP,Temperatura del agua,242015,35.7,N,35.700
AMONI-CI-P,Amonio,242015,<0.15,N,0.000
D_CONDUCT,Conductividad a 20 ºC,242015,1838,N,1838.000
D_OXIDABIL,Oxidabilidad,242015,2.25,N,2.250
D_PH,pH,242015,8.5,N,8.530
D_TURBIDEZ,Turbidez,242015,<0.4,N,0.170
AMONI-CI-P,Amonio,242016,<0.15,N,0.000
PE-IL-TEMP,Temperatura del agua,242016,14.2,N,14.200
D_OXIDABIL,Oxidabilidad,242016,1.54,N,1.540
D_PH,pH,242016,7.5,N,7.530
D_TURBIDEZ,Turbidez,242016,1.2,N,1.210
M-019-AC1,Recuento de Estafilococos coagulasa +,242016,0,N,0.000
M-027,Recuento de E. coli,242016,<1,N,1.000
M-027,Recuento de bacterias coliformes,242016,74,N,74.000
M-034,Recuento de Pseudomonas aeruginosa,242016,<1,N,1.000
PE-IL-CL,Cloro libre,242016,1.0,N,0.950
D_CONDUCT,Conductividad a 20 ºC,242016,962,N,961.800
AMONI-CI-P,Amonio,242017,<0.15,N,0.000
PE-IL-TEMP,Temperatura del agua,242017,33.1,N,33.100
D_OXIDABIL,Oxidabilidad,242017,8.25,N,8.250
D_PH,pH,242017,7.8,N,7.800
D_TURBIDEZ,Turbidez,242017,0.7,N,0.710
M-019-AC1,Recuento de Estafilococos coagulasa +,242017,0,N,0.000
M-027,Recuento de E. coli,242017,<1,N,1.000
M-027,Recuento de bacterias coliformes,242017,<1,N,1.000
M-034,Recuento de Pseudomonas aeruginosa,242017,<1,N,1.000
PE-IL-BR-1,Bromo,242017,4.50,N,4.500
D_CONDUCT,Conductividad a 20 ºC,242017,1016,N,1016.000
M-019-AC1,Recuento de Estafilococos coagulasa +,242018,0,N,0.000
M-027,Recuento de E. coli,242018,<1,N,1.000
M-027,Recuento de bacterias coliformes,242018,<1,N,1.000
M-034,Recuento de Pseudomonas aeruginosa,242018,<1,N,1.000
AMONI-CI-P,Amonio,242018,<0.15,N,0.000
D_OXIDABIL,Oxidabilidad,242018,0.83,N,0.830
D_TURBIDEZ,Turbidez,242018,<0.4,N,0.090
D_CONDUCT,Conductividad a 20 ºC,242018,<15,N,0.613
PE-IL-TEMP,Temperatura del agua,242053,63.5,N,63.500
PE-IL-CL,Cloro libre,242053,0.0,N,0.000
M-033-AC2,Legionella-Volumen filtrado,242053,1,N,1.000
M-033-AC2,Legionella-Limite detección ensayo,242053,25 ufc/L,O,0.000
M-033-AC2,Legionella spp - Recuento,242053,No detectado,O,0.000
FECHA-LEG,Análisis Legionella-Fecha fin,242053,03/11/2025,T,0.000
FECHA-LEG,Análisis Legionella-Fecha de inicio,242053,24/10/2025,T,0.000
PE-IL-CL,Cloro libre,242054,0.0,N,0.000
M-033-AC2,Legionella-Volumen filtrado,242054,1,N,1.000
M-033-AC2,Legionella-Limite detección ensayo,242054,25 ufc/L,O,0.000
PE-IL-TEMP,Temperatura del agua,242054,50.1,N,50.100
FECHA-LEG,Análisis Legionella-Fecha fin,242054,03/11/2025,T,0.000
FECHA-LEG,Análisis Legionella-Fecha de inicio,242054,24/10/2025,T,0.000
M-033-AC2,Legionella spp - Recuento,242054,No detectado,O,0.000
M-033-AC2,Legionella-Limite detección ensayo,242055,25 ufc/L,O,0.000
M-033-AC2,Legionella-Volumen filtrado,242055,1,N,1.000
PE-IL-CL,Cloro libre,242055,0.0,N,0.000
PE-IL-TEMP,Temperatura del agua,242055,51.7,N,51.700
FECHA-LEG,Análisis Legionella-Fecha de inicio,242055,24/10/2025,T,0.000
FECHA-LEG,Análisis Legionella-Fecha fin,242055,03/11/2025,T,0.000
M-033-AC2,Legionella spp - Recuento,242055,No detectado,O,0.000
PE-IL-CL,Cloro libre,242056,0.0,N,0.000
M-033-AC2,Legionella-Volumen filtrado,242056,1,N,1.000
M-033-AC2,Legionella-Limite detección ensayo,242056,25 ufc/L,O,0.000
M-033-AC2,Legionella spp - Recuento,242056,No detectado,O,0.000
PE-IL-TEMP,Temperatura del agua,242056,53.2,N,53.200
FECHA-LEG,Análisis Legionella-Fecha de inicio,242056,24/10/2025,T,0.000
FECHA-LEG,Análisis Legionella-Fecha fin,242056,03/11/2025,T,0.000
PE-IL-CL,Cloro libre,242057,0.0,N,0.000
M-033-AC2,Legionella-Volumen filtrado,242057,1,N,1.000
M-033-AC2,Legionella-Limite detección ensayo,242057,25 ufc/L,O,0.000
M-033-AC2,Legionella spp - Recuento,242057,No detectado,O,0.000
FECHA-LEG,Análisis Legionella-Fecha fin,242057,03/11/2025,T,0.000
FECHA-LEG,Análisis Legionella-Fecha de inicio,242057,24/10/2025,T,0.000
PE-IL-TEMP,Temperatura del agua,242057,57,N,57.000
PE-IL-TEMP,Temperatura del agua,242058,58.9,N,58.900
PE-IL-CL,Cloro libre,242058,0.0,N,0.000
M-033-AC2,Legionella-Volumen filtrado,242058,1,N,1.000
M-033-AC2,Legionella-Limite detección ensayo,242058,25 ufc/L,O,0.000
M-033-AC2,Legionella spp - Recuento,242058,No detectado,O,0.000
FECHA-LEG,Análisis Legionella-Fecha fin,242058,03/11/2025,T,0.000
FECHA-LEG,Análisis Legionella-Fecha de inicio,242058,24/10/2025,T,0.000
M-068-AC1,Recuento,242059,0,K,0.000
M-068-AC1,Microorganismos cultivables a 22 ºC,242059,0.0,K,0.000
FECHA-LEG,Análisis Legionella-Fecha fin,242059,27/10/2025,T,0.000
FECHA-LEG,Análisis Legionella-Fecha de inicio,242059,24/10/2025,T,0.000
M-068-AC1,Microorganismos cultivables a 22 °C,242059,<1,N,1.000
AMONI-CI-P,Amonio,242140,<0.15,N,0.000
D_CONDUCT,Conductividad a 20 ºC,242140,588,N,588.000
D_OXIDABIL,Oxidabilidad,242140,1.17,N,1.170
D_PH,pH,242140,7.5,N,7.490
D_TURBIDEZ,Turbidez,242140,<0.4,N,0.210
M-034,Recuento de Pseudomonas aeruginosa,242140,<1,N,1.000
M-019-AC1,Recnto. Estafilococos coagulasa +,242140,No aceptable,O,0.000
M-027,Recuento de E. coli,242140,<1,N,1.000
M-027,Recuento de bacterias coliformes,242140,<1,N,1.000
AMONI-CI-P,Amonio,242141,<0.15,N,0.000
D_CONDUCT,Conductividad a 20 ºC,242141,872,N,871.800
D_OXIDABIL,Oxidabilidad,242141,1.21,N,1.210
D_PH,pH,242141,7.6,N,7.560
D_TURBIDEZ,Turbidez,242141,<0.4,N,0.270
M-034,Recuento de Pseudomonas aeruginosa,242141,<1,N,1.000
M-019-AC1,Recnto. Estafilococos coagulasa +,242141,Presencia <100 ufc / 100 mL,O,0.000
M-027,Recuento de E. coli,242141,<1,N,1.000
M-027,Recuento de bacterias coliformes,242141,<1,N,1.000
AMONI-CI-P,Amonio,242142,<0.15,N,0.000
D_CONDUCT,Conductividad a 20 ºC,242142,554,N,554.100
D_OXIDABIL,Oxidabilidad,242142,1.21,N,1.210
D_PH,pH,242142,7.5,N,7.540
D_TURBIDEZ,Turbidez,242142,<0.4,N,0.220
M-034,Recuento de Pseudomonas aeruginosa,242142,<1,N,1.000
M-019-AC1,Recnto. Estafilococos coagulasa +,242142,No aceptable,O,0.000
M-027,Recuento de E. coli,242142,<1,N,1.000
M-027,Recuento de bacterias coliformes,242142,<1,N,1.000
AMONI-CI-P,Amonio,242143,<0.15,N,0.000
D_CONDUCT,Conductividad a 20 ºC,242143,764,N,764.000
D_OXIDABIL,Oxidabilidad,242143,1.45,N,1.450
D_PH,pH,242143,7.5,N,7.460
D_TURBIDEZ,Turbidez,242143,<0.4,N,0.250
M-034,Recuento de Pseudomonas aeruginosa,242143,<1,N,1.000
M-019-AC1,Recnto. Estafilococos coagulasa +,242143,No aceptable,O,0.000
M-027,Recuento de E. coli,242143,<1,N,1.000
M-027,Recuento de bacterias coliformes,242143,<1,N,1.000
D_OXIDABIL,Oxidabilidad,242144,0.89,N,0.890
D_PH,pH,242144,7.5,N,7.470
D_TURBIDEZ,Turbidez,242144,<0.4,N,0.180
D_CONDUCT,Conductividad a 20 ºC,242144,493,N,492.900
M-019-AC1,Recnto. Estafilococos coagulasa +,242144,No aceptable,O,0.000
M-027,Recuento de E. coli,242144,<1,N,1.000
M-027,Recuento de bacterias coliformes,242144,<1,N,1.000
M-034,Recuento de Pseudomonas aeruginosa,242144,<1,N,1.000
AMONI-CI-P,Amonio,242144,<0.15,N,0.000
AMONI-CI-P,Amonio,242145,<0.15,N,0.000
D_CONDUCT,Conductividad a 20 ºC,242145,797,N,796.600
D_OXIDABIL,Oxidabilidad,242145,0.97,N,0.970
D_PH,pH,242145,7.3,N,7.330
D_TURBIDEZ,Turbidez,242145,<0.4,N,0.290
M-034,Recuento de Pseudomonas aeruginosa,242145,<1,N,1.000
M-019-AC1,Recnto. Estafilococos coagulasa +,242145,No aceptable,O,0.000
M-027,Recuento de E. coli,242145,<1,N,1.000
M-027,Recuento de bacterias coliformes,242145,<1,N,1.000
M-019-AC1,Recnto. Estafilococos coagulasa +,242146,No aceptable,O,0.000
M-027,Recuento de E. coli,242146,<1,N,1.000
M-027,Recuento de bacterias coliformes,242146,<1,N,1.000
M-034,Recuento de Pseudomonas aeruginosa,242146,<1,N,1.000
AMONI-CI-P,Amonio,242146,<0.15,N,0.000
D_OXIDABIL,Oxidabilidad,242146,1.17,N,1.170
D_PH,pH,242146,7.3,N,7.300
D_TURBIDEZ,Turbidez,242146,<0.4,N,0.190
D_CONDUCT,Conductividad a 20 ºC,242146,541,N,540.800
AMONI-CI-P,Amonio,242147,<0.15,N,0.000
D_CONDUCT,Conductividad a 20 ºC,242147,1031,N,1031.000
D_OXIDABIL,Oxidabilidad,242147,1.58,N,1.580
D_PH,pH,242147,7.3,N,7.300
D_TURBIDEZ,Turbidez,242147,<0.4,N,0.300
M-034,Recuento de Pseudomonas aeruginosa,242147,<1,N,1.000
M-019-AC1,Recuento de Estafilococos coagulasa +,242147,0,N,0.000
M-027,Recuento de E. coli,242147,<1,N,1.000
M-027,Recuento de bacterias coliformes,242147,<1,N,1.000
M-027,Recuento de bacterias coliformes,242148,<1,N,1.000
M-034,Recuento de Pseudomonas aeruginosa,242148,<1,N,1.000
AMONI-CI-P,Amonio,242148,<0.15,N,0.000
D_CONDUCT,Conductividad a 20 ºC,242148,1037,N,1037.000
D_OXIDABIL,Oxidabilidad,242148,1.21,N,1.210
D_PH,pH,242148,7.3,N,7.330
D_TURBIDEZ,Turbidez,242148,<0.4,N,0.270
FECHA-LEG,Análisis Legionella-Fecha de inicio,242148,27/10/2025,T,0.000
FECHA-LEG,Análisis Legionella-Fecha fin,242148,27/10/2025,T,0.000
M-019-AC1,Recuento de Estafilococos coagulasa +,242148,0,N,0.000
M-026-NC1,Detección Legionella spp,242148,No detectado,O,0.000
M-027,Recuento de E. coli,242148,<1,N,1.000
AMONI-CI-P,Amonio,242149,<0.15,N,0.000
D_CONDUCT,Conductividad a 20 ºC,242149,937,N,937.100
D_OXIDABIL,Oxidabilidad,242149,1.25,N,1.250
D_PH,pH,242149,7.3,N,7.340
D_TURBIDEZ,Turbidez,242149,<0.4,N,0.220
M-034,Recuento de Pseudomonas aeruginosa,242149,<1,N,1.000
M-019-AC1,Recuento de Estafilococos coagulasa +,242149,0,N,0.000
M-027,Recuento de E. coli,242149,<1,N,1.000
M-027,Recuento de bacterias coliformes,242149,<1,N,1.000
AMONI-CI-P,Amonio,242150,<0.15,N,0.000
D_CONDUCT,Conductividad a 20 ºC,242150,1134,N,1134.000
M-034,Recuento de Pseudomonas aeruginosa,242150,<1,N,1.000
M-027,Recuento de bacterias coliformes,242150,<1,N,1.000
M-027,Recuento de E. coli,242150,<1,N,1.000
M-026-NC1,Detección Legionella spp,242150,No detectado,O,0.000
M-019-AC1,Recuento de Estafilococos coagulasa +,242150,0,N,0.000
FECHA-LEG,Análisis Legionella-Fecha fin,242150,27/10/2025,T,0.000
FECHA-LEG,Análisis Legionella-Fecha de inicio,242150,27/10/2025,T,0.000
D_TURBIDEZ,Turbidez,242150,<0.4,N,0.170
D_OXIDABIL,Oxidabilidad,242150,1.37,N,1.370
D_PH,pH,242150,7.3,N,7.340
M-019-AC1,Recnto. Estafilococos coagulasa +,242152,No aceptable,O,0.000
D_TURBIDEZ,Turbidez,242152,<0.4,N,0.280
M-034,Recuento de Pseudomonas aeruginosa,242152,<1,N,1.000
D_OXIDABIL,Oxidabilidad,242152,1.14,N,1.140
D_CONDUCT,Conductividad a 20 ºC,242152,923,N,923.000
AMONI-CI-P,Amonio,242152,<0.15,N,0.000
M-027,Recuento de bacterias coliformes,242152,<1,N,1.000
M-027,Recuento de E. coli,242152,<1,N,1.000
D_PH,pH,242152,7.4,N,7.430
D_OXIDABIL,Oxidabilidad,242153,1.06,N,1.060
D_PH,pH,242153,7.3,N,7.290
D_TURBIDEZ,Turbidez,242153,<0.4,N,0.210
M-019-AC1,Recnto. Estafilococos coagulasa +,242153,No aceptable,O,0.000
M-027,Recuento de E. coli,242153,<1,N,1.000
M-027,Recuento de bacterias coliformes,242153,<1,N,1.000
M-034,Recuento de Pseudomonas aeruginosa,242153,<1,N,1.000
AMONI-CI-P,Amonio,242153,<0.15,N,0.000
D_CONDUCT,Conductividad a 20 ºC,242153,505,N,505.100
AMONI-CI-P,Amonio,242154,<0.15,N,0.000
D_CONDUCT,Conductividad a 20 ºC,242154,508,N,508.100
D_OXIDABIL,Oxidabilidad,242154,1.27,N,1.270
D_PH,pH,242154,7.1,N,7.120
D_TURBIDEZ,Turbidez,242154,<0.4,N,0.140
M-034,Recuento de Pseudomonas aeruginosa,242154,<1,N,1.000
M-019-AC1,Recuento de Estafilococos coagulasa +,242154,<1,N,1.000
M-027,Recuento de E. coli,242154,<1,N,1.000
M-027,Recuento de bacterias coliformes,242154,<1,N,1.000
M-019-AC1,Recnto. Estafilococos coagulasa +,242155,No aceptable,O,0.000
M-027,Recuento de E. coli,242155,<1,N,1.000
D_TURBIDEZ,Turbidez,242155,<0.4,N,0.220
M-034,Recuento de Pseudomonas aeruginosa,242155,<1,N,1.000
AMONI-CI-P,Amonio,242155,<0.15,N,0.000
D_CONDUCT,Conductividad a 20 ºC,242155,655,N,655.200
D_OXIDABIL,Oxidabilidad,242155,1.02,N,1.020
D_PH,pH,242155,7.5,N,7.540
M-027,Recuento de bacterias coliformes,242155,<1,N,1.000
AMONI-CI-P,Amonio,242156,<0.15,N,0.000
D_CONDUCT,Conductividad a 20 ºC,242156,921,N,921.200
D_OXIDABIL,Oxidabilidad,242156,1.10,N,1.100
D_PH,pH,242156,7.5,N,7.470
D_TURBIDEZ,Turbidez,242156,<0.4,N,0.260
M-034,Recuento de Pseudomonas aeruginosa,242156,<1,N,1.000
M-019-AC1,Recnto. Estafilococos coagulasa +,242156,No aceptable,O,0.000
M-027,Recuento de E. coli,242156,<1,N,1.000
M-027,Recuento de bacterias coliformes,242156,<1,N,1.000
AMONI-CI-P,Amonio,242157,<0.15,N,0.000
D_CONDUCT,Conductividad a 20 ºC,242157,608,N,607.900
D_OXIDABIL,Oxidabilidad,242157,2.00,N,2.000
D_PH,pH,242157,7.5,N,7.530
D_TURBIDEZ,Turbidez,242157,<0.4,N,0.220
M-034,Recuento de Pseudomonas aeruginosa,242157,<1,N,1.000
M-019-AC1,Recnto. Estafilococos coagulasa +,242157,No aceptable,O,0.000
M-027,Recuento de E. coli,242157,<1,N,1.000
M-027,Recuento de bacterias coliformes,242157,<1,N,1.000
AMONI-CI-P,Amonio,242158,<0.15,N,0.000
D_CONDUCT,Conductividad a 20 ºC,242158,598,N,597.600
D_OXIDABIL,Oxidabilidad,242158,2.04,N,2.040
D_PH,pH,242158,7.5,N,7.490
D_TURBIDEZ,Turbidez,242158,<0.4,N,0.270
M-034,Recuento de Pseudomonas aeruginosa,242158,<1,N,1.000
M-019-AC1,Recnto. Estafilococos coagulasa +,242158,No aceptable,O,0.000
M-027,Recuento de E. coli,242158,<1,N,1.000
M-027,Recuento de bacterias coliformes,242158,<1,N,1.000
M-019-AC1,Recuento de Estafilococos coagulasa +,242159,<1,N,1.000
M-027,Recuento de E. coli,242159,<1,N,1.000
M-027,Recuento de bacterias coliformes,242159,<1,N,1.000
M-034,Recuento de Pseudomonas aeruginosa,242159,<1,N,1.000
D_CONDUCT,Conductividad a 20 ºC,242159,549,N,548.600
D_OXIDABIL,Oxidabilidad,242159,1.31,N,1.310
D_PH,pH,242159,7.4,N,7.390
D_TURBIDEZ,Turbidez,242159,<0.4,N,0.200
AMONI-CI-P,Amonio,242159,<0.15,N,0.000
AMONI-CI-P,Amonio,242160,<0.15,N,0.000
M-034,Recuento de Pseudomonas aeruginosa,242160,<1,N,1.000
D_OXIDABIL,Oxidabilidad,242160,1.59,N,1.590
D_PH,pH,242160,7.2,N,7.240
D_CONDUCT,Conductividad a 20 ºC,242160,556,N,555.500
M-027,Recuento de bacterias coliformes,242160,<1,N,1.000
M-027,Recuento de E. coli,242160,<1,N,1.000
M-019-AC1,Recnto. Estafilococos coagulasa +,242160,No aceptable,O,0.000
D_TURBIDEZ,Turbidez,242160,<0.4,N,0.230
M-033-AC3,Identificación de L. pneumophila sr 1,242168,No detectado,O,0.000
M-033-AC3,Identificación de Legionella otras spp,242168,Detectado,O,0.000
PE-IL-CL,Cloro libre,242168,0.0,N,0.000
PE-IL-TEMP,Temperatura del agua,242168,37.2,N,37.200
M-033-AC3,Identificación de L. pneumophila sr 2-14,242168,No detectado,O,0.000
FECHA-LEG,Análisis Legionella-Fecha de inicio,242168,31/10/2025,T,0.000
FECHA-LEG,Análisis Legionella-Fecha fin,242168,12/11/2025,T,0.000
M-033-AC1,Legionella spp - Recuento,242168,1.9E+03,N,1900.000
M-033-AC1,Recuento,242168,1900,N,1900.000
M-033-AC1,Recuento transformado,242168,1.9E+03,K,1900.000
M-033-AC1,Legionella volumen filtrado,242168,1,N,1.000
PE-IL-TEMP,Temperatura del agua,242169,50.0,N,50.000
PE-IL-CL,Cloro libre,242169,0.0,N,0.000
M-033-AC2,Legionella-Volumen filtrado,242169,1,N,1.000
M-033-AC2,Legionella-Limite detección ensayo,242169,25 ufc/L,O,0.000
FECHA-LEG,Análisis Legionella-Fecha fin,242169,10/11/2025,T,0.000
FECHA-LEG,Análisis Legionella-Fecha de inicio,242169,31/10/2025,T,0.000
M-033-AC2,Legionella spp - Recuento,242169,No detectado,O,0.000
M-033-AC3,Identificación de L. pneumophila sr 1,242170,No detectado,O,0.000
M-033-AC1,Legionella volumen filtrado,242170,1,N,1.000
M-033-AC1,Recuento transformado,242170,2.0E+02,K,200.000
M-033-AC1,Recuento,242170,200,N,200.000
M-033-AC1,Recnto. Legionella spp,242170,Presencia /L,O,0.000
FECHA-LEG,Análisis Legionella-Fecha de inicio,242170,31/10/2025,T,0.000
M-033-AC3,Identificación de L. pneumophila sr 2-14,242170,No detectado,O,0.000
M-033-AC3,Identificación de Legionella otras spp,242170,Detectado,O,0.000
PE-IL-CL,Cloro libre,242170,0.0,N,0.000
PE-IL-TEMP,Temperatura del agua,242170,50.0,N,50.000
FECHA-LEG,Análisis Legionella-Fecha fin,242170,12/11/2025,T,0.000
PE-IL-TEMP,Temperatura del agua,242171,44.3,N,44.300
M-033-AC2,Legionella-Volumen filtrado,242171,1,N,1.000
M-033-AC2,Legionella-Limite detección ensayo,242171,25 ufc/L,O,0.000
M-033-AC2,Legionella spp - Recuento,242171,No detectado,O,0.000
FECHA-LEG,Análisis Legionella-Fecha fin,242171,10/11/2025,T,0.000
FECHA-LEG,Análisis Legionella-Fecha de inicio,242171,31/10/2025,T,0.000
PE-IL-CL,Cloro libre,242171,0.0,N,0.000
PE-IL-TEMP,Temperatura del agua,242172,50.4,N,50.400
PE-IL-CL,Cloro libre,242172,0.0,N,0.000
M-033-AC2,Legionella-Volumen filtrado,242172,1,N,1.000
M-033-AC2,Legionella-Limite detección ensayo,242172,25 ufc/L,O,0.000
FECHA-LEG,Análisis Legionella-Fecha fin,242172,12/11/2025,T,0.000
FECHA-LEG,Análisis Legionella-Fecha de inicio,242172,31/10/2025,T,0.000
M-033-AC2,Legionella spp - Recuento,242172,No detectado,O,0.000
PE-IL-TEMP,Temperatura del agua,242173,50.6,N,50.600
PE-IL-CL,Cloro libre,242173,0.0,N,0.000
M-033-AC2,Legionella-Volumen filtrado,242173,1,N,1.000
M-033-AC2,Legionella-Limite detección ensayo,242173,25 ufc/L,O,0.000
M-033-AC2,Legionella spp - Recuento,242173,No detectado,O,0.000
FECHA-LEG,Análisis Legionella-Fecha fin,242173,12/11/2025,T,0.000
FECHA-LEG,Análisis Legionella-Fecha de inicio,242173,31/10/2025,T,0.000
AMONI-CI-P,Amonio,242227,<0.15,N,0.000
THM-GCMS,Suma Trihalometanos,242227,41.7,N,41.670
D_CONDUCT,Conductividad a 20 ºC,242227,329,N,328.900
D_OXIDABIL,Oxidabilidad,242227,<0.50,N,0.480
D_PH,pH,242227,8.2,N,8.170
D_TURBIDEZ,Turbidez,242227,<0.4,N,0.090
M-013-AC1,Recuento de enterococos intestinales,242227,0,N,0.000
M-016-AC1,Recuento de E. coli,242227,0,N,0.000
M-016-AC1,Recuento de bacterias coliformes,242227,0,N,0.000
M-030-AC1,Recuento C. perfringens (con esporas),242227,0,N,0.000
M-068-AC1,Microorganismos cultivables a 22 °C,242227,<1,N,1.000
M-068-AC1,Microorganismos cultivables a 22 ºC,242227,0.0,K,0.000
M-068-AC1,Recuento,242227,0,K,0.000
NA-CI-P,Sodio,242227,10.44,N,10.436
NTRAT-CI-P,Nitratos,242227,3.98,N,3.980
NTRIT-CI-P,Nitritos,242227,<0.15,N,0.000
OXOANIONES,Bromato,242227,<2.5,N,0.000
OXOANIONES,Clorato,242227,0.497,N,0.497
OXOANIONES,Clorito,242227,<0.025,N,0.000
PE-IL-CL,Cloro libre,242227,0.1,N,0.100
PE-IL-TEMP,Temperatura del agua,242227,16.8,N,16.800
SULFA-CI-P,Sulfatos,242227,17.0,N,17.030
THM-GCMS,Bromodiclorometano,242227,10.0,N,9.997
THM-GCMS,Bromoformo,242227,<5.0,N,0.744
THM-GCMS,Cloroformo,242227,26.4,N,26.374
THM-GCMS,Dibromoclorometano,242227,<5.0,N,4.559
CLORU-CI-P,Cloruros,242227,15.81,N,15.810
M-013-AC1,Recuento de enterococos intestinales,242228,0,N,0.000
THM-GCMS,Suma Trihalometanos,242228,19.8,N,19.810
M-016-AC1,Recuento de bacterias coliformes,242228,0,N,0.000
M-030-AC1,Recuento C. perfringens (con esporas),242228,0,N,0.000
M-068-AC1,Microorganismos cultivables a 22 °C,242228,<1,N,1.000
M-068-AC1,Microorganismos cultivables a 22 ºC,242228,0.0,K,0.000
M-068-AC1,Recuento,242228,0,K,0.000
NA-CI-P,Sodio,242228,9.21,N,9.210
AMONI-CI-P,Amonio,242228,<0.15,N,0.000
CLORU-CI-P,Cloruros,242228,14.37,N,14.370
D_CONDUCT,Conductividad a 20 ºC,242228,420,N,420.100
D_OXIDABIL,Oxidabilidad,242228,<0.50,N,0.240
D_PH,pH,242228,8.1,N,8.140
D_TURBIDEZ,Turbidez,242228,<0.4,N,0.080
NTRAT-CI-P,Nitratos,242228,8.77,N,8.770
NTRIT-CI-P,Nitritos,242228,<0.15,N,0.050
OXOANIONES,Bromato,242228,<2.5,N,0.000
OXOANIONES,Clorato,242228,0.451,N,0.451
OXOANIONES,Clorito,242228,<0.025,N,0.000
PE-IL-CL,Cloro libre,242228,0.0,N,0.000
PE-IL-TEMP,Temperatura del agua,242228,14.5,N,14.500
SULFA-CI-P,Sulfatos,242228,16.4,N,16.410
THM-GCMS,Bromodiclorometano,242228,5.1,N,5.077
THM-GCMS,Bromoformo,242228,<5.0,N,1.107
THM-GCMS,Cloroformo,242228,9.4,N,9.436
THM-GCMS,Dibromoclorometano,242228,<5.0,N,4.188
M-016-AC1,Recuento de E. coli,242228,0,N,0.000
D_OXIDABIL,Oxidabilidad,242229,0.77,N,0.770
D_PH,pH,242229,8.3,N,8.290
D_TURBIDEZ,Turbidez,242229,<0.4,N,0.120
M-013-AC1,Recuento de enterococos intestinales,242229,0,N,0.000
M-016-AC1,Recuento de E. coli,242229,0,N,0.000
M-016-AC1,Recuento de bacterias coliformes,242229,0,N,0.000
M-030-AC1,Recuento C. perfringens (con esporas),242229,0,N,0.000
M-068-AC1,Microorganismos cultivables a 22 °C,242229,<1,N,1.000
M-068-AC1,Microorganismos cultivables a 22 ºC,242229,0.0,K,0.000
M-068-AC1,Recuento,242229,0,K,0.000
NA-CI-P,Sodio,242229,12.00,N,12.002
NTRAT-CI-P,Nitratos,242229,<1.00,N,0.510
NTRIT-CI-P,Nitritos,242229,<0.15,N,0.000
OXOANIONES,Bromato,242229,<2.5,N,0.000
OXOANIONES,Clorato,242229,0.564,N,0.564
OXOANIONES,Clorito,242229,<0.025,N,0.000
PE-IL-CL,Cloro libre,242229,0.1,N,0.100
PE-IL-TEMP,Temperatura del agua,242229,15.1,N,15.100
SULFA-CI-P,Sulfatos,242229,18.5,N,18.520
THM-GCMS,Bromodiclorometano,242229,11.1,N,11.104
THM-GCMS,Bromoformo,242229,<5.0,N,0.679
THM-GCMS,Cloroformo,242229,27.5,N,27.515
THM-GCMS,Dibromoclorometano,242229,<5.0,N,4.678
THM-GCMS,Suma Trihalometanos,242229,44.0,N,43.980
AMONI-CI-P,Amonio,242229,<0.15,N,0.000
CLORU-CI-P,Cloruros,242229,17.20,N,17.200
D_CONDUCT,Conductividad a 20 ºC,242229,261,N,261.300
OXOANIONES,Bromato,242230,<2.5,N,0.000
OXOANIONES,Clorito,242230,<0.025,N,0.000
PE-IL-CL,Cloro libre,242230,0.2,N,0.200
PE-IL-TEMP,Temperatura del agua,242230,15.8,N,15.800
SULFA-CI-P,Sulfatos,242230,18.2,N,18.170
THM-GCMS,Bromodiclorometano,242230,13.5,N,13.522
THM-GCMS,Bromoformo,242230,<5.0,N,0.685
THM-GCMS,Cloroformo,242230,40.5,N,40.456
THM-GCMS,Dibromoclorometano,242230,5.0,N,5.011
THM-GCMS,Suma Trihalometanos,242230,59.7,N,59.670
AMONI-CI-P,Amonio,242230,<0.15,N,0.000
CLORU-CI-P,Cloruros,242230,16.69,N,16.690
D_CONDUCT,Conductividad a 20 ºC,242230,250,N,249.800
D_OXIDABIL,Oxidabilidad,242230,0.89,N,0.890
D_PH,pH,242230,8.1,N,8.050
D_TURBIDEZ,Turbidez,242230,<0.4,N,0.180
M-068-AC1,Recuento,242230,0,K,0.000
NA-CI-P,Sodio,242230,11.43,N,11.431
NTRAT-CI-P,Nitratos,242230,<1.00,N,1.000
NTRIT-CI-P,Nitritos,242230,<0.15,N,0.000
M-013-AC1,Recuento de enterococos intestinales,242230,0,N,0.000
M-016-AC1,Recuento de E. coli,242230,0,N,0.000
M-016-AC1,Recuento de bacterias coliformes,242230,0,N,0.000
M-030-AC1,Recuento C. perfringens (con esporas),242230,0,N,0.000
M-068-AC1,Microorganismos cultivables a 22 °C,242230,<1,N,1.000
M-068-AC1,Microorganismos cultivables a 22 ºC,242230,0.0,K,0.000
OXOANIONES,Clorato,242230,0.486,N,0.486
AMONI-CI-P,Amonio,242231,<0.15,N,0.000
CLORU-CI-P,Cloruros,242231,16.83,N,16.830
D_CONDUCT,Conductividad a 20 ºC,242231,253,N,252.800
D_OXIDABIL,Oxidabilidad,242231,0.85,N,0.850
D_PH,pH,242231,8.1,N,8.050
D_TURBIDEZ,Turbidez,242231,<0.4,N,0.180
M-013-AC1,Recuento de enterococos intestinales,242231,0,N,0.000
M-016-AC1,Recuento de E. coli,242231,0,N,0.000
M-016-AC1,Recuento de bacterias coliformes,242231,0,N,0.000
M-030-AC1,Recuento C. perfringens (con esporas),242231,0,N,0.000
M-068-AC1,Microorganismos cultivables a 22 °C,242231,<1,N,1.000
M-068-AC1,Microorganismos cultivables a 22 ºC,242231,0.0,K,0.000
M-068-AC1,Recuento,242231,0,K,0.000
NA-CI-P,Sodio,242231,11.76,N,11.758
NTRAT-CI-P,Nitratos,242231,<1.00,N,0.000
NTRIT-CI-P,Nitritos,242231,<0.15,N,0.000
OXOANIONES,Bromato,242231,<2.5,N,0.000
OXOANIONES,Clorato,242231,0.498,N,0.498
OXOANIONES,Clorito,242231,<0.025,N,0.000
PE-IL-CL,Cloro libre,242231,0.0,N,0.000
PE-IL-TEMP,Temperatura del agua,242231,17.1,N,17.100
SULFA-CI-P,Sulfatos,242231,18.3,N,18.290
THM-GCMS,Bromodiclorometano,242231,12.4,N,12.420
THM-GCMS,Bromoformo,242231,<5.0,N,0.637
THM-GCMS,Dibromoclorometano,242231,<5.0,N,4.444
THM-GCMS,Suma Trihalometanos,242231,55.6,N,55.560
THM-GCMS,Cloroformo,242231,38.1,N,38.062
AMONI-CI-P,Amonio,242232,<0.15,N,0.000
M-016-AC1,Recuento de bacterias coliformes,242232,0,N,0.000
M-030-AC1,Recuento C. perfringens (con esporas),242232,0,N,0.000
M-068-AC1,Microorganismos cultivables a 22 ºC,242232,7.0,K,7.000
M-068-AC1,Recnto. de Microorg. cultivables a 22ºC,242232,Estimado 7 ufc/ ml,O,0.000
M-068-AC1,Recuento,242232,7,K,7.000
NA-CI-P,Sodio,242232,11.10,N,11.100
NTRAT-CI-P,Nitratos,242232,<1.00,N,0.420
NTRIT-CI-P,Nitritos,242232,<0.15,N,0.000
OXOANIONES,Bromato,242232,<2.5,N,0.000
OXOANIONES,Clorato,242232,0.394,N,0.394
OXOANIONES,Clorito,242232,<0.025,N,0.000
PE-IL-CL,Cloro libre,242232,0.2,N,0.200
PE-IL-TEMP,Temperatura del agua,242232,15.5,N,15.500
SULFA-CI-P,Sulfatos,242232,18.2,N,18.230
THM-GCMS,Bromodiclorometano,242232,13.3,N,13.292
THM-GCMS,Bromoformo,242232,<5.0,N,0.659
THM-GCMS,Cloroformo,242232,36.2,N,36.232
THM-GCMS,Dibromoclorometano,242232,<5.0,N,4.514
THM-GCMS,Suma Trihalometanos,242232,54.7,N,54.700
D_CONDUCT,Conductividad a 20 ºC,242232,251,N,251.000
D_OXIDABIL,Oxidabilidad,242232,0.69,N,0.690
D_PH,pH,242232,8.0,N,7.980
D_TURBIDEZ,Turbidez,242232,<0.4,N,0.180
M-013-AC1,Recuento de enterococos intestinales,242232,0,N,0.000
M-016-AC1,Recuento de E. coli,242232,0,N,0.000
CLORU-CI-P,Cloruros,242232,16.35,N,16.350
AMONI-CI-P,Amonio,242233,<0.15,N,0.000
THM-GCMS,Cloroformo,242233,24.4,N,24.361
D_CONDUCT,Conductividad a 20 ºC,242233,236,N,236.000
D_OXIDABIL,Oxidabilidad,242233,<0.50,N,0.200
D_PH,pH,242233,8.2,N,8.220
D_TURBIDEZ,Turbidez,242233,<0.4,N,0.150
M-013-AC1,Recuento de enterococos intestinales,242233,0,N,0.000
M-016-AC1,Recuento de E. coli,242233,0,N,0.000
M-016-AC1,Recuento de bacterias coliformes,242233,0,N,0.000
M-030-AC1,Recuento C. perfringens (con esporas),242233,0,N,0.000
M-068-AC1,Microorganismos cultivables a 22 °C,242233,<1,N,1.000
M-068-AC1,Microorganismos cultivables a 22 ºC,242233,0.0,K,0.000
M-068-AC1,Recuento,242233,0,K,0.000
NA-CI-P,Sodio,242233,7.27,N,7.271
NTRAT-CI-P,Nitratos,242233,<1.00,N,0.710
NTRIT-CI-P,Nitritos,242233,<0.15,N,0.000
OXOANIONES,Bromato,242233,<2.5,N,0.000
OXOANIONES,Clorato,242233,0.267,N,0.267
OXOANIONES,Clorito,242233,<0.025,N,0.000
PE-IL-CL,Cloro libre,242233,0.4,N,0.400
THM-GCMS,Dibromoclorometano,242233,<5.0,N,1.154
THM-GCMS,Suma Trihalometanos,242233,31.6,N,31.570
PE-IL-TEMP,Temperatura del agua,242233,15.5,N,15.500
SULFA-CI-P,Sulfatos,242233,21.2,N,21.180
THM-GCMS,Bromodiclorometano,242233,5.5,N,5.477
THM-GCMS,Bromoformo,242233,<5.0,N,0.580
CLORU-CI-P,Cloruros,242233,10.48,N,10.480
AMONI-CI-P,Amonio,242234,<0.15,N,0.000
THM-GCMS,Suma Trihalometanos,242234,41.6,N,41.590
D_CONDUCT,Conductividad a 20 ºC,242234,249,N,249.200
D_OXIDABIL,Oxidabilidad,242234,0.89,N,0.890
D_PH,pH,242234,8.2,N,8.160
D_TURBIDEZ,Turbidez,242234,<0.4,N,0.160
M-013-AC1,Recuento de enterococos intestinales,242234,0,N,0.000
M-016-AC1,Recuento de E. coli,242234,3,N,3.000
M-016-AC1,Recuento de bacterias coliformes,242234,40,N,40.000
M-030-AC1,Recuento C. perfringens (con esporas),242234,0,N,0.000
M-068-AC1,Microorganismos cultivables a 22 °C,242234,39,N,39.000
M-068-AC1,Microorganismos cultivables a 22 ºC,242234,3.9E+01,K,39.000
M-068-AC1,Recuento,242234,39,K,39.000
NA-CI-P,Sodio,242234,10.70,N,10.700
NTRAT-CI-P,Nitratos,242234,<1.00,N,0.420
NTRIT-CI-P,Nitritos,242234,<0.15,N,0.000
OXOANIONES,Bromato,242234,<2.5,N,0.000
OXOANIONES,Clorato,242234,0.183,N,0.183
OXOANIONES,Clorito,242234,<0.025,N,0.000
PE-IL-CL,Cloro libre,242234,0.0,N,0.000
PE-IL-TEMP,Temperatura del agua,242234,15.6,N,15.600
SULFA-CI-P,Sulfatos,242234,18.6,N,18.610
THM-GCMS,Bromodiclorometano,242234,10.4,N,10.355
THM-GCMS,Bromoformo,242234,<5.0,N,0.740
THM-GCMS,Cloroformo,242234,26.8,N,26.788
THM-GCMS,Dibromoclorometano,242234,<5.0,N,3.702
CLORU-CI-P,Cloruros,242234,15.46,N,15.460
PE-IL-TEMP,Temperatura del agua,242249,68.3,N,68.300
M-021,Recuento,242249,0,N,0.000
M-021,Recuento de Legionella pneumophila,242249,<10,N,10.000
M-021,Recuento transformado,242249,0.0,K,0.000
PE-IL-CL,Cloro libre,242249,0.0,N,0.000
M-021,Recuento transformado,242250,0.0,K,0.000
PE-IL-CL,Cloro libre,242250,0.0,N,0.000
PE-IL-TEMP,Temperatura del agua,242250,66.9,N,66.900
M-021,Recuento,242250,0,N,0.000
M-021,Recuento de Legionella pneumophila,242250,<10,N,10.000
PE-IL-TEMP,Temperatura del agua,242251,63.2,N,63.200
M-021,Recuento,242251,0,N,0.000
M-021,Recuento de Legionella pneumophila,242251,<10,N,10.000
M-021,Recuento transformado,242251,0.0,K,0.000
PE-IL-CL,Cloro libre,242251,0.0,N,0.000
PE-IL-TEMP,Temperatura del agua,242252,62.1,N,62.100
M-021,Recuento,242252,0,N,0.000
M-021,Recuento de Legionella pneumophila,242252,<10,N,10.000
M-021,Recuento transformado,242252,0.0,K,0.000
PE-IL-CL,Cloro libre,242252,0.0,N,0.000
PE-IL-TEMP,Temperatura del agua,242253,65.4,N,65.400
M-021,Recuento,242253,0,N,0.000
M-021,Recuento de Legionella pneumophila,242253,<10,N,10.000
M-021,Recuento transformado,242253,0.0,K,0.000
PE-IL-CL,Cloro libre,242253,0.0,N,0.000
PE-IL-TEMP,Temperatura del agua,242254,59.2,N,59.200
M-021,Recuento,242254,0,N,0.000
M-021,Recuento de Legionella pneumophila,242254,<10,N,10.000
M-021,Recuento transformado,242254,0.0,K,0.000
PE-IL-CL,Cloro libre,242254,0.0,N,0.000
PE-IL-TEMP,Temperatura del agua,242255,50.0,N,50.000
M-021,Recuento,242255,19226,N,19226.000
M-021,Recuento de Legionella pneumophila,242255,1.9E+04,N,19000.000
M-021,Recuento transformado,242255,1.9E+04,K,19000.000
PE-IL-CL,Cloro libre,242255,0.0,N,0.000
PE-IL-TEMP,Temperatura del agua,242256,70.8,N,70.800
M-021,Recuento,242256,0,N,0.000
M-021,Recuento de Legionella pneumophila,242256,<10,N,10.000
M-021,Recuento transformado,242256,0.0,K,0.000
PE-IL-CL,Cloro libre,242256,0.0,N,0.000
PE-IL-TEMP,Temperatura del agua,242257,64.8,N,64.800
M-021,Recuento,242257,0,N,0.000
M-021,Recuento de Legionella pneumophila,242257,<10,N,10.000
M-021,Recuento transformado,242257,0.0,K,0.000
PE-IL-CL,Cloro libre,242257,0.0,N,0.000
OXOANIONES,Clorito,242258,<0.025,N,0.000
SULFA-CI-P,Sulfatos,242258,18.5,N,18.480
THM-GCMS,Bromodiclorometano,242258,10.0,N,9.986
THM-GCMS,Bromoformo,242258,<5.0,N,0.936
THM-GCMS,Cloroformo,242258,31.8,N,31.791
THM-GCMS,Dibromoclorometano,242258,<5.0,N,3.129
THM-GCMS,Suma Trihalometanos,242258,45.8,N,45.840
WMM-LM-CAM,Cloro combinado residual,242258,0.20,N,0.200
WMM-LM-CAM,Cloro libre residual,242258,<0.10,N,0.000
M-013-AC1,Recuento de enterococos intestinales,242258,0,N,0.000
M-016-AC1,Recuento de E. coli,242258,0,N,0.000
M-016-AC1,Recuento de bacterias coliformes,242258,0,N,0.000
M-030-AC1,Recuento C. perfringens (con esporas),242258,0,N,0.000
M-068-AC1,Microorganismos cultivables a 22 °C,242258,<1,N,1.000
M-068-AC1,Microorganismos cultivables a 22 ºC,242258,0.0,K,0.000
M-068-AC1,Recuento,242258,0,K,0.000
NA-CI-P,Sodio,242258,9.99,N,9.989
NTRAT-CI-P,Nitratos,242258,<1.00,N,0.000
NTRIT-CI-P,Nitritos,242258,<0.15,N,0.000
OXOANIONES,Bromato,242258,<2.5,N,0.000
OXOANIONES,Clorato,242258,0.216,N,0.216
AMONI-CI-P,Amonio,242258,<0.15,N,0.000
CLORU-CI-P,Cloruros,242258,15.53,N,15.530
D_CONDUCT,Conductividad a 20 ºC,242258,247,N,247.300
D_OXIDABIL,Oxidabilidad,242258,0.69,N,0.690
D_PH,pH,242258,7.9,N,7.920
D_TURBIDEZ,Turbidez,242258,<0.4,N,0.120
PE-IL-TEMP,Temperatura del agua,242258,16.4,N,16.400
D_TURBIDEZ,Turbidez,242259,<0.4,N,0.110
M-013-AC1,Recuento de enterococos intestinales,242259,0,N,0.000
M-016-AC1,Recuento de E. coli,242259,0,N,0.000
M-016-AC1,Recuento de bacterias coliformes,242259,0,N,0.000
M-030-AC1,Recuento C. perfringens (con esporas),242259,0,N,0.000
M-068-AC1,Microorganismos cultivables a 22 °C,242259,13,N,13.000
M-068-AC1,Microorganismos cultivables a 22 ºC,242259,1.3E+01,K,13.000
M-068-AC1,Recuento,242259,13,K,13.000
NA-CI-P,Sodio,242259,10.05,N,10.046
NTRAT-CI-P,Nitratos,242259,<1.00,N,0.490
NTRIT-CI-P,Nitritos,242259,<0.15,N,0.000
OXOANIONES,Bromato,242259,<2.5,N,0.000
OXOANIONES,Clorato,242259,0.217,N,0.217
OXOANIONES,Clorito,242259,<0.025,N,0.000
PE-IL-TEMP,Temperatura del agua,242259,15.1,N,15.100
SULFA-CI-P,Sulfatos,242259,18.3,N,18.250
THM-GCMS,Bromodiclorometano,242259,12.8,N,12.801
THM-GCMS,Bromoformo,242259,<5.0,N,0.944
THM-GCMS,Cloroformo,242259,41.5,N,41.534
THM-GCMS,Dibromoclorometano,242259,<5.0,N,2.692
THM-GCMS,Suma Trihalometanos,242259,58.0,N,57.970
WMM-LM-CAM,Cloro combinado residual,242259,0.10,N,0.100
WMM-LM-CAM,Cloro libre residual,242259,<0.10,N,0.000
AMONI-CI-P,Amonio,242259,<0.15,N,0.000
CLORU-CI-P,Cloruros,242259,15.40,N,15.400
D_CONDUCT,Conductividad a 20 ºC,242259,251,N,250.500
D_OXIDABIL,Oxidabilidad,242259,0.69,N,0.690
D_PH,pH,242259,8.2,N,8.200
WMM-LM-CAM,Cloro combinado residual,242260,0.10,N,0.100
WMM-LM-CAM,Cloro libre residual,242260,0.50,N,0.500
AMONI-CI-P,Amonio,242260,<0.15,N,0.000
CLORU-CI-P,Cloruros,242260,22.60,N,22.600
D_CONDUCT,Conductividad a 20 ºC,242260,440,N,440.300
D_OXIDABIL,Oxidabilidad,242260,0.86,N,0.860
D_PH,pH,242260,8.0,N,8.020
D_TURBIDEZ,Turbidez,242260,<0.4,N,0.140
M-013-AC1,Recuento de enterococos intestinales,242260,0,N,0.000
M-016-AC1,Recuento de E. coli,242260,0,N,0.000
M-016-AC1,Recuento de bacterias coliformes,242260,0,N,0.000
M-030-AC1,Recuento C. perfringens (con esporas),242260,0,N,0.000
M-068-AC1,Microorganismos cultivables a 22 °C,242260,<1,N,1.000
M-068-AC1,Microorganismos cultivables a 22 ºC,242260,0.0,K,0.000
NA-CI-P,Sodio,242260,18.90,N,18.902
NTRAT-CI-P,Nitratos,242260,<1.00,N,0.690
NTRIT-CI-P,Nitritos,242260,<0.15,N,0.000
OXOANIONES,Bromato,242260,<2.5,N,0.000
OXOANIONES,Clorato,242260,0.319,N,0.319
OXOANIONES,Clorito,242260,<0.025,N,0.000
PE-IL-TEMP,Temperatura del agua,242260,14.8,N,14.800
SULFA-CI-P,Sulfatos,242260,29.9,N,29.900
THM-GCMS,Bromodiclorometano,242260,12.4,N,12.351
THM-GCMS,Bromoformo,242260,<5.0,N,1.148
THM-GCMS,Cloroformo,242260,36.6,N,36.635
THM-GCMS,Dibromoclorometano,242260,5.3,N,5.345
THM-GCMS,Suma Trihalometanos,242260,55.5,N,55.480
M-068-AC1,Recuento,242260,0,K,0.000
AMONI-CI-P,Amonio,242262,<0.15,N,0.000
WMM-LM-CAM,Cloro libre residual,242262,<0.10,N,0.000
D_CONDUCT,Conductividad a 20 ºC,242262,249,N,249.100
D_OXIDABIL,Oxidabilidad,242262,0.86,N,0.860
D_PH,pH,242262,7.9,N,7.870
D_TURBIDEZ,Turbidez,242262,<0.4,N,0.180
M-013-AC1,Recuento de enterococos intestinales,242262,0,N,0.000
M-016-AC1,Recuento de E. coli,242262,0,N,0.000
M-016-AC1,Recuento de bacterias coliformes,242262,0,N,0.000
M-030-AC1,Recuento C. perfringens (con esporas),242262,0,N,0.000
M-068-AC1,Microorganismos cultivables a 22 ºC,242262,4.0,K,4.000
M-068-AC1,Recnto. Microorg. cultivables a 22ºC,242262,Estimado 4 ufc/ ml,O,0.000
M-068-AC1,Recuento,242262,4,K,4.000
NA-CI-P,Sodio,242262,10.32,N,10.323
NTRAT-CI-P,Nitratos,242262,<1.00,N,0.460
NTRIT-CI-P,Nitritos,242262,<0.15,N,0.000
OXOANIONES,Bromato,242262,<2.5,N,0.000
OXOANIONES,Clorato,242262,0.284,N,0.284
OXOANIONES,Clorito,242262,<0.025,N,0.000
PE-IL-TEMP,Temperatura del agua,242262,15.4,N,15.400
SULFA-CI-P,Sulfatos,242262,18.0,N,17.990
THM-GCMS,Bromodiclorometano,242262,15.0,N,14.975
THM-GCMS,Bromoformo,242262,<5.0,N,1.030
THM-GCMS,Cloroformo,242262,48.4,N,48.436
THM-GCMS,Dibromoclorometano,242262,<5.0,N,4.719
THM-GCMS,Suma Trihalometanos,242262,69.2,N,69.160
WMM-LM-CAM,Cloro combinado residual,242262,0.20,N,0.200
CLORU-CI-P,Cloruros,242262,15.75,N,15.750
CLORU-CI-P,Cloruros,242263,16.09,N,16.090
D_CONDUCT,Conductividad a 20 ºC,242263,248,N,247.700
D_OXIDABIL,Oxidabilidad,242263,0.98,N,0.980
D_PH,pH,242263,7.9,N,7.930
D_TURBIDEZ,Turbidez,242263,<0.4,N,0.140
M-013-AC1,Recuento de enterococos intestinales,242263,0,N,0.000
M-016-AC1,Recuento de E. coli,242263,0,N,0.000
M-016-AC1,Recuento de bacterias coliformes,242263,0,N,0.000
M-030-AC1,Recuento C. perfringens (con esporas),242263,0,N,0.000
M-068-AC1,Microorganismos cultivables a 22 ºC,242263,6.0,K,6.000
AMONI-CI-P,Amonio,242263,<0.15,N,0.000
M-068-AC1,Recnto. Microorg. cultivables a 22ºC,242263,Estimado 6 ufc/ ml,O,0.000
M-068-AC1,Recuento,242263,6,K,6.000
NA-CI-P,Sodio,242263,10.83,N,10.826
NTRAT-CI-P,Nitratos,242263,<1.00,N,0.480
NTRIT-CI-P,Nitritos,242263,<0.15,N,0.000
OXOANIONES,Bromato,242263,<2.5,N,0.000
OXOANIONES,Clorato,242263,0.283,N,0.283
OXOANIONES,Clorito,242263,<0.025,N,0.000
PE-IL-TEMP,Temperatura del agua,242263,15.3,N,15.300
SULFA-CI-P,Sulfatos,242263,18.5,N,18.460
THM-GCMS,Bromodiclorometano,242263,13.5,N,13.468
THM-GCMS,Bromoformo,242263,<5.0,N,1.004
THM-GCMS,Cloroformo,242263,41.6,N,41.600
THM-GCMS,Dibromoclorometano,242263,5.0,N,5.017
THM-GCMS,Suma Trihalometanos,242263,61.1,N,61.090
WMM-LM-CAM,Cloro combinado residual,242263,0.10,N,0.100
WMM-LM-CAM,Cloro libre residual,242263,<0.10,N,0.000
WMM-LM-CAM,Cloro combinado residual,242264,<0.10,N,0.000
THM-GCMS,Suma Trihalometanos,242264,27.9,N,27.900
OXOANIONES,Bromato,242264,<2.5,N,0.000
OXOANIONES,Clorato,242264,0.222,N,0.222
OXOANIONES,Clorito,242264,<0.025,N,0.000
PE-IL-TEMP,Temperatura del agua,242264,15.4,N,15.400
SULFA-CI-P,Sulfatos,242264,12.0,N,12.030
THM-GCMS,Bromodiclorometano,242264,7.3,N,7.294
THM-GCMS,Bromoformo,242264,<5.0,N,0.933
AMONI-CI-P,Amonio,242264,<0.15,N,0.000
CLORU-CI-P,Cloruros,242264,7.11,N,7.110
D_CONDUCT,Conductividad a 20 ºC,242264,561,N,561.300
D_OXIDABIL,Oxidabilidad,242264,1.10,N,1.100
D_PH,pH,242264,7.5,N,7.490
D_TURBIDEZ,Turbidez,242264,<0.4,N,0.140
M-013-AC1,Recuento de enterococos intestinales,242264,0,N,0.000
M-016-AC1,Recuento de E. coli,242264,0,N,0.000
M-016-AC1,Recuento de bacterias coliformes,242264,0,N,0.000
M-030-AC1,Recuento C. perfringens (con esporas),242264,0,N,0.000
M-068-AC1,Microorganismos cultivables a 22 °C,242264,<1,N,1.000
M-068-AC1,Microorganismos cultivables a 22 ºC,242264,0.0,K,0.000
M-068-AC1,Recuento,242264,0,K,0.000
NA-CI-P,Sodio,242264,9.51,N,9.505
NTRAT-CI-P,Nitratos,242264,2.76,N,2.760
NTRIT-CI-P,Nitritos,242264,<0.15,N,0.050
THM-GCMS,Cloroformo,242264,17.0,N,17.002
THM-GCMS,Dibromoclorometano,242264,<5.0,N,2.669
WMM-LM-CAM,Cloro libre residual,242264,0.30,N,0.300
AMONI-CI-P,Amonio,242265,<0.15,N,0.000
WMM-LM-CAM,Cloro libre residual,242265,0.10,N,0.100
D_CONDUCT,Conductividad a 20 ºC,242265,560,N,559.500
D_OXIDABIL,Oxidabilidad,242265,1.10,N,1.100
D_PH,pH,242265,7.5,N,7.540
D_TURBIDEZ,Turbidez,242265,<0.4,N,0.130
M-013-AC1,Recuento de enterococos intestinales,242265,0,N,0.000
M-016-AC1,Recuento de E. coli,242265,0,N,0.000
M-016-AC1,Recuento de bacterias coliformes,242265,0,N,0.000
M-030-AC1,Recuento C. perfringens (con esporas),242265,0,N,0.000
M-068-AC1,Microorganismos cultivables a 22 °C,242265,<1,N,1.000
M-068-AC1,Microorganismos cultivables a 22 ºC,242265,0.0,K,0.000
M-068-AC1,Recuento,242265,0,K,0.000
NA-CI-P,Sodio,242265,9.39,N,9.394
NTRAT-CI-P,Nitratos,242265,2.75,N,2.750
NTRIT-CI-P,Nitritos,242265,<0.15,N,0.060
OXOANIONES,Bromato,242265,<2.5,N,0.000
OXOANIONES,Clorato,242265,0.205,N,0.205
OXOANIONES,Clorito,242265,<0.025,N,0.000
PE-IL-TEMP,Temperatura del agua,242265,16.4,N,16.400
SULFA-CI-P,Sulfatos,242265,12.1,N,12.070
THM-GCMS,Bromodiclorometano,242265,8.7,N,8.699
THM-GCMS,Bromoformo,242265,<5.0,N,0.982
THM-GCMS,Cloroformo,242265,18.2,N,18.233
THM-GCMS,Dibromoclorometano,242265,<5.0,N,2.851
THM-GCMS,Suma Trihalometanos,242265,30.8,N,30.770
WMM-LM-CAM,Cloro combinado residual,242265,0.10,N,0.100
CLORU-CI-P,Cloruros,242265,7.03,N,7.030
NA-CI-P,Sodio,242266,9.93,N,9.929
NTRIT-CI-P,Nitritos,242266,<0.15,N,0.000
OXOANIONES,Bromato,242266,<2.5,N,0.000
M-068-AC1,Recuento,242266,15,K,15.000
M-013-AC1,Recuento de enterococos intestinales,242266,0,N,0.000
M-016-AC1,Recuento de E. coli,242266,0,N,0.000
M-016-AC1,Recuento de bacterias coliformes,242266,0,N,0.000
M-030-AC1,Recuento C. perfringens (con esporas),242266,0,N,0.000
M-068-AC1,Microorganismos cultivables a 22 °C,242266,15,N,15.000
M-068-AC1,Microorganismos cultivables a 22 ºC,242266,1.5E+01,K,15.000
OXOANIONES,Clorato,242266,0.220,N,0.220
OXOANIONES,Clorito,242266,<0.025,N,0.000
PE-IL-TEMP,Temperatura del agua,242266,16.8,N,16.800
SULFA-CI-P,Sulfatos,242266,18.6,N,18.580
THM-GCMS,Bromodiclorometano,242266,12.3,N,12.338
THM-GCMS,Bromoformo,242266,<5.0,N,1.073
THM-GCMS,Cloroformo,242266,42.5,N,42.499
THM-GCMS,Dibromoclorometano,242266,<5.0,N,4.068
THM-GCMS,Suma Trihalometanos,242266,60.0,N,59.970
WMM-LM-CAM,Cloro combinado residual,242266,0.20,N,0.200
WMM-LM-CAM,Cloro libre residual,242266,<0.10,N,0.000
AMONI-CI-P,Amonio,242266,<0.15,N,0.000
CLORU-CI-P,Cloruros,242266,15.41,N,15.410
D_CONDUCT,Conductividad a 20 ºC,242266,248,N,248.000
D_OXIDABIL,Oxidabilidad,242266,1.14,N,1.140
D_PH,pH,242266,7.9,N,7.860
D_TURBIDEZ,Turbidez,242266,<0.4,N,0.110
NTRAT-CI-P,Nitratos,242266,<1.00,N,0.410
AMONI-CI-P,Amonio,242267,<0.15,N,0.000
CLORU-CI-P,Cloruros,242267,16.63,N,16.630
D_CONDUCT,Conductividad a 20 ºC,242267,252,N,251.800
D_OXIDABIL,Oxidabilidad,242267,0.86,N,0.860
D_PH,pH,242267,8.0,N,8.030
D_TURBIDEZ,Turbidez,242267,<0.4,N,0.140
M-013-AC1,Recuento de enterococos intestinales,242267,0,N,0.000
M-016-AC1,Recuento de E. coli,242267,0,N,0.000
M-016-AC1,Recuento de bacterias coliformes,242267,0,N,0.000
M-030-AC1,Recuento C. perfringens (con esporas),242267,0,N,0.000
M-068-AC1,Microorganismos cultivables a 22 °C,242267,<1,N,1.000
M-068-AC1,Microorganismos cultivables a 22 ºC,242267,0.0,K,0.000
M-068-AC1,Recuento,242267,0,K,0.000
NA-CI-P,Sodio,242267,10.99,N,10.985
NTRAT-CI-P,Nitratos,242267,<1.00,N,0.510
NTRIT-CI-P,Nitritos,242267,<0.15,N,0.000
OXOANIONES,Bromato,242267,<2.5,N,0.000
OXOANIONES,Clorato,242267,0.353,N,0.353
OXOANIONES,Clorito,242267,<0.025,N,0.000
PE-IL-TEMP,Temperatura del agua,242267,16.0,N,16.000
SULFA-CI-P,Sulfatos,242267,18.5,N,18.490
THM-GCMS,Bromodiclorometano,242267,14.6,N,14.618
THM-GCMS,Bromoformo,242267,<5.0,N,1.154
THM-GCMS,Cloroformo,242267,42.2,N,42.165
THM-GCMS,Dibromoclorometano,242267,<5.0,N,4.832
THM-GCMS,Suma Trihalometanos,242267,62.8,N,62.770
WMM-LM-CAM,Cloro combinado residual,242267,0.10,N,0.100
WMM-LM-CAM,Cloro libre residual,242267,0.40,N,0.400
M-016-AC1,Recuento de E. coli,242268,1,N,1.000
M-016-AC1,Recuento de bacterias coliformes,242268,23,N,23.000
PE-IL-TEMP,Temperatura del agua,242268,15.4,N,15.400
WMM-LM-CAM,Cloro combinado residual,242268,0.10,N,0.100
WMM-LM-CAM,Cloro libre residual,242268,<0.10,N,0.000
M-016-AC1,Recuento de E. coli,242269,0,N,0.000
M-016-AC1,Recuento de bacterias coliformes,242269,0,N,0.000
WMM-LM-CAM,Cloro combinado residual,242269,0.10,N,0.100
WMM-LM-CAM,Cloro libre residual,242269,0.10,N,0.100
D_TURBIDEZ,Turbidez,242357,<0.4,N,0.200
WMM-LM-CAM,Cloro libre residual,242357,1.50,N,1.500
WMM-LM-CAM,Cloro combinado residual,242357,0.50,N,0.500
PE-IL-TEMP,Temperatura del agua,242357,27.3,N,27.300
M-034,Recuento de Pseudomonas aeruginosa,242357,<1,N,1.000
M-027,Recuento de bacterias coliformes,242357,<1,N,1.000
M-027,Recuento de E. coli,242357,<1,N,1.000
M-019-AC1,Recuento de Estafilococos coagulasa +,242357,0,N,0.000
AMONI-CI-P,Amonio,242357,<0.15,N,0.000
D_CONDUCT,Conductividad a 20 ºC,242357,606,N,605.900
D_OXIDABIL,Oxidabilidad,242357,1.21,N,1.210
D_PH,pH,242357,7.5,N,7.540
D_TURBIDEZ,Turbidez,242358,<0.4,N,0.190
D_PH,pH,242358,7.7,N,7.650
WMM-LM-CAM,Cloro libre residual,242358,1.50,N,1.500
WMM-LM-CAM,Cloro combinado residual,242358,0.50,N,0.500
PE-IL-TEMP,Temperatura del agua,242358,28.9,N,28.900
M-034,Recuento de Pseudomonas aeruginosa,242358,<1,N,1.000
M-027,Recuento de bacterias coliformes,242358,<1,N,1.000
M-019-AC1,Recuento de Estafilococos coagulasa +,242358,0,N,0.000
M-027,Recuento de E. coli,242358,<1,N,1.000
AMONI-CI-P,Amonio,242358,<0.15,N,0.000
D_CONDUCT,Conductividad a 20 ºC,242358,771,N,770.900
D_OXIDABIL,Oxidabilidad,242358,1.41,N,1.410
WMM-LM-CAM,Cloro libre residual,242359,1.50,N,1.500
WMM-LM-CAM,Cloro combinado residual,242359,0.50,N,0.500
D_TURBIDEZ,Turbidez,242359,<0.4,N,0.220
D_PH,pH,242359,7.7,N,7.670
D_OXIDABIL,Oxidabilidad,242359,1.25,N,1.250
D_CONDUCT,Conductividad a 20 ºC,242359,576,N,575.900
AMONI-CI-P,Amonio,242359,<0.15,N,0.000
PE-IL-TEMP,Temperatura del agua,242359,27.0,N,27.000
M-034,Recuento de Pseudomonas aeruginosa,242359,<1,N,1.000
M-027,Recuento de bacterias coliformes,242359,<1,N,1.000
M-027,Recuento de E. coli,242359,<1,N,1.000
M-019-AC1,Recuento de Estafilococos coagulasa +,242359,0,N,0.000
WMM-LM-CAM,Cloro libre residual,242360,1.50,N,1.500
D_TURBIDEZ,Turbidez,242360,<0.4,N,0.220
D_PH,pH,242360,7.4,N,7.440
D_OXIDABIL,Oxidabilidad,242360,1.78,N,1.780
D_CONDUCT,Conductividad a 20 ºC,242360,715,N,715.300
AMONI-CI-P,Amonio,242360,<0.15,N,0.000
M-019-AC1,Recuento de Estafilococos coagulasa +,242360,66,N,66.000
M-027,Recuento de E. coli,242360,<1,N,1.000
M-027,Recuento de bacterias coliformes,242360,<1,N,1.000
M-034,Recuento de Pseudomonas aeruginosa,242360,<1,N,1.000
PE-IL-TEMP,Temperatura del agua,242360,28.5,N,28.500
WMM-LM-CAM,Cloro combinado residual,242360,0.50,N,0.500
D_TURBIDEZ,Turbidez,242361,<0.4,N,0.110
D_PH,pH,242361,7.5,N,7.530
D_OXIDABIL,Oxidabilidad,242361,0.97,N,0.970
D_CONDUCT,Conductividad a 20 ºC,242361,470,N,469.800
AMONI-CI-P,Amonio,242361,<0.15,N,0.000
WMM-LM-CAM,Cloro libre residual,242361,1.50,N,1.500
WMM-LM-CAM,Cloro combinado residual,242361,0.50,N,0.500
PE-IL-TEMP,Temperatura del agua,242361,26.9,N,26.900
M-034,Recuento de Pseudomonas aeruginosa,242361,<1,N,1.000
M-027,Recuento de bacterias coliformes,242361,<1,N,1.000
M-027,Recuento de E. coli,242361,<1,N,1.000
M-019-AC1,Recuento de Estafilococos coagulasa +,242361,1,N,1.000
M-019-AC1,Recnto. Estafilococos coagulasa +,242361,Presencia  /100 ml,O,0.000
AMONI-CI-P,Amonio,242362,<0.15,N,0.000
WMM-LM-CAM,Cloro libre residual,242362,1.50,N,1.500
D_OXIDABIL,Oxidabilidad,242362,1.09,N,1.090
D_PH,pH,242362,7.4,N,7.440
D_TURBIDEZ,Turbidez,242362,<0.4,N,0.180
WMM-LM-CAM,Cloro combinado residual,242362,0.50,N,0.500
PE-IL-TEMP,Temperatura del agua,242362,28.2,N,28.200
M-034,Recuento de Pseudomonas aeruginosa,242362,<1,N,1.000
M-027,Recuento de bacterias coliformes,242362,<1,N,1.000
M-027,Recuento de E. coli,242362,<1,N,1.000
M-019-AC1,Recuento de Estafilococos coagulasa +,242362,54,N,54.000
D_CONDUCT,Conductividad a 20 ºC,242362,693,N,692.600
M-019-AC1,Recuento de Estafilococos coagulasa +,242363,>100,N,100.000
M-027,Recuento de E. coli,242363,<1,N,1.000
M-027,Recuento de bacterias coliformes,242363,<1,N,1.000
M-034,Recuento de Pseudomonas aeruginosa,242363,<1,N,1.000
PE-IL-TEMP,Temperatura del agua,242363,27.9,N,27.900
WMM-LM-CAM,Cloro combinado residual,242363,0.50,N,0.500
WMM-LM-CAM,Cloro libre residual,242363,1.50,N,1.500
AMONI-CI-P,Amonio,242363,<0.15,N,0.000
D_CONDUCT,Conductividad a 20 ºC,242363,543,N,543.200
D_OXIDABIL,Oxidabilidad,242363,0.97,N,0.970
D_PH,pH,242363,7.4,N,7.400
D_TURBIDEZ,Turbidez,242363,<0.4,N,0.130
D_PH,pH,242364,7.4,N,7.400
M-027,Recuento de E. coli,242364,<1,N,1.000
M-019-AC1,Recuento de Estafilococos coagulasa +,242364,31,N,31.000
D_CONDUCT,Conductividad a 20 ºC,242364,877,N,877.200
D_OXIDABIL,Oxidabilidad,242364,1.58,N,1.580
AMONI-CI-P,Amonio,242364,<0.15,N,0.000
WMM-LM-CAM,Cloro libre residual,242364,1.50,N,1.500
WMM-LM-CAM,Cloro combinado residual,242364,0.50,N,0.500
PE-IL-TEMP,Temperatura del agua,242364,29.0,N,29.000
M-034,Recuento de Pseudomonas aeruginosa,242364,<1,N,1.000
M-027,Recuento de bacterias coliformes,242364,<1,N,1.000
D_TURBIDEZ,Turbidez,242364,<0.4,N,0.250
WMM-LM-CAM,Cloro libre residual,242365,1.50,N,1.500
WMM-LM-CAM,Cloro combinado residual,242365,0.50,N,0.500
PE-IL-TEMP,Temperatura del agua,242365,29.0,N,29.000
M-034,Recuento de Pseudomonas aeruginosa,242365,<1,N,1.000
M-027,Recuento de bacterias coliformes,242365,<1,N,1.000
M-019-AC1,Recnto. Estafilococos coagulasa +,242365,Estimado 8 ufc/100 ml,O,0.000
M-019-AC1,Recuento de Estafilococos coagulasa +,242365,8,N,8.000
M-027,Recuento de E. coli,242365,<1,N,1.000
D_TURBIDEZ,Turbidez,242365,<0.4,N,0.270
D_PH,pH,242365,7.5,N,7.500
D_OXIDABIL,Oxidabilidad,242365,1.49,N,1.490
D_CONDUCT,Conductividad a 20 ºC,242365,876,N,876.300
AMONI-CI-P,Amonio,242365,<0.15,N,0.000
PE-IL-TEMP,Temperatura del agua,242366,27.3,N,27.300
D_PH,pH,242366,7.4,N,7.410
D_OXIDABIL,Oxidabilidad,242366,1.01,N,1.010
D_CONDUCT,Conductividad a 20 ºC,242366,975,N,975.200
AMONI-CI-P,Amonio,242366,<0.15,N,0.000
M-019-AC1,Recuento de Estafilococos coagulasa +,242366,0,N,0.000
M-027,Recuento de E. coli,242366,<1,N,1.000
M-027,Recuento de bacterias coliformes,242366,<1,N,1.000
M-034,Recuento de Pseudomonas aeruginosa,242366,<1,N,1.000
WMM-LM-CAM,Cloro libre residual,242366,1.50,N,1.500
WMM-LM-CAM,Cloro combinado residual,242366,0.50,N,0.500
D_TURBIDEZ,Turbidez,242366,<0.4,N,0.120
AMONI-CI-P,Amonio,242367,<0.15,N,0.000
D_CONDUCT,Conductividad a 20 ºC,242367,1171,N,1171.000
D_OXIDABIL,Oxidabilidad,242367,1.25,N,1.250
D_PH,pH,242367,7.4,N,7.430
D_TURBIDEZ,Turbidez,242367,<0.4,N,0.110
M-019-AC1,Recnto. Estafilococos coagulasa +,242367,Estimado 6 ufc/100 ml,O,0.000
M-019-AC1,Recuento de Estafilococos coagulasa +,242367,6,N,6.000
M-027,Recuento de E. coli,242367,<1,N,1.000
M-027,Recuento de bacterias coliformes,242367,<1,N,1.000
M-034,Recuento de Pseudomonas aeruginosa,242367,<1,N,1.000
PE-IL-TEMP,Temperatura del agua,242367,28.5,N,28.500
WMM-LM-CAM,Cloro combinado residual,242367,0.50,N,0.500
WMM-LM-CAM,Cloro libre residual,242367,1.50,N,1.500
WMM-LM-CAM,Cloro combinado residual,242368,0.30,N,0.300
M-016-AC1,Recuento de bacterias coliformes,242368,0,N,0.000
M-016-AC1,Recuento de E. coli,242368,0,N,0.000
WMM-LM-CAM,Cloro libre residual,242368,0.50,N,0.500
M-019-AC1,Recuento de Estafilococos coagulasa +,242369,0,N,0.000
M-027,Recuento de E. coli,242369,<1,N,1.000
M-027,Recuento de bacterias coliformes,242369,<1,N,1.000
D_TURBIDEZ,Turbidez,242369,<0.4,N,0.050
M-034,Recuento de Pseudomonas aeruginosa,242369,<1,N,1.000
D_CONDUCT,Conductividad a 20 ºC,242369,<15,N,1.352
AMONI-CI-P,Amonio,242369,<0.15,N,0.000
D_OXIDABIL,Oxidabilidad,242369,<0.50,N,0.080
AMONI-CI-P,Amonio,242370,<0.15,N,0.000
D_OXIDABIL,Oxidabilidad,242370,1.15,N,1.150
D_PH,pH,242370,7.4,N,7.410
D_TURBIDEZ,Turbidez,242370,<0.4,N,0.130
M-019-AC1,Recuento de Estafilococos coagulasa +,242370,0,N,0.000
M-027,Recuento de E. coli,242370,<1,N,1.000
M-027,Recuento de bacterias coliformes,242370,<1,N,1.000
M-034,Recuento de Pseudomonas aeruginosa,242370,<1,N,1.000
PE-IL-TEMP,Temperatura del agua,242370,27.3,N,27.300
WMM-LM-CAM,Cloro combinado residual,242370,0.50,N,0.500
WMM-LM-CAM,Cloro libre residual,242370,1.00,N,1.000
D_CONDUCT,Conductividad a 20 ºC,242370,751,N,750.800
AMONI-CI-P,Amonio,242371,<0.15,N,0.000
WMM-LM-CAM,Cloro libre residual,242371,1.50,N,1.500
D_OXIDABIL,Oxidabilidad,242371,1.15,N,1.150
D_PH,pH,242371,7.4,N,7.410
D_TURBIDEZ,Turbidez,242371,<0.4,N,0.120
M-019-AC1,Recnto. Estafilococos coagulasa +,242371,Presencia  /100 ml,O,0.000
M-019-AC1,Recuento de Estafilococos coagulasa +,242371,1,N,1.000
M-027,Recuento de E. coli,242371,<1,N,1.000
M-027,Recuento de bacterias coliformes,242371,<1,N,1.000
M-034,Recuento de Pseudomonas aeruginosa,242371,<1,N,1.000
PE-IL-TEMP,Temperatura del agua,242371,26.8,N,26.800
WMM-LM-CAM,Cloro combinado residual,242371,0.50,N,0.500
D_CONDUCT,Conductividad a 20 ºC,242371,465,N,464.700
M-034,Recuento de Pseudomonas aeruginosa,242372,<1,N,1.000
M-027,Recuento de bacterias coliformes,242372,<1,N,1.000
WMM-LM-CAM,Cloro combinado residual,242372,0.50,N,0.500
WMM-LM-CAM,Cloro libre residual,242372,1.50,N,1.500
AMONI-CI-P,Amonio,242372,<0.15,N,0.000
D_CONDUCT,Conductividad a 20 ºC,242372,538,N,538.300
D_OXIDABIL,Oxidabilidad,242372,1.40,N,1.400
D_PH,pH,242372,7.3,N,7.310
D_TURBIDEZ,Turbidez,242372,<0.4,N,0.100
M-019-AC1,Recnto. Estafilococos coagulasa +,242372,Presencia <100 ufc / 100 ml,O,0.000
M-027,Recuento de E. coli,242372,<1,N,1.000
PE-IL-TEMP,Temperatura del agua,242372,27.8,N,27.800
AMONI-CI-P,Amonio,242373,<0.15,N,0.000
WMM-LM-CAM,Cloro libre residual,242373,1.50,N,1.500
D_OXIDABIL,Oxidabilidad,242373,1.20,N,1.200
D_PH,pH,242373,7.8,N,7.770
D_TURBIDEZ,Turbidez,242373,<0.4,N,0.160
M-019-AC1,Recnto. Estafilococos coagulasa +,242373,Estimado 3 ufc/100 ml,O,0.000
M-019-AC1,Recuento de Estafilococos coagulasa +,242373,3,N,3.000
M-027,Recuento de E. coli,242373,<1,N,1.000
M-027,Recuento de bacterias coliformes,242373,<1,N,1.000
M-034,Recuento de Pseudomonas aeruginosa,242373,<1,N,1.000
PE-IL-TEMP,Temperatura del agua,242373,27.4,N,27.400
WMM-LM-CAM,Cloro combinado residual,242373,0.50,N,0.500
D_CONDUCT,Conductividad a 20 ºC,242373,732,N,731.800
AMONI-CI-P,Amonio,242374,<0.15,N,0.000
WMM-LM-CAM,Cloro libre residual,242374,1.50,N,1.500
D_OXIDABIL,Oxidabilidad,242374,1.24,N,1.240
D_PH,pH,242374,7.6,N,7.560
D_TURBIDEZ,Turbidez,242374,<0.4,N,0.220
M-019-AC1,Recuento de Estafilococos coagulasa +,242374,0,N,0.000
M-027,Recuento de E. coli,242374,<1,N,1.000
M-027,Recuento de bacterias coliformes,242374,<1,N,1.000
M-034,Recuento de Pseudomonas aeruginosa,242374,<1,N,1.000
PE-IL-TEMP,Temperatura del agua,242374,28.2,N,28.200
WMM-LM-CAM,Cloro combinado residual,242374,0.50,N,0.500
D_CONDUCT,Conductividad a 20 ºC,242374,860,N,859.500
WMM-LM-CAM,Cloro libre residual,242375,1.50,N,1.500
AMONI-CI-P,Amonio,242375,<0.15,N,0.000
D_CONDUCT,Conductividad a 20 ºC,242375,644,N,644.400
D_OXIDABIL,Oxidabilidad,242375,2.10,N,2.100
D_PH,pH,242375,7.6,N,7.560
D_TURBIDEZ,Turbidez,242375,<0.4,N,0.190
M-019-AC1,Recnto. Estafilococos coagulasa +,242375,Estimado 6 ufc/100 ml,O,0.000
M-019-AC1,Recuento de Estafilococos coagulasa +,242375,6,N,6.000
M-027,Recuento de E. coli,242375,<1,N,1.000
M-027,Recuento de bacterias coliformes,242375,<1,N,1.000
M-034,Recuento de Pseudomonas aeruginosa,242375,<1,N,1.000
PE-IL-TEMP,Temperatura del agua,242375,27.2,N,27.200
WMM-LM-CAM,Cloro combinado residual,242375,0.50,N,0.500
WMM-LM-CAM,Cloro libre residual,242376,1.90,N,1.900
D_TURBIDEZ,Turbidez,242376,<0.4,N,0.270
D_PH,pH,242376,7.5,N,7.450
D_OXIDABIL,Oxidabilidad,242376,1.77,N,1.770
D_CONDUCT,Conductividad a 20 ºC,242376,593,N,592.800
AMONI-CI-P,Amonio,242376,<0.15,N,0.000
M-019-AC1,Recuento de Estafilococos coagulasa +,242376,0,N,0.000
M-027,Recuento de E. coli,242376,<1,N,1.000
M-027,Recuento de bacterias coliformes,242376,<1,N,1.000
M-034,Recuento de Pseudomonas aeruginosa,242376,<1,N,1.000
PE-IL-TEMP,Temperatura del agua,242376,28.6,N,28.600
WMM-LM-CAM,Cloro combinado residual,242376,0.10,N,0.100
D_TURBIDEZ,Turbidez,242377,<0.4,N,0.120
D_PH,pH,242377,7.5,N,7.540
D_OXIDABIL,Oxidabilidad,242377,0.99,N,0.990
D_CONDUCT,Conductividad a 20 ºC,242377,570,N,569.700
AMONI-CI-P,Amonio,242377,<0.15,N,0.000
WMM-LM-CAM,Cloro libre residual,242377,1.50,N,1.500
WMM-LM-CAM,Cloro combinado residual,242377,0.50,N,0.500
PE-IL-TEMP,Temperatura del agua,242377,26.9,N,26.900
M-034,Recuento de Pseudomonas aeruginosa,242377,<1,N,1.000
M-027,Recuento de bacterias coliformes,242377,<1,N,1.000
M-027,Recuento de E. coli,242377,<1,N,1.000
M-019-AC1,Recuento de Estafilococos coagulasa +,242377,4,N,4.000
M-019-AC1,Recnto. Estafilococos coagulasa +,242377,Estimado 4 ufc/100 ml,O,0.000
AMONI-CI-P,Amonio,242378,<0.15,N,0.000
WMM-LM-CAM,Cloro libre residual,242378,1.00,N,1.000
D_OXIDABIL,Oxidabilidad,242378,1.48,N,1.480
D_PH,pH,242378,7.4,N,7.400
D_TURBIDEZ,Turbidez,242378,<0.4,N,0.150
WMM-LM-CAM,Cloro combinado residual,242378,0.50,N,0.500
PE-IL-TEMP,Temperatura del agua,242378,28.2,N,28.200
M-034,Recuento de Pseudomonas aeruginosa,242378,<1,N,1.000
M-027,Recuento de bacterias coliformes,242378,<1,N,1.000
M-027,Recuento de E. coli,242378,<1,N,1.000
M-019-AC1,Recuento de Estafilococos coagulasa +,242378,2,N,2.000
M-019-AC1,Recnto. Estafilococos coagulasa +,242378,Presencia  /100 ml,O,0.000
D_CONDUCT,Conductividad a 20 ºC,242378,522,N,522.400
FECHA-LEG,Análisis Legionella-Fecha de inicio,242385,14/11/2025,T,0.000
M-033-AC2,Legionella spp - Recuento,242385,No detectado,O,0.000
PE-IL-TEMP,Temperatura del agua,242385,46.0,N,46.000
M-033-AC2,Legionella-Volumen filtrado,242385,1,N,1.000
PE-IL-CL,Cloro libre,242385,0.0,N,0.000
M-033-AC2,Legionella-Limite detección ensayo,242385,25 ufc/L,O,0.000
FECHA-LEG,Análisis Legionella-Fecha fin,242385,28/11/2025,T,0.000
FECHA-LEG,Análisis Legionella-Fecha fin,242386,28/11/2025,T,0.000
FECHA-LEG,Análisis Legionella-Fecha de inicio,242386,14/11/2025,T,0.000
PE-IL-CL,Cloro libre,242386,0.0,N,0.000
PE-IL-TEMP,Temperatura del agua,242386,47,N,47.000
M-033-AC2,Legionella-Volumen filtrado,242386,1,N,1.000
M-033-AC2,Legionella-Limite detección ensayo,242386,25 ufc/L,O,0.000
M-033-AC2,Legionella spp - Recuento,242386,No detectado,O,0.000
M-033-AC2,Legionella-Limite detección ensayo,242387,25 ufc/L,O,0.000
M-033-AC2,Legionella spp - Recuento,242387,No detectado,O,0.000
FECHA-LEG,Análisis Legionella-Fecha fin,242387,28/11/2025,T,0.000
FECHA-LEG,Análisis Legionella-Fecha de inicio,242387,14/11/2025,T,0.000
PE-IL-TEMP,Temperatura del agua,242387,48.2,N,48.200
M-033-AC2,Legionella-Volumen filtrado,242387,1,N,1.000
PE-IL-CL,Cloro libre,242387,0.0,N,0.000
PE-IL-TEMP,Temperatura del agua,242388,28.1,N,28.100
PE-IL-CL,Cloro libre,242388,0.2,N,0.200
M-033-AC2,Legionella-Volumen filtrado,242388,1,N,1.000
M-033-AC2,Legionella-Limite detección ensayo,242388,25 ufc/L,O,0.000
M-033-AC2,Legionella spp - Recuento,242388,No detectado,O,0.000
FECHA-LEG,Análisis Legionella-Fecha fin,242388,28/11/2025,T,0.000
FECHA-LEG,Análisis Legionella-Fecha de inicio,242388,14/11/2025,T,0.000
M-033-AC2,Legionella-Limite detección ensayo,242389,25 ufc/L,O,0.000
M-033-AC2,Legionella spp - Recuento,242389,No detectado,O,0.000
FECHA-LEG,Análisis Legionella-Fecha fin,242389,24/11/2025,T,0.000
FECHA-LEG,Análisis Legionella-Fecha de inicio,242389,14/11/2025,T,0.000
PE-IL-TEMP,Temperatura del agua,242389,40.0,N,40.000
M-033-AC2,Legionella-Volumen filtrado,242389,1,N,1.000
PE-IL-CL,Cloro libre,242389,0.2,N,0.200
FECHA-LEG,Análisis Legionella-Fecha de inicio,242533,18/11/2025,T,0.000
PE-IL-TEMP,Temperatura del agua,242533,53.8,N,53.800
PE-IL-CL,Cloro libre,242533,0.0,N,0.000
M-033-AC2,Legionella-Volumen filtrado,242533,1,N,1.000
M-033-AC2,Legionella-Limite detección ensayo,242533,25 ufc/L,O,0.000
M-033-AC2,Legionella spp - Recuento,242533,No detectado,O,0.000
FECHA-LEG,Análisis Legionella-Fecha fin,242533,01/12/2025,T,0.000
PE-IL-CL,Cloro libre,242534,0.0,N,0.000
M-033-AC2,Legionella-Volumen filtrado,242534,1,N,1.000
M-033-AC2,Legionella-Limite detección ensayo,242534,25 ufc/L,O,0.000
PE-IL-TEMP,Temperatura del agua,242534,54.0,N,54.000
FECHA-LEG,Análisis Legionella-Fecha fin,242534,01/12/2025,T,0.000
FECHA-LEG,Análisis Legionella-Fecha de inicio,242534,18/11/2025,T,0.000
M-033-AC2,Legionella spp - Recuento,242534,No detectado,O,0.000
FECHA-LEG,Análisis Legionella-Fecha de inicio,242536,18/11/2025,T,0.000
FECHA-LEG,Análisis Legionella-Fecha fin,242536,01/12/2025,T,0.000
PE-IL-TEMP,Temperatura del agua,242536,51.1,N,51.100
PE-IL-CL,Cloro libre,242536,0.0,N,0.000
M-033-AC2,Legionella-Volumen filtrado,242536,1,N,1.000
M-033-AC2,Legionella-Limite detección ensayo,242536,25 ufc/L,O,0.000
M-033-AC2,Legionella spp - Recuento,242536,No detectado,O,0.000
PE-IL-TEMP,Temperatura del agua,242537,51.6,N,51.600
PE-IL-CL,Cloro libre,242537,0.0,N,0.000
M-033-AC2,Legionella-Volumen filtrado,242537,1,N,1.000
M-033-AC2,Legionella-Limite detección ensayo,242537,25 ufc/L,O,0.000
M-033-AC2,Legionella spp - Recuento,242537,No detectado,O,0.000
FECHA-LEG,Análisis Legionella-Fecha fin,242537,01/12/2025,T,0.000
FECHA-LEG,Análisis Legionella-Fecha de inicio,242537,18/11/2025,T,0.000
FECHA-LEG,Análisis Legionella-Fecha fin,242538,28/11/2025,T,0.000
M-033-AC2,Legionella spp - Recuento,242538,No detectado,O,0.000
M-033-AC2,Legionella-Limite detección ensayo,242538,25 ufc/L,O,0.000
PE-IL-TEMP,Temperatura del agua,242538,55.2,N,55.200
PE-IL-CL,Cloro libre,242538,0.0,N,0.000
FECHA-LEG,Análisis Legionella-Fecha de inicio,242538,18/11/2025,T,0.000
M-033-AC2,Legionella-Volumen filtrado,242538,1,N,1.000
AMONI-CI-P,Amonio,242614,<0.15,N,0.000
D_CONDUCT,Conductividad a 20 ºC,242614,651,N,650.700
M-034,Recuento de Pseudomonas aeruginosa,242614,<1,N,1.000
M-027,Recuento de bacterias coliformes,242614,<1,N,1.000
M-027,Recuento de E. coli,242614,<1,N,1.000
M-019-AC1,Recuento de Estafilococos coagulasa +,242614,0,N,0.000
D_TURBIDEZ,Turbidez,242614,<0.4,N,0.140
D_PH,pH,242614,7.6,N,7.590
D_OXIDABIL,Oxidabilidad,242614,1.09,N,1.090
AMONI-CI-P,Amonio,242615,<0.15,N,0.000
M-027,Recuento de bacterias coliformes,242615,<1,N,1.000
M-027,Recuento de E. coli,242615,<1,N,1.000
M-019-AC1,Recuento de Estafilococos coagulasa +,242615,0,N,0.000
M-034,Recuento de Pseudomonas aeruginosa,242615,<1,N,1.000
D_TURBIDEZ,Turbidez,242615,<0.4,N,0.270
D_PH,pH,242615,7.7,N,7.670
D_OXIDABIL,Oxidabilidad,242615,1.41,N,1.410
D_CONDUCT,Conductividad a 20 ºC,242615,700,N,700.100
D_PH,pH,242616,7.7,N,7.670
D_TURBIDEZ,Turbidez,242616,<0.4,N,0.250
M-019-AC1,Recuento de Estafilococos coagulasa +,242616,<1,N,1.000
M-027,Recuento de E. coli,242616,<1,N,1.000
M-027,Recuento de bacterias coliformes,242616,<1,N,1.000
M-034,Recuento de Pseudomonas aeruginosa,242616,<1,N,1.000
AMONI-CI-P,Amonio,242616,<0.15,N,0.000
D_CONDUCT,Conductividad a 20 ºC,242616,577,N,576.800
D_OXIDABIL,Oxidabilidad,242616,1.13,N,1.130
AMONI-CI-P,Amonio,242617,<0.15,N,0.000
D_CONDUCT,Conductividad a 20 ºC,242617,676,N,675.600
D_OXIDABIL,Oxidabilidad,242617,1.49,N,1.490
D_PH,pH,242617,7.4,N,7.410
M-034,Recuento de Pseudomonas aeruginosa,242617,<1,N,1.000
M-027,Recuento de bacterias coliformes,242617,<1,N,1.000
M-019-AC1,Recuento de Estafilococos coagulasa +,242617,0,N,0.000
D_TURBIDEZ,Turbidez,242617,<0.4,N,0.270
M-027,Recuento de E. coli,242617,<1,N,1.000
D_OXIDABIL,Oxidabilidad,242618,0.89,N,0.890
D_CONDUCT,Conductividad a 20 ºC,242618,783,N,783.100
AMONI-CI-P,Amonio,242618,<0.15,N,0.000
M-034,Recuento de Pseudomonas aeruginosa,242618,<1,N,1.000
M-027,Recuento de bacterias coliformes,242618,<1,N,1.000
M-027,Recuento de E. coli,242618,<1,N,1.000
M-019-AC1,Recuento de Estafilococos coagulasa +,242618,0,N,0.000
D_TURBIDEZ,Turbidez,242618,<0.4,N,0.140
D_PH,pH,242618,7.5,N,7.510
M-027,Recuento de bacterias coliformes,242619,<1,N,1.000
D_TURBIDEZ,Turbidez,242619,<0.4,N,0.260
D_PH,pH,242619,7.3,N,7.300
M-027,Recuento de E. coli,242619,<1,N,1.000
D_OXIDABIL,Oxidabilidad,242619,0.93,N,0.930
D_CONDUCT,Conductividad a 20 ºC,242619,700,N,700.100
AMONI-CI-P,Amonio,242619,<0.15,N,0.000
M-019-AC1,Recuento de Estafilococos coagulasa +,242619,0,N,0.000
M-034,Recuento de Pseudomonas aeruginosa,242619,<1,N,1.000
D_OXIDABIL,Oxidabilidad,242620,0.93,N,0.930
D_PH,pH,242620,7.2,N,7.240
D_TURBIDEZ,Turbidez,242620,<0.4,N,0.180
M-019-AC1,Recuento de Estafilococos coagulasa +,242620,0,N,0.000
M-027,Recuento de E. coli,242620,<1,N,1.000
M-027,Recuento de bacterias coliformes,242620,<1,N,1.000
M-034,Recuento de Pseudomonas aeruginosa,242620,<1,N,1.000
AMONI-CI-P,Amonio,242620,<0.15,N,0.000
D_CONDUCT,Conductividad a 20 ºC,242620,518,N,517.900
M-034,Recuento de Pseudomonas aeruginosa,242621,<1,N,1.000
D_TURBIDEZ,Turbidez,242621,<0.4,N,0.250
M-027,Recuento de E. coli,242621,<1,N,1.000
M-019-AC1,Recuento de Estafilococos coagulasa +,242621,0,N,0.000
M-027,Recuento de bacterias coliformes,242621,<1,N,1.000
D_PH,pH,242621,7.6,N,7.570
D_OXIDABIL,Oxidabilidad,242621,1.17,N,1.170
D_CONDUCT,Conductividad a 20 ºC,242621,867,N,866.500
AMONI-CI-P,Amonio,242621,<0.15,N,0.000
M-027,Recuento de E. coli,242622,<1,N,1.000
M-034,Recuento de Pseudomonas aeruginosa,242622,<1,N,1.000
FECHA-LEG,Análisis Legionella-Fecha fin,242622,09/12/2025,T,0.000
FECHA-LEG,Análisis Legionella-Fecha de inicio,242622,24/11/2025,T,0.000
D_TURBIDEZ,Turbidez,242622,<0.4,N,0.230
D_PH,pH,242622,7.7,N,7.660
D_OXIDABIL,Oxidabilidad,242622,0.89,N,0.890
D_CONDUCT,Conductividad a 20 ºC,242622,869,N,869.400
AMONI-CI-P,Amonio,242622,<0.15,N,0.000
M-027,Recuento de bacterias coliformes,242622,<1,N,1.000
M-033-AC2,Legionella spp - Recuento,242622,No detectado,O,0.000
M-033-AC2,Legionella-Limite detección ensayo,242622,25 ufc/L,O,0.000
M-033-AC2,Legionella-Volumen filtrado,242622,0.950,N,0.950
M-019-AC1,Recuento de Estafilococos coagulasa +,242622,0,N,0.000
M-034,Recuento de Pseudomonas aeruginosa,242623,<1,N,1.000
M-027,Recuento de bacterias coliformes,242623,<1,N,1.000
M-027,Recuento de E. coli,242623,<1,N,1.000
M-019-AC1,Recuento de Estafilococos coagulasa +,242623,0,N,0.000
D_TURBIDEZ,Turbidez,242623,<0.4,N,0.160
D_PH,pH,242623,7.5,N,7.450
D_OXIDABIL,Oxidabilidad,242623,1.54,N,1.540
D_CONDUCT,Conductividad a 20 ºC,242623,1012,N,1012.000
AMONI-CI-P,Amonio,242623,<0.15,N,0.000
M-027,Recuento de E. coli,242624,<1,N,1.000
M-034,Recuento de Pseudomonas aeruginosa,242624,<1,N,1.000
FECHA-LEG,Análisis Legionella-Fecha fin,242624,09/12/2025,T,0.000
FECHA-LEG,Análisis Legionella-Fecha de inicio,242624,24/11/2025,T,0.000
D_TURBIDEZ,Turbidez,242624,<0.4,N,0.150
D_PH,pH,242624,7.4,N,7.390
D_OXIDABIL,Oxidabilidad,242624,0.81,N,0.810
D_CONDUCT,Conductividad a 20 ºC,242624,1162,N,1162.000
AMONI-CI-P,Amonio,242624,<0.15,N,0.000
M-027,Recuento de bacterias coliformes,242624,<1,N,1.000
M-033-AC2,Legionella spp - Recuento,242624,No detectado,O,0.000
M-033-AC2,Legionella-Limite detección ensayo,242624,25 ufc/L,O,0.000
M-033-AC2,Legionella-Volumen filtrado,242624,1,N,1.000
M-019-AC1,Recuento de Estafilococos coagulasa +,242624,0,N,0.000
D_TURBIDEZ,Turbidez,242630,<0.4,N,0.230
D_PH,pH,242630,7.4,N,7.390
M-034,Recuento de Pseudomonas aeruginosa,242630,<1,N,1.000
M-027,Recuento de bacterias coliformes,242630,<1,N,1.000
M-027,Recuento de E. coli,242630,<1,N,1.000
M-019-AC1,Recuento de Estafilococos coagulasa +,242630,0,N,0.000
AMONI-CI-P,Amonio,242630,<0.15,N,0.000
D_CONDUCT,Conductividad a 20 ºC,242630,709,N,709.100
D_OXIDABIL,Oxidabilidad,242630,0.90,N,0.900
D_PH,pH,242631,7.5,N,7.460
D_OXIDABIL,Oxidabilidad,242631,0.90,N,0.900
M-019-AC1,Recuento de Estafilococos coagulasa +,242631,<1,N,1.000
M-027,Recuento de bacterias coliformes,242631,<1,N,1.000
M-034,Recuento de Pseudomonas aeruginosa,242631,<1,N,1.000
D_CONDUCT,Conductividad a 20 ºC,242631,459,N,458.500
AMONI-CI-P,Amonio,242631,<0.15,N,0.000
D_TURBIDEZ,Turbidez,242631,<0.4,N,0.180
M-027,Recuento de E. coli,242631,<1,N,1.000
M-027,Recuento de E. coli,242632,<1,N,1.000
M-019-AC1,Recnto. estafilococos coagulasa +,242632,No aceptable,O,0.000
M-034,Recuento de Pseudomonas aeruginosa,242632,<1,N,1.000
D_TURBIDEZ,Turbidez,242632,<0.4,N,0.150
D_PH,pH,242632,7.3,N,7.320
D_OXIDABIL,Oxidabilidad,242632,1.02,N,1.020
D_CONDUCT,Conductividad a 20 ºC,242632,539,N,538.500
M-027,Recuento de bacterias coliformes,242632,<1,N,1.000
AMONI-CI-P,Amonio,242632,<0.15,N,0.000
AMONI-CI-P,Amonio,242633,<0.15,N,0.000
D_CONDUCT,Conductividad a 20 ºC,242633,733,N,733.200
D_OXIDABIL,Oxidabilidad,242633,0.86,N,0.860
D_PH,pH,242633,7.8,N,7.780
D_TURBIDEZ,Turbidez,242633,<0.4,N,0.180
M-019-AC1,Recuento de Estafilococos coagulasa +,242633,0,N,0.000
M-027,Recuento de E. coli,242633,<1,N,1.000
M-027,Recuento de bacterias coliformes,242633,<1,N,1.000
M-034,Recuento de Pseudomonas aeruginosa,242633,<1,N,1.000
D_TURBIDEZ,Turbidez,242634,<0.4,N,0.260
D_PH,pH,242634,7.5,N,7.450
D_OXIDABIL,Oxidabilidad,242634,1.22,N,1.220
D_CONDUCT,Conductividad a 20 ºC,242634,980,N,980.300
AMONI-CI-P,Amonio,242634,<0.15,N,0.000
M-034,Recuento de Pseudomonas aeruginosa,242634,<1,N,1.000
M-019-AC1,Recuento de Estafilococos coagulasa +,242634,<1,N,1.000
M-027,Recuento de E. coli,242634,<1,N,1.000
M-027,Recuento de bacterias coliformes,242634,<1,N,1.000
D_TURBIDEZ,Turbidez,242635,<0.4,N,0.260
D_PH,pH,242635,7.6,N,7.600
D_OXIDABIL,Oxidabilidad,242635,1.51,N,1.510
D_CONDUCT,Conductividad a 20 ºC,242635,673,N,673.200
AMONI-CI-P,Amonio,242635,<0.15,N,0.000
M-034,Recuento de Pseudomonas aeruginosa,242635,<1,N,1.000
M-027,Recuento de bacterias coliformes,242635,<1,N,1.000
M-027,Recuento de E. coli,242635,<1,N,1.000
M-019-AC1,Recnto. estafilococos coagulasa +,242635,No aceptable,O,0.000
AMONI-CI-P,Amonio,242636,<0.15,N,0.000
D_CONDUCT,Conductividad a 20 ºC,242636,614,N,614.300
D_OXIDABIL,Oxidabilidad,242636,1.55,N,1.550
D_PH,pH,242636,7.3,N,7.290
D_TURBIDEZ,Turbidez,242636,<0.4,N,0.280
M-034,Recuento de Pseudomonas aeruginosa,242636,<1,N,1.000
M-027,Recuento de E. coli,242636,<1,N,1.000
M-019-AC1,Recuento de Estafilococos coagulasa +,242636,<1,N,1.000
M-027,Recuento de bacterias coliformes,242636,<1,N,1.000
M-027,Recuento de E. coli,242637,<1,N,1.000
M-034,Recuento de Pseudomonas aeruginosa,242637,<1,N,1.000
AMONI-CI-P,Amonio,242637,<0.15,N,0.000
D_CONDUCT,Conductividad a 20 ºC,242637,594,N,593.900
D_OXIDABIL,Oxidabilidad,242637,0.78,N,0.780
D_PH,pH,242637,7.5,N,7.540
M-027,Recuento de bacterias coliformes,242637,<1,N,1.000
D_TURBIDEZ,Turbidez,242637,<0.4,N,0.150
M-019-AC1,Recnto. estafilococos coagulasa +,242637,No aceptable,O,0.000
AMONI-CI-P,Amonio,242638,<0.15,N,0.000
D_CONDUCT,Conductividad a 20 ºC,242638,647,N,647.000
D_OXIDABIL,Oxidabilidad,242638,0.86,N,0.860
D_PH,pH,242638,7.6,N,7.550
D_TURBIDEZ,Turbidez,242638,<0.4,N,0.120
M-034,Recuento de Pseudomonas aeruginosa,242638,<1,N,1.000
M-019-AC1,Recnto. estafilococos coagulasa +,242638,No aceptable,O,0.000
M-027,Recuento de E. coli,242638,<1,N,1.000
M-027,Recuento de bacterias coliformes,242638,<1,N,1.000
PE-IL-TEMP,Temperatura del agua,242649,47.1,N,47.100
M-021,Recuento,242649,52,N,52.000
M-021,Recuento de Legionella pneumophila,242649,52,N,52.000
M-021,Recuento transformado,242649,5.2E+01,K,52.000
PE-IL-CL,Cloro libre,242649,0.0,N,0.000
PE-IL-TEMP,Temperatura del agua,242650,40.9,N,40.900
PE-IL-CL,Cloro libre,242650,0.0,N,0.000
M-021,Recuento transformado,242650,1.0E+01,K,10.000
M-021,Recuento de Legionella pneumophila,242650,<10,N,10.000
M-021,Recuento,242650,<10,N,10.000
PE-IL-TEMP,Temperatura del agua,242651,44.5,N,44.500
M-021,Recuento,242651,1644,N,1644.000
PE-IL-CL,Cloro libre,242651,0.0,N,0.000
M-021,Recuento transformado,242651,1.6E+03,K,1600.000
M-021,Recuento de Legionella pneumophila,242651,1.6E+03,N,1600.000
PE-IL-CL,Cloro libre,242652,0.0,N,0.000
M-021,Recuento transformado,242652,1.0E+01,K,10.000
M-021,Recuento de Legionella pneumophila,242652,<10,N,10.000
M-021,Recuento,242652,<10,N,10.000
PE-IL-TEMP,Temperatura del agua,242652,37.5,N,37.500
PE-IL-TEMP,Temperatura del agua,242654,40.5,N,40.500
PE-IL-CL,Cloro libre,242654,0.0,N,0.000
M-021,Recuento transformado,242654,1.0E+01,K,10.000
M-021,Recuento de Legionella pneumophila,242654,<10,N,10.000
M-021,Recuento,242654,<10,N,10.000
PE-IL-TEMP,Temperatura del agua,242655,44.0,N,44.000
M-021,Recuento,242655,<10,N,10.000
M-021,Recuento de Legionella pneumophila,242655,<10,N,10.000
M-021,Recuento transformado,242655,1.0E+01,K,10.000
PE-IL-CL,Cloro libre,242655,0.0,N,0.000
M-021,Recuento transformado,242656,1.0E+01,K,10.000
PE-IL-CL,Cloro libre,242656,0.0,N,0.000
PE-IL-TEMP,Temperatura del agua,242656,38.2,N,38.200
M-021,Recuento,242656,<10,N,10.000
M-021,Recuento de Legionella pneumophila,242656,<10,N,10.000
PE-IL-TEMP,Temperatura del agua,242657,50.0,N,50.000
M-021,Recuento,242657,<10,N,10.000
M-021,Recuento de Legionella pneumophila,242657,<10,N,10.000
M-021,Recuento transformado,242657,1.0E+01,K,10.000
PE-IL-CL,Cloro libre,242657,0.0,N,0.000
FECHA-LEG,Análisis Legionella-Fecha de inicio,242699,05/12/2025,T,0.000
PE-IL-TEMP,Temperatura del agua,242699,50.7,N,50.700
M-033-AC2,Legionella spp - Recuento,242699,No detectado,O,0.000
M-033-AC2,Legionella-Limite detección ensayo,242699,25 ufc/L,O,0.000
M-033-AC2,Legionella-Volumen filtrado,242699,1,N,1.000
PE-IL-CL,Cloro libre,242699,0.0,N,0.000
FECHA-LEG,Análisis Legionella-Fecha fin,242699,17/12/2025,T,0.000
PE-IL-TEMP,Temperatura del agua,242700,51.4,N,51.400
PE-IL-CL,Cloro libre,242700,0.0,N,0.000
M-033-AC2,Legionella-Limite detección ensayo,242700,25 ufc/L,O,0.000
M-033-AC2,Legionella spp - Recuento,242700,No detectado,O,0.000
FECHA-LEG,Análisis Legionella-Fecha de inicio,242700,05/12/2025,T,0.000
FECHA-LEG,Análisis Legionella-Fecha fin,242700,15/12/2025,T,0.000
M-033-AC2,Legionella-Volumen filtrado,242700,1,N,1.000
M-033-AC3,Identificación de L. pneumophila sr 1,242701,No detectado,O,0.000
M-033-AC3,Identificación de L. pneumophila sr 2-14,242701,No detectado,O,0.000
M-033-AC3,Identificación de Legionella otras spp,242701,Detectado,O,0.000
M-033-AC1,Legionella volumen filtrado,242701,1,N,1.000
M-033-AC1,Recuento transformado,242701,1.0E+02,K,100.000
M-033-AC1,Recuento,242701,100,N,100.000
M-033-AC1,Recnto. Legionella spp,242701,Presencia / L,O,0.000
FECHA-LEG,Análisis Legionella-Fecha fin,242701,15/12/2025,T,0.000
FECHA-LEG,Análisis Legionella-Fecha de inicio,242701,05/12/2025,T,0.000
PE-IL-CL,Cloro libre,242701,0.0,N,0.000
PE-IL-TEMP,Temperatura del agua,242701,58.1,N,58.100
M-033-AC1,Recnto. Legionella spp,242702,Presencia / L,O,0.000
PE-IL-TEMP,Temperatura del agua,242702,51.0,N,51.000
PE-IL-CL,Cloro libre,242702,0.0,N,0.000
M-033-AC3,Identificación de Legionella otras spp,242702,No detectado,O,0.000
M-033-AC3,Identificación de L. pneumophila sr 2-14,242702,No detectado,O,0.000
M-033-AC3,Identificación de L. pneumophila sr 1,242702,Detectado,O,0.000
M-033-AC1,Legionella volumen filtrado,242702,1,N,1.000
M-033-AC1,Recuento transformado,242702,1.0E+02,K,100.000
M-033-AC1,Recuento,242702,100,N,100.000
FECHA-LEG,Análisis Legionella-Fecha fin,242702,17/12/2025,T,0.000
FECHA-LEG,Análisis Legionella-Fecha de inicio,242702,05/12/2025,T,0.000
M-033-AC3,Identificación de Legionella otras spp,242703,Detectado,O,0.000
M-033-AC3,Identificación de L. pneumophila sr 1,242703,No detectado,O,0.000
M-033-AC3,Identificación de L. pneumophila sr 2-14,242703,No detectado,O,0.000
PE-IL-TEMP,Temperatura del agua,242703,45.1,N,45.100
PE-IL-CL,Cloro libre,242703,0.0,N,0.000
M-033-AC1,Legionella volumen filtrado,242703,1,N,1.000
M-033-AC1,Recuento transformado,242703,2.5E+01,K,25.000
M-033-AC1,Recuento,242703,25,N,25.000
M-033-AC1,Recnto. Legionella spp,242703,Presencia / L,O,0.000
FECHA-LEG,Análisis Legionella-Fecha fin,242703,17/12/2025,T,0.000
FECHA-LEG,Análisis Legionella-Fecha de inicio,242703,05/12/2025,T,0.000
FECHA-LEG,Análisis Legionella-Fecha fin,242704,15/12/2025,T,0.000
M-033-AC2,Legionella spp - Recuento,242704,No detectado,O,0.000
M-033-AC2,Legionella-Limite detección ensayo,242704,25 ufc/L,O,0.000
PE-IL-CL,Cloro libre,242704,0.0,N,0.000
PE-IL-TEMP,Temperatura del agua,242704,46.8,N,46.800
FECHA-LEG,Análisis Legionella-Fecha de inicio,242704,05/12/2025,T,0.000
M-033-AC2,Legionella-Volumen filtrado,242704,1,N,1.000
AMONI-CI-P,Amonio,242740,<0.15,N,0.000
WMM-LM-CAM,Cloro libre residual,242740,<0.10,N,0.000
D_CONDUCT,Conductividad a 20 ºC,242740,145,N,145.000
D_PH,pH,242740,8.0,N,7.990
D_TURBIDEZ,Turbidez,242740,0.9,N,0.850
M-013-AC1,Recuento de enterococos intestinales,242740,0,N,0.000
M-016-AC1,Recuento de E. coli,242740,0,N,0.000
M-016-AC1,Recuento de bacterias coliformes,242740,0,N,0.000
M-030-AC1,Recuento C. perfringens (con esporas),242740,0,N,0.000
M-068-AC1,Microorganismos cultivables a 22 °C,242740,<1,N,1.000
M-068-AC1,Microorganismos cultivables a 22 ºC,242740,0.0,K,0.000
M-068-AC1,Recuento,242740,0,K,0.000
NA-CI-P,Sodio,242740,2.84,N,2.842
NTRAT-CI-P,Nitratos,242740,1.39,N,1.390
NTRIT-CI-P,Nitritos,242740,<0.15,N,0.000
OXOANIONES,Bromato,242740,<2.5,N,0.000
OXOANIONES,Clorato,242740,<0.025,N,0.000
OXOANIONES,Clorito,242740,<0.025,N,0.000
PE-IL-TEMP,Temperatura del agua,242740,13.5,N,13.500
SULFA-CI-P,Sulfatos,242740,3.9,N,3.920
THM-GCMS,Bromodiclorometano,242740,<5.0,N,2.952
THM-GCMS,Bromoformo,242740,<5.0,N,0.000
THM-GCMS,Cloroformo,242740,29.1,N,29.125
THM-GCMS,Dibromoclorometano,242740,<5.0,N,0.712
THM-GCMS,Suma Trihalometanos,242740,32.8,N,32.790
WMM-LM-CAM,Cloro combinado residual,242740,<0.10,N,0.050
CLORU-CI-P,Cloruros,242740,4.60,N,4.600
M-068-AC1,Recuento,242741,0,K,0.000
NA-CI-P,Sodio,242741,8.84,N,8.841
NTRAT-CI-P,Nitratos,242741,1.50,N,1.500
NTRIT-CI-P,Nitritos,242741,<0.15,N,0.000
OXOANIONES,Bromato,242741,<2.5,N,0.000
OXOANIONES,Clorato,242741,<0.025,N,0.000
OXOANIONES,Clorito,242741,<0.025,N,0.000
PE-IL-TEMP,Temperatura del agua,242741,13.8,N,13.800
SULFA-CI-P,Sulfatos,242741,19.0,N,18.990
THM-GCMS,Bromodiclorometano,242741,6.3,N,6.332
THM-GCMS,Bromoformo,242741,<5.0,N,1.202
THM-GCMS,Cloroformo,242741,12.7,N,12.719
THM-GCMS,Dibromoclorometano,242741,<5.0,N,3.658
THM-GCMS,Suma Trihalometanos,242741,23.9,N,23.910
WMM-LM-CAM,Cloro combinado residual,242741,<0.10,N,0.090
WMM-LM-CAM,Cloro libre residual,242741,0.36,N,0.360
M-013-AC1,Recuento de enterococos intestinales,242741,0,N,0.000
M-016-AC1,Recuento de E. coli,242741,0,N,0.000
M-016-AC1,Recuento de bacterias coliformes,242741,0,N,0.000
M-030-AC1,Recuento C. perfringens (con esporas),242741,0,N,0.000
M-068-AC1,Microorganismos cultivables a 22 °C,242741,<1,N,1.000
M-068-AC1,Microorganismos cultivables a 22 ºC,242741,0.0,K,0.000
AMONI-CI-P,Amonio,242741,<0.15,N,0.000
CLORU-CI-P,Cloruros,242741,14.14,N,14.140
D_CONDUCT,Conductividad a 20 ºC,242741,242,N,242.200
D_PH,pH,242741,7.9,N,7.880
D_TURBIDEZ,Turbidez,242741,<0.4,N,0.150
THM-GCMS,Bromoformo,242742,<5.0,N,0.000
THM-GCMS,Bromodiclorometano,242742,7.2,N,7.207
THM-GCMS,Dibromoclorometano,242742,<5.0,N,3.611
THM-GCMS,Suma Trihalometanos,242742,26.5,N,26.480
WMM-LM-CAM,Cloro combinado residual,242742,0.13,N,0.130
WMM-LM-CAM,Cloro libre residual,242742,0.10,N,0.100
AMONI-CI-P,Amonio,242742,<0.15,N,0.000
CLORU-CI-P,Cloruros,242742,14.40,N,14.400
D_CONDUCT,Conductividad a 20 ºC,242742,242,N,242.300
D_PH,pH,242742,7.9,N,7.870
D_TURBIDEZ,Turbidez,242742,<0.4,N,0.120
M-013-AC1,Recuento de enterococos intestinales,242742,0,N,0.000
M-016-AC1,Recuento de E. coli,242742,0,N,0.000
M-016-AC1,Recuento de bacterias coliformes,242742,0,N,0.000
M-030-AC1,Recuento C. perfringens (con esporas),242742,0,N,0.000
M-068-AC1,Microorganismos cultivables a 22 °C,242742,<1,N,1.000
M-068-AC1,Microorganismos cultivables a 22 ºC,242742,0.0,K,0.000
M-068-AC1,Recuento,242742,0,K,0.000
NA-CI-P,Sodio,242742,9.07,N,9.069
NTRAT-CI-P,Nitratos,242742,1.60,N,1.600
NTRIT-CI-P,Nitritos,242742,<0.15,N,0.000
OXOANIONES,Bromato,242742,<2.5,N,0.000
OXOANIONES,Clorato,242742,<0.025,N,0.000
OXOANIONES,Clorito,242742,<0.025,N,0.000
PE-IL-TEMP,Temperatura del agua,242742,17.5,N,17.500
SULFA-CI-P,Sulfatos,242742,19.1,N,19.140
THM-GCMS,Cloroformo,242742,15.7,N,15.663
AMONI-CI-P,Amonio,242743,<0.15,N,0.000
WMM-LM-CAM,Cloro combinado residual,242743,0.17,N,0.170
D_CONDUCT,Conductividad a 20 ºC,242743,242,N,241.700
D_PH,pH,242743,7.9,N,7.860
M-016-AC1,Recuento de bacterias coliformes,242743,0,N,0.000
D_TURBIDEZ,Turbidez,242743,<0.4,N,0.210
M-013-AC1,Recuento de enterococos intestinales,242743,0,N,0.000
M-016-AC1,Recuento de E. coli,242743,0,N,0.000
WMM-LM-CAM,Cloro libre residual,242743,0.28,N,0.280
M-030-AC1,Recuento C. perfringens (con esporas),242743,0,N,0.000
M-068-AC1,Microorganismos cultivables a 22 °C,242743,<1,N,1.000
M-068-AC1,Microorganismos cultivables a 22 ºC,242743,0.0,K,0.000
M-068-AC1,Recuento,242743,0,K,0.000
NA-CI-P,Sodio,242743,8.94,N,8.941
NTRAT-CI-P,Nitratos,242743,1.56,N,1.560
NTRIT-CI-P,Nitritos,242743,<0.15,N,0.000
OXOANIONES,Bromato,242743,<2.5,N,0.000
OXOANIONES,Clorato,242743,<0.025,N,0.000
OXOANIONES,Clorito,242743,<0.025,N,0.000
PE-IL-TEMP,Temperatura del agua,242743,13.4,N,13.400
SULFA-CI-P,Sulfatos,242743,18.9,N,18.940
THM-GCMS,Bromodiclorometano,242743,6.9,N,6.898
THM-GCMS,Bromoformo,242743,<5.0,N,1.144
THM-GCMS,Cloroformo,242743,13.5,N,13.505
THM-GCMS,Dibromoclorometano,242743,<5.0,N,3.348
THM-GCMS,Suma Trihalometanos,242743,24.9,N,24.900
CLORU-CI-P,Cloruros,242743,14.20,N,14.200
AMONI-CI-P,Amonio,242744,<0.15,N,0.000
WMM-LM-CAM,Cloro libre residual,242744,0.25,N,0.250
D_CONDUCT,Conductividad a 20 ºC,242744,242,N,241.900
D_PH,pH,242744,7.9,N,7.850
D_TURBIDEZ,Turbidez,242744,<0.4,N,0.150
M-013-AC1,Recuento de enterococos intestinales,242744,0,N,0.000
M-016-AC1,Recuento de E. coli,242744,0,N,0.000
M-016-AC1,Recuento de bacterias coliformes,242744,0,N,0.000
M-030-AC1,Recuento C. perfringens (con esporas),242744,0,N,0.000
M-068-AC1,Microorganismos cultivables a 22 °C,242744,<1,N,1.000
M-068-AC1,Microorganismos cultivables a 22 ºC,242744,0.0,K,0.000
M-068-AC1,Recuento,242744,0,K,0.000
NA-CI-P,Sodio,242744,8.91,N,8.912
NTRAT-CI-P,Nitratos,242744,1.51,N,1.510
NTRIT-CI-P,Nitritos,242744,<0.15,N,0.000
OXOANIONES,Bromato,242744,<2.5,N,0.000
OXOANIONES,Clorato,242744,<0.025,N,0.000
OXOANIONES,Clorito,242744,<0.025,N,0.000
PE-IL-TEMP,Temperatura del agua,242744,13.5,N,13.500
SULFA-CI-P,Sulfatos,242744,19.0,N,18.980
THM-GCMS,Bromodiclorometano,242744,5.9,N,5.887
THM-GCMS,Bromoformo,242744,<5.0,N,1.135
THM-GCMS,Cloroformo,242744,12.3,N,12.281
THM-GCMS,Dibromoclorometano,242744,<5.0,N,3.297
THM-GCMS,Suma Trihalometanos,242744,22.6,N,22.600
WMM-LM-CAM,Cloro combinado residual,242744,<0.10,N,0.060
CLORU-CI-P,Cloruros,242744,14.18,N,14.180
AMONI-CI-P,Amonio,242745,<0.15,N,0.000
CLORU-CI-P,Cloruros,242745,14.36,N,14.360
D_CONDUCT,Conductividad a 20 ºC,242745,243,N,243.300
D_PH,pH,242745,7.9,N,7.920
D_TURBIDEZ,Turbidez,242745,<0.4,N,0.130
OXOANIONES,Bromato,242745,<2.5,N,0.000
OXOANIONES,Clorato,242745,<0.025,N,0.000
OXOANIONES,Clorito,242745,<0.025,N,0.000
PE-IL-TEMP,Temperatura del agua,242745,12.7,N,12.700
SULFA-CI-P,Sulfatos,242745,19.2,N,19.170
THM-GCMS,Bromodiclorometano,242745,7.7,N,7.679
THM-GCMS,Bromoformo,242745,<5.0,N,0.000
THM-GCMS,Cloroformo,242745,16.3,N,16.293
THM-GCMS,Dibromoclorometano,242745,<5.0,N,3.722
THM-GCMS,Suma Trihalometanos,242745,27.7,N,27.690
WMM-LM-CAM,Cloro combinado residual,242745,0.13,N,0.130
WMM-LM-CAM,Cloro libre residual,242745,0.10,N,0.100
M-013-AC1,Recuento de enterococos intestinales,242745,0,N,0.000
M-016-AC1,Recuento de E. coli,242745,0,N,0.000
M-016-AC1,Recuento de bacterias coliformes,242745,0,N,0.000
M-030-AC1,Recuento C. perfringens (con esporas),242745,0,N,0.000
M-068-AC1,Microorganismos cultivables a 22 °C,242745,<1,N,1.000
M-068-AC1,Microorganismos cultivables a 22 ºC,242745,0.0,K,0.000
M-068-AC1,Recuento,242745,0,K,0.000
NA-CI-P,Sodio,242745,8.96,N,8.958
NTRAT-CI-P,Nitratos,242745,1.63,N,1.630
NTRIT-CI-P,Nitritos,242745,<0.15,N,0.000
THM-GCMS,Dibromoclorometano,242746,<5.0,N,3.445
THM-GCMS,Cloroformo,242746,16.1,N,16.107
WMM-LM-CAM,Cloro combinado residual,242746,0.19,N,0.190
WMM-LM-CAM,Cloro libre residual,242746,<0.10,N,0.050
AMONI-CI-P,Amonio,242746,<0.15,N,0.000
CLORU-CI-P,Cloruros,242746,14.28,N,14.280
D_CONDUCT,Conductividad a 20 ºC,242746,243,N,243.400
D_PH,pH,242746,7.9,N,7.910
D_TURBIDEZ,Turbidez,242746,<0.4,N,0.110
M-013-AC1,Recuento de enterococos intestinales,242746,0,N,0.000
M-016-AC1,Recuento de E. coli,242746,0,N,0.000
M-016-AC1,Recuento de bacterias coliformes,242746,0,N,0.000
M-030-AC1,Recuento C. perfringens (con esporas),242746,0,N,0.000
M-068-AC1,Microorganismos cultivables a 22 °C,242746,<1,N,1.000
M-068-AC1,Microorganismos cultivables a 22 ºC,242746,0.0,K,0.000
M-068-AC1,Recuento,242746,0,K,0.000
NA-CI-P,Sodio,242746,8.93,N,8.925
NTRAT-CI-P,Nitratos,242746,1.59,N,1.590
NTRIT-CI-P,Nitritos,242746,<0.15,N,0.000
OXOANIONES,Bromato,242746,<2.5,N,0.000
OXOANIONES,Clorato,242746,<0.025,N,0.000
OXOANIONES,Clorito,242746,<0.025,N,0.000
PE-IL-TEMP,Temperatura del agua,242746,14.4,N,14.400
SULFA-CI-P,Sulfatos,242746,19.1,N,19.120
THM-GCMS,Bromodiclorometano,242746,7.8,N,7.812
THM-GCMS,Bromoformo,242746,<5.0,N,0.000
THM-GCMS,Suma Trihalometanos,242746,27.4,N,27.360
AMONI-CI-P,Amonio,242747,<0.15,N,0.000
WMM-LM-CAM,Cloro libre residual,242747,<0.10,N,0.000
D_CONDUCT,Conductividad a 20 ºC,242747,251,N,250.900
D_PH,pH,242747,8.1,N,8.090
D_TURBIDEZ,Turbidez,242747,<0.4,N,0.130
M-013-AC1,Recuento de enterococos intestinales,242747,0,N,0.000
M-016-AC1,Recuento de E. coli,242747,0,N,0.000
M-016-AC1,Recuento de bacterias coliformes,242747,0,N,0.000
M-030-AC1,Recuento C. perfringens (con esporas),242747,0,N,0.000
M-068-AC1,Microorganismos cultivables a 22 °C,242747,<1,N,1.000
M-068-AC1,Microorganismos cultivables a 22 ºC,242747,0.0,K,0.000
M-068-AC1,Recuento,242747,0,K,0.000
NA-CI-P,Sodio,242747,9.41,N,9.407
NTRAT-CI-P,Nitratos,242747,<1.00,N,0.940
NTRIT-CI-P,Nitritos,242747,<0.15,N,0.000
OXOANIONES,Bromato,242747,<2.5,N,0.000
OXOANIONES,Clorato,242747,<0.025,N,0.000
OXOANIONES,Clorito,242747,<0.025,N,0.000
PE-IL-TEMP,Temperatura del agua,242747,12.5,N,12.500
SULFA-CI-P,Sulfatos,242747,19.3,N,19.340
THM-GCMS,Bromodiclorometano,242747,10.1,N,10.056
THM-GCMS,Bromoformo,242747,<5.0,N,0.000
THM-GCMS,Cloroformo,242747,23.8,N,23.799
THM-GCMS,Dibromoclorometano,242747,<5.0,N,4.328
THM-GCMS,Suma Trihalometanos,242747,38.2,N,38.180
WMM-LM-CAM,Cloro combinado residual,242747,0.10,N,0.100
CLORU-CI-P,Cloruros,242747,14.75,N,14.750
PE-IL-TEMP,Temperatura del agua,242748,52.6,N,52.600
M-021,Recuento,242748,<10,N,10.000
M-021,Recuento de Legionella pneumophila,242748,<10,N,10.000
M-021,Recuento transformado,242748,1.0E+01,K,10.000
PE-IL-CL,Cloro libre,242748,0.0,N,0.000
PE-IL-TEMP,Temperatura del agua,242749,51.9,N,51.900
M-021,Recuento,242749,11,N,11.000
M-021,Recuento de Legionella pneumophila,242749,11,N,11.000
M-021,Recuento transformado,242749,1.1E+01,K,11.000
PE-IL-CL,Cloro libre,242749,0.0,N,0.000
M-021,Recuento transformado,242750,1.0E+01,K,10.000
PE-IL-CL,Cloro libre,242750,0.0,N,0.000
PE-IL-TEMP,Temperatura del agua,242750,49.5,N,49.500
M-021,Recuento,242750,<10,N,10.000
M-021,Recuento de Legionella pneumophila,242750,<10,N,10.000
M-021,Recuento transformado,242751,1.0E+01,K,10.000
M-021,Recuento,242751,<10,N,10.000
PE-IL-CL,Cloro libre,242751,0.0,N,0.000
PE-IL-TEMP,Temperatura del agua,242751,59,N,59.000
M-021,Recuento de Legionella pneumophila,242751,<10,N,10.000
PE-IL-TEMP,Temperatura del agua,242752,32.1,N,32.100
PE-IL-CL,Cloro libre,242752,0.0,N,0.000
M-021,Recuento transformado,242752,1.0E+01,K,10.000
M-021,Recuento,242752,<10,N,10.000
M-021,Recuento de Legionella pneumophila,242752,<10,N,10.000
PE-IL-CL,Cloro libre,242753,0.0,N,0.000
PE-IL-TEMP,Temperatura del agua,242753,44,N,44.000
M-021,Recuento transformado,242753,1.0E+01,K,10.000
M-021,Recuento de Legionella pneumophila,242753,<10,N,10.000
M-021,Recuento,242753,<10,N,10.000
PE-IL-TEMP,Temperatura del agua,242754,37.0,N,37.000
PE-IL-CL,Cloro libre,242754,0.0,N,0.000
M-021,Recuento de Legionella pneumophila,242754,<10,N,10.000
M-021,Recuento,242754,<10,N,10.000
M-021,Recuento transformado,242754,1.0E+01,K,10.000
PE-IL-CL,Cloro libre,242755,0.0,N,0.000
M-021,Recuento transformado,242755,1.0E+01,K,10.000
PE-IL-TEMP,Temperatura del agua,242755,46.0,N,46.000
M-021,Recuento,242755,<10,N,10.000
M-021,Recuento de Legionella pneumophila,242755,<10,N,10.000
M-021,Recuento transformado,242756,1.0E+01,K,10.000
PE-IL-CL,Cloro libre,242756,0.0,N,0.000
M-021,Recuento de Legionella pneumophila,242756,<10,N,10.000
M-021,Recuento,242756,<10,N,10.000
PE-IL-TEMP,Temperatura del agua,242756,44.0,N,44.000
PE-IL-TEMP,Temperatura del agua,242775,43.9,N,43.900
M-021,Recuento,242775,1722,N,1722.000
M-021,Recuento de Legionella pneumophila,242775,1.7E+03,N,1700.000
M-021,Recuento transformado,242775,1.7E+03,K,1700.000
PE-IL-CL,Cloro libre,242775,0.1,N,0.080
PE-IL-TEMP,Temperatura del agua,242776,44.7,N,44.700
PE-IL-CL,Cloro libre,242776,0.1,N,0.070
M-021,Recuento transformado,242776,5.4E+03,K,5400.000
M-021,Recuento de Legionella pneumophila,242776,5.4E+03,N,5400.000
M-021,Recuento,242776,5383,N,5383.000
PE-IL-CL,Cloro libre,242777,0.0,N,0.000
M-021,Recuento transformado,242777,1.0E+01,K,10.000
M-021,Recuento de Legionella pneumophila,242777,<10,N,10.000
M-021,Recuento,242777,<10,N,10.000
PE-IL-TEMP,Temperatura del agua,242777,44.9,N,44.900
M-027,Recuento de bacterias coliformes,242862,<1,N,1.000
M-027,Recuento de E. coli,242862,<1,N,1.000
M-019-AC1,Recuento de Estafilococos coagulasa +,242862,1,N,1.000
M-034,Recuento de Pseudomonas aeruginosa,242862,<1,N,1.000
D_TURBIDEZ,Turbidez,242862,<0.4,N,0.190
D_PH,pH,242862,7.5,N,7.540
D_OXIDABIL,Oxidabilidad,242862,0.94,N,0.940
D_CONDUCT,Conductividad a 20 ºC,242862,626,N,626.100
AMONI-CI-P,Amonio,242862,<0.15,N,0.000
M-027,Recuento de bacterias coliformes,242863,<1,N,1.000
M-027,Recuento de E. coli,242863,<1,N,1.000
M-019-AC1,Recuento de Estafilococos coagulasa +,242863,0,N,0.000
D_TURBIDEZ,Turbidez,242863,<0.4,N,0.150
D_PH,pH,242863,7.6,N,7.550
D_OXIDABIL,Oxidabilidad,242863,1.18,N,1.180
D_CONDUCT,Conductividad a 20 ºC,242863,610,N,610.400
AMONI-CI-P,Amonio,242863,<0.15,N,0.000
M-034,Recuento de Pseudomonas aeruginosa,242863,<1,N,1.000
AMONI-CI-P,Amonio,242864,<0.15,N,0.000
D_CONDUCT,Conductividad a 20 ºC,242864,876,N,876.000
M-034,Recuento de Pseudomonas aeruginosa,242864,<1,N,1.000
M-027,Recuento de bacterias coliformes,242864,<1,N,1.000
M-027,Recuento de E. coli,242864,<1,N,1.000
M-019-AC1,Recuento de Estafilococos coagulasa +,242864,1,N,1.000
D_TURBIDEZ,Turbidez,242864,<0.4,N,0.260
D_PH,pH,242864,7.2,N,7.230
D_OXIDABIL,Oxidabilidad,242864,1.39,N,1.390
AMONI-CI-P,Amonio,242865,<0.15,N,0.000
M-027,Recuento de bacterias coliformes,242865,<1,N,1.000
M-027,Recuento de E. coli,242865,<1,N,1.000
M-019-AC1,Recuento de Estafilococos coagulasa +,242865,0,N,0.000
M-034,Recuento de Pseudomonas aeruginosa,242865,<1,N,1.000
D_TURBIDEZ,Turbidez,242865,<0.4,N,0.150
D_PH,pH,242865,7.3,N,7.330
D_OXIDABIL,Oxidabilidad,242865,0.94,N,0.940
D_CONDUCT,Conductividad a 20 ºC,242865,1009,N,1009.000
M-019-AC1,Recuento de Estafilococos coagulasa +,242866,0,N,0.000
M-027,Recuento de E. coli,242866,<1,N,1.000
M-027,Recuento de bacterias coliformes,242866,<1,N,1.000
M-034,Recuento de Pseudomonas aeruginosa,242866,<1,N,1.000
AMONI-CI-P,Amonio,242866,<0.15,N,0.000
D_CONDUCT,Conductividad a 20 ºC,242866,392,N,392.000
D_OXIDABIL,Oxidabilidad,242866,0.73,N,0.730
D_PH,pH,242866,7.3,N,7.310
D_TURBIDEZ,Turbidez,242866,<0.4,N,0.180
D_TURBIDEZ,Turbidez,242867,<0.4,N,0.300
M-034,Recuento de Pseudomonas aeruginosa,242867,<1,N,1.000
M-027,Recuento de bacterias coliformes,242867,<1,N,1.000
M-027,Recuento de E. coli,242867,<1,N,1.000
M-019-AC1,Recuento de Estafilococos coagulasa +,242867,0,N,0.000
AMONI-CI-P,Amonio,242867,<0.15,N,0.000
D_CONDUCT,Conductividad a 20 ºC,242867,569,N,569.000
D_OXIDABIL,Oxidabilidad,242867,0.82,N,0.820
D_PH,pH,242867,7.3,N,7.330
AMONI-CI-P,Amonio,242868,<0.15,N,0.000
M-019-AC1,Recnto. de EStafilococos coagulasa +,242868,No aceptable,O,0.000
M-027,Recuento de E. coli,242868,<1,N,1.000
M-034,Recuento de Pseudomonas aeruginosa,242868,<1,N,1.000
D_TURBIDEZ,Turbidez,242868,<0.4,N,0.150
D_PH,pH,242868,7.4,N,7.360
D_OXIDABIL,Oxidabilidad,242868,0.98,N,0.980
D_CONDUCT,Conductividad a 20 ºC,242868,527,N,527.400
M-027,Recuento de bacterias coliformes,242868,<1,N,1.000
D_TURBIDEZ,Turbidez,242869,<0.4,N,0.270
D_PH,pH,242869,7.3,N,7.290
D_OXIDABIL,Oxidabilidad,242869,1.10,N,1.100
D_CONDUCT,Conductividad a 20 ºC,242869,867,N,866.500
AMONI-CI-P,Amonio,242869,<0.15,N,0.000
M-034,Recuento de Pseudomonas aeruginosa,242869,<1,N,1.000
M-027,Recuento de bacterias coliformes,242869,<1,N,1.000
M-027,Recuento de E. coli,242869,<1,N,1.000
M-019-AC1,Recuento de Estafilococos coagulasa +,242869,<1,N,1.000
AMONI-CI-P,Amonio,242870,<0.15,N,0.000
D_CONDUCT,Conductividad a 20 ºC,242870,871,N,871.200
D_OXIDABIL,Oxidabilidad,242870,0.90,N,0.900
D_PH,pH,242870,7.4,N,7.350
D_TURBIDEZ,Turbidez,242870,<0.4,N,0.170
FECHA-LEG,Análisis Legionella-Fecha de inicio,242870,16/12/2025,T,0.000
FECHA-LEG,Análisis Legionella-Fecha fin,242870,26/12/2025,T,0.000
M-019-AC1,Recuento de Estafilococos coagulasa +,242870,0,N,0.000
M-027,Recuento de E. coli,242870,<1,N,1.000
M-027,Recuento de bacterias coliformes,242870,<1,N,1.000
M-033-AC2,Legionella spp - Recuento,242870,No detectado,O,0.000
M-033-AC2,Legionella-Limite detección ensayo,242870,25 ufc/L,O,0.000
M-033-AC2,Legionella-Volumen filtrado,242870,1,N,1.000
M-034,Recuento de Pseudomonas aeruginosa,242870,<1,N,1.000
AMONI-CI-P,Amonio,242871,<0.15,N,0.000
D_CONDUCT,Conductividad a 20 ºC,242871,1026,N,1026.000
D_OXIDABIL,Oxidabilidad,242871,0.94,N,0.940
D_PH,pH,242871,7.3,N,7.310
D_TURBIDEZ,Turbidez,242871,<0.4,N,0.150
M-034,Recuento de Pseudomonas aeruginosa,242871,<1,N,1.000
M-019-AC1,Recuento de Estafilococos coagulasa +,242871,0,N,0.000
M-027,Recuento de E. coli,242871,<1,N,1.000
M-027,Recuento de bacterias coliformes,242871,<1,N,1.000
D_PH,pH,242872,7.4,N,7.400
D_OXIDABIL,Oxidabilidad,242872,0.90,N,0.900
FECHA-LEG,Análisis Legionella-Fecha de inicio,242872,16/12/2025,T,0.000
FECHA-LEG,Análisis Legionella-Fecha fin,242872,26/12/2025,T,0.000
M-019-AC1,Recuento de Estafilococos coagulasa +,242872,0,N,0.000
M-027,Recuento de E. coli,242872,<1,N,1.000
M-027,Recuento de bacterias coliformes,242872,3,N,3.000
M-033-AC2,Legionella spp - Recuento,242872,No detectado,O,0.000
M-033-AC2,Legionella-Limite detección ensayo,242872,25 ufc/L,O,0.000
M-033-AC2,Legionella-Volumen filtrado,242872,1,N,1.000
M-034,Recuento de Pseudomonas aeruginosa,242872,<1,N,1.000
AMONI-CI-P,Amonio,242872,<0.15,N,0.000
D_CONDUCT,Conductividad a 20 ºC,242872,1355,N,1355.000
D_TURBIDEZ,Turbidez,242872,<0.4,N,0.180
PE-IL-TEMP,Temperatura del agua,242873,37.6,N,37.600
M-021,Recuento,242873,<10,N,10.000
M-021,Recuento de Legionella pneumophila,242873,<10,N,10.000
M-021,Recuento transformado,242873,1.0E+01,K,10.000
PE-IL-CL,Cloro libre,242873,0.0,N,0.000
AMONI-CI-P,Amonio,242874,<0.15,N,0.000
D_CONDUCT,Conductividad a 20 ºC,242874,654,N,654.400
D_OXIDABIL,Oxidabilidad,242874,0.78,N,0.780
D_PH,pH,242874,7.4,N,7.370
D_TURBIDEZ,Turbidez,242874,<0.4,N,0.210
M-034,Recuento de Pseudomonas aeruginosa,242874,<1,N,1.000
M-019-AC1,Recuento de Estafilococos coagulasa +,242874,0,N,0.000
M-027,Recuento de E. coli,242874,<1,N,1.000
M-027,Recuento de bacterias coliformes,242874,<1,N,1.000
M-027,Recuento de bacterias coliformes,242875,<1,N,1.000
AMONI-CI-P,Amonio,242875,<0.15,N,0.000
D_CONDUCT,Conductividad a 20 ºC,242875,453,N,452.600
D_OXIDABIL,Oxidabilidad,242875,0.99,N,0.990
D_PH,pH,242875,7.3,N,7.290
D_TURBIDEZ,Turbidez,242875,<0.4,N,0.160
M-034,Recuento de Pseudomonas aeruginosa,242875,<1,N,1.000
M-019-AC1,Recuento de Estafilococos coagulasa +,242875,<1,N,1.000
M-027,Recuento de E. coli,242875,<1,N,1.000
AMONI-CI-P,Amonio,242876,<0.15,N,0.000
D_CONDUCT,Conductividad a 20 ºC,242876,589,N,589.000
D_OXIDABIL,Oxidabilidad,242876,1.40,N,1.400
D_PH,pH,242876,7.0,N,7.040
D_TURBIDEZ,Turbidez,242876,<0.4,N,0.170
M-034,Recuento de Pseudomonas aeruginosa,242876,<1,N,1.000
M-019-AC1,Recuento de Estafilococos coagulasa +,242876,0,N,0.000
M-027,Recuento de E. coli,242876,<1,N,1.000
M-027,Recuento de bacterias coliformes,242876,<1,N,1.000
D_CONDUCT,Conductividad a 20 ºC,242877,709,N,708.700
D_OXIDABIL,Oxidabilidad,242877,1.07,N,1.070
D_PH,pH,242877,7.5,N,7.490
D_TURBIDEZ,Turbidez,242877,<0.4,N,0.130
M-019-AC1,Recnto. de Estafilococos coagulasa +,242877,No aceptable,O,0.000
M-027,Recuento de E. coli,242877,<1,N,1.000
M-027,Recuento de bacterias coliformes,242877,<1,N,1.000
M-034,Recuento de Pseudomonas aeruginosa,242877,<1,N,1.000
AMONI-CI-P,Amonio,242877,<0.15,N,0.000
AMONI-CI-P,Amonio,242878,<0.15,N,0.000
D_CONDUCT,Conductividad a 20 ºC,242878,894,N,893.700
M-034,Recuento de Pseudomonas aeruginosa,242878,<1,N,1.000
M-027,Recuento de bacterias coliformes,242878,<1,N,1.000
M-027,Recuento de E. coli,242878,<1,N,1.000
M-019-AC1,Recuento de Estafilococos coagulasa +,242878,<1,N,1.000
D_TURBIDEZ,Turbidez,242878,<0.4,N,0.240
D_PH,pH,242878,7.4,N,7.430
D_OXIDABIL,Oxidabilidad,242878,1.24,N,1.240
AMONI-CI-P,Amonio,242879,<0.15,N,0.000
M-027,Recuento de bacterias coliformes,242879,<1,N,1.000
M-027,Recuento de E. coli,242879,<1,N,1.000
M-019-AC1,Recuento de Estafilococos coagulasa +,242879,<1,N,1.000
M-034,Recuento de Pseudomonas aeruginosa,242879,<1,N,1.000
D_TURBIDEZ,Turbidez,242879,<0.4,N,0.170
D_PH,pH,242879,7.4,N,7.380
D_OXIDABIL,Oxidabilidad,242879,0.87,N,0.870
D_CONDUCT,Conductividad a 20 ºC,242879,654,N,654.400
D_TURBIDEZ,Turbidez,242880,<0.4,N,0.280
D_PH,pH,242880,7.4,N,7.380
D_OXIDABIL,Oxidabilidad,242880,0.70,N,0.700
D_CONDUCT,Conductividad a 20 ºC,242880,654,N,653.500
AMONI-CI-P,Amonio,242880,<0.15,N,0.000
M-034,Recuento de Pseudomonas aeruginosa,242880,<1,N,1.000
M-019-AC1,Recuento de Estafilococos coagulasa +,242880,<1,N,1.000
M-027,Recuento de E. coli,242880,<1,N,1.000
M-027,Recuento de bacterias coliformes,242880,<1,N,1.000
D_TURBIDEZ,Turbidez,242881,<0.4,N,0.140
D_PH,pH,242881,7.4,N,7.440
D_OXIDABIL,Oxidabilidad,242881,1.15,N,1.150
D_CONDUCT,Conductividad a 20 ºC,242881,583,N,583.100
AMONI-CI-P,Amonio,242881,<0.15,N,0.000
M-034,Recuento de Pseudomonas aeruginosa,242881,<1,N,1.000
M-027,Recuento de bacterias coliformes,242881,<1,N,1.000
M-027,Recuento de E. coli,242881,<1,N,1.000
M-019-AC1,Recuento de Estafilococos coagulasa +,242881,<1,N,1.000
AMONI-CI-P,Amonio,242882,<0.15,N,0.000
D_CONDUCT,Conductividad a 20 ºC,242882,536,N,536.400
D_OXIDABIL,Oxidabilidad,242882,1.32,N,1.320
D_PH,pH,242882,7.3,N,7.330
D_TURBIDEZ,Turbidez,242882,<0.4,N,0.110
M-034,Recuento de Pseudomonas aeruginosa,242882,<1,N,1.000
M-027,Recuento de E. coli,242882,<1,N,1.000
M-019-AC1,Recuento de Estafilococos coagulasa +,242882,<1,N,1.000
M-027,Recuento de bacterias coliformes,242882,<1,N,1.000
FECHA-LEG,Análisis Legionella-Fecha de inicio,243041,09/01/2026,T,0.000
FECHA-LEG,Análisis Legionella-Fecha fin,243041,19/01/2026,T,0.000
PE-IL-CL,Cloro libre,243041,0.0,N,0.000
M-033-AC2,Legionella-Volumen filtrado,243041,1,N,1.000
M-033-AC2,Legionella-Limite detección ensayo,243041,25 ufc/L,O,0.000
M-033-AC2,Legionella spp - Recuento,243041,No detectado,O,0.000
PE-IL-TEMP,Temperatura del agua,243041,62.0,N,62.000
PE-IL-TEMP,Temperatura del agua,243042,48.0,N,48.000
PE-IL-CL,Cloro libre,243042,0.0,N,0.000
M-033-AC2,Legionella-Volumen filtrado,243042,1,N,1.000
M-033-AC2,Legionella spp - Recuento,243042,No detectado,O,0.000
M-033-AC2,Legionella-Limite detección ensayo,243042,25 ufc/L,O,0.000
FECHA-LEG,Análisis Legionella-Fecha fin,243042,19/01/2026,T,0.000
FECHA-LEG,Análisis Legionella-Fecha de inicio,243042,09/01/2026,T,0.000
FECHA-LEG,Análisis Legionella-Fecha de inicio,243043,09/01/2026,T,0.000
FECHA-LEG,Análisis Legionella-Fecha fin,243043,19/01/2026,T,0.000
M-033-AC2,Legionella spp - Recuento,243043,No detectado,O,0.000
M-033-AC2,Legionella-Limite detección ensayo,243043,25 ufc/L,O,0.000
M-033-AC2,Legionella-Volumen filtrado,243043,1,N,1.000
PE-IL-CL,Cloro libre,243043,0.0,N,0.000
PE-IL-TEMP,Temperatura del agua,243043,46.0,N,46.000
PE-IL-TEMP,Temperatura del agua,243044,46.0,N,46.000
PE-IL-CL,Cloro libre,243044,0.0,N,0.000
M-033-AC2,Legionella-Volumen filtrado,243044,1,N,1.000
M-033-AC2,Legionella spp - Recuento,243044,No detectado,O,0.000
M-033-AC2,Legionella-Limite detección ensayo,243044,25 ufc/L,O,0.000
FECHA-LEG,Análisis Legionella-Fecha de inicio,243044,09/01/2026,T,0.000
FECHA-LEG,Análisis Legionella-Fecha fin,243044,21/01/2026,T,0.000
PE-IL-TEMP,Temperatura del agua,243045,60.0,N,60.000
PE-IL-CL,Cloro libre,243045,0.0,N,0.000
M-033-AC2,Legionella-Volumen filtrado,243045,1,N,1.000
M-033-AC2,Legionella-Limite detección ensayo,243045,25 ufc/L,O,0.000
M-033-AC2,Legionella spp - Recuento,243045,No detectado,O,0.000
FECHA-LEG,Análisis Legionella-Fecha fin,243045,21/01/2026,T,0.000
FECHA-LEG,Análisis Legionella-Fecha de inicio,243045,09/01/2026,T,0.000
PE-IL-TEMP,Temperatura del agua,243046,58.0,N,58.000
FECHA-LEG,Análisis Legionella-Fecha fin,243046,19/01/2026,T,0.000
M-033-AC2,Legionella spp - Recuento,243046,No detectado,O,0.000
FECHA-LEG,Análisis Legionella-Fecha de inicio,243046,09/01/2026,T,0.000
M-033-AC2,Legionella-Limite detección ensayo,243046,25 ufc/L,O,0.000
PE-IL-CL,Cloro libre,243046,0.0,N,0.000
M-033-AC2,Legionella-Volumen filtrado,243046,1,N,1.000
PE-IL-BR-1,Bromo,243111,2.95,N,2.950
M-034,Recuento de Pseudomonas aeruginosa,243111,<1,N,1.000
AMONI-CI-P,Amonio,243111,<0.15,N,0.000
D_CONDUCT,Conductividad a 20 ºC,243111,603,N,602.600
D_OXIDABIL,Oxidabilidad,243111,0.73,N,0.730
D_PH,pH,243111,7.5,N,7.540
D_TURBIDEZ,Turbidez,243111,<0.4,N,0.160
M-019-AC1,Recuento de Estafilococos coagulasa +,243111,0,N,0.000
M-027,Recuento de E. coli,243111,<1,N,1.000
M-027,Recuento de bacterias coliformes,243111,<1,N,1.000
PE-IL-TEMP,Temperatura del agua,243111,27.1,N,27.100
AMONI-CI-P,Amonio,243112,<0.15,N,0.000
WMM-LM-CAM,Cloro libre residual,243112,1.27,N,1.270
D_OXIDABIL,Oxidabilidad,243112,0.85,N,0.850
D_PH,pH,243112,7.4,N,7.350
D_TURBIDEZ,Turbidez,243112,<0.4,N,0.120
M-019-AC1,Recuento de Estafilococos coagulasa +,243112,0,N,0.000
M-027,Recuento de E. coli,243112,<1,N,1.000
M-027,Recuento de bacterias coliformes,243112,<1,N,1.000
M-034,Recuento de Pseudomonas aeruginosa,243112,<1,N,1.000
PE-IL-TEMP,Temperatura del agua,243112,27.6,N,27.600
WMM-LM-CAM,Cloro combinado residual,243112,0.51,N,0.510
D_CONDUCT,Conductividad a 20 ºC,243112,716,N,715.800
M-034,Recuento de Pseudomonas aeruginosa,243113,<1,N,1.000
M-027,Recuento de bacterias coliformes,243113,<1,N,1.000
PE-IL-TEMP,Temperatura del agua,243113,28.1,N,28.100
AMONI-CI-P,Amonio,243113,<0.15,N,0.000
D_CONDUCT,Conductividad a 20 ºC,243113,1587,N,1587.000
D_OXIDABIL,Oxidabilidad,243113,3.92,N,3.920
D_PH,pH,243113,7.7,N,7.680
D_TURBIDEZ,Turbidez,243113,0.5,N,0.520
M-019-AC1,Recuento de Estafilococos coagulasa +,243113,0,N,0.000
M-027,Recuento de E. coli,243113,<1,N,1.000
PE-IL-BR-1,Bromo,243113,2.84,N,2.840
AMONI-CI-P,Amonio,243114,<0.15,N,0.000
PE-IL-TEMP,Temperatura del agua,243114,26.1,N,26.100
D_OXIDABIL,Oxidabilidad,243114,0.77,N,0.770
D_PH,pH,243114,8.2,N,8.230
D_TURBIDEZ,Turbidez,243114,<0.4,N,0.100
M-019-AC1,Recuento de Estafilococos coagulasa +,243114,0,N,0.000
M-027,Recuento de E. coli,243114,<1,N,1.000
M-027,Recuento de bacterias coliformes,243114,<1,N,1.000
M-034,Recuento de Pseudomonas aeruginosa,243114,<1,N,1.000
PE-IL-BR-1,Bromo,243114,4.31,N,4.310
D_CONDUCT,Conductividad a 20 ºC,243114,424,N,424.300
PE-IL-BR-1,Bromo,243115,3.11,N,3.110
M-034,Recuento de Pseudomonas aeruginosa,243115,<1,N,1.000
AMONI-CI-P,Amonio,243115,<0.15,N,0.000
D_CONDUCT,Conductividad a 20 ºC,243115,1616,N,1616.000
D_OXIDABIL,Oxidabilidad,243115,0.89,N,0.890
D_PH,pH,243115,7.9,N,7.850
D_TURBIDEZ,Turbidez,243115,0.4,N,0.400
FECHA-LEG,Análisis Legionella-Fecha de inicio,243115,12/01/2026,T,0.000
FECHA-LEG,Análisis Legionella-Fecha fin,243115,26/01/2026,T,0.000
M-019-AC1,Recuento de Estafilococos coagulasa +,243115,0,N,0.000
M-027,Recuento de E. coli,243115,<1,N,1.000
M-027,Recuento de bacterias coliformes,243115,<1,N,1.000
M-033-AC2,Legionella spp - Recuento,243115,No detectado,O,0.000
M-033-AC2,Legionella-Limite detección ensayo,243115,25 ufc/L,O,0.000
M-033-AC2,Legionella-Volumen filtrado,243115,1,N,1.000
PE-IL-TEMP,Temperatura del agua,243115,30.9,N,30.900
AMONI-CI-P,Amonio,243116,<0.15,N,0.000
D_CONDUCT,Conductividad a 20 ºC,243116,613,N,612.800
D_OXIDABIL,Oxidabilidad,243116,0.81,N,0.810
D_PH,pH,243116,7.8,N,7.830
D_TURBIDEZ,Turbidez,243116,<0.4,N,0.170
FECHA-LEG,Análisis Legionella-Fecha de inicio,243116,12/01/2026,T,0.000
FECHA-LEG,Análisis Legionella-Fecha fin,243116,26/01/2026,T,0.000
M-019-AC1,Recuento de Estafilococos coagulasa +,243116,27,N,27.000
M-027,Recuento de E. coli,243116,<1,N,1.000
M-027,Recuento de bacterias coliformes,243116,<1,N,1.000
M-033-AC2,Legionella spp - Recuento,243116,No detectado,O,0.000
M-033-AC2,Legionella-Limite detección ensayo,243116,25 ufc/L,O,0.000
M-033-AC2,Legionella-Volumen filtrado,243116,1,N,1.000
M-034,Recuento de Pseudomonas aeruginosa,243116,<1,N,1.000
PE-IL-BR-1,Bromo,243116,2.53,N,2.530
PE-IL-TEMP,Temperatura del agua,243116,29.8,N,29.800
WMM-LM-CAM,Cloro combinado residual,243117,0.74,N,0.740
PE-IL-TEMP,Temperatura del agua,243117,29.7,N,29.700
M-034,Recuento de Pseudomonas aeruginosa,243117,<1,N,1.000
M-033-AC3,Identificación de Legionella otras spp,243117,No detectado,O,0.000
M-033-AC3,Identificación de L. pneumophila sr 2-14,243117,Detectado,O,0.000
M-033-AC3,Identificación de L. pneumophila sr 1,243117,Detectado,O,0.000
M-033-AC1,Legionella volumen filtrado,243117,1,N,1.000
M-033-AC1,Recuento transformado,243117,2.9E+03,K,2900.000
M-033-AC1,Recuento,243117,2900,N,2900.000
M-033-AC1,Legionella spp - Recuento,243117,2.9E+03,N,2900.000
D_CONDUCT,Conductividad a 20 ºC,243117,382,N,381.600
D_OXIDABIL,Oxidabilidad,243117,1.45,N,1.450
AMONI-CI-P,Amonio,243117,<0.15,N,0.150
D_PH,pH,243117,8.4,N,8.380
D_TURBIDEZ,Turbidez,243117,<0.4,N,0.240
WMM-LM-CAM,Cloro libre residual,243117,0.11,N,0.110
FECHA-LEG,Análisis Legionella-Fecha de inicio,243117,12/01/2026,T,0.000
FECHA-LEG,Análisis Legionella-Fecha fin,243117,26/01/2026,T,0.000
M-019-AC1,Recuento de Estafilococos coagulasa +,243117,0,N,0.000
M-027,Recuento de E. coli,243117,<1,N,1.000
M-027,Recuento de bacterias coliformes,243117,<1,N,1.000
M-034,Recuento de Pseudomonas aeruginosa,243118,<1,N,1.000
M-027,Recuento de bacterias coliformes,243118,<1,N,1.000
M-027,Recuento de E. coli,243118,<1,N,1.000
M-019-AC1,Recuento de Estafilococos coagulasa +,243118,0,N,0.000
D_CONDUCT,Conductividad a 20 ºC,243118,<15,N,0.998
D_TURBIDEZ,Turbidez,243118,<0.4,N,0.040
D_OXIDABIL,Oxidabilidad,243118,<0.50,N,-0.070
M-021,Recuento transformado,243134,1.2E+02,K,120.000
M-021,Recuento de Legionella pneumophila,243134,120,N,120.000
PE-IL-TEMP,Temperatura del agua,243134,54.9,N,54.900
PE-IL-CL,Cloro libre,243134,0.0,N,0.000
M-021,Recuento,243134,124,N,124.000
M-021,Recuento transformado,243135,1.0E+01,K,10.000
PE-IL-TEMP,Temperatura del agua,243135,57,N,57.000
PE-IL-CL,Cloro libre,243135,0.0,N,0.000
M-021,Recuento,243135,<10,N,10.000
M-021,Recuento de Legionella pneumophila,243135,<10,N,10.000
M-021,Recuento transformado,243136,1.0E+01,K,10.000
PE-IL-TEMP,Temperatura del agua,243136,34.9,N,34.900
PE-IL-CL,Cloro libre,243136,0.0,N,0.000
M-021,Recuento,243136,<10,N,10.000
M-021,Recuento de Legionella pneumophila,243136,<10,N,10.000
M-021,Recuento transformado,243137,2.6E+02,K,260.000
PE-IL-TEMP,Temperatura del agua,243137,48.2,N,48.200
PE-IL-CL,Cloro libre,243137,0.0,N,0.000
M-021,Recuento,243137,264,N,264.000
M-021,Recuento de Legionella pneumophila,243137,260,N,260.000
M-021,Recuento transformado,243138,1.0E+01,K,10.000
PE-IL-TEMP,Temperatura del agua,243138,70,N,70.000
PE-IL-CL,Cloro libre,243138,0.0,N,0.000
M-021,Recuento,243138,<10,N,10.000
M-021,Recuento de Legionella pneumophila,243138,<10,N,10.000
M-021,Recuento transformado,243139,9.9E+02,K,990.000
PE-IL-CL,Cloro libre,243139,0.0,N,0.000
PE-IL-TEMP,Temperatura del agua,243139,50,N,50.000
M-021,Recuento de Legionella pneumophila,243139,990,N,990.000
M-021,Recuento,243139,989,N,989.000
M-021,Recuento,243140,1566,N,1566.000
M-021,Recuento de Legionella pneumophila,243140,1.6E+03,N,1600.000
M-021,Recuento transformado,243140,1.6E+03,K,1600.000
PE-IL-CL,Cloro libre,243140,0.0,N,0.000
PE-IL-TEMP,Temperatura del agua,243140,46.5,N,46.500
M-021,Recuento,243141,187,N,187.000
M-021,Recuento de Legionella pneumophila,243141,190,N,190.000
M-021,Recuento transformado,243141,1.9E+02,K,190.000
PE-IL-CL,Cloro libre,243141,0.0,N,0.010
PE-IL-TEMP,Temperatura del agua,243141,22.1,N,22.100
PE-IL-TEMP,Temperatura del agua,243142,54.6,N,54.600
PE-IL-CL,Cloro libre,243142,0.0,N,0.000
M-021,Recuento transformado,243142,3.9E+01,K,39.000
M-021,Recuento,243142,39,N,39.000
M-021,Recuento de Legionella pneumophila,243142,39,N,39.000
PE-IL-TEMP,Temperatura del agua,243143,45.1,N,45.100
PE-IL-CL,Cloro libre,243143,0.0,N,0.000
M-021,Recuento transformado,243143,1.0E+01,K,10.000
M-021,Recuento de Legionella pneumophila,243143,<10,N,10.000
M-021,Recuento,243143,<10,N,10.000
PE-IL-TEMP,Temperatura del agua,243144,51.3,N,51.300
PE-IL-CL,Cloro libre,243144,0.0,N,0.000
M-021,Recuento transformado,243144,3.6E+02,K,360.000
M-021,Recuento,243144,361,N,361.000
M-021,Recuento de Legionella pneumophila,243144,360,N,360.000
PE-IL-TEMP,Temperatura del agua,243148,46.5,N,46.500
PE-IL-CL,Cloro libre,243148,0.0,N,0.000
M-021,Recuento transformado,243148,5.9E+03,K,5900.000
M-021,Recuento de Legionella pneumophila,243148,5.9E+03,N,5900.000
M-021,Recuento,243148,5897,N,5897.000
PE-IL-TEMP,Temperatura del agua,243149,38.4,N,38.400
M-021,Recuento,243149,>22726,N,22726.000
M-021,Recuento de Legionella pneumophila,243149,>2.3E+04,N,23000.000
M-021,Recuento transformado,243149,2.3E+04,K,23000.000
PE-IL-CL,Cloro libre,243149,0.0,N,0.000
PE-IL-TEMP,Temperatura del agua,243150,46.2,N,46.200
M-021,Recuento,243150,>22726,N,22726.000
M-021,Recuento de Legionella pneumophila,243150,>2.3E+04,N,23000.000
M-021,Recuento transformado,243150,2.3E+04,K,23000.000
PE-IL-CL,Cloro libre,243150,0.0,N,0.000
M-019-AC1,Recnto. Estafilococos coagulasa +,243313,No aceptable,O,0.000
M-027,Recuento de E. coli,243313,<1,N,1.000
M-027,Recuento de bacterias coliformes,243313,<1,N,1.000
M-034,Recuento de Pseudomonas aeruginosa,243313,<1,N,1.000
D_CONDUCT,Conductividad a 20 ºC,243313,650,N,649.800
D_OXIDABIL,Oxidabilidad,243313,1.15,N,1.150
D_PH,pH,243313,7.5,N,7.480
D_TURBIDEZ,Turbidez,243313,<0.4,N,0.130
AMONI-CI-P,Amonio,243313,<0.15,N,0.000
D_TURBIDEZ,Turbidez,243314,<0.4,N,0.110
M-019-AC1,Recuento de Estafilococos coagulasa +,243314,<1,N,1.000
M-027,Recuento de E. coli,243314,<1,N,1.000
M-027,Recuento de bacterias coliformes,243314,<1,N,1.000
M-034,Recuento de Pseudomonas aeruginosa,243314,<1,N,1.000
AMONI-CI-P,Amonio,243314,<0.15,N,0.000
D_CONDUCT,Conductividad a 20 ºC,243314,612,N,611.500
D_OXIDABIL,Oxidabilidad,243314,1.27,N,1.270
D_PH,pH,243314,7.5,N,7.530
AMONI-CI-P,Amonio,243315,<0.15,N,0.000
D_CONDUCT,Conductividad a 20 ºC,243315,580,N,579.500
D_OXIDABIL,Oxidabilidad,243315,1.19,N,1.190
D_PH,pH,243315,7.5,N,7.480
D_TURBIDEZ,Turbidez,243315,<0.4,N,0.130
M-034,Recuento de Pseudomonas aeruginosa,243315,<1,N,1.000
M-019-AC1,Recuento de Estafilococos coagulasa +,243315,<1,N,1.000
M-027,Recuento de E. coli,243315,<1,N,1.000
M-027,Recuento de bacterias coliformes,243315,<1,N,1.000
AMONI-CI-P,Amonio,243316,<0.15,N,0.000
D_CONDUCT,Conductividad a 20 ºC,243316,603,N,603.200
D_OXIDABIL,Oxidabilidad,243316,1.23,N,1.230
D_PH,pH,243316,7.6,N,7.550
D_TURBIDEZ,Turbidez,243316,<0.4,N,0.100
M-034,Recuento de Pseudomonas aeruginosa,243316,<1,N,1.000
M-019-AC1,Recuento de Estafilococos coagulasa +,243316,0,N,0.000
M-027,Recuento de E. coli,243316,<1,N,1.000
M-027,Recuento de bacterias coliformes,243316,<1,N,1.000
AMONI-CI-P,Amonio,243317,<0.15,N,0.061
D_CONDUCT,Conductividad a 20 ºC,243317,386,N,386.200
D_OXIDABIL,Oxidabilidad,243317,0.71,N,0.710
D_PH,pH,243317,7.4,N,7.440
D_TURBIDEZ,Turbidez,243317,<0.4,N,0.140
M-034,Recuento de Pseudomonas aeruginosa,243317,<1,N,1.000
M-019-AC1,Recnto. Estafilococos coagulasa +,243317,No aceptable,O,0.000
M-027,Recuento de E. coli,243317,<1,N,1.000
M-027,Recuento de bacterias coliformes,243317,<1,N,1.000
AMONI-CI-P,Amonio,243318,<0.15,N,0.000
D_CONDUCT,Conductividad a 20 ºC,243318,451,N,451.000
D_OXIDABIL,Oxidabilidad,243318,1.07,N,1.070
D_PH,pH,243318,7.1,N,7.090
D_TURBIDEZ,Turbidez,243318,0.4,N,0.360
M-034,Recuento de Pseudomonas aeruginosa,243318,<1,N,1.000
M-019-AC1,Recuento de Estafilococos coagulasa +,243318,0,N,0.000
M-027,Recuento de E. coli,243318,<1,N,1.000
M-027,Recuento de bacterias coliformes,243318,<1,N,1.000
D_PH,pH,243319,7.4,N,7.410
D_TURBIDEZ,Turbidez,243319,<0.4,N,0.120
D_OXIDABIL,Oxidabilidad,243319,0.95,N,0.950
M-027,Recuento de E. coli,243319,<1,N,1.000
M-027,Recuento de bacterias coliformes,243319,<1,N,1.000
M-034,Recuento de Pseudomonas aeruginosa,243319,<1,N,1.000
AMONI-CI-P,Amonio,243319,<0.15,N,0.120
D_CONDUCT,Conductividad a 20 ºC,243319,546,N,546.000
M-019-AC1,Recuento de Estafilococos coagulasa +,243319,<1,N,1.000
D_TURBIDEZ,Turbidez,243320,<0.4,N,0.210
D_PH,pH,243320,7.2,N,7.210
M-019-AC1,Recuento de Estafilococos coagulasa +,243320,0,N,0.000
D_CONDUCT,Conductividad a 20 ºC,243320,929,N,929.100
AMONI-CI-P,Amonio,243320,<0.15,N,0.000
M-034,Recuento de Pseudomonas aeruginosa,243320,<1,N,1.000
M-027,Recuento de bacterias coliformes,243320,<1,N,1.000
M-027,Recuento de E. coli,243320,<1,N,1.000
D_OXIDABIL,Oxidabilidad,243320,1.43,N,1.430
FECHA-LEG,Análisis Legionella-Fecha de inicio,243321,27/01/2026,T,0.000
FECHA-LEG,Análisis Legionella-Fecha fin,243321,10/02/2026,T,0.000
D_TURBIDEZ,Turbidez,243321,<0.4,N,0.250
D_PH,pH,243321,7.1,N,7.140
D_OXIDABIL,Oxidabilidad,243321,1.50,N,1.500
D_CONDUCT,Conductividad a 20 ºC,243321,931,N,931.200
AMONI-CI-P,Amonio,243321,<0.15,N,0.000
M-034,Recuento de Pseudomonas aeruginosa,243321,<1,N,1.000
M-033-AC2,Legionella-Volumen filtrado,243321,1,N,1.000
M-033-AC2,Legionella-Limite detección ensayo,243321,25 ufc/L,O,0.000
M-033-AC2,Legionella spp - Recuento,243321,No detectado,O,0.000
M-027,Recuento de bacterias coliformes,243321,<1,N,1.000
M-027,Recuento de E. coli,243321,<1,N,1.000
M-019-AC1,Recuento de Estafilococos coagulasa +,243321,0,N,0.000
AMONI-CI-P,Amonio,243322,<0.15,N,0.000
D_CONDUCT,Conductividad a 20 ºC,243322,1112,N,1112.000
D_OXIDABIL,Oxidabilidad,243322,1.19,N,1.190
D_PH,pH,243322,7.4,N,7.360
D_TURBIDEZ,Turbidez,243322,<0.4,N,0.160
M-019-AC1,Recuento de Estafilococos coagulasa +,243322,0,N,0.000
M-027,Recuento de E. coli,243322,<1,N,1.000
M-027,Recuento de bacterias coliformes,243322,<1,N,1.000
M-034,Recuento de Pseudomonas aeruginosa,243322,<1,N,1.000
M-027,Recuento de E. coli,243323,<1,N,1.000
M-027,Recuento de bacterias coliformes,243323,<1,N,1.000
M-033-AC2,Legionella spp - Recuento,243323,No detectado,O,0.000
M-033-AC2,Legionella-Limite detección ensayo,243323,25 ufc/L,O,0.000
M-033-AC2,Legionella-Volumen filtrado,243323,1,N,1.000
M-034,Recuento de Pseudomonas aeruginosa,243323,<1,N,1.000
AMONI-CI-P,Amonio,243323,<0.15,N,0.053
D_CONDUCT,Conductividad a 20 ºC,243323,1224,N,1224.000
D_OXIDABIL,Oxidabilidad,243323,1.23,N,1.230
D_PH,pH,243323,7.4,N,7.350
D_TURBIDEZ,Turbidez,243323,<0.4,N,0.140
FECHA-LEG,Análisis Legionella-Fecha de inicio,243323,27/01/2026,T,0.000
FECHA-LEG,Análisis Legionella-Fecha fin,243323,10/02/2026,T,0.000
M-019-AC1,Recuento de Estafilococos coagulasa +,243323,0,N,0.000
AMONI-CI-P,Amonio,243344,<0.15,N,0.000
D_CONDUCT,Conductividad a 20 ºC,243344,756,N,755.800
M-034,Recuento de Pseudomonas aeruginosa,243344,<1,N,1.000
M-027,Recuento de bacterias coliformes,243344,<1,N,1.000
M-027,Recuento de E. coli,243344,<1,N,1.000
M-019-AC1,Recuento de Estafilococos coagulasa +,243344,0,N,0.000
D_TURBIDEZ,Turbidez,243344,<0.4,N,0.110
D_PH,pH,243344,7.4,N,7.440
D_OXIDABIL,Oxidabilidad,243344,0.86,N,0.860
AMONI-CI-P,Amonio,243345,<0.15,N,0.000
M-027,Recuento de bacterias coliformes,243345,<1,N,1.000
M-027,Recuento de E. coli,243345,<1,N,1.000
M-019-AC1,Recuento de Estafilococos coagulasa +,243345,<1,N,1.000
M-034,Recuento de Pseudomonas aeruginosa,243345,<1,N,1.000
D_TURBIDEZ,Turbidez,243345,<0.4,N,0.140
D_PH,pH,243345,7.4,N,7.420
D_OXIDABIL,Oxidabilidad,243345,1.07,N,1.070
D_CONDUCT,Conductividad a 20 ºC,243345,511,N,510.800
AMONI-CI-P,Amonio,243346,<0.15,N,0.000
D_CONDUCT,Conductividad a 20 ºC,243346,742,N,742.400
D_OXIDABIL,Oxidabilidad,243346,0.95,N,0.950
D_PH,pH,243346,7.2,N,7.150
D_TURBIDEZ,Turbidez,243346,<0.4,N,0.170
M-019-AC1,Recuento de Estafilococos coagulasa +,243346,0,N,0.000
M-027,Recuento de E. coli,243346,<1,N,1.000
M-027,Recuento de bacterias coliformes,243346,<1,N,1.000
M-034,Recuento de Pseudomonas aeruginosa,243346,<1,N,1.000
D_TURBIDEZ,Turbidez,243347,<0.4,N,0.150
D_PH,pH,243347,7.3,N,7.290
D_OXIDABIL,Oxidabilidad,243347,1.10,N,1.100
D_CONDUCT,Conductividad a 20 ºC,243347,623,N,623.300
AMONI-CI-P,Amonio,243347,<0.15,N,0.000
M-034,Recuento de Pseudomonas aeruginosa,243347,<1,N,1.000
M-019-AC1,Recuento de Estafilococos coagulasa +,243347,0,N,0.000
M-027,Recuento de E. coli,243347,<1,N,1.000
M-027,Recuento de bacterias coliformes,243347,<1,N,1.000
D_TURBIDEZ,Turbidez,243348,0.4,N,0.430
D_PH,pH,243348,7.2,N,7.240
D_OXIDABIL,Oxidabilidad,243348,1.35,N,1.350
D_CONDUCT,Conductividad a 20 ºC,243348,858,N,858.200
AMONI-CI-P,Amonio,243348,<0.15,N,0.000
M-034,Recuento de Pseudomonas aeruginosa,243348,<1,N,1.000
M-027,Recuento de bacterias coliformes,243348,<1,N,1.000
M-027,Recuento de E. coli,243348,<1,N,1.000
M-019-AC1,Recnto. Estafilococos coagulasa +,243348,No aceptable,O,0.000
AMONI-CI-P,Amonio,243349,<0.15,N,0.000
D_CONDUCT,Conductividad a 20 ºC,243349,650,N,650.100
D_OXIDABIL,Oxidabilidad,243349,1.59,N,1.590
D_PH,pH,243349,7.5,N,7.480
D_TURBIDEZ,Turbidez,243349,0.5,N,0.450
M-034,Recuento de Pseudomonas aeruginosa,243349,<1,N,1.000
M-027,Recuento de E. coli,243349,<1,N,1.000
M-019-AC1,Recuento de Estafilococos coagulasa +,243349,0,N,0.000
M-027,Recuento de bacterias coliformes,243349,<1,N,1.000
AMONI-CI-P,Amonio,243350,<0.15,N,0.000
M-034,Recuento de Pseudomonas aeruginosa,243350,<1,N,1.000
M-027,Recuento de bacterias coliformes,243350,<1,N,1.000
M-027,Recuento de E. coli,243350,<1,N,1.000
M-019-AC1,Recuento de Estafilococos coagulasa +,243350,0,N,0.000
D_CONDUCT,Conductividad a 20 ºC,243350,617,N,616.500
D_TURBIDEZ,Turbidez,243350,<0.4,N,0.290
D_PH,pH,243350,7.5,N,7.490
D_OXIDABIL,Oxidabilidad,243350,1.27,N,1.270
M-034,Recuento de Pseudomonas aeruginosa,243351,<1,N,1.000
M-027,Recuento de E. coli,243351,<1,N,1.000
M-027,Recuento de bacterias coliformes,243351,1,N,1.000
M-019-AC1,Recnto. Estafilococos coagulasa +,243351,No aceptable,O,0.000
D_TURBIDEZ,Turbidez,243351,<0.4,N,0.140
D_PH,pH,243351,7.3,N,7.290
D_OXIDABIL,Oxidabilidad,243351,0.98,N,0.980
D_CONDUCT,Conductividad a 20 ºC,243351,614,N,613.700
AMONI-CI-P,Amonio,243351,<0.15,N,0.000
AMONI-CI-P,Amonio,243352,<0.15,N,0.000
D_CONDUCT,Conductividad a 20 ºC,243352,780,N,780.400
D_OXIDABIL,Oxidabilidad,243352,0.69,N,0.690
D_PH,pH,243352,7.2,N,7.200
D_TURBIDEZ,Turbidez,243352,<0.4,N,0.120
M-034,Recuento de Pseudomonas aeruginosa,243352,<1,N,1.000
M-019-AC1,Recuento de Estafilococos coagulasa +,243352,0,N,0.000
M-027,Recuento de E. coli,243352,<1,N,1.000
M-027,Recuento de bacterias coliformes,243352,<1,N,1.000
AMONI-CI-P,Amonio,243475,<0.15,N,0.000
WMM-LM-CAM,Cloro libre residual,243475,0.31,N,0.310
D_CONDUCT,Conductividad a 20 ºC,243475,371,N,371.400
D_OXIDABIL,Oxidabilidad,243475,0.63,N,0.630
D_PH,pH,243475,8.22,N,8.220
D_TURBIDEZ,Turbidez,243475,<0.4,N,0.160
M-013-AC1,Recuento de enterococos intestinales,243475,0,N,0.000
M-016-AC1,Recuento de E. coli,243475,0,N,0.000
M-016-AC1,Recuento de bacterias coliformes,243475,0,N,0.000
M-030-AC1,Recuento C. perfringens (con esporas),243475,0,N,0.000
M-068-AC1,Microorganismos cultivables a 22 °C,243475,<1,N,1.000
M-068-AC1,Microorganismos cultivables a 22 ºC,243475,0.0,K,0.000
M-068-AC1,Recuento,243475,0,K,0.000
NTRAT-CI-P,Nitratos,243475,7.83,N,7.830
NTRIT-CI-P,Nitritos,243475,<0.15,N,0.000
OXOANIONES,Bromato,243475,<2.5,N,0.000
OXOANIONES,Clorato,243475,0.255,N,0.255
OXOANIONES,Clorito,243475,<0.025,N,0.000
PE-IL-TEMP,Temperatura del agua,243475,8,N,8.000
SULFA-CI-P,Sulfatos,243475,17.2,N,17.150
THM-GCMS,Bromodiclorometano,243475,5.0,N,5.000
THM-GCMS,Bromoformo,243475,<5.0,N,0.000
THM-GCMS,Cloroformo,243475,8.0,N,8.000
THM-GCMS,Dibromoclorometano,243475,<5.0,N,4.100
THM-GCMS,Suma Trihalometanos,243475,17.2,N,17.180
WMM-LM-CAM,Cloro combinado residual,243475,0.12,N,0.120
CLORU-CI-P,Cloruros,243475,13.93,N,13.930
M-016-AC1,Recuento de E. coli,243476,0,N,0.000
WMM-LM-CAM,Cloro libre residual,243476,<0.10,N,0.000
M-030-AC1,Recuento C. perfringens (con esporas),243476,0,N,0.000
M-068-AC1,Microorganismos cultivables a 22 ºC,243476,5.0,K,5.000
M-068-AC1,Recnto. Microorg. cultivables a 22 ºC,243476,Estimado 5 ufc/100 ml,O,0.000
M-068-AC1,Recuento,243476,5,K,5.000
NTRAT-CI-P,Nitratos,243476,12.90,N,12.900
NTRIT-CI-P,Nitritos,243476,<0.15,N,0.052
OXOANIONES,Bromato,243476,<2.5,N,0.000
AMONI-CI-P,Amonio,243476,<0.15,N,0.000
CLORU-CI-P,Cloruros,243476,11.76,N,11.760
D_CONDUCT,Conductividad a 20 ºC,243476,484,N,483.700
D_OXIDABIL,Oxidabilidad,243476,<0.50,N,0.400
D_PH,pH,243476,8.14,N,8.140
D_TURBIDEZ,Turbidez,243476,<0.4,N,0.140
M-013-AC1,Recuento de enterococos intestinales,243476,0,N,0.000
OXOANIONES,Clorato,243476,0.077,N,0.077
OXOANIONES,Clorito,243476,<0.025,N,0.000
PE-IL-TEMP,Temperatura del agua,243476,7.6,N,7.600
SULFA-CI-P,Sulfatos,243476,15.1,N,15.100
THM-GCMS,Bromodiclorometano,243476,<5.0,N,0.900
THM-GCMS,Bromoformo,243476,<5.0,N,0.000
THM-GCMS,Cloroformo,243476,<5.0,N,1.000
THM-GCMS,Dibromoclorometano,243476,<5.0,N,1.400
THM-GCMS,Suma Trihalometanos,243476,<5.0,N,3.320
WMM-LM-CAM,Cloro combinado residual,243476,<0.10,N,0.000
M-016-AC1,Recuento de bacterias coliformes,243476,0,N,0.000
M-013-AC1,Recuento de enterococos intestinales,243477,0,N,0.000
M-016-AC1,Recuento de E. coli,243477,0,N,0.000
M-016-AC1,Recuento de bacterias coliformes,243477,0,N,0.000
M-030-AC1,Recuento C. perfringens (con esporas),243477,0,N,0.000
M-068-AC1,Microorganismos cultivables a 22 °C,243477,<1,N,1.000
M-068-AC1,Microorganismos cultivables a 22 ºC,243477,0.0,K,0.000
M-068-AC1,Recuento,243477,0,K,0.000
NTRAT-CI-P,Nitratos,243477,1.66,N,1.660
NTRIT-CI-P,Nitritos,243477,<0.15,N,0.000
OXOANIONES,Bromato,243477,<2.5,N,0.000
OXOANIONES,Clorato,243477,0.485,N,0.485
OXOANIONES,Clorito,243477,<0.025,N,0.000
PE-IL-TEMP,Temperatura del agua,243477,8.1,N,8.100
SULFA-CI-P,Sulfatos,243477,19.4,N,19.440
THM-GCMS,Bromodiclorometano,243477,8.4,N,8.400
THM-GCMS,Bromoformo,243477,<5.0,N,0.000
THM-GCMS,Cloroformo,243477,20.7,N,20.700
THM-GCMS,Dibromoclorometano,243477,<5.0,N,4.300
THM-GCMS,Suma Trihalometanos,243477,33.4,N,33.350
WMM-LM-CAM,Cloro combinado residual,243477,0.18,N,0.180
WMM-LM-CAM,Cloro libre residual,243477,0.22,N,0.220
AMONI-CI-P,Amonio,243477,<0.15,N,0.000
CLORU-CI-P,Cloruros,243477,15.71,N,15.710
D_CONDUCT,Conductividad a 20 ºC,243477,261,N,260.900
D_OXIDABIL,Oxidabilidad,243477,0.83,N,0.830
D_PH,pH,243477,8.28,N,8.280
D_TURBIDEZ,Turbidez,243477,0.5,N,0.490
AMONI-CI-P,Amonio,243478,<0.15,N,0.000
CLORU-CI-P,Cloruros,243478,14.67,N,14.670
D_CONDUCT,Conductividad a 20 ºC,243478,254,N,254.400
D_OXIDABIL,Oxidabilidad,243478,1.03,N,1.030
D_PH,pH,243478,8.14,N,8.140
D_TURBIDEZ,Turbidez,243478,<0.4,N,0.160
NTRAT-CI-P,Nitratos,243478,1.73,N,1.730
NTRIT-CI-P,Nitritos,243478,<0.15,N,0.000
OXOANIONES,Bromato,243478,<2.5,N,0.000
OXOANIONES,Clorato,243478,0.166,N,0.166
OXOANIONES,Clorito,243478,<0.025,N,0.000
PE-IL-TEMP,Temperatura del agua,243478,7.8,N,7.800
SULFA-CI-P,Sulfatos,243478,19.5,N,19.500
THM-GCMS,Bromodiclorometano,243478,8.0,N,8.000
THM-GCMS,Bromoformo,243478,<5.0,N,0.000
THM-GCMS,Cloroformo,243478,22.0,N,22.000
THM-GCMS,Dibromoclorometano,243478,<5.0,N,4.200
THM-GCMS,Suma Trihalometanos,243478,34.2,N,34.170
WMM-LM-CAM,Cloro combinado residual,243478,0.19,N,0.190
WMM-LM-CAM,Cloro libre residual,243478,0.11,N,0.110
M-013-AC1,Recuento de enterococos intestinales,243478,0,N,0.000
M-016-AC1,Recuento de E. coli,243478,0,N,0.000
M-016-AC1,Recuento de bacterias coliformes,243478,0,N,0.000
M-030-AC1,Recuento C. perfringens (con esporas),243478,0,N,0.000
M-068-AC1,Microorganismos cultivables a 22 °C,243478,<1,N,1.000
M-068-AC1,Microorganismos cultivables a 22 ºC,243478,0.0,K,0.000
M-068-AC1,Recuento,243478,0,K,0.000
AMONI-CI-P,Amonio,243479,<0.15,N,0.000
WMM-LM-CAM,Cloro libre residual,243479,<0.10,N,0.070
D_CONDUCT,Conductividad a 20 ºC,243479,253,N,253.200
D_OXIDABIL,Oxidabilidad,243479,0.99,N,0.990
D_PH,pH,243479,8.12,N,8.120
D_TURBIDEZ,Turbidez,243479,<0.4,N,0.170
M-013-AC1,Recuento de enterococos intestinales,243479,0,N,0.000
M-016-AC1,Recuento de E. coli,243479,0,N,0.000
M-016-AC1,Recuento de bacterias coliformes,243479,0,N,0.000
M-030-AC1,Recuento C. perfringens (con esporas),243479,0,N,0.000
M-068-AC1,Microorganismos cultivables a 22 °C,243479,<1,N,1.000
M-068-AC1,Microorganismos cultivables a 22 ºC,243479,0.0,K,0.000
M-068-AC1,Recuento,243479,0,K,0.000
NTRAT-CI-P,Nitratos,243479,1.68,N,1.680
NTRIT-CI-P,Nitritos,243479,<0.15,N,0.000
OXOANIONES,Bromato,243479,<2.5,N,0.000
OXOANIONES,Clorato,243479,0.161,N,0.161
OXOANIONES,Clorito,243479,<0.025,N,0.000
PE-IL-TEMP,Temperatura del agua,243479,8.7,N,8.700
SULFA-CI-P,Sulfatos,243479,19.2,N,19.240
THM-GCMS,Bromodiclorometano,243479,8.2,N,8.200
THM-GCMS,Bromoformo,243479,<5.0,N,0.500
THM-GCMS,Cloroformo,243479,23.3,N,23.300
THM-GCMS,Dibromoclorometano,243479,<5.0,N,4.100
THM-GCMS,Suma Trihalometanos,243479,36.2,N,36.160
WMM-LM-CAM,Cloro combinado residual,243479,0.14,N,0.140
CLORU-CI-P,Cloruros,243479,14.48,N,14.480
AMONI-CI-P,Amonio,243480,<0.15,N,0.000
M-068-AC1,Microorganismos cultivables a 22 °C,243480,<1,N,1.000
D_CONDUCT,Conductividad a 20 ºC,243480,255,N,255.100
M-068-AC1,Microorganismos cultivables a 22 ºC,243480,0.0,K,0.000
M-068-AC1,Recuento,243480,0,K,0.000
NTRAT-CI-P,Nitratos,243480,1.74,N,1.740
NTRIT-CI-P,Nitritos,243480,<0.15,N,0.000
OXOANIONES,Bromato,243480,<2.5,N,0.000
OXOANIONES,Clorato,243480,0.245,N,0.245
OXOANIONES,Clorito,243480,<0.025,N,0.000
PE-IL-TEMP,Temperatura del agua,243480,8.1,N,8.100
SULFA-CI-P,Sulfatos,243480,19.2,N,19.170
THM-GCMS,Bromodiclorometano,243480,7.5,N,7.500
THM-GCMS,Bromoformo,243480,<5.0,N,0.000
THM-GCMS,Cloroformo,243480,18.4,N,18.400
THM-GCMS,Dibromoclorometano,243480,<5.0,N,3.900
THM-GCMS,Suma Trihalometanos,243480,29.8,N,29.840
WMM-LM-CAM,Cloro combinado residual,243480,0.12,N,0.120
WMM-LM-CAM,Cloro libre residual,243480,<0.10,N,0.000
D_OXIDABIL,Oxidabilidad,243480,0.95,N,0.950
D_PH,pH,243480,8.09,N,8.090
D_TURBIDEZ,Turbidez,243480,<0.4,N,0.140
M-013-AC1,Recuento de enterococos intestinales,243480,0,N,0.000
M-016-AC1,Recuento de E. coli,243480,0,N,0.000
M-016-AC1,Recuento de bacterias coliformes,243480,0,N,0.000
M-030-AC1,Recuento C. perfringens (con esporas),243480,0,N,0.000
CLORU-CI-P,Cloruros,243480,14.54,N,14.540
AMONI-CI-P,Amonio,243481,<0.15,N,0.000
WMM-LM-CAM,Cloro libre residual,243481,0.17,N,0.170
D_CONDUCT,Conductividad a 20 ºC,243481,132,N,132.200
D_OXIDABIL,Oxidabilidad,243481,0.87,N,0.870
D_PH,pH,243481,8.09,N,8.090
D_TURBIDEZ,Turbidez,243481,0.5,N,0.520
M-013-AC1,Recuento de enterococos intestinales,243481,0,N,0.000
M-016-AC1,Recuento de E. coli,243481,0,N,0.000
M-016-AC1,Recuento de bacterias coliformes,243481,0,N,0.000
M-030-AC1,Recuento C. perfringens (con esporas),243481,0,N,0.000
M-068-AC1,Microorganismos cultivables a 22 ºC,243481,4.0,K,4.000
M-068-AC1,Recnto. Microorg. cultivables a 22 ºC,243481,Estimado 4 ufc/100 ml,O,0.000
M-068-AC1,Recuento,243481,4,K,4.000
NTRAT-CI-P,Nitratos,243481,1.18,N,1.180
NTRIT-CI-P,Nitritos,243481,<0.15,N,0.000
OXOANIONES,Bromato,243481,<2.5,N,0.000
OXOANIONES,Clorato,243481,0.088,N,0.088
OXOANIONES,Clorito,243481,<0.025,N,0.000
PE-IL-TEMP,Temperatura del agua,243481,10.7,N,10.700
SULFA-CI-P,Sulfatos,243481,11.0,N,10.990
THM-GCMS,Bromodiclorometano,243481,<5.0,N,4.800
THM-GCMS,Bromoformo,243481,<5.0,N,0.000
THM-GCMS,Cloroformo,243481,39.3,N,39.300
THM-GCMS,Dibromoclorometano,243481,<5.0,N,0.800
THM-GCMS,Suma Trihalometanos,243481,44.9,N,44.910
WMM-LM-CAM,Cloro combinado residual,243481,<0.10,N,0.020
CLORU-CI-P,Cloruros,243481,6.87,N,6.870
D_TURBIDEZ,Turbidez,243482,<0.4,N,0.270
M-013-AC1,Recuento de enterococos intestinales,243482,0,N,0.000
M-016-AC1,Recuento de E. coli,243482,0,N,0.000
M-016-AC1,Recuento de bacterias coliformes,243482,0,N,0.000
M-030-AC1,Recuento C. perfringens (con esporas),243482,0,N,0.000
M-068-AC1,Microorganismos cultivables a 22 °C,243482,<1,N,1.000
M-068-AC1,Microorganismos cultivables a 22 ºC,243482,0.0,K,0.000
M-068-AC1,Recuento,243482,0,K,0.000
NTRAT-CI-P,Nitratos,243482,1.74,N,1.740
NTRIT-CI-P,Nitritos,243482,<0.15,N,0.000
OXOANIONES,Bromato,243482,<2.5,N,0.000
OXOANIONES,Clorato,243482,0.450,N,0.450
OXOANIONES,Clorito,243482,<0.025,N,0.000
PE-IL-TEMP,Temperatura del agua,243482,7.6,N,7.600
SULFA-CI-P,Sulfatos,243482,19.4,N,19.410
THM-GCMS,Bromodiclorometano,243482,7.6,N,7.600
THM-GCMS,Bromoformo,243482,<5.0,N,0.000
THM-GCMS,Cloroformo,243482,17.8,N,17.800
THM-GCMS,Dibromoclorometano,243482,<5.0,N,3.800
THM-GCMS,Suma Trihalometanos,243482,29.3,N,29.270
WMM-LM-CAM,Cloro combinado residual,243482,0.20,N,0.200
WMM-LM-CAM,Cloro libre residual,243482,0.77,N,0.770
AMONI-CI-P,Amonio,243482,<0.15,N,0.000
CLORU-CI-P,Cloruros,243482,15.70,N,15.700
D_CONDUCT,Conductividad a 20 ºC,243482,257,N,256.600
D_OXIDABIL,Oxidabilidad,243482,0.71,N,0.710
D_PH,pH,243482,8.21,N,8.210
NTRAT-CI-P,Nitratos,243483,<1.00,N,0.000
NTRIT-CI-P,Nitritos,243483,<0.15,N,0.000
OXOANIONES,Bromato,243483,<2.5,N,0.000
OXOANIONES,Clorato,243483,<0.025,N,0.000
OXOANIONES,Clorito,243483,<0.025,N,0.000
SULFA-CI-P,Sulfatos,243483,<1.0,N,0.000
THM-GCMS,Bromodiclorometano,243483,<5.0,N,0.200
THM-GCMS,Bromoformo,243483,<5.0,N,0.500
THM-GCMS,Cloroformo,243483,<5.0,N,0.000
THM-GCMS,Dibromoclorometano,243483,<5.0,N,0.000
THM-GCMS,Suma Trihalometanos,243483,<5.0,N,0.720
CLORU-CI-P,Cloruros,243483,<1.00,N,0.000
D_CONDUCT,Conductividad a 20 ºC,243483,<15,N,1.016
D_OXIDABIL,Oxidabilidad,243483,<0.50,N,0.000
D_TURBIDEZ,Turbidez,243483,<0.4,N,0.070
M-013-AC1,Recuento de enterococos intestinales,243483,0,N,0.000
M-016-AC1,Recuento de E. coli,243483,0,N,0.000
M-016-AC1,Recuento de bacterias coliformes,243483,0,N,0.000
M-030-AC1,Recuento C. perfringens (con esporas),243483,0,N,0.000
M-068-AC1,Microorganismos cultivables a 22 °C,243483,<1,N,1.000
M-068-AC1,Microorganismos cultivables a 22 ºC,243483,0.0,K,0.000
M-068-AC1,Recuento,243483,0,K,0.000
AMONI-CI-P,Amonio,243499,<0.15,N,0.000
M-068-AC1,Recnto. Microorg. cultivables a 22 ºC,243499,Presencia /ml,O,0.000
D_CONDUCT,Conductividad a 20 ºC,243499,675,N,675.000
D_OXIDABIL,Oxidabilidad,243499,1.32,N,1.320
D_PH,pH,243499,8.00,N,8.000
M-068-AC1,Recuento,243499,1,K,1.000
NA-CI-P,Sodio,243499,18.93,N,18.927
NTRAT-CI-P,Nitratos,243499,4.63,N,4.630
NTRIT-CI-P,Nitritos,243499,<0.15,N,0.000
OXOANIONES,Bromato,243499,<2.5,N,0.000
OXOANIONES,Clorato,243499,0.310,N,0.310
OXOANIONES,Clorito,243499,<0.025,N,0.000
PE-IL-TEMP,Temperatura del agua,243499,7.6,N,7.600
SULFA-CI-P,Sulfatos,243499,47.3,N,47.290
THM-GCMS,Bromodiclorometano,243499,10.6,N,10.600
THM-GCMS,Bromoformo,243499,<5.0,N,0.000
THM-GCMS,Cloroformo,243499,39.9,N,39.900
THM-GCMS,Dibromoclorometano,243499,<5.0,N,2.800
THM-GCMS,Suma Trihalometanos,243499,53.3,N,53.330
WMM-LM-CAM,Cloro combinado residual,243499,0.10,N,0.100
WMM-LM-CAM,Cloro libre residual,243499,0.15,N,0.150
D_TURBIDEZ,Turbidez,243499,0.8,N,0.760
M-013-AC1,Recuento de enterococos intestinales,243499,0,N,0.000
M-016-AC1,Recuento de E. coli,243499,0,N,0.000
M-016-AC1,Recuento de bacterias coliformes,243499,0,N,0.000
M-030-AC1,Recuento C. perfringens (con esporas),243499,0,N,0.000
M-068-AC1,Microorganismos cultivables a 22 ºC,243499,1.0,K,1.000
CLORU-CI-P,Cloruros,243499,27.13,N,27.130
WMM-LM-CAM,Cloro combinado residual,243500,<0.10,N,0.070
THM-GCMS,Suma Trihalometanos,243500,21.0,N,21.020
AMONI-CI-P,Amonio,243500,<0.15,N,0.000
CLORU-CI-P,Cloruros,243500,13.73,N,13.730
D_CONDUCT,Conductividad a 20 ºC,243500,263,N,262.500
D_OXIDABIL,Oxidabilidad,243500,<0.50,N,0.450
D_PH,pH,243500,8.29,N,8.290
D_TURBIDEZ,Turbidez,243500,0.4,N,0.420
M-013-AC1,Recuento de enterococos intestinales,243500,0,N,0.000
M-016-AC1,Recuento de E. coli,243500,0,N,0.000
M-016-AC1,Recuento de bacterias coliformes,243500,0,N,0.000
M-030-AC1,Recuento C. perfringens (con esporas),243500,0,N,0.000
M-068-AC1,Microorganismos cultivables a 22 °C,243500,<1,N,1.000
M-068-AC1,Microorganismos cultivables a 22 ºC,243500,0.0,K,0.000
M-068-AC1,Recuento,243500,0,K,0.000
NA-CI-P,Sodio,243500,8.64,N,8.635
NTRAT-CI-P,Nitratos,243500,1.83,N,1.830
NTRIT-CI-P,Nitritos,243500,<0.15,N,0.000
OXOANIONES,Bromato,243500,<2.5,N,0.000
OXOANIONES,Clorato,243500,0.080,N,0.080
OXOANIONES,Clorito,243500,<0.025,N,0.000
PE-IL-TEMP,Temperatura del agua,243500,8.3,N,8.300
SULFA-CI-P,Sulfatos,243500,19.5,N,19.490
THM-GCMS,Bromodiclorometano,243500,5.7,N,5.700
THM-GCMS,Bromoformo,243500,<5.0,N,0.000
THM-GCMS,Cloroformo,243500,13.3,N,13.300
THM-GCMS,Dibromoclorometano,243500,<5.0,N,2.100
WMM-LM-CAM,Cloro libre residual,243500,<0.10,N,0.000
AMONI-CI-P,Amonio,243501,<0.15,N,0.000
WMM-LM-CAM,Cloro libre residual,243501,<0.10,N,0.060
D_CONDUCT,Conductividad a 20 ºC,243501,661,N,661.000
D_OXIDABIL,Oxidabilidad,243501,1.20,N,1.200
D_PH,pH,243501,7.96,N,7.960
D_TURBIDEZ,Turbidez,243501,2.9,N,2.930
M-013-AC1,Recuento de enterococos intestinales,243501,0,N,0.000
M-016-AC1,Recuento de E. coli,243501,0,N,0.000
M-016-AC1,Recuento de bacterias coliformes,243501,0,N,0.000
M-030-AC1,Recuento C. perfringens (con esporas),243501,0,N,0.000
M-068-AC1,Microorganismos cultivables a 22 °C,243501,10,N,10.000
M-068-AC1,Microorganismos cultivables a 22 ºC,243501,1.0E+01,K,10.000
M-068-AC1,Recuento,243501,10,K,10.000
NA-CI-P,Sodio,243501,18.55,N,18.553
NTRAT-CI-P,Nitratos,243501,4.50,N,4.500
NTRIT-CI-P,Nitritos,243501,<0.15,N,0.000
OXOANIONES,Bromato,243501,<2.5,N,0.000
OXOANIONES,Clorato,243501,0.220,N,0.220
OXOANIONES,Clorito,243501,<0.025,N,0.000
PE-IL-TEMP,Temperatura del agua,243501,7.7,N,7.700
SULFA-CI-P,Sulfatos,243501,47.3,N,47.270
THM-GCMS,Bromodiclorometano,243501,8.3,N,8.300
THM-GCMS,Bromoformo,243501,<5.0,N,0.000
THM-GCMS,Cloroformo,243501,29.3,N,29.300
THM-GCMS,Dibromoclorometano,243501,<5.0,N,2.200
THM-GCMS,Suma Trihalometanos,243501,39.9,N,39.870
WMM-LM-CAM,Cloro combinado residual,243501,0.15,N,0.150
CLORU-CI-P,Cloruros,243501,26.51,N,26.510
M-016-AC1,Recuento de E. coli,243502,0,N,0.000
M-016-AC1,Recuento de bacterias coliformes,243502,0,N,0.000
M-030-AC1,Recuento C. perfringens (con esporas),243502,0,N,0.000
M-068-AC1,Microorganismos cultivables a 22 °C,243502,<1,N,1.000
M-068-AC1,Microorganismos cultivables a 22 ºC,243502,0.0,K,0.000
M-068-AC1,Recuento,243502,0,K,0.000
NA-CI-P,Sodio,243502,8.76,N,8.759
NTRAT-CI-P,Nitratos,243502,1.79,N,1.790
NTRIT-CI-P,Nitritos,243502,<0.15,N,0.000
OXOANIONES,Bromato,243502,<2.5,N,0.000
OXOANIONES,Clorato,243502,0.130,N,0.130
OXOANIONES,Clorito,243502,<0.025,N,0.000
PE-IL-TEMP,Temperatura del agua,243502,7.7,N,7.700
SULFA-CI-P,Sulfatos,243502,19.4,N,19.370
THM-GCMS,Bromodiclorometano,243502,8.1,N,8.100
THM-GCMS,Bromoformo,243502,<5.0,N,0.000
THM-GCMS,Cloroformo,243502,17.8,N,17.800
THM-GCMS,Dibromoclorometano,243502,<5.0,N,4.600
THM-GCMS,Suma Trihalometanos,243502,30.6,N,30.580
WMM-LM-CAM,Cloro combinado residual,243502,0.12,N,0.120
WMM-LM-CAM,Cloro libre residual,243502,<0.10,N,0.000
AMONI-CI-P,Amonio,243502,<0.15,N,0.000
CLORU-CI-P,Cloruros,243502,14.09,N,14.090
D_CONDUCT,Conductividad a 20 ºC,243502,256,N,256.200
D_OXIDABIL,Oxidabilidad,243502,0.78,N,0.780
D_PH,pH,243502,7.99,N,7.990
D_TURBIDEZ,Turbidez,243502,<0.4,N,0.160
M-013-AC1,Recuento de enterococos intestinales,243502,0,N,0.000
AMONI-CI-P,Amonio,243503,<0.15,N,0.000
CLORU-CI-P,Cloruros,243503,14.00,N,14.000
D_CONDUCT,Conductividad a 20 ºC,243503,254,N,253.900
D_OXIDABIL,Oxidabilidad,243503,0.66,N,0.660
D_PH,pH,243503,8.08,N,8.080
D_TURBIDEZ,Turbidez,243503,<0.4,N,0.120
M-013-AC1,Recuento de enterococos intestinales,243503,0,N,0.000
M-016-AC1,Recuento de E. coli,243503,0,N,0.000
M-016-AC1,Recuento de bacterias coliformes,243503,0,N,0.000
M-030-AC1,Recuento C. perfringens (con esporas),243503,0,N,0.000
M-068-AC1,Microorganismos cultivables a 22 °C,243503,<1,N,1.000
M-068-AC1,Microorganismos cultivables a 22 ºC,243503,0.0,K,0.000
M-068-AC1,Recuento,243503,0,K,0.000
NA-CI-P,Sodio,243503,8.87,N,8.871
NTRAT-CI-P,Nitratos,243503,1.78,N,1.780
NTRIT-CI-P,Nitritos,243503,<0.15,N,0.000
OXOANIONES,Bromato,243503,<2.5,N,0.000
OXOANIONES,Clorato,243503,0.130,N,0.130
OXOANIONES,Clorito,243503,<0.025,N,0.000
PE-IL-TEMP,Temperatura del agua,243503,7.5,N,7.500
SULFA-CI-P,Sulfatos,243503,19.3,N,19.280
THM-GCMS,Bromodiclorometano,243503,7.7,N,7.700
THM-GCMS,Bromoformo,243503,<5.0,N,0.000
THM-GCMS,Cloroformo,243503,14.0,N,14.000
THM-GCMS,Dibromoclorometano,243503,<5.0,N,4.300
THM-GCMS,Suma Trihalometanos,243503,26.1,N,26.070
WMM-LM-CAM,Cloro combinado residual,243503,<0.10,N,0.090
WMM-LM-CAM,Cloro libre residual,243503,<0.10,N,0.000
D_OXIDABIL,Oxidabilidad,243504,1.86,N,1.860
THM-GCMS,Bromodiclorometano,243504,<5.0,N,4.100
D_TURBIDEZ,Turbidez,243504,0.5,N,0.540
M-013-AC1,Recuento de enterococos intestinales,243504,0,N,0.000
M-016-AC1,Recuento de E. coli,243504,0,N,0.000
M-016-AC1,Recuento de bacterias coliformes,243504,0,N,0.000
M-030-AC1,Recuento C. perfringens (con esporas),243504,0,N,0.000
M-068-AC1,Microorganismos cultivables a 22 ºC,243504,2.0,K,2.000
M-068-AC1,Recnto. Microorg. cultivables a  22 ºC,243504,Presencia /ml,O,0.000
M-068-AC1,Recuento,243504,2,K,2.000
THM-GCMS,Bromoformo,243504,<5.0,N,0.000
THM-GCMS,Cloroformo,243504,21.5,N,21.500
THM-GCMS,Dibromoclorometano,243504,<5.0,N,0.800
THM-GCMS,Suma Trihalometanos,243504,26.5,N,26.490
WMM-LM-CAM,Cloro combinado residual,243504,0.14,N,0.140
WMM-LM-CAM,Cloro libre residual,243504,0.18,N,0.180
AMONI-CI-P,Amonio,243504,<0.15,N,0.000
CLORU-CI-P,Cloruros,243504,7.13,N,7.130
D_CONDUCT,Conductividad a 20 ºC,243504,468,N,467.700
NA-CI-P,Sodio,243504,4.44,N,4.438
NTRAT-CI-P,Nitratos,243504,7.10,N,7.100
NTRIT-CI-P,Nitritos,243504,<0.15,N,0.000
OXOANIONES,Bromato,243504,<2.5,N,0.000
OXOANIONES,Clorato,243504,0.200,N,0.200
OXOANIONES,Clorito,243504,<0.025,N,0.000
PE-IL-TEMP,Temperatura del agua,243504,9.0,N,9.000
SULFA-CI-P,Sulfatos,243504,9.2,N,9.160
D_PH,pH,243504,7.81,N,7.810
AMONI-CI-P,Amonio,243505,<0.15,N,0.000
WMM-LM-CAM,Cloro libre residual,243505,<0.10,N,0.000
D_CONDUCT,Conductividad a 20 ºC,243505,466,N,465.800
D_OXIDABIL,Oxidabilidad,243505,1.65,N,1.650
D_PH,pH,243505,7.92,N,7.920
D_TURBIDEZ,Turbidez,243505,0.9,N,0.890
M-013-AC1,Recuento de enterococos intestinales,243505,0,N,0.000
M-016-AC1,Recuento de E. coli,243505,0,N,0.000
M-016-AC1,Recuento de bacterias coliformes,243505,0,N,0.000
M-030-AC1,Recuento C. perfringens (con esporas),243505,0,N,0.000
M-068-AC1,Microorganismos cultivables a 22 ºC,243505,3.0,K,3.000
M-068-AC1,Recnto. Microorg. cultivables a 22 ºC,243505,Estimado 3 ufc/ ml,O,0.000
M-068-AC1,Recuento,243505,3,K,3.000
NA-CI-P,Sodio,243505,4.03,N,4.031
NTRAT-CI-P,Nitratos,243505,8.15,N,8.150
NTRIT-CI-P,Nitritos,243505,<0.15,N,0.000
OXOANIONES,Bromato,243505,<2.5,N,0.000
OXOANIONES,Clorato,243505,0.190,N,0.190
OXOANIONES,Clorito,243505,<0.025,N,0.000
PE-IL-TEMP,Temperatura del agua,243505,8.1,N,8.100
SULFA-CI-P,Sulfatos,243505,9.8,N,9.770
THM-GCMS,Bromodiclorometano,243505,5.1,N,5.100
THM-GCMS,Bromoformo,243505,<5.0,N,0.000
THM-GCMS,Cloroformo,243505,24.6,N,24.600
THM-GCMS,Dibromoclorometano,243505,<5.0,N,0.900
THM-GCMS,Suma Trihalometanos,243505,30.7,N,30.690
WMM-LM-CAM,Cloro combinado residual,243505,0.10,N,0.100
CLORU-CI-P,Cloruros,243505,7.07,N,7.070
NTRIT-CI-P,Nitritos,243506,<0.15,N,0.000
M-013-AC1,Recuento de enterococos intestinales,243506,0,N,0.000
M-016-AC1,Recuento de E. coli,243506,0,N,0.000
M-016-AC1,Recuento de bacterias coliformes,243506,0,N,0.000
OXOANIONES,Bromato,243506,<2.5,N,0.000
OXOANIONES,Clorato,243506,0.090,N,0.090
OXOANIONES,Clorito,243506,<0.025,N,0.000
PE-IL-TEMP,Temperatura del agua,243506,7.6,N,7.600
SULFA-CI-P,Sulfatos,243506,18.4,N,18.430
THM-GCMS,Bromodiclorometano,243506,<5.0,N,4.100
THM-GCMS,Bromoformo,243506,<5.0,N,0.000
THM-GCMS,Cloroformo,243506,9.6,N,9.600
THM-GCMS,Dibromoclorometano,243506,<5.0,N,2.400
THM-GCMS,Suma Trihalometanos,243506,16.1,N,16.050
WMM-LM-CAM,Cloro combinado residual,243506,0.14,N,0.140
WMM-LM-CAM,Cloro libre residual,243506,<0.10,N,0.000
AMONI-CI-P,Amonio,243506,<0.15,N,0.000
CLORU-CI-P,Cloruros,243506,13.14,N,13.140
D_CONDUCT,Conductividad a 20 ºC,243506,248,N,247.900
D_OXIDABIL,Oxidabilidad,243506,0.99,N,0.990
D_PH,pH,243506,8.02,N,8.020
D_TURBIDEZ,Turbidez,243506,0.8,N,0.760
M-030-AC1,Recuento C. perfringens (con esporas),243506,0,N,0.000
M-068-AC1,Microorganismos cultivables a 22 ºC,243506,4.0,K,4.000
M-068-AC1,Recnto. Microorg. cultivables a 22 ºC,243506,Estimado 4 ufc/ ml,O,0.000
M-068-AC1,Recuento,243506,4,K,4.000
NA-CI-P,Sodio,243506,8.11,N,8.107
NTRAT-CI-P,Nitratos,243506,1.82,N,1.820
AMONI-CI-P,Amonio,243507,<0.15,N,0.000
WMM-LM-CAM,Cloro libre residual,243507,0.62,N,0.620
D_CONDUCT,Conductividad a 20 ºC,243507,249,N,249.100
D_OXIDABIL,Oxidabilidad,243507,<0.50,N,0.490
D_PH,pH,243507,8.10,N,8.100
D_TURBIDEZ,Turbidez,243507,<0.4,N,0.240
M-013-AC1,Recuento de enterococos intestinales,243507,0,N,0.000
M-016-AC1,Recuento de E. coli,243507,0,N,0.000
M-016-AC1,Recuento de bacterias coliformes,243507,0,N,0.000
M-030-AC1,Recuento C. perfringens (con esporas),243507,0,N,0.000
M-068-AC1,Microorganismos cultivables a 22 ºC,243507,2.0,K,2.000
M-068-AC1,Recnto. Microorg. cultivables a  22 ºC,243507,Presencia /ml,O,0.000
M-068-AC1,Recuento,243507,2,K,2.000
NA-CI-P,Sodio,243507,9.00,N,8.998
NTRAT-CI-P,Nitratos,243507,1.81,N,1.810
NTRIT-CI-P,Nitritos,243507,<0.15,N,0.000
OXOANIONES,Bromato,243507,<2.5,N,0.000
OXOANIONES,Clorato,243507,0.290,N,0.290
OXOANIONES,Clorito,243507,<0.025,N,0.000
PE-IL-TEMP,Temperatura del agua,243507,8.9,N,8.900
SULFA-CI-P,Sulfatos,243507,17.9,N,17.880
THM-GCMS,Bromodiclorometano,243507,6.7,N,6.700
THM-GCMS,Bromoformo,243507,<5.0,N,0.000
THM-GCMS,Cloroformo,243507,15.1,N,15.100
THM-GCMS,Dibromoclorometano,243507,<5.0,N,3.500
THM-GCMS,Suma Trihalometanos,243507,25.3,N,25.280
WMM-LM-CAM,Cloro combinado residual,243507,0.11,N,0.110
CLORU-CI-P,Cloruros,243507,13.99,N,13.990
AMONI-CI-P,Amonio,243514,<0.15,N,0.000
CLORU-CI-P,Cloruros,243514,4.21,N,4.210
D_CONDUCT,Conductividad a 20 ºC,243514,164,N,163.600
D_OXIDABIL,Oxidabilidad,243514,1.08,N,1.080
D_PH,pH,243514,8.19,N,8.190
D_TURBIDEZ,Turbidez,243514,0.56,N,0.560
M-013-AC1,Recuento de enterococos intestinales,243514,0,N,0.000
M-016-AC1,Recuento de E. coli,243514,0,N,0.000
M-016-AC1,Recuento de bacterias coliformes,243514,0,N,0.000
M-030-AC1,Recuento C. perfringens (con esporas),243514,0,N,0.000
NA-CI-P,Sodio,243514,2.62,N,2.623
NTRAT-CI-P,Nitratos,243514,1.14,N,1.140
NTRIT-CI-P,Nitritos,243514,<0.15,N,0.050
OXOANIONES,Bromato,243514,<2.5,N,0.000
OXOANIONES,Clorato,243514,0.090,N,0.090
OXOANIONES,Clorito,243514,<0.025,N,0.000
PE-IL-TEMP,Temperatura del agua,243514,9.5,N,9.500
SULFA-CI-P,Sulfatos,243514,3.9,N,3.860
THM-GCMS,Bromodiclorometano,243514,<5.0,N,3.500
THM-GCMS,Bromoformo,243514,<5.0,N,0.000
THM-GCMS,Cloroformo,243514,38.5,N,38.500
THM-GCMS,Dibromoclorometano,243514,<5.0,N,1.000
THM-GCMS,Suma Trihalometanos,243514,43.0,N,42.970
WMM-LM-CAM,Cloro combinado residual,243514,<0.10,N,0.090
WMM-LM-CAM,Cloro libre residual,243514,<0.10,N,0.000
AMONI-CI-P,Amonio,243515,<0.15,N,0.050
WMM-LM-CAM,Cloro libre residual,243515,0.21,N,0.210
D_CONDUCT,Conductividad a 20 ºC,243515,242,N,242.100
D_OXIDABIL,Oxidabilidad,243515,1.00,N,1.000
D_PH,pH,243515,7.94,N,7.940
D_TURBIDEZ,Turbidez,243515,<0.20,N,0.120
M-013-AC1,Recuento de enterococos intestinales,243515,0,N,0.000
M-016-AC1,Recuento de E. coli,243515,0,N,0.000
M-016-AC1,Recuento de bacterias coliformes,243515,0,N,0.000
M-030-AC1,Recuento C. perfringens (con esporas),243515,0,N,0.000
M-068-AC1,Microorganismos cultivables a 22 °C,243515,<1,N,1.000
M-068-AC1,Microorganismos cultivables a 22 ºC,243515,0.0,K,0.000
M-068-AC1,Recuento,243515,0,K,0.000
NA-CI-P,Sodio,243515,8.45,N,8.446
NTRAT-CI-P,Nitratos,243515,1.86,N,1.860
NTRIT-CI-P,Nitritos,243515,<0.15,N,0.000
OXOANIONES,Bromato,243515,<2.5,N,0.000
OXOANIONES,Clorato,243515,0.090,N,0.090
OXOANIONES,Clorito,243515,<0.025,N,0.000
PE-IL-TEMP,Temperatura del agua,243515,10,N,10.000
SULFA-CI-P,Sulfatos,243515,18.6,N,18.630
THM-GCMS,Bromodiclorometano,243515,5.6,N,5.600
THM-GCMS,Bromoformo,243515,<5.0,N,0.000
THM-GCMS,Cloroformo,243515,12.9,N,12.900
THM-GCMS,Dibromoclorometano,243515,<5.0,N,2.900
THM-GCMS,Suma Trihalometanos,243515,21.4,N,21.410
WMM-LM-CAM,Cloro combinado residual,243515,0.28,N,0.280
CLORU-CI-P,Cloruros,243515,13.50,N,13.500
WMM-LM-CAM,Cloro libre residual,243516,0.34,N,0.340
THM-GCMS,Bromodiclorometano,243516,5.8,N,5.800
THM-GCMS,Cloroformo,243516,15.1,N,15.095
THM-GCMS,Dibromoclorometano,243516,<5.0,N,2.600
THM-GCMS,Suma Trihalometanos,243516,23.6,N,23.560
WMM-LM-CAM,Cloro combinado residual,243516,0.14,N,0.140
AMONI-CI-P,Amonio,243516,<0.15,N,0.050
CLORU-CI-P,Cloruros,243516,13.61,N,13.610
D_CONDUCT,Conductividad a 20 ºC,243516,242,N,241.700
D_OXIDABIL,Oxidabilidad,243516,1.04,N,1.040
D_PH,pH,243516,7.94,N,7.940
D_TURBIDEZ,Turbidez,243516,<0.20,N,0.150
M-013-AC1,Recuento de enterococos intestinales,243516,0,N,0.000
M-016-AC1,Recuento de E. coli,243516,0,N,0.000
M-016-AC1,Recuento de bacterias coliformes,243516,0,N,0.000
M-030-AC1,Recuento C. perfringens (con esporas),243516,0,N,0.000
M-068-AC1,Microorganismos cultivables a 22 °C,243516,<1,N,1.000
M-068-AC1,Microorganismos cultivables a 22 ºC,243516,0.0,K,0.000
M-068-AC1,Recuento,243516,0,K,0.000
NA-CI-P,Sodio,243516,8.41,N,8.406
NTRAT-CI-P,Nitratos,243516,1.88,N,1.880
NTRIT-CI-P,Nitritos,243516,<0.15,N,0.000
OXOANIONES,Bromato,243516,<2.5,N,0.000
OXOANIONES,Clorato,243516,0.090,N,0.090
OXOANIONES,Clorito,243516,<0.025,N,0.000
PE-IL-TEMP,Temperatura del agua,243516,10.2,N,10.200
SULFA-CI-P,Sulfatos,243516,18.8,N,18.750
THM-GCMS,Bromoformo,243516,<5.0,N,0.000
AMONI-CI-P,Amonio,243517,<0.15,N,0.050
WMM-LM-CAM,Cloro libre residual,243517,0.27,N,0.270
D_CONDUCT,Conductividad a 20 ºC,243517,243,N,243.400
D_OXIDABIL,Oxidabilidad,243517,1.00,N,1.000
D_PH,pH,243517,7.97,N,7.970
D_TURBIDEZ,Turbidez,243517,<0.20,N,0.160
M-013-AC1,Recuento de enterococos intestinales,243517,0,N,0.000
M-016-AC1,Recuento de E. coli,243517,0,N,0.000
M-016-AC1,Recuento de bacterias coliformes,243517,0,N,0.000
M-030-AC1,Recuento C. perfringens (con esporas),243517,0,N,0.000
M-068-AC1,Microorganismos cultivables a 22 °C,243517,<1,N,1.000
M-068-AC1,Microorganismos cultivables a 22 ºC,243517,0.0,K,0.000
M-068-AC1,Recuento,243517,0,K,0.000
NA-CI-P,Sodio,243517,8.42,N,8.419
NTRAT-CI-P,Nitratos,243517,1.86,N,1.860
NTRIT-CI-P,Nitritos,243517,<0.15,N,0.000
OXOANIONES,Bromato,243517,<2.5,N,0.000
OXOANIONES,Clorato,243517,0.090,N,0.090
OXOANIONES,Clorito,243517,<0.025,N,0.000
PE-IL-TEMP,Temperatura del agua,243517,10.1,N,10.100
SULFA-CI-P,Sulfatos,243517,18.8,N,18.790
THM-GCMS,Bromodiclorometano,243517,7.2,N,7.200
THM-GCMS,Bromoformo,243517,<5.0,N,0.000
THM-GCMS,Cloroformo,243517,15.9,N,15.912
THM-GCMS,Dibromoclorometano,243517,<5.0,N,3.100
THM-GCMS,Suma Trihalometanos,243517,26.1,N,26.130
WMM-LM-CAM,Cloro combinado residual,243517,0.20,N,0.200
CLORU-CI-P,Cloruros,243517,13.62,N,13.620
OXOANIONES,Bromato,243518,<2.5,N,0.000
OXOANIONES,Clorato,243518,0.090,N,0.090
OXOANIONES,Clorito,243518,<0.025,N,0.000
PE-IL-TEMP,Temperatura del agua,243518,10.2,N,10.200
SULFA-CI-P,Sulfatos,243518,18.8,N,18.760
THM-GCMS,Bromodiclorometano,243518,5.6,N,5.600
THM-GCMS,Bromoformo,243518,<5.0,N,0.000
THM-GCMS,Cloroformo,243518,13.2,N,13.158
THM-GCMS,Dibromoclorometano,243518,<5.0,N,3.500
THM-GCMS,Suma Trihalometanos,243518,22.3,N,22.310
WMM-LM-CAM,Cloro combinado residual,243518,0.18,N,0.180
WMM-LM-CAM,Cloro libre residual,243518,0.27,N,0.270
M-016-AC1,Recuento de E. coli,243518,0,N,0.000
M-016-AC1,Recuento de bacterias coliformes,243518,0,N,0.000
M-030-AC1,Recuento C. perfringens (con esporas),243518,0,N,0.000
M-068-AC1,Microorganismos cultivables a 22 °C,243518,<1,N,1.000
M-068-AC1,Microorganismos cultivables a 22 ºC,243518,0.0,K,0.000
M-068-AC1,Recuento,243518,0,K,0.000
NA-CI-P,Sodio,243518,8.60,N,8.597
NTRAT-CI-P,Nitratos,243518,1.87,N,1.870
NTRIT-CI-P,Nitritos,243518,<0.15,N,0.000
AMONI-CI-P,Amonio,243518,<0.15,N,0.050
CLORU-CI-P,Cloruros,243518,13.62,N,13.620
D_CONDUCT,Conductividad a 20 ºC,243518,242,N,242.100
D_OXIDABIL,Oxidabilidad,243518,1.04,N,1.040
D_PH,pH,243518,7.96,N,7.960
D_TURBIDEZ,Turbidez,243518,<0.20,N,0.110
M-013-AC1,Recuento de enterococos intestinales,243518,0,N,0.000
AMONI-CI-P,Amonio,243519,<0.15,N,0.050
WMM-LM-CAM,Cloro libre residual,243519,0.13,N,0.130
D_CONDUCT,Conductividad a 20 ºC,243519,247,N,247.200
D_OXIDABIL,Oxidabilidad,243519,1.16,N,1.160
D_PH,pH,243519,7.98,N,7.980
D_TURBIDEZ,Turbidez,243519,<0.20,N,0.160
M-013-AC1,Recuento de enterococos intestinales,243519,0,N,0.000
M-016-AC1,Recuento de E. coli,243519,0,N,0.000
M-016-AC1,Recuento de bacterias coliformes,243519,0,N,0.000
M-030-AC1,Recuento C. perfringens (con esporas),243519,0,N,0.000
M-068-AC1,Microorganismos cultivables a 22 °C,243519,<1,N,1.000
M-068-AC1,Microorganismos cultivables a 22 ºC,243519,0.0,K,0.000
M-068-AC1,Recuento,243519,0,K,0.000
NA-CI-P,Sodio,243519,8.49,N,8.490
NTRAT-CI-P,Nitratos,243519,1.85,N,1.850
NTRIT-CI-P,Nitritos,243519,<0.15,N,0.000
OXOANIONES,Bromato,243519,<2.5,N,0.000
OXOANIONES,Clorato,243519,0.090,N,0.090
OXOANIONES,Clorito,243519,<0.025,N,0.000
PE-IL-TEMP,Temperatura del agua,243519,8.3,N,8.300
SULFA-CI-P,Sulfatos,243519,19.1,N,19.090
THM-GCMS,Bromodiclorometano,243519,7.5,N,7.500
THM-GCMS,Bromoformo,243519,<5.0,N,0.000
THM-GCMS,Cloroformo,243519,19.3,N,19.346
THM-GCMS,Dibromoclorometano,243519,<5.0,N,3.700
THM-GCMS,Suma Trihalometanos,243519,30.5,N,30.500
WMM-LM-CAM,Cloro combinado residual,243519,0.20,N,0.200
CLORU-CI-P,Cloruros,243519,13.67,N,13.670
NA-CI-P,Sodio,243520,8.41,N,8.407
NTRAT-CI-P,Nitratos,243520,1.85,N,1.850
NTRIT-CI-P,Nitritos,243520,<0.15,N,0.000
OXOANIONES,Bromato,243520,<2.5,N,0.000
OXOANIONES,Clorato,243520,0.090,N,0.090
OXOANIONES,Clorito,243520,<0.025,N,0.000
PE-IL-TEMP,Temperatura del agua,243520,8.5,N,8.500
SULFA-CI-P,Sulfatos,243520,19.1,N,19.050
THM-GCMS,Bromodiclorometano,243520,7.5,N,7.500
THM-GCMS,Bromoformo,243520,<5.0,N,0.000
THM-GCMS,Cloroformo,243520,18.0,N,18.034
THM-GCMS,Dibromoclorometano,243520,<5.0,N,3.200
THM-GCMS,Suma Trihalometanos,243520,28.7,N,28.680
WMM-LM-CAM,Cloro combinado residual,243520,0.16,N,0.160
WMM-LM-CAM,Cloro libre residual,243520,0.15,N,0.150
AMONI-CI-P,Amonio,243520,<0.15,N,0.050
CLORU-CI-P,Cloruros,243520,13.68,N,13.680
D_CONDUCT,Conductividad a 20 ºC,243520,246,N,246.300
D_OXIDABIL,Oxidabilidad,243520,1.08,N,1.080
D_PH,pH,243520,8.03,N,8.030
D_TURBIDEZ,Turbidez,243520,<0.20,N,0.120
M-013-AC1,Recuento de enterococos intestinales,243520,0,N,0.000
M-016-AC1,Recuento de E. coli,243520,0,N,0.000
M-016-AC1,Recuento de bacterias coliformes,243520,0,N,0.000
M-030-AC1,Recuento C. perfringens (con esporas),243520,0,N,0.000
M-068-AC1,Microorganismos cultivables a 22 °C,243520,<1,N,1.000
M-068-AC1,Microorganismos cultivables a 22 ºC,243520,0.0,K,0.000
M-068-AC1,Recuento,243520,0,K,0.000
AMONI-CI-P,Amonio,243521,<0.15,N,0.050
WMM-LM-CAM,Cloro libre residual,243521,<0.10,N,0.040
D_CONDUCT,Conductividad a 20 ºC,243521,255,N,255.100
D_OXIDABIL,Oxidabilidad,243521,1.04,N,1.040
D_PH,pH,243521,8.16,N,8.160
D_TURBIDEZ,Turbidez,243521,<0.20,N,0.110
M-013-AC1,Recuento de enterococos intestinales,243521,0,N,0.000
M-016-AC1,Recuento de E. coli,243521,0,N,0.000
M-016-AC1,Recuento de bacterias coliformes,243521,0,N,0.000
M-030-AC1,Recuento C. perfringens (con esporas),243521,0,N,0.000
M-068-AC1,Microorganismos cultivables a 22 °C,243521,<1,N,1.000
M-068-AC1,Microorganismos cultivables a 22 ºC,243521,0.0,K,0.000
M-068-AC1,Recuento,243521,0,K,0.000
NA-CI-P,Sodio,243521,8.97,N,8.967
NTRAT-CI-P,Nitratos,243521,1.72,N,1.720
NTRIT-CI-P,Nitritos,243521,<0.15,N,0.000
OXOANIONES,Bromato,243521,<2.5,N,0.000
OXOANIONES,Clorato,243521,0.150,N,0.150
OXOANIONES,Clorito,243521,<0.025,N,0.000
PE-IL-TEMP,Temperatura del agua,243521,8.8,N,8.800
SULFA-CI-P,Sulfatos,243521,19.3,N,19.330
THM-GCMS,Bromodiclorometano,243521,9.1,N,9.100
THM-GCMS,Bromoformo,243521,<5.0,N,0.000
THM-GCMS,Cloroformo,243521,25.3,N,25.300
THM-GCMS,Dibromoclorometano,243521,<5.0,N,3.800
THM-GCMS,Suma Trihalometanos,243521,38.2,N,38.180
WMM-LM-CAM,Cloro combinado residual,243521,0.17,N,0.170
CLORU-CI-P,Cloruros,243521,14.27,N,14.270
PE-IL-TEMP,Temperatura del agua,243522,7.5,N,7.500
SULFA-CI-P,Sulfatos,243522,18.9,N,18.910
THM-GCMS,Bromodiclorometano,243522,<5.0,N,0.900
THM-GCMS,Bromoformo,243522,<5.0,N,0.000
THM-GCMS,Cloroformo,243522,18.7,N,18.650
THM-GCMS,Dibromoclorometano,243522,<5.0,N,0.000
THM-GCMS,Suma Trihalometanos,243522,19.5,N,19.510
WMM-LM-CAM,Cloro combinado residual,243522,<0.10,N,0.000
WMM-LM-CAM,Cloro libre residual,243522,<0.10,N,0.000
AMONI-CI-P,Amonio,243522,<0.15,N,0.050
CLORU-CI-P,Cloruros,243522,13.96,N,13.960
D_CONDUCT,Conductividad a 20 ºC,243522,253,N,252.500
D_OXIDABIL,Oxidabilidad,243522,0.60,N,0.600
D_PH,pH,243522,8.63,N,8.630
D_TURBIDEZ,Turbidez,243522,<0.20,N,0.110
M-013-AC1,Recuento de enterococos intestinales,243522,0,N,0.000
M-016-AC1,Recuento de E. coli,243522,0,N,0.000
M-016-AC1,Recuento de bacterias coliformes,243522,0,N,0.000
M-030-AC1,Recuento C. perfringens (con esporas),243522,0,N,0.000
NA-CI-P,Sodio,243522,8.79,N,8.786
NTRAT-CI-P,Nitratos,243522,1.36,N,1.360
NTRIT-CI-P,Nitritos,243522,<0.15,N,0.000
OXOANIONES,Bromato,243522,<2.5,N,0.000
OXOANIONES,Clorato,243522,0.120,N,0.120
OXOANIONES,Clorito,243522,<0.025,N,0.000
M-021,Recuento,243523,>22726,N,22726.000
M-021,Recuento de Legionella pneumophila,243523,>2.3E+04,N,23000.000
PE-IL-CL,Cloro libre,243523,0.0,N,0.000
PE-IL-TEMP,Temperatura del agua,243523,45.8,N,45.800
M-021,Recuento transformado,243523,2.3E+04,K,23000.000
M-021,Recuento transformado,243524,1.2E+02,K,120.000
PE-IL-CL,Cloro libre,243524,0.0,N,0.000
PE-IL-TEMP,Temperatura del agua,243524,46.8,N,46.800
M-021,Recuento de Legionella pneumophila,243524,120,N,120.000
M-021,Recuento,243524,123,N,123.000
PE-IL-TEMP,Temperatura del agua,243525,58.5,N,58.500
M-021,Recuento,243525,<10,N,10.000
M-021,Recuento de Legionella pneumophila,243525,<10,N,10.000
M-021,Recuento transformado,243525,1.0E+01,K,10.000
PE-IL-CL,Cloro libre,243525,0.0,N,0.000
PE-IL-TEMP,Temperatura del agua,243526,50.8,N,50.800
M-021,Recuento,243526,>22726,N,22726.000
M-021,Recuento de Legionella pneumophila,243526,>2.3E+04,N,23000.000
M-021,Recuento transformado,243526,2.3E+04,K,23000.000
PE-IL-CL,Cloro libre,243526,0.0,N,0.000
PE-IL-CL,Cloro libre,243527,5.4,N,5.400
PE-IL-TIAZ,Isotiazolona,243527,0.0,N,0.000
M-033-AC2,Legionella spp - Recuento,243527,No detectado,O,0.000
M-033-AC2,Legionella-Limite detección ensayo,243527,25 ufc/ L,O,0.000
M-033-AC2,Legionella-Volumen filtrado,243527,0.75,N,0.750
M-068-AC1,Microorganismos cultivables a 22 °C,243527,<10,N,10.000
M-068-AC1,Microorganismos cultivables a 22 ºC,243527,0.0,K,0.000
M-068-AC1,Recuento,243527,0,K,0.000
CONDUC-RES,Conductividad,243527,644.10,N,644.100
D_CONDUCT,Conductividad a 20 ºC,243527,644,N,644.100
D_PH,pH,243527,8.01,N,8.010
D_TURBIDEZ,Turbidez,243527,4.03,N,4.030
FE-T-12,Hierro,243527,2.453,N,2.453
PE-IL-TEMP,Temperatura del agua,243527,11.4,N,11.400
PE-IL-TIAZ,Isotiazolona,243528,0.0,N,0.000
CONDUC-RES,Conductividad,243528,678.20,N,678.200
D_CONDUCT,Conductividad a 20 ºC,243528,678,N,678.200
D_PH,pH,243528,8.03,N,8.030
D_TURBIDEZ,Turbidez,243528,3.89,N,3.890
FE-T-12,Hierro,243528,2.441,N,2.441
M-033-AC2,Legionella spp - Recuento,243528,No detectado,O,0.000
M-033-AC2,Legionella-Limite detección ensayo,243528,25 ufc/L,O,0.000
M-033-AC2,Legionella-Volumen filtrado,243528,0.630,N,0.630
M-068-AC1,Microorganismos cultivables a 22 °C,243528,<10,N,10.000
M-068-AC1,Microorganismos cultivables a 22 ºC,243528,0.0,K,0.000
M-068-AC1,Recuento,243528,0,K,0.000
PE-IL-CL,Cloro libre,243528,4.7,N,4.700
PE-IL-TEMP,Temperatura del agua,243528,13.4,N,13.400
PE-IL-TIAZ,Isotiazolona,243529,0.0,N,0.000
CONDUC-RES,Conductividad,243529,509.90,N,509.900
D_CONDUCT,Conductividad a 20 ºC,243529,510,N,509.900
D_PH,pH,243529,8.74,N,8.740
D_TURBIDEZ,Turbidez,243529,0.45,N,0.450
FE-T-12,Hierro,243529,0.037,N,0.037
M-033-AC2,Legionella spp - Recuento,243529,No detectado,O,0.000
M-033-AC2,Legionella-Limite detección ensayo,243529,25 ufc/L,O,0.000
M-033-AC2,Legionella-Volumen filtrado,243529,1,N,1.000
M-068-AC1,Microorganismos cultivables a 22 °C,243529,<10,N,10.000
M-068-AC1,Microorganismos cultivables a 22 ºC,243529,0.0,K,0.000
M-068-AC1,Recuento,243529,0,K,0.000
PE-IL-CL,Cloro libre,243529,0.5,N,0.520
PE-IL-TEMP,Temperatura del agua,243529,25.4,N,25.400
PE-IL-TIAZ,Isotiazolona,243530,0.0,N,0.000
PE-IL-TEMP,Temperatura del agua,243530,25.4,N,25.400
PE-IL-CL,Cloro libre,243530,0.3,N,0.340
M-068-AC1,Recuento,243530,0,K,0.000
M-068-AC1,Microorganismos cultivables a 22 ºC,243530,0.0,K,0.000
M-068-AC1,Microorganismos cultivables a 22 °C,243530,<10,N,10.000
M-033-AC2,Legionella-Volumen filtrado,243530,1,N,1.000
M-033-AC2,Legionella-Limite detección ensayo,243530,25 ufc/L,O,0.000
M-033-AC2,Legionella spp - Recuento,243530,No detectado,O,0.000
FE-T-12,Hierro,243530,0.039,N,0.039
D_TURBIDEZ,Turbidez,243530,0.48,N,0.480
D_PH,pH,243530,8.74,N,8.740
D_CONDUCT,Conductividad a 20 ºC,243530,505,N,504.600
CONDUC-RES,Conductividad,243530,504.60,N,504.600
PE-IL-TIAZ,Isotiazolona,243531,0.0,N,0.000
PE-IL-CL,Cloro libre,243531,10.6,N,10.600
M-068-AC1,Recuento,243531,36,K,36.000
M-068-AC1,Recnto. Microorg. cultivables a 22 ºC,243531,Estimado 36 ufc/ ml,O,0.000
M-068-AC1,Microorganismos cultivables a 22 ºC,243531,3.6E+01,K,36.000
M-033-AC2,Legionella-Volumen filtrado,243531,1,N,1.000
M-033-AC2,Legionella-Limite detección ensayo,243531,25 ufc/L,O,0.000
M-033-AC2,Legionella spp - Recuento,243531,No detectado,O,0.000
FE-T-12,Hierro,243531,0.026,N,0.026
D_TURBIDEZ,Turbidez,243531,1.74,N,1.740
D_PH,pH,243531,9.02,N,9.020
D_CONDUCT,Conductividad a 20 ºC,243531,1647,N,1647.000
CONDUC-RES,Conductividad,243531,1647.00,N,1647.000
PE-IL-TEMP,Temperatura del agua,243531,24.2,N,24.200
PE-IL-TEMP,Temperatura del agua,243578,15.1,N,15.100
M-033-AC2,Legionella spp - Recuento,243578,No detectado,O,0.000
M-033-AC2,Legionella-Limite detección ensayo,243578,25 ufc/L,O,0.000
M-033-AC2,Legionella-Volumen filtrado,243578,1,N,1.000
M-068-AC1,Microorganismos cultivables a 22 ºC,243578,2.7E+01,K,27.000
M-068-AC1,"Recnto. Microorg, cultivables a 22 ºC",243578,Estimado 27 ufc/ ml,O,0.000
M-068-AC1,Recuento,243578,27,K,27.000
PE-IL-CL,Cloro libre,243578,0.1,N,0.120
AMONI-CI-P,Amonio,243581,<0.15,N,0.000
WMM-LM-CAM,Cloro libre residual,243581,1.37,N,1.370
D_OXIDABIL,Oxidabilidad,243581,1.33,N,1.330
D_PH,pH,243581,7.75,N,7.750
D_TURBIDEZ,Turbidez,243581,0.23,N,0.230
M-019-AC1,Recuento de Estafilococos coagulasa +,243581,0,N,0.000
M-027,Recuento de E. coli,243581,<1,N,1.000
M-027,Recuento de bacterias coliformes,243581,<1,N,1.000
M-034,Recuento de Pseudomonas aeruginosa,243581,<1,N,1.000
PE-IL-TEMP,Temperatura del agua,243581,31.2,N,31.200
WMM-LM-CAM,Cloro combinado residual,243581,0.59,N,0.590
D_CONDUCT,Conductividad a 20 ºC,243581,631,N,631.400
AMONI-CI-P,Amonio,243582,<0.15,N,0.000
PE-IL-TEMP,Temperatura del agua,243582,33.0,N,33.000
D_CONDUCT,Conductividad a 20 ºC,243582,505,N,504.500
D_OXIDABIL,Oxidabilidad,243582,6.87,N,6.870
D_PH,pH,243582,8.78,N,8.780
D_TURBIDEZ,Turbidez,243582,1.01,N,1.010
FECHA-LEG,Análisis Legionella-Fecha de inicio,243582,10/02/2026,T,0.000
FECHA-LEG,Análisis Legionella-Fecha fin,243582,25/02/2026,T,0.000
M-019-AC1,Recuento de Estafilococos coagulasa +,243582,0,N,0.000
M-027,Recuento de E. coli,243582,<1,N,1.000
M-027,Recuento de bacterias coliformes,243582,<1,N,1.000
M-033-AC2,Legionella spp - Recuento,243582,No detectado,O,0.000
M-033-AC2,Legionella-Limite detección ensayo,243582,25 ufc/L,O,0.000
M-033-AC2,Legionella-Volumen filtrado,243582,1,N,1.000
M-034,Recuento de Pseudomonas aeruginosa,243582,<1,N,1.000
PE-IL-BR-1,Bromo,243582,1.70,N,1.700
D_PH,pH,243583,6.94,N,6.940
D_OXIDABIL,Oxidabilidad,243583,0.73,N,0.730
M-019-AC1,Recuento de Estafilococos coagulasa +,243583,0,N,0.000
M-027,Recuento de E. coli,243583,<1,N,1.000
M-027,Recuento de bacterias coliformes,243583,<1,N,1.000
M-034,Recuento de Pseudomonas aeruginosa,243583,<1,N,1.000
PE-IL-TEMP,Temperatura del agua,243583,31.0,N,31.000
WMM-LM-CAM,Cloro combinado residual,243583,2.91,N,2.910
WMM-LM-CAM,Cloro libre residual,243583,1.89,N,1.890
AMONI-CI-P,Amonio,243583,<0.15,N,0.000
D_CONDUCT,Conductividad a 20 ºC,243583,1790,N,1790.000
D_TURBIDEZ,Turbidez,243583,0.21,N,0.210
D_TURBIDEZ,Turbidez,243584,<0.20,N,0.130
D_PH,pH,243584,7.59,N,7.590
FECHA-LEG,Análisis Legionella-Fecha de inicio,243584,10/02/2026,T,0.000
FECHA-LEG,Análisis Legionella-Fecha fin,243584,25/02/2026,T,0.000
M-019-AC1,Recuento de Estafilococos coagulasa +,243584,0,N,0.000
M-027,Recuento de E. coli,243584,<1,N,1.000
M-027,Recuento de bacterias coliformes,243584,<1,N,1.000
M-033-AC2,Legionella spp - Recuento,243584,No detectado,O,0.000
M-033-AC2,Legionella-Limite detección ensayo,243584,25 ufc/L,O,0.000
M-033-AC2,Legionella-Volumen filtrado,243584,1,N,1.000
M-034,Recuento de Pseudomonas aeruginosa,243584,<1,N,1.000
PE-IL-CL,Cloro libre,243584,0.7,N,0.710
PE-IL-TEMP,Temperatura del agua,243584,31.0,N,31.000
PE-IL-TEMP,Temperatura del agua,243584,31.0,N,31.000
WMM-LM-CAM,Cloro combinado residual,243584,0.66,N,0.660
WMM-LM-CAM,Cloro libre residual,243584,0.71,N,0.710
AMONI-CI-P,Amonio,243584,<0.15,N,0.000
D_CONDUCT,Conductividad a 20 ºC,243584,1443,N,1443.000
D_OXIDABIL,Oxidabilidad,243584,0.89,N,0.890
AMONI-CI-P,Amonio,243585,<0.15,N,0.000
WMM-LM-CAM,Cloro libre residual,243585,0.90,N,0.900
D_OXIDABIL,Oxidabilidad,243585,0.69,N,0.690
D_PH,pH,243585,7.07,N,7.070
D_TURBIDEZ,Turbidez,243585,0.42,N,0.420
M-019-AC1,Recuento de Estafilococos coagulasa +,243585,0,N,0.000
M-027,Recuento de E. coli,243585,<1,N,1.000
M-027,Recuento de bacterias coliformes,243585,<1,N,1.000
M-034,Recuento de Pseudomonas aeruginosa,243585,<1,N,1.000
PE-IL-TEMP,Temperatura del agua,243585,33.8,N,33.800
WMM-LM-CAM,Cloro combinado residual,243585,0.47,N,0.470
D_CONDUCT,Conductividad a 20 ºC,243585,1576,N,1576.000
M-027,Recuento de bacterias coliformes,243586,<1,N,1.000
M-034,Recuento de Pseudomonas aeruginosa,243586,<1,N,1.000
PE-IL-TEMP,Temperatura del agua,243586,34.5,N,34.500
WMM-LM-CAM,Cloro combinado residual,243586,0.67,N,0.670
WMM-LM-CAM,Cloro libre residual,243586,1.06,N,1.060
AMONI-CI-P,Amonio,243586,<0.15,N,0.000
D_CONDUCT,Conductividad a 20 ºC,243586,1701,N,1701.000
D_OXIDABIL,Oxidabilidad,243586,1.01,N,1.010
D_PH,pH,243586,7.42,N,7.420
D_TURBIDEZ,Turbidez,243586,<0.20,N,0.110
M-019-AC1,Recuento de Estafilococos coagulasa +,243586,0,N,0.000
M-027,Recuento de E. coli,243586,<1,N,1.000
FECHA-LEG,Análisis Legionella-Fecha fin,243587,25/02/2026,T,0.000
FECHA-LEG,Análisis Legionella-Fecha de inicio,243587,10/02/2026,T,0.000
M-019-AC1,Recuento de Estafilococos coagulasa +,243587,0,N,0.000
M-027,Recuento de E. coli,243587,<1,N,1.000
M-027,Recuento de bacterias coliformes,243587,<1,N,1.000
M-033-AC2,Legionella spp - Recuento,243587,No detectado,O,0.000
M-033-AC2,Legionella-Limite detección ensayo,243587,25 ufc/L,O,0.000
M-033-AC2,Legionella-Volumen filtrado,243587,1,N,1.000
M-034,Recuento de Pseudomonas aeruginosa,243587,<1,N,1.000
PE-IL-CL,Cloro libre,243587,1.1,N,1.070
PE-IL-TEMP,Temperatura del agua,243587,33.9,N,33.900
WMM-LM-CAM,Cloro combinado residual,243587,0.73,N,0.730
WMM-LM-CAM,Cloro libre residual,243587,1.07,N,1.070
AMONI-CI-P,Amonio,243587,<0.15,N,0.000
D_CONDUCT,Conductividad a 20 ºC,243587,1711,N,1711.000
D_OXIDABIL,Oxidabilidad,243587,1.25,N,1.250
D_PH,pH,243587,7.16,N,7.160
D_TURBIDEZ,Turbidez,243587,0.25,N,0.250
AMONI-CI-P,Amonio,243588,<0.15,N,0.000
WMM-LM-CAM,Cloro libre residual,243588,1.94,N,1.940
D_CONDUCT,Conductividad a 20 ºC,243588,1477,N,1477.000
D_OXIDABIL,Oxidabilidad,243588,1.01,N,1.010
D_PH,pH,243588,7.25,N,7.250
D_TURBIDEZ,Turbidez,243588,0.46,N,0.460
FECHA-LEG,Análisis Legionella-Fecha de inicio,243588,10/02/2026,T,0.000
FECHA-LEG,Análisis Legionella-Fecha fin,243588,25/02/2026,T,0.000
M-019-AC1,Recuento de Estafilococos coagulasa +,243588,0,N,0.000
M-027,Recuento de E. coli,243588,<1,N,1.000
M-027,Recuento de bacterias coliformes,243588,<1,N,1.000
M-033-AC1,Recnto. Legionella spp,243588,Estimado 300 ufc / L,O,0.000
M-033-AC1,Recuento,243588,300,N,300.000
M-033-AC1,Recuento transformado,243588,3.0E+02,K,300.000
M-033-AC1,Legionella volumen filtrado,243588,1,N,1.000
M-033-AC3,Identificación de L. pneumophila sr 1,243588,Detectado,O,0.000
M-033-AC3,Identificación de L. pneumophila sr 2-14,243588,No detectado,O,0.000
M-033-AC3,Identificación de Legionella otras spp,243588,No detectado,O,0.000
M-034,Recuento de Pseudomonas aeruginosa,243588,<1,N,1.000
PE-IL-CL,Cloro libre,243588,1.9,N,1.940
PE-IL-TEMP,Temperatura del agua,243588,35.2,N,35.200
WMM-LM-CAM,Cloro combinado residual,243588,2.96,N,2.960
AMONI-CI-P,Amonio,243589,<0.15,N,0.000
WMM-LM-CAM,Cloro libre residual,243589,0.87,N,0.870
D_OXIDABIL,Oxidabilidad,243589,7.68,N,7.680
D_PH,pH,243589,6.97,N,6.970
D_TURBIDEZ,Turbidez,243589,1.79,N,1.790
M-019-AC1,Recuento de Estafilococos coagulasa +,243589,0,N,0.000
M-027,Recuento de E. coli,243589,<1,N,1.000
M-027,Recuento de bacterias coliformes,243589,<1,N,1.000
M-034,Recuento de Pseudomonas aeruginosa,243589,<1,N,1.000
PE-IL-TEMP,Temperatura del agua,243589,13.9,N,13.900
WMM-LM-CAM,Cloro combinado residual,243589,2.73,N,2.730
D_CONDUCT,Conductividad a 20 ºC,243589,2537,N,2537.000
AMONI-CI-P,Amonio,243590,<0.15,N,0.000
D_CONDUCT,Conductividad a 20 ºC,243590,1013,N,1013.000
D_OXIDABIL,Oxidabilidad,243590,>10.00,N,10.000
D_PH,pH,243590,8.03,N,8.030
D_TURBIDEZ,Turbidez,243590,0.87,N,0.870
FECHA-LEG,Análisis Legionella-Fecha de inicio,243590,10/02/2026,T,0.000
FECHA-LEG,Análisis Legionella-Fecha fin,243590,25/02/2026,T,0.000
M-019-AC1,Recuento de Estafilococos coagulasa +,243590,1,N,1.000
M-027,Recuento de E. coli,243590,<1,N,1.000
M-027,Recuento de bacterias coliformes,243590,<1,N,1.000
M-033-AC2,Legionella spp - Recuento,243590,No detectado,O,0.000
M-033-AC2,Legionella-Limite detección ensayo,243590,25 ufc/L,O,0.000
M-033-AC2,Legionella-Volumen filtrado,243590,0.850,N,0.850
M-034,Recuento de Pseudomonas aeruginosa,243590,<1,N,1.000
PE-IL-BR-1,Bromo,243590,4.18,N,4.180
PE-IL-TEMP,Temperatura del agua,243590,32.1,N,32.100
AMONI-CI-P,Amonio,243591,<0.15,N,0.000
D_CONDUCT,Conductividad a 20 ºC,243591,508,N,507.900
D_OXIDABIL,Oxidabilidad,243591,6.79,N,6.790
D_PH,pH,243591,8.78,N,8.780
D_TURBIDEZ,Turbidez,243591,0.99,N,0.990
M-034,Recuento de Pseudomonas aeruginosa,243591,<1,N,1.000
M-019-AC1,Recuento de Estafilococos coagulasa +,243591,0,N,0.000
M-027,Recuento de E. coli,243591,<1,N,1.000
M-027,Recuento de bacterias coliformes,243591,<1,N,1.000
PE-IL-TEMP,Temperatura del agua,243593,18,N,18.000
M-021,Recuento,243593,12898,N,12898.000
M-021,Recuento de Legionella pneumophila,243593,1.3E+04,N,13000.000
M-021,Recuento transformado,243593,1.3E+04,K,13000.000
PE-IL-CL,Cloro libre,243593,0.0,N,0.000
PE-IL-TEMP,Temperatura del agua,243594,48.0,N,48.000
M-021,Recuento,243594,>22726,N,22726.000
M-021,Recuento de Legionella pneumophila,243594,>2.3E+04,N,23000.000
M-021,Recuento transformado,243594,2.3E+04,K,23000.000
PE-IL-CL,Cloro libre,243594,0.0,N,0.000
M-021,Recuento,243595,>22726,N,22726.000
M-021,Recuento transformado,243595,2.3E+04,K,23000.000
PE-IL-CL,Cloro libre,243595,0.0,N,0.000
PE-IL-TEMP,Temperatura del agua,243595,44.0,N,44.000
M-021,Recuento de Legionella pneumophila,243595,>2.3E+04,N,23000.000
PE-IL-TEMP,Temperatura del agua,243596,64.1,N,64.100
M-021,Recuento,243596,<10,N,10.000
M-021,Recuento de Legionella pneumophila,243596,<10,N,10.000
M-021,Recuento transformado,243596,1.0E+01,K,10.000
PE-IL-CL,Cloro libre,243596,0.0,N,0.000
PE-IL-TEMP,Temperatura del agua,243597,62,N,62.000
M-021,Recuento,243597,<10,N,10.000
M-021,Recuento de Legionella pneumophila,243597,<10,N,10.000
M-021,Recuento transformado,243597,1.0E+01,K,10.000
PE-IL-CL,Cloro libre,243597,0.0,N,0.000
PE-IL-TEMP,Temperatura del agua,243598,72.1,N,72.100
PE-IL-CL,Cloro libre,243598,0.0,N,0.000
M-021,Recuento,243598,<10,N,10.000
M-021,Recuento de Legionella pneumophila,243598,<10,N,10.000
M-021,Recuento transformado,243598,1.0E+01,K,10.000
PE-IL-TEMP,Temperatura del agua,243599,37.5,N,37.500
M-021,Recuento,243599,<10,N,10.000
M-021,Recuento de Legionella pneumophila,243599,<10,N,10.000
M-021,Recuento transformado,243599,1.0E+01,K,10.000
PE-IL-CL,Cloro libre,243599,0.0,N,0.000
M-021,Recuento transformado,243600,1.0E+01,K,10.000
PE-IL-CL,Cloro libre,243600,0.0,N,0.000
PE-IL-TEMP,Temperatura del agua,243600,42.4,N,42.400
M-021,Recuento,243600,<10,N,10.000
M-021,Recuento de Legionella pneumophila,243600,<10,N,10.000
M-021,Recuento,243601,<10,N,10.000
M-021,Recuento de Legionella pneumophila,243601,<10,N,10.000
PE-IL-TEMP,Temperatura del agua,243601,41.2,N,41.200
PE-IL-CL,Cloro libre,243601,0.0,N,0.000
M-021,Recuento transformado,243601,1.0E+01,K,10.000
M-021,Recuento transformado,243602,1.0E+01,K,10.000
PE-IL-CL,Cloro libre,243602,0.0,N,0.000
PE-IL-TEMP,Temperatura del agua,243602,50,N,50.000
M-021,Recuento,243602,<10,N,10.000
M-021,Recuento de Legionella pneumophila,243602,<10,N,10.000
PE-IL-TEMP,Temperatura del agua,243603,53.6,N,53.600
PE-IL-CL,Cloro libre,243603,0.0,N,0.000
M-021,Recuento transformado,243603,1.0E+01,K,10.000
M-021,Recuento,243603,<10,N,10.000
M-021,Recuento de Legionella pneumophila,243603,<10,N,10.000
M-021,Recuento,243604,<10,N,10.000
M-021,Recuento de Legionella pneumophila,243604,<10,N,10.000
PE-IL-CL,Cloro libre,243604,0.0,N,0.000
PE-IL-TEMP,Temperatura del agua,243604,49.1,N,49.100
M-021,Recuento transformado,243604,1.0E+01,K,10.000
M-021,Recuento,243605,>22726,N,22726.000
M-021,Recuento de Legionella pneumophila,243605,>2.3E+04,N,23000.000
M-021,Recuento transformado,243605,2.3E+04,K,23000.000
PE-IL-CL,Cloro libre,243605,0.0,N,0.000
PE-IL-TEMP,Temperatura del agua,243605,46.0,N,46.000
D_CONDUCT,Conductividad a 20 ºC,243727,241,N,240.700
D_PH,pH,243727,7.98,N,7.980
WMM-LM-CAM,Cloro libre residual,243727,0.35,N,0.350
WMM-LM-CAM,Cloro combinado residual,243727,0.26,N,0.260
MET-GRF-AC,Plomo total,243727,<1.0,N,0.110
MET-GRF-AC,Niquel total,243727,<5.0,N,0.680
MET-GRF-AC,Hierro total,243727,10.8,N,10.780
MET-GRF-AC,Cromo total,243727,<10.0,N,0.030
MET-GRF-AC,Cobre total,243727,<0.05,N,0.010
MET-GRF-AC,Aluminio total,243727,85.1,N,85.110
M-068-AC1,Recuento,243727,0,K,0.000
M-068-AC1,Microorganismos cultivables a 22 ºC,243727,0.0,K,0.000
M-068-AC1,Microorganismos cultivables a 22 °C,243727,<1,N,1.000
M-016-AC1,Recuento de bacterias coliformes,243727,0,N,0.000
M-016-AC1,Recuento de E. coli,243727,0,N,0.000
D_TURBIDEZ,Turbidez,243727,<0.20,N,0.100
D_CONDUCT,Conductividad a 20 ºC,243728,247,N,246.600
WMM-LM-CAM,Cloro libre residual,243728,0.36,N,0.360
MET-GRF-AC,Plomo total,243728,<1.0,N,0.290
MET-GRF-AC,Niquel total,243728,<5.0,N,1.610
MET-GRF-AC,Hierro total,243728,<10.0,N,8.180
MET-GRF-AC,Cromo total,243728,<10.0,N,0.000
MET-GRF-AC,Cobre total,243728,<0.05,N,0.010
MET-GRF-AC,Aluminio total,243728,76.3,N,76.310
M-068-AC1,Recuento,243728,0,K,0.000
M-068-AC1,Microorganismos cultivables a 22 ºC,243728,0.0,K,0.000
M-068-AC1,Microorganismos cultivables a 22 °C,243728,<1,N,1.000
M-016-AC1,Recuento de bacterias coliformes,243728,0,N,0.000
M-016-AC1,Recuento de E. coli,243728,0,N,0.000
D_TURBIDEZ,Turbidez,243728,<0.20,N,0.160
D_PH,pH,243728,7.96,N,7.960
WMM-LM-CAM,Cloro combinado residual,243728,<0.10,N,0.080
M-016-AC1,Recuento de bacterias coliformes,243729,0,N,0.000
M-068-AC1,Microorganismos cultivables a 22 °C,243729,<1,N,1.000
M-068-AC1,Microorganismos cultivables a 22 ºC,243729,0.0,K,0.000
M-068-AC1,Recuento,243729,0,K,0.000
MET-GRF-AC,Aluminio total,243729,89.7,N,89.700
MET-GRF-AC,Cobre total,243729,<0.05,N,0.000
MET-GRF-AC,Cromo total,243729,<10.0,N,0.020
MET-GRF-AC,Hierro total,243729,14.1,N,14.140
MET-GRF-AC,Niquel total,243729,<5.0,N,0.740
MET-GRF-AC,Plomo total,243729,<1.0,N,0.780
WMM-LM-CAM,Cloro combinado residual,243729,0.21,N,0.210
WMM-LM-CAM,Cloro libre residual,243729,0.15,N,0.150
D_CONDUCT,Conductividad a 20 ºC,243729,244,N,244.000
D_PH,pH,243729,7.96,N,7.960
D_TURBIDEZ,Turbidez,243729,<0.20,N,0.140
M-016-AC1,Recuento de E. coli,243729,0,N,0.000
D_CONDUCT,Conductividad a 20 ºC,243730,241,N,241.200
WMM-LM-CAM,Cloro libre residual,243730,0.23,N,0.230
D_TURBIDEZ,Turbidez,243730,<0.20,N,0.130
M-016-AC1,Recuento de E. coli,243730,0,N,0.000
M-016-AC1,Recuento de bacterias coliformes,243730,0,N,0.000
M-068-AC1,Microorganismos cultivables a 22 °C,243730,<1,N,1.000
M-068-AC1,Microorganismos cultivables a 22 ºC,243730,0.0,K,0.000
M-068-AC1,Recuento,243730,0,K,0.000
MET-GRF-AC,Aluminio total,243730,75.0,N,74.970
MET-GRF-AC,Cobre total,243730,<0.05,N,0.000
MET-GRF-AC,Cromo total,243730,<10.0,N,0.020
MET-GRF-AC,Hierro total,243730,19.4,N,19.380
MET-GRF-AC,Niquel total,243730,<5.0,N,0.700
MET-GRF-AC,Plomo total,243730,<1.0,N,0.590
WMM-LM-CAM,Cloro combinado residual,243730,0.32,N,0.320
D_PH,pH,243730,7.94,N,7.940
D_CONDUCT,Conductividad a 20 ºC,243731,246,N,245.800
WMM-LM-CAM,Cloro libre residual,243731,0.12,N,0.120
D_TURBIDEZ,Turbidez,243731,<0.20,N,0.130
M-016-AC1,Recuento de E. coli,243731,0,N,0.000
M-016-AC1,Recuento de bacterias coliformes,243731,0,N,0.000
M-068-AC1,Microorganismos cultivables a 22 °C,243731,<1,N,1.000
M-068-AC1,Microorganismos cultivables a 22 ºC,243731,0.0,K,0.000
M-068-AC1,Recuento,243731,0,K,0.000
MET-GRF-AC,Aluminio total,243731,83.9,N,83.900
MET-GRF-AC,Cobre total,243731,<0.05,N,0.010
MET-GRF-AC,Cromo total,243731,<10.0,N,0.010
MET-GRF-AC,Hierro total,243731,44.7,N,44.680
MET-GRF-AC,Niquel total,243731,<5.0,N,0.700
MET-GRF-AC,Plomo total,243731,<1.0,N,0.200
WMM-LM-CAM,Cloro combinado residual,243731,<0.10,N,0.040
D_PH,pH,243731,7.94,N,7.940
D_CONDUCT,Conductividad a 20 ºC,243732,244,N,243.700
WMM-LM-CAM,Cloro libre residual,243732,0.18,N,0.180
D_TURBIDEZ,Turbidez,243732,<0.20,N,0.120
M-016-AC1,Recuento de E. coli,243732,0,N,0.000
M-016-AC1,Recuento de bacterias coliformes,243732,0,N,0.000
M-068-AC1,Microorganismos cultivables a 22 °C,243732,<1,N,1.000
M-068-AC1,Microorganismos cultivables a 22 ºC,243732,0.0,K,0.000
M-068-AC1,Recuento,243732,0,K,0.000
MET-GRF-AC,Aluminio total,243732,94.6,N,94.600
MET-GRF-AC,Cobre total,243732,<0.05,N,0.010
MET-GRF-AC,Cromo total,243732,<10.0,N,0.020
MET-GRF-AC,Hierro total,243732,<10.0,N,8.920
MET-GRF-AC,Niquel total,243732,<5.0,N,0.740
MET-GRF-AC,Plomo total,243732,<1.0,N,0.060
WMM-LM-CAM,Cloro combinado residual,243732,0.29,N,0.290
D_PH,pH,243732,7.96,N,7.960
M-016-AC1,Recuento de E. coli,243733,0,N,0.000
M-016-AC1,Recuento de bacterias coliformes,243733,0,N,0.000
M-068-AC1,Microorganismos cultivables a 22 °C,243733,<1,N,1.000
M-068-AC1,Microorganismos cultivables a 22 ºC,243733,0.0,K,0.000
M-068-AC1,Recuento,243733,0,K,0.000
MET-GRF-AC,Aluminio total,243733,81.9,N,81.900
MET-GRF-AC,Cobre total,243733,<0.05,N,0.000
MET-GRF-AC,Cromo total,243733,<10.0,N,0.020
MET-GRF-AC,Hierro total,243733,<10.0,N,8.590
MET-GRF-AC,Niquel total,243733,<5.0,N,0.550
MET-GRF-AC,Plomo total,243733,<1.0,N,0.010
WMM-LM-CAM,Cloro combinado residual,243733,0.16,N,0.160
WMM-LM-CAM,Cloro libre residual,243733,0.37,N,0.370
D_CONDUCT,Conductividad a 20 ºC,243733,240,N,239.700
D_PH,pH,243733,7.96,N,7.960
D_TURBIDEZ,Turbidez,243733,<0.20,N,0.120
D_CONDUCT,Conductividad a 20 ºC,243734,248,N,248.400
WMM-LM-CAM,Cloro libre residual,243734,<0.10,N,0.030
D_TURBIDEZ,Turbidez,243734,<0.20,N,0.170
M-016-AC1,Recuento de E. coli,243734,0,N,0.000
M-016-AC1,Recuento de bacterias coliformes,243734,0,N,0.000
M-068-AC1,Microorganismos cultivables a 22 ºC,243734,6.0,K,6.000
M-068-AC1,Recnto. Microorg. cultivables a 22 °C,243734,Estimado 6 ufc/ ml,O,0.000
M-068-AC1,Recuento,243734,6,K,6.000
MET-GRF-AC,Aluminio total,243734,84.2,N,84.160
MET-GRF-AC,Cobre total,243734,0.05,N,0.050
MET-GRF-AC,Cromo total,243734,<10.0,N,0.020
MET-GRF-AC,Hierro total,243734,29.7,N,29.690
MET-GRF-AC,Niquel total,243734,<5.0,N,2.300
MET-GRF-AC,Plomo total,243734,<1.0,N,0.830
WMM-LM-CAM,Cloro combinado residual,243734,0.28,N,0.280
D_PH,pH,243734,7.97,N,7.970
M-068-AC1,Recuento,243735,0,K,0.000
MET-GRF-AC,Aluminio total,243735,82.0,N,81.980
MET-GRF-AC,Cobre total,243735,<0.05,N,0.020
MET-GRF-AC,Cromo total,243735,<10.0,N,0.020
MET-GRF-AC,Hierro total,243735,14.0,N,14.020
MET-GRF-AC,Niquel total,243735,<5.0,N,0.660
MET-GRF-AC,Plomo total,243735,<1.0,N,0.420
WMM-LM-CAM,Cloro combinado residual,243735,<0.10,N,0.070
WMM-LM-CAM,Cloro libre residual,243735,0.21,N,0.210
D_CONDUCT,Conductividad a 20 ºC,243735,241,N,241.300
D_PH,pH,243735,7.96,N,7.960
D_TURBIDEZ,Turbidez,243735,<0.20,N,0.120
M-016-AC1,Recuento de E. coli,243735,0,N,0.000
M-016-AC1,Recuento de bacterias coliformes,243735,0,N,0.000
M-068-AC1,Microorganismos cultivables a 22 °C,243735,<1,N,1.000
M-068-AC1,Microorganismos cultivables a 22 ºC,243735,0.0,K,0.000
D_CONDUCT,Conductividad a 20 ºC,243736,245,N,245.200
WMM-LM-CAM,Cloro libre residual,243736,<0.10,N,0.030
D_TURBIDEZ,Turbidez,243736,<0.20,N,0.100
M-016-AC1,Recuento de E. coli,243736,0,N,0.000
M-016-AC1,Recuento de bacterias coliformes,243736,0,N,0.000
M-068-AC1,Microorganismos cultivables a 22 °C,243736,<1,N,1.000
M-068-AC1,Microorganismos cultivables a 22 ºC,243736,0.0,K,0.000
M-068-AC1,Recuento,243736,0,K,0.000
MET-GRF-AC,Aluminio total,243736,80.0,N,79.950
MET-GRF-AC,Cobre total,243736,<0.05,N,0.000
MET-GRF-AC,Cromo total,243736,<10.0,N,0.040
MET-GRF-AC,Hierro total,243736,<10.0,N,8.680
MET-GRF-AC,Niquel total,243736,<5.0,N,0.580
MET-GRF-AC,Plomo total,243736,<1.0,N,0.160
WMM-LM-CAM,Cloro combinado residual,243736,0.44,N,0.440
D_PH,pH,243736,7.96,N,7.960
M-068-AC1,Microorganismos cultivables a 22 °C,243737,<1,N,1.000
M-068-AC1,Microorganismos cultivables a 22 ºC,243737,0.0,K,0.000
M-068-AC1,Recuento,243737,0,K,0.000
MET-GRF-AC,Aluminio total,243737,75.4,N,75.390
MET-GRF-AC,Cobre total,243737,<0.05,N,0.000
MET-GRF-AC,Cromo total,243737,<10.0,N,0.020
MET-GRF-AC,Hierro total,243737,<10.0,N,9.160
MET-GRF-AC,Niquel total,243737,<5.0,N,0.520
MET-GRF-AC,Plomo total,243737,<1.0,N,0.040
WMM-LM-CAM,Cloro combinado residual,243737,0.15,N,0.150
WMM-LM-CAM,Cloro libre residual,243737,0.20,N,0.200
D_CONDUCT,Conductividad a 20 ºC,243737,233,N,232.800
D_PH,pH,243737,7.92,N,7.920
D_TURBIDEZ,Turbidez,243737,<0.20,N,0.120
M-016-AC1,Recuento de E. coli,243737,0,N,0.000
M-016-AC1,Recuento de bacterias coliformes,243737,0,N,0.000
D_CONDUCT,Conductividad a 20 ºC,243738,211,N,210.600
D_PH,pH,243738,7.84,N,7.840
D_TURBIDEZ,Turbidez,243738,<0.20,N,0.160
M-016-AC1,Recuento de E. coli,243738,0,N,0.000
M-016-AC1,Recuento de bacterias coliformes,243738,0,N,0.000
M-068-AC1,Microorganismos cultivables a 22 °C,243738,<1,N,1.000
M-068-AC1,Microorganismos cultivables a 22 ºC,243738,0.0,K,0.000
M-068-AC1,Recuento,243738,0,K,0.000
MET-GRF-AC,Aluminio total,243738,70.7,N,70.720
MET-GRF-AC,Cobre total,243738,<0.05,N,0.000
MET-GRF-AC,Cromo total,243738,<10.0,N,0.030
MET-GRF-AC,Hierro total,243738,<10.0,N,8.070
MET-GRF-AC,Niquel total,243738,<5.0,N,1.310
MET-GRF-AC,Plomo total,243738,<1.0,N,0.080
WMM-LM-CAM,Cloro combinado residual,243738,0.11,N,0.110
WMM-LM-CAM,Cloro libre residual,243738,0.36,N,0.360
M-016-AC1,Recuento de E. coli,243739,0,N,0.000
M-016-AC1,Recuento de bacterias coliformes,243739,0,N,0.000
M-068-AC1,Microorganismos cultivables a 22 °C,243739,<1,N,1.000
M-068-AC1,Microorganismos cultivables a 22 ºC,243739,0.0,K,0.000
M-068-AC1,Recuento,243739,0,K,0.000
MET-GRF-AC,Aluminio total,243739,68.9,N,68.890
MET-GRF-AC,Cobre total,243739,<0.05,N,0.030
MET-GRF-AC,Cromo total,243739,<10.0,N,0.030
MET-GRF-AC,Hierro total,243739,25.9,N,25.870
MET-GRF-AC,Niquel total,243739,<5.0,N,1.390
MET-GRF-AC,Plomo total,243739,<1.0,N,0.240
WMM-LM-CAM,Cloro combinado residual,243739,0.16,N,0.160
WMM-LM-CAM,Cloro libre residual,243739,0.21,N,0.210
D_TURBIDEZ,Turbidez,243739,<0.20,N,0.130
D_PH,pH,243739,7.91,N,7.910
D_CONDUCT,Conductividad a 20 ºC,243739,240,N,240.300
D_CONDUCT,Conductividad a 20 ºC,243740,218,N,217.800
M-016-AC1,Recuento de E. coli,243740,0,N,0.000
M-016-AC1,Recuento de bacterias coliformes,243740,0,N,0.000
M-068-AC1,Microorganismos cultivables a 22 °C,243740,<1,N,1.000
M-068-AC1,Microorganismos cultivables a 22 ºC,243740,0.0,K,0.000
M-068-AC1,Recuento,243740,0,K,0.000
MET-GRF-AC,Aluminio total,243740,77.5,N,77.530
MET-GRF-AC,Cobre total,243740,<0.05,N,0.020
MET-GRF-AC,Cromo total,243740,<10.0,N,0.040
MET-GRF-AC,Hierro total,243740,14.6,N,14.600
MET-GRF-AC,Niquel total,243740,5.9,N,5.860
MET-GRF-AC,Plomo total,243740,<1.0,N,0.380
WMM-LM-CAM,Cloro combinado residual,243740,0.11,N,0.110
WMM-LM-CAM,Cloro libre residual,243740,0.30,N,0.300
D_TURBIDEZ,Turbidez,243740,<0.20,N,0.140
D_PH,pH,243740,7.89,N,7.890
D_CONDUCT,Conductividad a 20 ºC,243742,212,N,212.100
D_PH,pH,243742,7.86,N,7.860
D_TURBIDEZ,Turbidez,243742,<0.20,N,0.150
M-016-AC1,Recuento de E. coli,243742,0,N,0.000
M-016-AC1,Recuento de bacterias coliformes,243742,0,N,0.000
M-068-AC1,Microorganismos cultivables a 22 °C,243742,<1,N,1.000
M-068-AC1,Microorganismos cultivables a 22 ºC,243742,0.0,K,0.000
M-068-AC1,Recuento,243742,0,K,0.000
MET-GRF-AC,Aluminio total,243742,73.7,N,73.650
MET-GRF-AC,Cobre total,243742,<0.05,N,0.000
MET-GRF-AC,Cromo total,243742,<10.0,N,0.020
MET-GRF-AC,Hierro total,243742,<10.0,N,7.660
MET-GRF-AC,Niquel total,243742,<5.0,N,0.600
MET-GRF-AC,Plomo total,243742,<1.0,N,0.010
WMM-LM-CAM,Cloro combinado residual,243742,0.14,N,0.140
WMM-LM-CAM,Cloro libre residual,243742,0.41,N,0.410
D_PH,pH,243743,7.99,N,7.990
WMM-LM-CAM,Cloro combinado residual,243743,<0.10,N,0.050
MET-GRF-AC,Plomo total,243743,<1.0,N,0.470
MET-GRF-AC,Niquel total,243743,<5.0,N,0.620
MET-GRF-AC,Hierro total,243743,13.8,N,13.780
MET-GRF-AC,Cromo total,243743,<10.0,N,0.020
MET-GRF-AC,Cobre total,243743,<0.05,N,0.000
MET-GRF-AC,Aluminio total,243743,78.1,N,78.090
M-068-AC1,Recuento,243743,0,K,0.000
M-068-AC1,Microorganismos cultivables a 22 ºC,243743,0.0,K,0.000
M-068-AC1,Microorganismos cultivables a 22 °C,243743,<1,N,1.000
M-016-AC1,Recuento de bacterias coliformes,243743,0,N,0.000
M-016-AC1,Recuento de E. coli,243743,0,N,0.000
D_CONDUCT,Conductividad a 20 ºC,243743,233,N,232.600
WMM-LM-CAM,Cloro libre residual,243743,0.28,N,0.280
D_TURBIDEZ,Turbidez,243743,<0.20,N,0.160
MET-GRF-AC,Cobre total,243744,<0.05,N,0.000
MET-GRF-AC,Cromo total,243744,<10.0,N,0.020
M-068-AC1,Recuento,243744,0,K,0.000
M-068-AC1,Microorganismos cultivables a 22 ºC,243744,0.0,K,0.000
M-068-AC1,Microorganismos cultivables a 22 °C,243744,<1,N,1.000
M-016-AC1,Recuento de bacterias coliformes,243744,0,N,0.000
M-016-AC1,Recuento de E. coli,243744,0,N,0.000
D_TURBIDEZ,Turbidez,243744,<0.20,N,0.060
D_CONDUCT,Conductividad a 20 ºC,243744,<15,N,2.314
MET-GRF-AC,Plomo total,243744,<1.0,N,0.000
MET-GRF-AC,Niquel total,243744,<5.0,N,0.010
MET-GRF-AC,Hierro total,243744,<10.0,N,0.130
MET-GRF-AC,Aluminio total,243744,<50.0,N,0.520
FECHA-LEG,Análisis Legionella-Fecha de inicio,243760,20/02/2026,T,0.000
FECHA-LEG,Análisis Legionella-Fecha fin,243760,06/03/2026,T,0.000
PE-IL-CL,Cloro libre,243760,0.0,N,0.000
M-033-AC2,Legionella-Volumen filtrado,243760,1,N,1.000
M-033-AC2,Legionella-Limite detección ensayo,243760,25 ufc/L,O,0.000
M-033-AC2,Legionella spp - Recuento,243760,No detectado,O,0.000
PE-IL-TEMP,Temperatura del agua,243760,40,N,40.000
PE-IL-TEMP,Temperatura del agua,243761,35,N,35.000
PE-IL-CL,Cloro libre,243761,0.0,N,0.000
M-033-AC2,Legionella spp - Recuento,243761,No detectado,O,0.000
M-033-AC2,Legionella-Limite detección ensayo,243761,25 ufc/L,O,0.000
M-033-AC2,Legionella-Volumen filtrado,243761,1,N,1.000
FECHA-LEG,Análisis Legionella-Fecha fin,243761,06/03/2026,T,0.000
FECHA-LEG,Análisis Legionella-Fecha de inicio,243761,20/02/2026,T,0.000
FECHA-LEG,Análisis Legionella-Fecha de inicio,243762,20/02/2026,T,0.000
PE-IL-TEMP,Temperatura del agua,243762,38.7,N,38.700
M-033-AC2,Legionella spp - Recuento,243762,No detectado,O,0.000
M-033-AC2,Legionella-Limite detección ensayo,243762,25 ufc/L,O,0.000
M-033-AC2,Legionella-Volumen filtrado,243762,1,N,1.000
PE-IL-CL,Cloro libre,243762,0.0,N,0.000
FECHA-LEG,Análisis Legionella-Fecha fin,243762,02/03/2026,T,0.000
MET-POT-AC,Cadmio total,243813,<1.5,N,0.000
MET-POT-AC,Cobre total,243813,<0.05,N,0.000
MET-POT-AC,Cromo total,243813,<10.0,N,0.000
MET-POT-AC,Hierro total,243813,<10.0,N,0.000
MET-POT-AC,Manganeso total,243813,<10.0,N,0.000
MET-POT-AC,Niquel total,243813,<5.0,N,0.000
MET-POT-AC,Plomo total,243813,25.0,N,25.000
MET-POT-AC,Selenio total,243813,<1.0,N,0.000
NA-CI-P,Sodio,243813,18.93,N,18.930
NTRAT-CI-P,Nitratos,243813,4.63,N,4.630
NTRIT-CI-P,Nitritos,243813,<0.15,N,0.100
OXOANIONES,Bromato,243813,<2.5,N,1.000
OXOANIONES,Clorato,243813,0.310,N,0.310
OXOANIONES,Clorito,243813,<0.025,N,0.020
SULFA-CI-P,Sulfatos,243813,47.3,N,47.300
THM-GCMS,Bromodiclorometano,243813,10.6,N,10.600
THM-GCMS,Bromoformo,243813,<5.0,N,4.000
THM-GCMS,Cloroformo,243813,40.0,N,40.000
THM-GCMS,Dibromoclorometano,243813,10.6,N,10.600
THM-GCMS,Suma Trihalometanos,243813,53.3,N,53.300
WMM-LM-CAM,Cloro combinado residual,243813,0.10,N,0.100
WMM-LM-CAM,Cloro libre residual,243813,0.15,N,0.150
AMONI-CI-P,Amonio,243813,<0.15,N,0.100
CLORU-CI-P,Cloruros,243813,27.13,N,27.130
D_CONDUCT,Conductividad a 20 ºC,243813,675,N,675.000
D_OXIDABIL,Oxidabilidad,243813,1.32,N,1.320
D_PH,pH,243813,8.0,N,8.000
D_TURBIDEZ,Turbidez,243813,0.80,N,0.800
M-013-AC1,Recuento de enterococos intestinales,243813,0,N,0.000
M-016-AC1,Recuento de E. coli,243813,0,N,0.000
M-016-AC1,Recuento de bacterias coliformes,243813,0,N,0.000
M-030-AC1,Recuento C. perfringens (con esporas),243813,0,N,0.000
M-068-AC1,Microorganismos cultivables a 22 °C,243813,1,N,1.000
M-068-AC1,Microorganismos cultivables a 22 ºC,243813,1.0,K,1.000
M-068-AC1,Recuento,243813,1,K,1.000
MET-POT-AC,Aluminio total,243813,<50.0,N,0.000
MET-POT-AC,Antimonio total,243813,<1.0,N,0.000
MET-POT-AC,Arsénico total,243813,<1.0,N,0.000
MET-POT-AC,Boro total,243813,1.50,N,1.500
AMONI-CI-P,Amonio,243814,<0.15,N,0.000
D_CONDUCT,Conductividad a 20 ºC,243814,610,N,609.900
D_OXIDABIL,Oxidabilidad,243814,1.06,N,1.060
D_PH,pH,243814,7.4,N,7.430
D_TURBIDEZ,Turbidez,243814,0.21,N,0.210
M-034,Recuento de Pseudomonas aeruginosa,243814,<1,N,1.000
M-019-AC1,Recnto. Estafilococos coagulasa +,243814,No aceptable,O,0.000
M-027,Recuento de E. coli,243814,<1,N,1.000
M-027,Recuento de bacterias coliformes,243814,<1,N,1.000
AMONI-CI-P,Amonio,243815,<0.15,N,0.000
D_CONDUCT,Conductividad a 20 ºC,243815,660,N,660.200
D_OXIDABIL,Oxidabilidad,243815,1.22,N,1.220
D_PH,pH,243815,7.5,N,7.450
D_TURBIDEZ,Turbidez,243815,<0.20,N,0.140
M-034,Recuento de Pseudomonas aeruginosa,243815,<1,N,1.000
M-019-AC1,Recuento de Estafilococos coagulasa +,243815,0,N,0.000
M-027,Recuento de E. coli,243815,<1,N,1.000
M-027,Recuento de bacterias coliformes,243815,<1,N,1.000
M-019-AC1,Recnto. Estafilococos coagulasa +,243816,No aceptable,O,0.000
M-027,Recuento de E. coli,243816,<1,N,1.000
M-027,Recuento de bacterias coliformes,243816,<1,N,1.000
M-034,Recuento de Pseudomonas aeruginosa,243816,<1,N,1.000
AMONI-CI-P,Amonio,243816,<0.15,N,0.000
D_OXIDABIL,Oxidabilidad,243816,1.18,N,1.180
D_PH,pH,243816,7.3,N,7.300
D_TURBIDEZ,Turbidez,243816,<0.20,N,0.190
D_CONDUCT,Conductividad a 20 ºC,243816,652,N,651.700
AMONI-CI-P,Amonio,243817,<0.15,N,0.000
D_CONDUCT,Conductividad a 20 ºC,243817,717,N,716.900
D_OXIDABIL,Oxidabilidad,243817,1.35,N,1.350
D_PH,pH,243817,7.2,N,7.190
D_TURBIDEZ,Turbidez,243817,0.27,N,0.270
M-034,Recuento de Pseudomonas aeruginosa,243817,<1,N,1.000
M-019-AC1,Recuento de Estafilococos coagulasa +,243817,0,N,0.000
M-027,Recuento de E. coli,243817,<1,N,1.000
M-027,Recuento de bacterias coliformes,243817,<1,N,1.000
AMONI-CI-P,Amonio,243818,<0.15,N,0.000
D_CONDUCT,Conductividad a 20 ºC,243818,433,N,432.900
D_OXIDABIL,Oxidabilidad,243818,0.73,N,0.730
D_PH,pH,243818,7.4,N,7.400
D_TURBIDEZ,Turbidez,243818,<0.20,N,0.110
M-034,Recuento de Pseudomonas aeruginosa,243818,<1,N,1.000
M-019-AC1,Recuento de Estafilococos coagulasa +,243818,<1,N,1.000
M-027,Recuento de E. coli,243818,<1,N,1.000
M-027,Recuento de bacterias coliformes,243818,<1,N,1.000
AMONI-CI-P,Amonio,243819,<0.15,N,0.000
D_CONDUCT,Conductividad a 20 ºC,243819,440,N,440.100
D_OXIDABIL,Oxidabilidad,243819,0.94,N,0.940
D_PH,pH,243819,7.3,N,7.310
D_TURBIDEZ,Turbidez,243819,0.25,N,0.250
M-034,Recuento de Pseudomonas aeruginosa,243819,<1,N,1.000
M-019-AC1,Recnto. Estafilococos coagulasa +,243819,No aceptable,O,0.000
M-027,Recuento de E. coli,243819,<1,N,1.000
M-027,Recuento de bacterias coliformes,243819,<1,N,1.000
M-027,Recuento de bacterias coliformes,243820,<1,N,1.000
M-027,Recuento de E. coli,243820,<1,N,1.000
M-019-AC1,Recuento de Estafilococos coagulasa +,243820,0,N,0.000
M-034,Recuento de Pseudomonas aeruginosa,243820,<1,N,1.000
D_TURBIDEZ,Turbidez,243820,<0.20,N,0.150
D_PH,pH,243820,7.2,N,7.150
D_OXIDABIL,Oxidabilidad,243820,0.94,N,0.940
D_CONDUCT,Conductividad a 20 ºC,243820,545,N,545.200
AMONI-CI-P,Amonio,243820,<0.15,N,0.000
M-027,Recuento de bacterias coliformes,243821,<1,N,1.000
M-027,Recuento de E. coli,243821,<1,N,1.000
M-019-AC1,Recuento de Estafilococos coagulasa +,243821,0,N,0.000
D_TURBIDEZ,Turbidez,243821,0.29,N,0.290
D_PH,pH,243821,7.1,N,7.110
D_OXIDABIL,Oxidabilidad,243821,1.06,N,1.060
D_CONDUCT,Conductividad a 20 ºC,243821,932,N,932.000
AMONI-CI-P,Amonio,243821,<0.15,N,0.000
M-034,Recuento de Pseudomonas aeruginosa,243821,<1,N,1.000
AMONI-CI-P,Amonio,243822,<0.15,N,0.000
D_CONDUCT,Conductividad a 20 ºC,243822,938,N,937.500
M-034,Recuento de Pseudomonas aeruginosa,243822,<1,N,1.000
M-027,Recuento de bacterias coliformes,243822,<1,N,1.000
M-027,Recuento de E. coli,243822,<1,N,1.000
M-019-AC1,Recnto. Estafilococos coagulasa +,243822,No aceptable,O,0.000
D_TURBIDEZ,Turbidez,243822,0.28,N,0.280
D_PH,pH,243822,7.2,N,7.160
D_OXIDABIL,Oxidabilidad,243822,1.06,N,1.060
AMONI-CI-P,Amonio,243823,<0.15,N,0.000
M-027,Recuento de bacterias coliformes,243823,<1,N,1.000
M-027,Recuento de E. coli,243823,<1,N,1.000
M-019-AC1,Recuento de Estafilococos coagulasa +,243823,0,N,0.000
M-034,Recuento de Pseudomonas aeruginosa,243823,<1,N,1.000
D_TURBIDEZ,Turbidez,243823,<0.20,N,0.110
D_PH,pH,243823,7.2,N,7.220
D_OXIDABIL,Oxidabilidad,243823,1.06,N,1.060
D_CONDUCT,Conductividad a 20 ºC,243823,884,N,884.400
D_CONDUCT,Conductividad a 20 ºC,243824,891,N,891.000
D_OXIDABIL,Oxidabilidad,243824,1.35,N,1.350
D_PH,pH,243824,7.3,N,7.260
D_TURBIDEZ,Turbidez,243824,<0.20,N,0.130
M-019-AC1,Recuento de Estafilococos coagulasa +,243824,0,N,0.000
M-027,Recuento de E. coli,243824,<1,N,1.000
M-027,Recuento de bacterias coliformes,243824,<1,N,1.000
M-034,Recuento de Pseudomonas aeruginosa,243824,<1,N,1.000
AMONI-CI-P,Amonio,243824,<0.15,N,0.150
M-019-AC1,Recuento de Estafilococos coagulasa +,243851,<1,N,1.000
M-027,Recuento de E. coli,243851,<1,N,1.000
M-027,Recuento de bacterias coliformes,243851,<1,N,1.000
M-034,Recuento de Pseudomonas aeruginosa,243851,<1,N,1.000
AMONI-CI-P,Amonio,243851,<0.15,N,0.065
D_OXIDABIL,Oxidabilidad,243851,1.00,N,1.000
D_PH,pH,243851,7.5,N,7.490
D_TURBIDEZ,Turbidez,243851,<0.20,N,0.150
D_CONDUCT,Conductividad a 20 ºC,243851,631,N,630.900
AMONI-CI-P,Amonio,243852,<0.15,N,0.000
D_CONDUCT,Conductividad a 20 ºC,243852,810,N,810.300
D_OXIDABIL,Oxidabilidad,243852,1.04,N,1.040
D_PH,pH,243852,6.8,N,6.830
D_TURBIDEZ,Turbidez,243852,<0.20,N,0.160
M-019-AC1,Recnto. Estafilococos coagulasa +,243852,No aceptable,O,0.000
M-027,Recuento de E. coli,243852,<1,N,1.000
M-027,Recuento de bacterias coliformes,243852,<1,N,1.000
M-034,Recuento de Pseudomonas aeruginosa,243852,<1,N,1.000
AMONI-CI-P,Amonio,243853,<0.15,N,0.000
D_CONDUCT,Conductividad a 20 ºC,243853,534,N,534.300
D_OXIDABIL,Oxidabilidad,243853,1.56,N,1.560
D_PH,pH,243853,7.4,N,7.380
D_TURBIDEZ,Turbidez,243853,<0.20,N,0.150
M-034,Recuento de Pseudomonas aeruginosa,243853,<1,N,1.000
M-019-AC1,Recnto. Estafilococos coagulasa +,243853,No aceptable,O,0.000
M-027,Recuento de E. coli,243853,<1,N,1.000
M-027,Recuento de bacterias coliformes,243853,<1,N,1.000
AMONI-CI-P,Amonio,243854,<0.15,N,0.115
D_CONDUCT,Conductividad a 20 ºC,243854,683,N,682.600
D_OXIDABIL,Oxidabilidad,243854,1.36,N,1.360
D_PH,pH,243854,7.3,N,7.320
D_TURBIDEZ,Turbidez,243854,<0.20,N,0.130
M-034,Recuento de Pseudomonas aeruginosa,243854,<1,N,1.000
M-019-AC1,Recuento de Estafilococos coagulasa +,243854,0,N,0.000
M-027,Recuento de E. coli,243854,<1,N,1.000
M-027,Recuento de bacterias coliformes,243854,<1,N,1.000
M-019-AC1,Recuento de Estafilococos coagulasa +,243855,0,N,0.000
M-027,Recuento de E. coli,243855,<1,N,1.000
D_TURBIDEZ,Turbidez,243855,0.32,N,0.320
M-034,Recuento de Pseudomonas aeruginosa,243855,<1,N,1.000
AMONI-CI-P,Amonio,243855,<0.15,N,0.000
D_CONDUCT,Conductividad a 20 ºC,243855,770,N,770.300
D_OXIDABIL,Oxidabilidad,243855,1.52,N,1.520
D_PH,pH,243855,7.2,N,7.220
M-027,Recuento de bacterias coliformes,243855,<1,N,1.000
AMONI-CI-P,Amonio,243856,<0.15,N,0.000
D_CONDUCT,Conductividad a 20 ºC,243856,602,N,602.000
D_OXIDABIL,Oxidabilidad,243856,1.68,N,1.680
D_PH,pH,243856,7.5,N,7.490
D_TURBIDEZ,Turbidez,243856,0.23,N,0.230
M-034,Recuento de Pseudomonas aeruginosa,243856,<1,N,1.000
M-019-AC1,Recnto. Estafilococos coagulasa +,243856,No aceptable,O,0.000
M-027,Recuento de E. coli,243856,<1,N,1.000
M-027,Recuento de bacterias coliformes,243856,<1,N,1.000
AMONI-CI-P,Amonio,243857,<0.15,N,0.000
D_CONDUCT,Conductividad a 20 ºC,243857,603,N,603.100
D_OXIDABIL,Oxidabilidad,243857,1.84,N,1.840
D_PH,pH,243857,7.5,N,7.490
D_TURBIDEZ,Turbidez,243857,0.42,N,0.420
M-034,Recuento de Pseudomonas aeruginosa,243857,<1,N,1.000
M-019-AC1,Recuento de Estafilococos coagulasa +,243857,0,N,0.000
M-027,Recuento de E. coli,243857,<1,N,1.000
M-027,Recuento de bacterias coliformes,243857,<1,N,1.000
M-019-AC1,Recnto. Estafilococo coagulasa +,243858,No aceptable,O,0.000
M-027,Recuento de E. coli,243858,<1,N,1.000
M-027,Recuento de bacterias coliformes,243858,<1,N,1.000
M-034,Recuento de Pseudomonas aeruginosa,243858,<1,N,1.000
AMONI-CI-P,Amonio,243858,<0.15,N,0.000
D_CONDUCT,Conductividad a 20 ºC,243858,594,N,593.900
D_OXIDABIL,Oxidabilidad,243858,1.16,N,1.160
D_PH,pH,243858,7.3,N,7.250
D_TURBIDEZ,Turbidez,243858,<0.20,N,0.120
AMONI-CI-P,Amonio,243859,<0.15,N,0.000
D_CONDUCT,Conductividad a 20 ºC,243859,878,N,877.600
D_OXIDABIL,Oxidabilidad,243859,0.84,N,0.840
D_PH,pH,243859,7.3,N,7.250
D_TURBIDEZ,Turbidez,243859,<0.20,N,0.090
M-034,Recuento de Pseudomonas aeruginosa,243859,<1,N,1.000
M-019-AC1,Recuento de Estafilococos coagulasa +,243859,0,N,0.000
M-027,Recuento de E. coli,243859,<1,N,1.000
M-027,Recuento de bacterias coliformes,243859,<1,N,1.000
FECHA-LEG,Análisis Legionella-Fecha de inicio,243869,27/02/2026,T,0.000
PE-IL-TEMP,Temperatura del agua,243869,46,N,46.000
M-033-AC2,Legionella spp - Recuento,243869,No detectado,O,0.000
M-033-AC2,Legionella-Limite detección ensayo,243869,25 ufc/L,O,0.000
M-033-AC2,Legionella-Volumen filtrado,243869,1,N,1.000
PE-IL-CL,Cloro libre,243869,0.0,N,0.000
FECHA-LEG,Análisis Legionella-Fecha fin,243869,11/03/2026,T,0.000
FECHA-LEG,Análisis Legionella-Fecha de inicio,243870,27/02/2026,T,0.000
FECHA-LEG,Análisis Legionella-Fecha fin,243870,11/03/2026,T,0.000
M-033-AC2,Legionella-Limite detección ensayo,243870,25 ufc/L,O,0.000
M-033-AC2,Legionella-Volumen filtrado,243870,1,N,1.000
PE-IL-CL,Cloro libre,243870,0.0,N,0.000
PE-IL-TEMP,Temperatura del agua,243870,50.2,N,50.200
M-033-AC2,Legionella spp - Recuento,243870,No detectado,O,0.000
FECHA-LEG,Análisis Legionella-Fecha de inicio,243871,27/02/2026,T,0.000
FECHA-LEG,Análisis Legionella-Fecha fin,243871,11/02/2026,T,0.000
M-033-AC2,Legionella spp - Recuento,243871,No detectado,O,0.000
M-033-AC2,Legionella-Limite detección ensayo,243871,25 ufc/L,O,0.000
M-033-AC2,Legionella-Volumen filtrado,243871,1,N,1.000
PE-IL-TEMP,Temperatura del agua,243871,35.3,N,35.300
PE-IL-CL,Cloro libre,243871,0.0,N,0.000
PE-IL-CL,Cloro libre,243872,0.0,N,0.000
PE-IL-TEMP,Temperatura del agua,243872,55.2,N,55.200
M-033-AC2,Legionella-Volumen filtrado,243872,1,N,1.000
M-033-AC2,Legionella-Limite detección ensayo,243872,25 ufc/L,O,0.000
M-033-AC2,Legionella spp - Recuento,243872,No detectado,O,0.000
FECHA-LEG,Análisis Legionella-Fecha fin,243872,11/03/2026,T,0.000
FECHA-LEG,Análisis Legionella-Fecha de inicio,243872,27/02/2026,T,0.000
PE-IL-TEMP,Temperatura del agua,243873,54.6,N,54.600
PE-IL-CL,Cloro libre,243873,0.0,N,0.000
FECHA-LEG,Análisis Legionella-Fecha de inicio,243873,27/02/2026,T,0.000
FECHA-LEG,Análisis Legionella-Fecha fin,243873,11/03/2026,T,0.000
M-033-AC2,Legionella spp - Recuento,243873,No detectado,O,0.000
M-033-AC2,Legionella-Limite detección ensayo,243873,25 ufc/L,O,0.000
M-033-AC2,Legionella-Volumen filtrado,243873,1,N,1.000
PE-IL-CL,Cloro libre,243874,0.0,N,0.000
M-033-AC2,Legionella-Volumen filtrado,243874,1,N,1.000
M-033-AC2,Legionella-Limite detección ensayo,243874,25 ufc/L,O,0.000
PE-IL-TEMP,Temperatura del agua,243874,50.4,N,50.400
FECHA-LEG,Análisis Legionella-Fecha fin,243874,11/03/2026,T,0.000
FECHA-LEG,Análisis Legionella-Fecha de inicio,243874,27/02/2026,T,0.000
M-033-AC2,Legionella spp - Recuento,243874,No detectado,O,0.000
D_CONDUCT,Conductividad a 20 ºC,243923,183,N,182.600
WMM-LM-CAM,Cloro libre residual,243923,<0.10,N,0.040
D_TURBIDEZ,Turbidez,243923,0.44,N,0.440
M-016-AC1,Recuento de E. coli,243923,0,N,0.000
M-016-AC1,Recuento de bacterias coliformes,243923,0,N,0.000
M-068-AC1,Microorganismos cultivables a 22 °C,243923,9,N,9.000
M-068-AC1,Microorganismos cultivables a 22 ºC,243923,9.0,K,9.000
M-068-AC1,Recuento,243923,9,K,9.000
MET-GRF-AC,Aluminio total,243923,90.5,N,90.530
MET-GRF-AC,Cobre total,243923,<0.05,N,0.010
MET-GRF-AC,Cromo total,243923,<10.0,N,0.060
MET-GRF-AC,Hierro total,243923,20.6,N,20.600
MET-GRF-AC,Niquel total,243923,<5.0,N,0.880
MET-GRF-AC,Plomo total,243923,<1.0,N,0.270
WMM-LM-CAM,Cloro combinado residual,243923,<0.10,N,0.080
D_PH,pH,243923,7.8,N,7.770
M-068-AC1,Microorganismos cultivables a 22 ºC,243924,0.0,K,0.000
M-068-AC1,Microorganismos cultivables a 22 °C,243924,<1,N,1.000
M-068-AC1,Recuento,243924,0,K,0.000
MET-GRF-AC,Aluminio total,243924,67.5,N,67.510
WMM-LM-CAM,Cloro libre residual,243924,0.13,N,0.130
MET-GRF-AC,Cobre total,243924,<0.05,N,0.000
MET-GRF-AC,Cromo total,243924,<10.0,N,0.069
MET-GRF-AC,Hierro total,243924,12.3,N,12.270
MET-GRF-AC,Niquel total,243924,<5.0,N,0.770
MET-GRF-AC,Plomo total,243924,<1.0,N,0.070
WMM-LM-CAM,Cloro combinado residual,243924,<0.10,N,0.070
D_CONDUCT,Conductividad a 20 ºC,243924,182,N,182.100
D_PH,pH,243924,7.8,N,7.810
D_TURBIDEZ,Turbidez,243924,<0.20,N,0.190
M-016-AC1,Recuento de E. coli,243924,0,N,0.000
M-016-AC1,Recuento de bacterias coliformes,243924,0,N,0.000
D_CONDUCT,Conductividad a 20 ºC,243925,206,N,206.300
WMM-LM-CAM,Cloro libre residual,243925,0.37,N,0.370
D_TURBIDEZ,Turbidez,243925,0.30,N,0.300
M-016-AC1,Recuento de E. coli,243925,0,N,0.000
M-016-AC1,Recuento de bacterias coliformes,243925,0,N,0.000
M-068-AC1,Microorganismos cultivables a 22 °C,243925,41,N,41.000
M-068-AC1,Microorganismos cultivables a 22 ºC,243925,4.1E+01,K,41.000
M-068-AC1,Recuento,243925,41,K,41.000
MET-GRF-AC,Aluminio total,243925,63.7,N,63.660
MET-GRF-AC,Cobre total,243925,<0.05,N,0.000
MET-GRF-AC,Cromo total,243925,<10.0,N,0.080
MET-GRF-AC,Hierro total,243925,17.3,N,17.340
MET-GRF-AC,Niquel total,243925,<5.0,N,1.610
MET-GRF-AC,Plomo total,243925,<1.0,N,0.210
WMM-LM-CAM,Cloro combinado residual,243925,0.25,N,0.250
D_PH,pH,243925,7.9,N,7.940
M-068-AC1,Microorganismos cultivables a 22 °C,243926,<1,N,1.000
M-068-AC1,Microorganismos cultivables a 22 ºC,243926,0.0,K,0.000
M-068-AC1,Recuento,243926,0,K,0.000
D_CONDUCT,Conductividad a 20 ºC,243926,181,N,181.000
D_PH,pH,243926,7.7,N,7.690
D_TURBIDEZ,Turbidez,243926,0.48,N,0.480
M-016-AC1,Recuento de E. coli,243926,0,N,0.000
M-016-AC1,Recuento de bacterias coliformes,243926,0,N,0.000
MET-GRF-AC,Aluminio total,243926,153.8,N,153.820
MET-GRF-AC,Cobre total,243926,<0.05,N,0.000
MET-GRF-AC,Cromo total,243926,<10.0,N,0.000
MET-GRF-AC,Hierro total,243926,36.3,N,36.250
MET-GRF-AC,Niquel total,243926,<5.0,N,0.960
MET-GRF-AC,Plomo total,243926,<1.0,N,0.210
WMM-LM-CAM,Cloro combinado residual,243926,0.10,N,0.100
WMM-LM-CAM,Cloro libre residual,243926,0.20,N,0.200
MET-GRF-AC,Cromo total,243927,<10.0,N,0.080
MET-GRF-AC,Cobre total,243927,<0.05,N,0.010
MET-GRF-AC,Niquel total,243927,<5.0,N,3.870
MET-GRF-AC,Plomo total,243927,1.0,N,0.980
WMM-LM-CAM,Cloro combinado residual,243927,0.14,N,0.140
WMM-LM-CAM,Cloro libre residual,243927,<0.10,N,0.080
D_CONDUCT,Conductividad a 20 ºC,243927,185,N,184.500
D_PH,pH,243927,7.8,N,7.790
D_TURBIDEZ,Turbidez,243927,<0.20,N,0.160
M-016-AC1,Recuento de E. coli,243927,0,N,0.000
M-016-AC1,Recuento de bacterias coliformes,243927,0,N,0.000
M-068-AC1,Microorganismos cultivables a 22 °C,243927,<1,N,1.000
M-068-AC1,Microorganismos cultivables a 22 ºC,243927,0.0,K,0.000
M-068-AC1,Recuento,243927,0,K,0.000
MET-GRF-AC,Aluminio total,243927,80.7,N,80.730
MET-GRF-AC,Hierro total,243927,15.3,N,15.340
D_CONDUCT,Conductividad a 20 ºC,243928,184,N,183.500
WMM-LM-CAM,Cloro libre residual,243928,<0.10,N,0.000
D_TURBIDEZ,Turbidez,243928,0.22,N,0.220
M-016-AC1,Recuento de E. coli,243928,0,N,0.000
M-016-AC1,Recuento de bacterias coliformes,243928,0,N,0.000
M-068-AC1,Microorganismos cultivables a 22 °C,243928,<1,N,1.000
M-068-AC1,Microorganismos cultivables a 22 ºC,243928,0.0,K,0.000
M-068-AC1,Recuento,243928,0,K,0.000
MET-GRF-AC,Aluminio total,243928,69.2,N,69.160
MET-GRF-AC,Cobre total,243928,<0.05,N,0.010
MET-GRF-AC,Cromo total,243928,<10.0,N,0.043
MET-GRF-AC,Hierro total,243928,18.9,N,18.870
MET-GRF-AC,Niquel total,243928,<5.0,N,1.010
MET-GRF-AC,Plomo total,243928,<1.0,N,0.300
WMM-LM-CAM,Cloro combinado residual,243928,<0.10,N,0.020
D_PH,pH,243928,7.9,N,7.940
WMM-LM-CAM,Cloro libre residual,243929,0.39,N,0.390
M-016-AC1,Recuento de bacterias coliformes,243929,0,N,0.000
M-068-AC1,Microorganismos cultivables a 22 ºC,243929,0.0,K,0.000
M-068-AC1,Recuento,243929,0,K,0.000
MET-GRF-AC,Aluminio total,243929,143.1,N,143.140
MET-GRF-AC,Cobre total,243929,<0.05,N,0.000
MET-GRF-AC,Cromo total,243929,<10.0,N,0.069
MET-GRF-AC,Hierro total,243929,27.2,N,27.170
MET-GRF-AC,Niquel total,243929,<5.0,N,0.860
MET-GRF-AC,Plomo total,243929,<1.0,N,0.070
WMM-LM-CAM,Cloro combinado residual,243929,0.16,N,0.160
D_CONDUCT,Conductividad a 20 ºC,243929,181,N,180.700
D_PH,pH,243929,7.9,N,7.880
D_TURBIDEZ,Turbidez,243929,0.55,N,0.550
M-016-AC1,Recuento de E. coli,243929,0,N,0.000
M-068-AC1,Microorganismos cultivables a 22 °C,243929,<1,N,1.000
D_CONDUCT,Conductividad a 20 ºC,243930,184,N,183.600
D_PH,pH,243930,7.7,N,7.730
WMM-LM-CAM,Cloro libre residual,243930,0.15,N,0.150
WMM-LM-CAM,Cloro combinado residual,243930,0.15,N,0.150
MET-GRF-AC,Plomo total,243930,<1.0,N,0.440
MET-GRF-AC,Niquel total,243930,<5.0,N,0.820
MET-GRF-AC,Hierro total,243930,53.9,N,53.930
MET-GRF-AC,Cromo total,243930,<10.0,N,-0.300
MET-GRF-AC,Cobre total,243930,<0.05,N,0.009
MET-GRF-AC,Aluminio total,243930,263.0,N,262.960
M-068-AC1,Recuento,243930,0,K,0.000
M-068-AC1,Microorganismos cultivables a 22 ºC,243930,0.0,K,0.000
M-068-AC1,Microorganismos cultivables a 22 °C,243930,<1,N,1.000
M-016-AC1,Recuento de bacterias coliformes,243930,0,N,0.000
M-016-AC1,Recuento de E. coli,243930,0,N,0.000
D_TURBIDEZ,Turbidez,243930,1.48,N,1.480
D_CONDUCT,Conductividad a 20 ºC,243931,181,N,180.700
WMM-LM-CAM,Cloro libre residual,243931,0.17,N,0.170
MET-GRF-AC,Plomo total,243931,<1.0,N,0.350
MET-GRF-AC,Niquel total,243931,<5.0,N,2.350
MET-GRF-AC,Hierro total,243931,34.9,N,34.930
MET-GRF-AC,Cromo total,243931,<10.0,N,0.037
MET-GRF-AC,Cobre total,243931,<0.05,N,0.020
MET-GRF-AC,Aluminio total,243931,57.4,N,57.380
M-068-AC1,Recuento,243931,0,K,0.000
M-068-AC1,Microorganismos cultivables a 22 ºC,243931,0.0,K,0.000
M-068-AC1,Microorganismos cultivables a 22 °C,243931,<1,N,1.000
M-016-AC1,Recuento de bacterias coliformes,243931,0,N,0.000
M-016-AC1,Recuento de E. coli,243931,0,N,0.000
D_TURBIDEZ,Turbidez,243931,0.22,N,0.220
D_PH,pH,243931,7.8,N,7.750
WMM-LM-CAM,Cloro combinado residual,243931,0.22,N,0.220
M-068-AC1,Recnto. Microorg. cultivables a 22 ºC,243932,Estimado 5 ufc/ ml,O,0.000
M-068-AC1,Recuento,243932,5,K,5.000
MET-GRF-AC,Aluminio total,243932,76.3,N,76.310
MET-GRF-AC,Cobre total,243932,<0.05,N,0.000
D_CONDUCT,Conductividad a 20 ºC,243932,183,N,182.500
D_PH,pH,243932,7.8,N,7.750
D_TURBIDEZ,Turbidez,243932,0.25,N,0.250
MET-GRF-AC,Cromo total,243932,<10.0,N,0.043
MET-GRF-AC,Hierro total,243932,17.7,N,17.720
MET-GRF-AC,Niquel total,243932,<5.0,N,0.780
MET-GRF-AC,Plomo total,243932,<1.0,N,0.200
WMM-LM-CAM,Cloro combinado residual,243932,<0.10,N,0.080
WMM-LM-CAM,Cloro libre residual,243932,<0.10,N,0.040
M-016-AC1,Recuento de E. coli,243932,0,N,0.000
M-016-AC1,Recuento de bacterias coliformes,243932,0,N,0.000
M-068-AC1,Microorganismos cultivables a 22 ºC,243932,5.0,K,5.000
D_CONDUCT,Conductividad a 20 ºC,243941,191,N,191.200
D_PH,pH,243941,7.8,N,7.750
D_TURBIDEZ,Turbidez,243941,0.26,N,0.260
M-016-AC1,Recuento de E. coli,243941,0,N,0.000
M-016-AC1,Recuento de bacterias coliformes,243941,0,N,0.000
M-068-AC1,Microorganismos cultivables a 22 ºC,243941,3.0,K,3.000
M-068-AC1,Recnto. microorg. cultivables a 22 °C,243941,Estimado 3 ufc/ml,O,0.000
M-068-AC1,Recuento,243941,3,K,3.000
MET-GRF-AC,Aluminio total,243941,83.0,N,82.970
MET-GRF-AC,Cobre total,243941,<0.05,N,0.000
MET-GRF-AC,Cromo total,243941,<10.0,N,0.039
MET-GRF-AC,Hierro total,243941,28.8,N,28.750
MET-GRF-AC,Niquel total,243941,<5.0,N,1.030
MET-GRF-AC,Plomo total,243941,<1.0,N,0.140
WMM-LM-CAM,Cloro combinado residual,243941,0.21,N,0.210
WMM-LM-CAM,Cloro libre residual,243941,0.27,N,0.270
WMM-LM-CAM,Cloro libre residual,243942,0.12,N,0.120
WMM-LM-CAM,Cloro combinado residual,243942,<0.10,N,0.050
D_PH,pH,243942,8.2,N,8.170
D_TURBIDEZ,Turbidez,243942,0.32,N,0.320
M-016-AC1,Recuento de E. coli,243942,0,N,0.000
M-016-AC1,Recuento de bacterias coliformes,243942,0,N,0.000
M-068-AC1,Microorganismos cultivables a 22 ºC,243942,2.0,K,2.000
M-068-AC1,Recnto. microorg. cultivables a 22 °C,243942,Presencia/ml,O,0.000
M-068-AC1,Recuento,243942,2,K,2.000
MET-GRF-AC,Aluminio total,243942,54.3,N,54.340
MET-GRF-AC,Cobre total,243942,<0.05,N,0.040
MET-GRF-AC,Cromo total,243942,<10.0,N,0.165
MET-GRF-AC,Hierro total,243942,16.0,N,16.010
MET-GRF-AC,Niquel total,243942,<5.0,N,0.990
MET-GRF-AC,Plomo total,243942,1.9,N,1.930
D_CONDUCT,Conductividad a 20 ºC,243942,162,N,162.400
WMM-LM-CAM,Cloro libre residual,243943,0.20,N,0.200
M-016-AC1,Recuento de E. coli,243943,0,N,0.000
M-016-AC1,Recuento de bacterias coliformes,243943,0,N,0.000
M-068-AC1,Microorganismos cultivables a 22 °C,243943,<1,N,1.000
M-068-AC1,Microorganismos cultivables a 22 ºC,243943,0.0,K,0.000
D_CONDUCT,Conductividad a 20 ºC,243943,196,N,196.300
D_PH,pH,243943,7.8,N,7.780
D_TURBIDEZ,Turbidez,243943,0.55,N,0.550
M-068-AC1,Recuento,243943,0,K,0.000
MET-GRF-AC,Aluminio total,243943,94.0,N,94.020
MET-GRF-AC,Cobre total,243943,<0.05,N,0.020
MET-GRF-AC,Cromo total,243943,<10.0,N,0.063
MET-GRF-AC,Hierro total,243943,16.2,N,16.160
MET-GRF-AC,Niquel total,243943,<5.0,N,2.020
MET-GRF-AC,Plomo total,243943,<1.0,N,0.340
WMM-LM-CAM,Cloro combinado residual,243943,0.14,N,0.140
D_CONDUCT,Conductividad a 20 ºC,243944,196,N,195.600
WMM-LM-CAM,Cloro libre residual,243944,0.18,N,0.180
D_TURBIDEZ,Turbidez,243944,0.24,N,0.240
M-016-AC1,Recuento de E. coli,243944,0,N,0.000
M-016-AC1,Recuento de bacterias coliformes,243944,0,N,0.000
M-068-AC1,Microorganismos cultivables a 22 °C,243944,<1,N,1.000
M-068-AC1,Microorganismos cultivables a 22 ºC,243944,0.0,K,0.000
M-068-AC1,Recuento,243944,0,K,0.000
MET-GRF-AC,Aluminio total,243944,67.0,N,67.020
MET-GRF-AC,Cobre total,243944,<0.05,N,0.000
MET-GRF-AC,Cromo total,243944,<10.0,N,0.027
MET-GRF-AC,Hierro total,243944,11.9,N,11.890
MET-GRF-AC,Niquel total,243944,<5.0,N,0.910
MET-GRF-AC,Plomo total,243944,<1.0,N,0.180
WMM-LM-CAM,Cloro combinado residual,243944,0.15,N,0.150
D_PH,pH,243944,7.7,N,7.730
MET-GRF-AC,Cromo total,243945,<10.0,N,0.181
MET-GRF-AC,Hierro total,243945,<10.0,N,0.000
MET-GRF-AC,Niquel total,243945,<5.0,N,2.210
MET-GRF-AC,Plomo total,243945,<1.0,N,0.480
WMM-LM-CAM,Cloro combinado residual,243945,<0.10,N,0.040
WMM-LM-CAM,Cloro libre residual,243945,0.10,N,0.100
M-016-AC1,Recuento de bacterias coliformes,243945,0,N,0.000
M-068-AC1,Microorganismos cultivables a 22 ºC,243945,1.0,K,1.000
M-068-AC1,Recnto. microorg. cultivables a 22 °C,243945,Presencia/ml,O,0.000
M-068-AC1,Recuento,243945,1,K,1.000
MET-GRF-AC,Aluminio total,243945,63.9,N,63.940
MET-GRF-AC,Cobre total,243945,0.24,N,0.240
D_CONDUCT,Conductividad a 20 ºC,243945,163,N,162.800
D_PH,pH,243945,8.2,N,8.170
D_TURBIDEZ,Turbidez,243945,0.26,N,0.260
M-016-AC1,Recuento de E. coli,243945,0,N,0.000
D_CONDUCT,Conductividad a 20 ºC,243946,192,N,192.300
WMM-LM-CAM,Cloro libre residual,243946,0.26,N,0.260
D_TURBIDEZ,Turbidez,243946,0.24,N,0.240
M-016-AC1,Recuento de E. coli,243946,0,N,0.000
M-016-AC1,Recuento de bacterias coliformes,243946,0,N,0.000
M-068-AC1,Microorganismos cultivables a 22 ºC,243946,5.0,K,5.000
M-068-AC1,Recnto. microorg. cultivables a 22 °C,243946,Estimado 5 ufc/ ml,O,0.000
M-068-AC1,Recuento,243946,5,K,5.000
MET-GRF-AC,Aluminio total,243946,76.7,N,76.660
MET-GRF-AC,Cobre total,243946,<0.05,N,0.010
MET-GRF-AC,Cromo total,243946,<10.0,N,0.053
MET-GRF-AC,Hierro total,243946,13.3,N,13.290
MET-GRF-AC,Niquel total,243946,<5.0,N,1.180
MET-GRF-AC,Plomo total,243946,<1.0,N,0.290
WMM-LM-CAM,Cloro combinado residual,243946,0.17,N,0.170
D_PH,pH,243946,7.8,N,7.760
D_CONDUCT,Conductividad a 20 ºC,243947,195,N,194.600
WMM-LM-CAM,Cloro libre residual,243947,<0.10,N,0.000
D_TURBIDEZ,Turbidez,243947,0.21,N,0.210
M-016-AC1,Recuento de E. coli,243947,0,N,0.000
M-016-AC1,Recuento de bacterias coliformes,243947,0,N,0.000
M-068-AC1,Microorganismos cultivables a 22 ºC,243947,2.0,K,2.000
M-068-AC1,Recnto. microorg. cultivables a 22 °C,243947,Presencia/ml,O,0.000
M-068-AC1,Recuento,243947,2,K,2.000
MET-GRF-AC,Aluminio total,243947,75.5,N,75.470
MET-GRF-AC,Cobre total,243947,<0.05,N,0.010
MET-GRF-AC,Cromo total,243947,<10.0,N,0.029
MET-GRF-AC,Hierro total,243947,30.3,N,30.270
MET-GRF-AC,Niquel total,243947,<5.0,N,1.350
MET-GRF-AC,Plomo total,243947,<1.0,N,0.460
WMM-LM-CAM,Cloro combinado residual,243947,0.22,N,0.220
D_PH,pH,243947,7.8,N,7.790
MET-GRF-AC,Cobre total,243948,<0.05,N,0.000
MET-GRF-AC,Hierro total,243948,18.5,N,18.490
MET-GRF-AC,Niquel total,243948,<5.0,N,0.840
MET-GRF-AC,Plomo total,243948,<1.0,N,0.050
WMM-LM-CAM,Cloro combinado residual,243948,0.20,N,0.200
WMM-LM-CAM,Cloro libre residual,243948,0.26,N,0.260
M-068-AC1,Recuento,243948,0,K,0.000
MET-GRF-AC,Aluminio total,243948,109.4,N,109.390
D_CONDUCT,Conductividad a 20 ºC,243948,194,N,194.200
D_PH,pH,243948,7.8,N,7.760
D_TURBIDEZ,Turbidez,243948,0.27,N,0.270
M-016-AC1,Recuento de E. coli,243948,0,N,0.000
M-016-AC1,Recuento de bacterias coliformes,243948,0,N,0.000
M-068-AC1,Microorganismos cultivables a 22 °C,243948,<1,N,1.000
M-068-AC1,Microorganismos cultivables a 22 ºC,243948,0.0,K,0.000
MET-GRF-AC,Cromo total,243948,<10.0,N,0.051
D_CONDUCT,Conductividad a 20 ºC,243949,194,N,193.800
WMM-LM-CAM,Cloro libre residual,243949,0.27,N,0.270
D_TURBIDEZ,Turbidez,243949,0.24,N,0.240
M-016-AC1,Recuento de E. coli,243949,0,N,0.000
M-016-AC1,Recuento de bacterias coliformes,243949,0,N,0.000
M-068-AC1,Microorganismos cultivables a 22 °C,243949,<1,N,1.000
M-068-AC1,Microorganismos cultivables a 22 ºC,243949,0.0,K,0.000
M-068-AC1,Recuento,243949,0,K,0.000
MET-GRF-AC,Aluminio total,243949,79.4,N,79.430
MET-GRF-AC,Cobre total,243949,<0.05,N,0.030
MET-GRF-AC,Cromo total,243949,<10.0,N,0.052
MET-GRF-AC,Hierro total,243949,12.6,N,12.630
MET-GRF-AC,Niquel total,243949,14.4,N,14.360
MET-GRF-AC,Plomo total,243949,<1.0,N,0.330
WMM-LM-CAM,Cloro combinado residual,243949,0.12,N,0.120
D_PH,pH,243949,7.7,N,7.710
D_CONDUCT,Conductividad a 20 ºC,243950,<15,N,0.805
MET-GRF-AC,Plomo total,243950,<1.0,N,0.000
D_TURBIDEZ,Turbidez,243950,<0.20,N,0.070
M-016-AC1,Recuento de E. coli,243950,0,N,0.000
M-016-AC1,Recuento de bacterias coliformes,243950,0,N,0.000
M-068-AC1,Microorganismos cultivables a 22 °C,243950,<1,N,1.000
M-068-AC1,Microorganismos cultivables a 22 ºC,243950,0.0,K,0.000
M-068-AC1,Recuento,243950,0,K,0.000
MET-GRF-AC,Aluminio total,243950,<50.0,N,2.027
MET-GRF-AC,Cobre total,243950,<0.05,N,0.000
MET-GRF-AC,Cromo total,243950,<10.0,N,0.008
MET-GRF-AC,Hierro total,243950,<10.0,N,0.000
MET-GRF-AC,Niquel total,243950,<5.0,N,0.010
D_PH,pH,243950,6.4,N,6.410
FECHA-LEG,Análisis Legionella-Fecha fin,243964,16/03/2026,T,0.000
FECHA-LEG,Análisis Legionella-Fecha de inicio,243964,06/03/2026,T,0.000
M-033-AC2,Legionella-Limite detección ensayo,243964,25 ufc/L,O,0.000
M-033-AC2,Legionella-Volumen filtrado,243964,1,N,1.000
PE-IL-CL,Cloro libre,243964,0.0,N,0.000
PE-IL-TEMP,Temperatura del agua,243964,60.8,N,60.800
M-033-AC2,Legionella spp - Recuento,243964,No detectado,O,0.000
FECHA-LEG,Análisis Legionella-Fecha fin,243965,18/03/2026,T,0.000
M-033-AC2,Legionella-Limite detección ensayo,243965,25 ufc/L,O,0.000
M-033-AC2,Legionella-Volumen filtrado,243965,1,N,1.000
PE-IL-CL,Cloro libre,243965,0.0,N,0.000
PE-IL-TEMP,Temperatura del agua,243965,53.8,N,53.800
M-033-AC2,Legionella spp - Recuento,243965,No detectado,O,0.000
FECHA-LEG,Análisis Legionella-Fecha de inicio,243965,06/03/2026,T,0.000
FECHA-LEG,Análisis Legionella-Fecha fin,243966,18/03/2026,T,0.000
M-033-AC2,Legionella-Limite detección ensayo,243966,25 ufc/L,O,0.000
M-033-AC2,Legionella-Volumen filtrado,243966,1,N,1.000
PE-IL-CL,Cloro libre,243966,0.0,N,0.000
PE-IL-TEMP,Temperatura del agua,243966,42.1,N,42.100
M-033-AC2,Legionella spp - Recuento,243966,No detectado,O,0.000
FECHA-LEG,Análisis Legionella-Fecha de inicio,243966,06/03/2026,T,0.000
FECHA-LEG,Análisis Legionella-Fecha fin,243967,18/03/2026,T,0.000
M-033-AC2,Legionella-Limite detección ensayo,243967,25 ufc/L,O,0.000
M-033-AC2,Legionella-Volumen filtrado,243967,0.950,N,0.950
PE-IL-CL,Cloro libre,243967,0.0,N,0.000
PE-IL-TEMP,Temperatura del agua,243967,57.3,N,57.300
M-033-AC2,Legionella spp - Recuento,243967,No detectado,O,0.000
FECHA-LEG,Análisis Legionella-Fecha de inicio,243967,06/03/2026,T,0.000
FECHA-LEG,Análisis Legionella-Fecha fin,243968,16/03/2026,T,0.000
M-033-AC2,Legionella-Limite detección ensayo,243968,25 ufc/L,O,0.000
M-033-AC2,Legionella-Volumen filtrado,243968,1,N,1.000
PE-IL-CL,Cloro libre,243968,0.0,N,0.000
PE-IL-TEMP,Temperatura del agua,243968,53.2,N,53.200
M-033-AC2,Legionella spp - Recuento,243968,No detectado,O,0.000
FECHA-LEG,Análisis Legionella-Fecha de inicio,243968,06/03/2026,T,0.000
FECHA-LEG,Análisis Legionella-Fecha fin,243969,16/03/2026,T,0.000
M-033-AC2,Legionella spp - Recuento,243969,No detectado,O,0.000
M-033-AC2,Legionella-Limite detección ensayo,243969,25 ufc/L,O,0.000
M-033-AC2,Legionella-Volumen filtrado,243969,1,N,1.000
PE-IL-TEMP,Temperatura del agua,243969,55,N,55.000
FECHA-LEG,Análisis Legionella-Fecha de inicio,243969,06/03/2026,T,0.000
PE-IL-CL,Cloro libre,243969,0.0,N,0.000
WMM-LM-CAM,Cloro libre residual,244017,1.55,N,1.550
WMM-LM-CAM,Cloro combinado residual,244017,0.38,N,0.380
M-034,Recuento de Pseudomonas aeruginosa,244017,<1,N,1.000
M-027,Recuento de bacterias coliformes,244017,<1,N,1.000
M-027,Recuento de E. coli,244017,<1,N,1.000
M-019-AC1,Recuento de Estafilococos coagulasa +,244017,0,N,0.000
AMONI-CI-P,Amonio,244017,<0.15,N,0.000
D_CONDUCT,Conductividad a 20 ºC,244017,544,N,543.500
D_OXIDABIL,Oxidabilidad,244017,1.07,N,1.070
D_PH,pH,244017,7.4,N,7.390
D_TURBIDEZ,Turbidez,244017,<0.20,N,0.120
D_TURBIDEZ,Turbidez,244018,<0.20,N,0.150
M-019-AC1,Recuento de Estafilococos coagulasa +,244018,2,N,2.000
M-027,Recuento de E. coli,244018,<1,N,1.000
M-027,Recuento de bacterias coliformes,244018,<1,N,1.000
M-034,Recuento de Pseudomonas aeruginosa,244018,<1,N,1.000
WMM-LM-CAM,Cloro combinado residual,244018,0.29,N,0.290
WMM-LM-CAM,Cloro libre residual,244018,1.71,N,1.710
D_OXIDABIL,Oxidabilidad,244018,1.23,N,1.230
D_CONDUCT,Conductividad a 20 ºC,244018,607,N,607.100
AMONI-CI-P,Amonio,244018,<0.15,N,0.000
D_PH,pH,244018,7.5,N,7.520
D_TURBIDEZ,Turbidez,244019,0.23,N,0.230
D_PH,pH,244019,7.2,N,7.240
D_OXIDABIL,Oxidabilidad,244019,1.07,N,1.070
D_CONDUCT,Conductividad a 20 ºC,244019,628,N,627.900
AMONI-CI-P,Amonio,244019,<0.15,N,0.000
WMM-LM-CAM,Cloro libre residual,244019,1.23,N,1.230
WMM-LM-CAM,Cloro combinado residual,244019,0.23,N,0.230
M-034,Recuento de Pseudomonas aeruginosa,244019,<1,N,1.000
M-019-AC1,Recuento de Estafilococos coagulasa +,244019,0,N,0.000
M-027,Recuento de E. coli,244019,<1,N,1.000
M-027,Recuento de bacterias coliformes,244019,<1,N,1.000
D_CONDUCT,Conductividad a 20 ºC,244020,712,N,711.900
AMONI-CI-P,Amonio,244020,<0.15,N,0.050
WMM-LM-CAM,Cloro libre residual,244020,1.31,N,1.310
WMM-LM-CAM,Cloro combinado residual,244020,0.60,N,0.600
M-034,Recuento de Pseudomonas aeruginosa,244020,<1,N,1.000
M-027,Recuento de bacterias coliformes,244020,<1,N,1.000
M-027,Recuento de E. coli,244020,<1,N,1.000
M-019-AC1,Recuento de Estafilococos coagulasa +,244020,2,N,2.000
D_TURBIDEZ,Turbidez,244020,0.23,N,0.230
D_PH,pH,244020,7.5,N,7.480
D_OXIDABIL,Oxidabilidad,244020,1.47,N,1.470
AMONI-CI-P,Amonio,244021,<0.15,N,0.000
D_OXIDABIL,Oxidabilidad,244021,0.67,N,0.670
D_PH,pH,244021,7.4,N,7.380
D_TURBIDEZ,Turbidez,244021,<0.20,N,0.170
M-019-AC1,Recuento de Estafilococos coagulasa +,244021,0,N,0.000
M-027,Recuento de E. coli,244021,<1,N,1.000
M-027,Recuento de bacterias coliformes,244021,<1,N,1.000
M-034,Recuento de Pseudomonas aeruginosa,244021,<1,N,1.000
WMM-LM-CAM,Cloro combinado residual,244021,0.22,N,0.220
WMM-LM-CAM,Cloro libre residual,244021,1.70,N,1.700
D_CONDUCT,Conductividad a 20 ºC,244021,414,N,414.400
D_CONDUCT,Conductividad a 20 ºC,244022,434,N,434.000
AMONI-CI-P,Amonio,244022,<0.15,N,0.000
WMM-LM-CAM,Cloro libre residual,244022,1.79,N,1.790
WMM-LM-CAM,Cloro combinado residual,244022,0.21,N,0.210
M-034,Recuento de Pseudomonas aeruginosa,244022,<1,N,1.000
M-027,Recuento de bacterias coliformes,244022,<1,N,1.000
M-027,Recuento de E. coli,244022,<1,N,1.000
M-019-AC1,Recuento de Estafilococos coagulasa +,244022,0,N,0.000
D_OXIDABIL,Oxidabilidad,244022,0.99,N,0.990
D_PH,pH,244022,7.2,N,7.190
D_TURBIDEZ,Turbidez,244022,0.30,N,0.300
AMONI-CI-P,Amonio,244023,<0.15,N,0.000
D_CONDUCT,Conductividad a 20 ºC,244023,483,N,483.100
D_OXIDABIL,Oxidabilidad,244023,1.03,N,1.030
D_PH,pH,244023,7.2,N,7.220
D_TURBIDEZ,Turbidez,244023,<0.20,N,0.160
M-019-AC1,Recuento de Estafilococos coagulasa +,244023,0,N,0.000
M-027,Recuento de E. coli,244023,<1,N,1.000
M-027,Recuento de bacterias coliformes,244023,<1,N,1.000
M-034,Recuento de Pseudomonas aeruginosa,244023,<1,N,1.000
WMM-LM-CAM,Cloro combinado residual,244023,0.27,N,0.270
WMM-LM-CAM,Cloro libre residual,244023,1.54,N,1.540
AMONI-CI-P,Amonio,244024,<0.15,N,0.000
M-027,Recuento de E. coli,244024,<1,N,1.000
D_OXIDABIL,Oxidabilidad,244024,1.50,N,1.500
D_PH,pH,244024,7.3,N,7.320
D_TURBIDEZ,Turbidez,244024,0.23,N,0.230
M-027,Recuento de bacterias coliformes,244024,<1,N,1.000
M-034,Recuento de Pseudomonas aeruginosa,244024,<1,N,1.000
WMM-LM-CAM,Cloro combinado residual,244024,0.60,N,0.600
WMM-LM-CAM,Cloro libre residual,244024,1.24,N,1.240
M-019-AC1,Recuento de Estafilococos coagulasa +,244024,0,N,0.000
D_CONDUCT,Conductividad a 20 ºC,244024,877,N,876.900
AMONI-CI-P,Amonio,244025,<0.15,N,0.000
WMM-LM-CAM,Cloro libre residual,244025,1.52,N,1.520
D_OXIDABIL,Oxidabilidad,244025,1.19,N,1.190
D_PH,pH,244025,7.4,N,7.380
D_TURBIDEZ,Turbidez,244025,0.26,N,0.260
M-019-AC1,Recuento de Estafilococos coagulasa +,244025,0,N,0.000
M-027,Recuento de E. coli,244025,<1,N,1.000
M-027,Recuento de bacterias coliformes,244025,<1,N,1.000
M-034,Recuento de Pseudomonas aeruginosa,244025,<1,N,1.000
WMM-LM-CAM,Cloro combinado residual,244025,0.45,N,0.450
D_CONDUCT,Conductividad a 20 ºC,244025,877,N,877.400
M-027,Recuento de bacterias coliformes,244026,<1,N,1.000
M-027,Recuento de E. coli,244026,<1,N,1.000
WMM-LM-CAM,Cloro combinado residual,244026,0.38,N,0.380
WMM-LM-CAM,Cloro libre residual,244026,1.44,N,1.440
AMONI-CI-P,Amonio,244026,<0.15,N,0.000
D_CONDUCT,Conductividad a 20 ºC,244026,819,N,819.400
D_OXIDABIL,Oxidabilidad,244026,0.99,N,0.990
D_PH,pH,244026,7.4,N,7.390
D_TURBIDEZ,Turbidez,244026,<0.20,N,0.110
M-019-AC1,Recuento de Estafilococos coagulasa +,244026,0,N,0.000
M-034,Recuento de Pseudomonas aeruginosa,244026,<1,N,1.000
AMONI-CI-P,Amonio,244027,<0.15,N,0.000
WMM-LM-CAM,Cloro libre residual,244027,1.74,N,1.740
D_OXIDABIL,Oxidabilidad,244027,1.11,N,1.110
D_PH,pH,244027,7.3,N,7.320
D_TURBIDEZ,Turbidez,244027,<0.20,N,0.170
M-019-AC1,Recuento de Estafilococos coagulasa +,244027,0,N,0.000
M-027,Recuento de E. coli,244027,<1,N,1.000
M-027,Recuento de bacterias coliformes,244027,<1,N,1.000
M-034,Recuento de Pseudomonas aeruginosa,244027,<1,N,1.000
WMM-LM-CAM,Cloro combinado residual,244027,0.39,N,0.390
D_CONDUCT,Conductividad a 20 ºC,244027,902,N,902.000
AMONI-CI-P,Amonio,244028,<0.15,N,0.000
D_CONDUCT,Conductividad a 20 ºC,244028,420,N,419.700
D_OXIDABIL,Oxidabilidad,244028,0.71,N,0.710
D_PH,pH,244028,7.4,N,7.360
D_TURBIDEZ,Turbidez,244028,<0.20,N,0.170
M-034,Recuento de Pseudomonas aeruginosa,244028,<1,N,1.000
M-019-AC1,Recuento de Estafilococos coagulasa +,244028,0,N,0.000
M-027,Recuento de E. coli,244028,<1,N,1.000
M-027,Recuento de bacterias coliformes,244028,<1,N,1.000
AL-POT-AC,Aluminio total,244029,92.7,N,92.710
FECHA-LEG,Análisis Legionella-Fecha fin,244030,23/03/2026,T,0.000
FECHA-LEG,Análisis Legionella-Fecha de inicio,244030,10/03/2026,T,0.000
M-033-AC2,Legionella spp - Recuento,244030,No detectado,O,0.000
M-033-AC2,Legionella-Limite detección ensayo,244030,25 ufc/L,O,0.000
M-033-AC2,Legionella-Volumen filtrado,244030,1,N,1.000
PE-IL-CL,Cloro libre,244030,0.0,N,0.000
PE-IL-TEMP,Temperatura del agua,244030,61,N,61.000
FECHA-LEG,Análisis Legionella-Fecha de inicio,244031,10/03/2026,T,0.000
PE-IL-TEMP,Temperatura del agua,244031,59,N,59.000
M-033-AC2,Legionella spp - Recuento,244031,No detectado,O,0.000
M-033-AC2,Legionella-Limite detección ensayo,244031,25 ufc/L,O,0.000
M-033-AC2,Legionella-Volumen filtrado,244031,1,N,1.000
PE-IL-CL,Cloro libre,244031,0.0,N,0.000
FECHA-LEG,Análisis Legionella-Fecha fin,244031,20/03/2026,T,0.000
PE-IL-TEMP,Temperatura del agua,244032,55.8,N,55.800
PE-IL-CL,Cloro libre,244032,0.0,N,0.000
M-033-AC2,Legionella spp - Recuento,244032,No detectado,O,0.000
M-033-AC2,Legionella-Limite detección ensayo,244032,25 ufc/L,O,0.000
M-033-AC2,Legionella-Volumen filtrado,244032,1,N,1.000
FECHA-LEG,Análisis Legionella-Fecha fin,244032,23/03/2026,T,0.000
FECHA-LEG,Análisis Legionella-Fecha de inicio,244032,10/03/2026,T,0.000
M-033-AC2,Legionella spp - Recuento,244033,No detectado,O,0.000
M-033-AC2,Legionella-Limite detección ensayo,244033,25 ufc/L,O,0.000
M-033-AC2,Legionella-Volumen filtrado,244033,1,N,1.000
PE-IL-CL,Cloro libre,244033,0.0,N,0.000
FECHA-LEG,Análisis Legionella-Fecha fin,244033,20/03/2026,T,0.000
FECHA-LEG,Análisis Legionella-Fecha de inicio,244033,10/03/2026,T,0.000
PE-IL-TEMP,Temperatura del agua,244033,64,N,64.000
PE-IL-CL,Cloro libre,244034,0.0,N,0.000
M-033-AC2,Legionella-Volumen filtrado,244034,1,N,1.000
M-033-AC2,Legionella-Limite detección ensayo,244034,25 ufc/L,O,0.000
M-033-AC2,Legionella spp - Recuento,244034,No detectado,O,0.000
FECHA-LEG,Análisis Legionella-Fecha fin,244034,20/03/2026,T,0.000
PE-IL-TEMP,Temperatura del agua,244034,56.4,N,56.400
FECHA-LEG,Análisis Legionella-Fecha de inicio,244034,10/03/2026,T,0.000
FECHA-LEG,Análisis Legionella-Fecha de inicio,244040,10/03/2026,T,0.000
PE-IL-TEMP,Temperatura del agua,244040,57,N,57.000
PE-IL-CL,Cloro libre,244040,0.0,N,0.000
M-033-AC2,Legionella-Limite detección ensayo,244040,25 ufc/L,O,0.000
M-033-AC2,Legionella spp - Recuento,244040,No detectado,O,0.000
FECHA-LEG,Análisis Legionella-Fecha fin,244040,20/03/2026,T,0.000
M-033-AC2,Legionella-Volumen filtrado,244040,1,N,1.000
D_OXIDABIL,Oxidabilidad,244041,0.84,N,0.840
AMONI-CI-P,Amonio,244041,<0.15,N,0.000
D_CONDUCT,Conductividad a 20 ºC,244041,607,N,606.600
WMM-LM-CAM,Cloro libre residual,244041,1.29,N,1.290
WMM-LM-CAM,Cloro combinado residual,244041,0.32,N,0.320
M-034,Recuento de Pseudomonas aeruginosa,244041,<1,N,1.000
M-027,Recuento de bacterias coliformes,244041,<1,N,1.000
M-027,Recuento de E. coli,244041,<1,N,1.000
M-019-AC1,Recuento de Estafilococos coagulasa +,244041,0,N,0.000
D_TURBIDEZ,Turbidez,244041,<0.20,N,0.140
D_PH,pH,244041,7.5,N,7.450
M-019-AC1,Recuento de Estafilococos coagulasa +,244044,1,N,1.000
D_TURBIDEZ,Turbidez,244044,<0.20,N,0.110
M-034,Recuento de Pseudomonas aeruginosa,244044,<1,N,1.000
WMM-LM-CAM,Cloro combinado residual,244044,0.28,N,0.280
WMM-LM-CAM,Cloro libre residual,244044,1.58,N,1.580
D_PH,pH,244044,7.2,N,7.210
D_OXIDABIL,Oxidabilidad,244044,1.04,N,1.040
D_CONDUCT,Conductividad a 20 ºC,244044,459,N,458.700
AMONI-CI-P,Amonio,244044,<0.15,N,0.000
M-027,Recuento de bacterias coliformes,244044,<1,N,1.000
M-027,Recuento de E. coli,244044,<1,N,1.000
WMM-LM-CAM,Cloro combinado residual,244045,0.20,N,0.200
M-034,Recuento de Pseudomonas aeruginosa,244045,<1,N,1.000
M-027,Recuento de bacterias coliformes,244045,<1,N,1.000
M-027,Recuento de E. coli,244045,<1,N,1.000
M-019-AC1,Recuento de Estafilococos coagulasa +,244045,2,N,2.000
AMONI-CI-P,Amonio,244045,<0.15,N,0.000
D_CONDUCT,Conductividad a 20 ºC,244045,648,N,647.600
D_OXIDABIL,Oxidabilidad,244045,1.36,N,1.360
D_PH,pH,244045,7.7,N,7.650
WMM-LM-CAM,Cloro libre residual,244045,1.44,N,1.440
D_TURBIDEZ,Turbidez,244045,<0.20,N,0.120
AMONI-CI-P,Amonio,244046,<0.15,N,0.000
D_CONDUCT,Conductividad a 20 ºC,244046,846,N,845.600
D_OXIDABIL,Oxidabilidad,244046,1.44,N,1.440
D_PH,pH,244046,7.4,N,7.380
D_TURBIDEZ,Turbidez,244046,0.31,N,0.310
M-019-AC1,Recuento de Estafilococos coagulasa +,244046,0,N,0.000
M-027,Recuento de E. coli,244046,<1,N,1.000
M-027,Recuento de bacterias coliformes,244046,<1,N,1.000
M-034,Recuento de Pseudomonas aeruginosa,244046,<1,N,1.000
WMM-LM-CAM,Cloro combinado residual,244046,0.11,N,0.110
WMM-LM-CAM,Cloro libre residual,244046,1.82,N,1.820
AMONI-CI-P,Amonio,244047,<0.15,N,0.050
M-019-AC1,Recuento de Estafilococos coagulasa +,244047,0,N,0.000
M-027,Recuento de E. coli,244047,<1,N,1.000
M-027,Recuento de bacterias coliformes,244047,<1,N,1.000
M-034,Recuento de Pseudomonas aeruginosa,244047,<1,N,1.000
WMM-LM-CAM,Cloro combinado residual,244047,0.57,N,0.570
WMM-LM-CAM,Cloro libre residual,244047,1.03,N,1.030
D_TURBIDEZ,Turbidez,244047,0.27,N,0.270
D_PH,pH,244047,7.4,N,7.360
D_OXIDABIL,Oxidabilidad,244047,1.44,N,1.440
D_CONDUCT,Conductividad a 20 ºC,244047,584,N,584.400
WMM-LM-CAM,Cloro libre residual,244048,1.43,N,1.430
WMM-LM-CAM,Cloro combinado residual,244048,0.48,N,0.480
M-034,Recuento de Pseudomonas aeruginosa,244048,<1,N,1.000
M-027,Recuento de bacterias coliformes,244048,<1,N,1.000
M-027,Recuento de E. coli,244048,<1,N,1.000
M-019-AC1,Recuento de Estafilococos coagulasa +,244048,3,N,3.000
D_TURBIDEZ,Turbidez,244048,0.33,N,0.330
D_PH,pH,244048,7.4,N,7.390
D_CONDUCT,Conductividad a 20 ºC,244048,493,N,492.900
D_OXIDABIL,Oxidabilidad,244048,1.48,N,1.480
AMONI-CI-P,Amonio,244048,<0.15,N,0.000
M-027,Recuento de bacterias coliformes,244049,<1,N,1.000
WMM-LM-CAM,Cloro combinado residual,244049,0.27,N,0.270
WMM-LM-CAM,Cloro libre residual,244049,1.57,N,1.570
D_TURBIDEZ,Turbidez,244049,<0.20,N,0.150
D_PH,pH,244049,7.2,N,7.220
D_OXIDABIL,Oxidabilidad,244049,1.24,N,1.240
D_CONDUCT,Conductividad a 20 ºC,244049,544,N,543.500
AMONI-CI-P,Amonio,244049,<0.15,N,0.000
M-027,Recuento de E. coli,244049,<1,N,1.000
M-019-AC1,Recuento de Estafilococos coagulasa +,244049,5,N,5.000
M-034,Recuento de Pseudomonas aeruginosa,244049,<1,N,1.000
AMONI-CI-P,Amonio,244050,<0.15,N,0.000
WMM-LM-CAM,Cloro libre residual,244050,1.01,N,1.010
WMM-LM-CAM,Cloro combinado residual,244050,0.24,N,0.240
M-034,Recuento de Pseudomonas aeruginosa,244050,<1,N,1.000
M-027,Recuento de bacterias coliformes,244050,<1,N,1.000
M-027,Recuento de E. coli,244050,<1,N,1.000
M-019-AC1,Recuento de Estafilococos coagulasa +,244050,0,N,0.000
D_TURBIDEZ,Turbidez,244050,<0.20,N,0.100
D_CONDUCT,Conductividad a 20 ºC,244050,849,N,849.300
D_OXIDABIL,Oxidabilidad,244050,0.64,N,0.640
D_PH,pH,244050,7.2,N,7.200
D_TURBIDEZ,Turbidez,244051,<0.20,N,0.080
D_OXIDABIL,Oxidabilidad,244051,<0.50,N,0.000
D_CONDUCT,Conductividad a 20 ºC,244051,<15,N,2.454
M-034,Recuento de Pseudomonas aeruginosa,244051,<1,N,1.000
M-027,Recuento de E. coli,244051,<1,N,1.000
M-019-AC1,Recuento de Estafilococos coagulasa +,244051,0,N,0.000
M-027,Recuento de bacterias coliformes,244051,<1,N,1.000
AMONI-CI-P,Amonio,244051,<0.15,N,0.000
AMONI-CI-P,Amonio,244089,<0.15,N,0.000
WMM-LM-CAM,Cloro libre residual,244089,1.64,N,1.640
D_OXIDABIL,Oxidabilidad,244089,1.48,N,1.480
D_PH,pH,244089,7.2,N,7.160
D_TURBIDEZ,Turbidez,244089,<0.20,N,0.170
M-019-AC1,Recuento de Estafilococos coagulasa +,244089,<1,N,1.000
M-027,Recuento de E. coli,244089,<1,N,1.000
M-027,Recuento de bacterias coliformes,244089,<1,N,1.000
M-034,Recuento de Pseudomonas aeruginosa,244089,<1,N,1.000
WMM-LM-CAM,Cloro combinado residual,244089,0.27,N,0.270
D_CONDUCT,Conductividad a 20 ºC,244089,848,N,848.100
PE-IL-TEMP,Temperatura del agua,244090,61.7,N,61.700
M-021,Recuento,244090,<10,N,10.000
M-021,Recuento de Legionella pneumophila,244090,<10,N,10.000
M-021,Recuento transformado,244090,1.0E+01,K,10.000
PE-IL-CL,Cloro libre,244090,0.0,N,0.000
PE-IL-TEMP,Temperatura del agua,244091,42,N,42.000
PE-IL-CL,Cloro libre,244091,0.0,N,0.000
M-021,Recuento transformado,244091,1.0E+01,K,10.000
M-021,Recuento de Legionella pneumophila,244091,<10,N,10.000
M-021,Recuento,244091,<10,N,10.000
PE-IL-TEMP,Temperatura del agua,244092,35.1,N,35.100
M-021,Recuento transformado,244092,1.0E+01,K,10.000
M-021,Recuento de Legionella pneumophila,244092,<10,N,10.000
M-021,Recuento,244092,<10,N,10.000
PE-IL-CL,Cloro libre,244092,0.0,N,0.000
M-021,Recuento,244093,<10,N,10.000
M-021,Recuento de Legionella pneumophila,244093,<10,N,10.000
M-021,Recuento transformado,244093,1.0E+01,K,10.000
PE-IL-CL,Cloro libre,244093,0.0,N,0.000
PE-IL-TEMP,Temperatura del agua,244093,54.8,N,54.800
PE-IL-TEMP,Temperatura del agua,244094,53.2,N,53.200
PE-IL-CL,Cloro libre,244094,0.0,N,0.000
M-021,Recuento transformado,244094,1.0E+01,K,10.000
M-021,Recuento de Legionella pneumophila,244094,<10,N,10.000
M-021,Recuento,244094,<10,N,10.000
PE-IL-CL,Cloro libre,244095,0.0,N,0.000
M-021,Recuento transformado,244095,1.0E+01,K,10.000
M-021,Recuento de Legionella pneumophila,244095,<10,N,10.000
PE-IL-TEMP,Temperatura del agua,244095,32,N,32.000
M-021,Recuento,244095,<10,N,10.000
PE-IL-TEMP,Temperatura del agua,244096,65.5,N,65.500
PE-IL-CL,Cloro libre,244096,0.0,N,0.000
M-021,Recuento transformado,244096,1.0E+01,K,10.000
M-021,Recuento de Legionella pneumophila,244096,<10,N,10.000
M-021,Recuento,244096,<10,N,10.000
PE-IL-TEMP,Temperatura del agua,244097,44.2,N,44.200
PE-IL-CL,Cloro libre,244097,0.0,N,0.000
M-021,Recuento transformado,244097,1.0E+01,K,10.000
M-021,Recuento de Legionella pneumophila,244097,<10,N,10.000
M-021,Recuento,244097,<10,N,10.000
M-021,Recuento,244098,<10,N,10.000
M-021,Recuento de Legionella pneumophila,244098,<10,N,10.000
PE-IL-TEMP,Temperatura del agua,244098,51.5,N,51.500
PE-IL-CL,Cloro libre,244098,0.0,N,0.000
M-021,Recuento transformado,244098,1.0E+01,K,10.000
PE-IL-TEMP,Temperatura del agua,244101,46.5,N,46.500
M-021,Recuento,244101,<10,N,10.000
M-021,Recuento de Legionella pneumophila,244101,<10,N,10.000
M-021,Recuento transformado,244101,1.0E+01,K,10.000
PE-IL-CL,Cloro libre,244101,0.0,N,0.000
PE-IL-TEMP,Temperatura del agua,244243,45.7,N,45.700
PE-IL-CL,Cloro libre,244243,0.0,N,0.000
M-033-AC2,Legionella-Volumen filtrado,244243,1,N,1.000
M-033-AC2,Legionella-Limite detección ensayo,244243,25 ufc/L,O,0.000
FECHA-LEG,Análisis Legionella-Fecha fin,244243,30/03/2026,T,0.000
FECHA-LEG,Análisis Legionella-Fecha de inicio,244243,20/03/2026,T,0.000
M-033-AC2,Legionella spp - Recuento,244243,No detectado,O,0.000
PE-IL-CL,Cloro libre,244244,0.0,N,0.000
PE-IL-TEMP,Temperatura del agua,244244,54.6,N,54.600
M-033-AC2,Legionella-Volumen filtrado,244244,1,N,1.000
M-033-AC2,Legionella-Limite detección ensayo,244244,25 ufc/L,O,0.000
M-033-AC2,Legionella spp - Recuento,244244,No detectado,O,0.000
FECHA-LEG,Análisis Legionella-Fecha fin,244244,30/03/2026,T,0.000
FECHA-LEG,Análisis Legionella-Fecha de inicio,244244,20/03/2026,T,0.000
FECHA-LEG,Análisis Legionella-Fecha de inicio,244245,20/03/2026,T,0.000
PE-IL-TEMP,Temperatura del agua,244245,52.5,N,52.500
M-033-AC2,Legionella spp - Recuento,244245,No detectado,O,0.000
M-033-AC2,Legionella-Limite detección ensayo,244245,25 ufc/L,O,0.000
M-033-AC2,Legionella-Volumen filtrado,244245,1,N,1.000
PE-IL-CL,Cloro libre,244245,0.0,N,0.000
FECHA-LEG,Análisis Legionella-Fecha fin,244245,30/03/2026,T,0.000
M-019-AC1,Recnto. Estafilococos coagulasa +,244252,Indeterminable,O,0.000
M-027,Recuento de E. coli,244252,<1,N,1.000
M-027,Recuento de bacterias coliformes,244252,<1,N,1.000
M-034,Recuento de Pseudomonas aeruginosa,244252,<1,N,1.000
D_CONDUCT,Conductividad a 20 ºC,244252,537,N,536.800
D_OXIDABIL,Oxidabilidad,244252,1.14,N,1.140
D_PH,pH,244252,7.4,N,7.420
D_PH,pH,244252,7.4,N,7.420
D_TURBIDEZ,Turbidez,244252,<0.20,N,0.140
AMONI-CI-P,Amonio,244252,<0.15,N,0.000
AMONI-CI-P,Amonio,244253,<0.15,N,0.030
D_CONDUCT,Conductividad a 20 ºC,244253,388,N,388.200
D_OXIDABIL,Oxidabilidad,244253,1.35,N,1.350
D_PH,pH,244253,7.4,N,7.400
D_PH,pH,244253,7.4,N,7.400
D_TURBIDEZ,Turbidez,244253,<0.20,N,0.160
M-034,Recuento de Pseudomonas aeruginosa,244253,<1,N,1.000
M-019-AC1,Recnto. Estafilococos coagulasa +,244253,Indeterminable,O,0.000
M-027,Recuento de E. coli,244253,<1,N,1.000
M-027,Recuento de bacterias coliformes,244253,<1,N,1.000
AMONI-CI-P,Amonio,244254,<0.15,N,0.000
D_CONDUCT,Conductividad a 20 ºC,244254,566,N,566.400
D_OXIDABIL,Oxidabilidad,244254,1.10,N,1.100
D_PH,pH,244254,7.3,N,7.270
D_PH,pH,244254,7.3,N,7.270
D_TURBIDEZ,Turbidez,244254,<0.20,N,0.140
M-034,Recuento de Pseudomonas aeruginosa,244254,<1,N,1.000
M-019-AC1,Recnto. Estafilococos coagulasa +,244254,Indeterminable,O,0.000
M-027,Recuento de E. coli,244254,<1,N,1.000
M-027,Recuento de bacterias coliformes,244254,<1,N,1.000
AMONI-CI-P,Amonio,244255,<0.15,N,0.000
D_CONDUCT,Conductividad a 20 ºC,244255,571,N,571.000
D_OXIDABIL,Oxidabilidad,244255,1.27,N,1.270
D_PH,pH,244255,7.4,N,7.420
D_PH,pH,244255,7.4,N,7.420
D_TURBIDEZ,Turbidez,244255,<0.20,N,0.110
M-034,Recuento de Pseudomonas aeruginosa,244255,<1,N,1.000
M-019-AC1,Recnto. Estafilococos coagulasa +,244255,Indeterminable,O,0.000
M-027,Recuento de E. coli,244255,<1,N,1.000
M-027,Recuento de bacterias coliformes,244255,<1,N,1.000
AMONI-CI-P,Amonio,244256,<0.15,N,0.000
D_CONDUCT,Conductividad a 20 ºC,244256,432,N,432.400
D_OXIDABIL,Oxidabilidad,244256,0.69,N,0.690
D_PH,pH,244256,7.4,N,7.420
D_PH,pH,244256,7.4,N,7.420
D_TURBIDEZ,Turbidez,244256,<0.20,N,0.170
M-034,Recuento de Pseudomonas aeruginosa,244256,<1,N,1.000
M-019-AC1,Recnto. Estafilococos coagulasa +,244256,Indeterminable,O,0.000
M-027,Recuento de E. coli,244256,<1,N,1.000
M-027,Recuento de bacterias coliformes,244256,<1,N,1.000
D_OXIDABIL,Oxidabilidad,244257,1.02,N,1.020
D_PH,pH,244257,7.5,N,7.450
D_PH,pH,244257,7.5,N,7.450
D_TURBIDEZ,Turbidez,244257,0.22,N,0.220
D_CONDUCT,Conductividad a 20 ºC,244257,438,N,437.800
M-019-AC1,Recnto. Estafilococos coagulasa +,244257,Indeterminable,O,0.000
M-027,Recuento de E. coli,244257,<1,N,1.000
M-027,Recuento de bacterias coliformes,244257,<1,N,1.000
M-034,Recuento de Pseudomonas aeruginosa,244257,<1,N,1.000
AMONI-CI-P,Amonio,244257,<0.15,N,0.000
AMONI-CI-P,Amonio,244258,<0.15,N,0.090
D_CONDUCT,Conductividad a 20 ºC,244258,467,N,466.900
D_OXIDABIL,Oxidabilidad,244258,0.94,N,0.940
D_PH,pH,244258,7.2,N,7.230
D_PH,pH,244258,7.2,N,7.230
D_TURBIDEZ,Turbidez,244258,<0.20,N,0.160
M-034,Recuento de Pseudomonas aeruginosa,244258,<1,N,1.000
M-019-AC1,Recuento de Estafilococos coagulasa +,244258,0,N,0.000
M-027,Recuento de E. coli,244258,<1,N,1.000
M-027,Recuento de bacterias coliformes,244258,<1,N,1.000
M-019-AC1,Recuento de Estafilococos coagulasa +,244259,<1,N,1.000
M-027,Recuento de E. coli,244259,<1,N,1.000
M-027,Recuento de bacterias coliformes,244259,<1,N,1.000
M-034,Recuento de Pseudomonas aeruginosa,244259,<1,N,1.000
AMONI-CI-P,Amonio,244259,<0.15,N,0.030
D_CONDUCT,Conductividad a 20 ºC,244259,892,N,891.800
D_OXIDABIL,Oxidabilidad,244259,1.43,N,1.430
D_PH,pH,244259,7.3,N,7.270
D_PH,pH,244259,7.3,N,7.270
D_TURBIDEZ,Turbidez,244259,0.33,N,0.330
AMONI-CI-P,Amonio,244260,<0.15,N,0.000
D_CONDUCT,Conductividad a 20 ºC,244260,891,N,890.500
D_OXIDABIL,Oxidabilidad,244260,1.47,N,1.470
D_PH,pH,244260,7.4,N,7.390
D_PH,pH,244260,7.4,N,7.390
D_TURBIDEZ,Turbidez,244260,0.32,N,0.320
M-034,Recuento de Pseudomonas aeruginosa,244260,<1,N,1.000
M-019-AC1,Recuento de Estafilococos coagulasa +,244260,0,N,0.000
M-027,Recuento de E. coli,244260,<1,N,1.000
M-027,Recuento de bacterias coliformes,244260,<1,N,1.000
M-019-AC1,Recuento de Estafilococos coagulasa +,244261,<1,N,1.000
M-027,Recuento de E. coli,244261,<1,N,1.000
M-027,Recuento de bacterias coliformes,244261,<1,N,1.000
M-034,Recuento de Pseudomonas aeruginosa,244261,<1,N,1.000
AMONI-CI-P,Amonio,244261,<0.15,N,0.000
D_CONDUCT,Conductividad a 20 ºC,244261,771,N,771.100
D_PH,pH,244261,7.5,N,7.490
D_PH,pH,244261,7.5,N,7.490
D_TURBIDEZ,Turbidez,244261,<0.20,N,0.170
D_OXIDABIL,Oxidabilidad,244261,0.94,N,0.940
AMONI-CI-P,Amonio,244262,<0.15,N,0.000
D_CONDUCT,Conductividad a 20 ºC,244262,819,N,818.500
D_OXIDABIL,Oxidabilidad,244262,1.14,N,1.140
D_PH,pH,244262,7.5,N,7.510
D_PH,pH,244262,7.5,N,7.510
D_TURBIDEZ,Turbidez,244262,<0.20,N,0.160
M-034,Recuento de Pseudomonas aeruginosa,244262,<1,N,1.000
M-019-AC1,Recuento de Estafilococos coagulasa +,244262,<1,N,1.000
M-027,Recuento de E. coli,244262,<1,N,1.000
M-027,Recuento de bacterias coliformes,244262,<1,N,1.000
AMONI-CI-P,Amonio,244263,<0.15,N,0.000
D_CONDUCT,Conductividad a 20 ºC,244263,533,N,533.000
D_OXIDABIL,Oxidabilidad,244263,1.18,N,1.180
D_PH,pH,244263,7.4,N,7.440
D_PH,pH,244263,7.4,N,7.440
D_TURBIDEZ,Turbidez,244263,<0.20,N,0.120
M-034,Recuento de Pseudomonas aeruginosa,244263,<1,N,1.000
M-019-AC1,Recuento de Estafilococos coagulasa +,244263,0,N,0.000
M-027,Recuento de E. coli,244263,<1,N,1.000
M-027,Recuento de bacterias coliformes,244263,<1,N,1.000
AMONI-CI-P,Amonio,244264,<0.15,N,0.000
D_CONDUCT,Conductividad a 20 ºC,244264,390,N,390.400
D_OXIDABIL,Oxidabilidad,244264,1.31,N,1.310
D_PH,pH,244264,7.6,N,7.580
D_PH,pH,244264,7.6,N,7.580
D_TURBIDEZ,Turbidez,244264,<0.20,N,0.140
M-034,Recuento de Pseudomonas aeruginosa,244264,<1,N,1.000
M-019-AC1,Recuento de Estafilococos coagulasa +,244264,0,N,0.000
M-027,Recuento de E. coli,244264,<1,N,1.000
M-027,Recuento de bacterias coliformes,244264,<1,N,1.000
AMONI-CI-P,Amonio,244265,<0.15,N,0.000
D_CONDUCT,Conductividad a 20 ºC,244265,561,N,560.600
D_OXIDABIL,Oxidabilidad,244265,1.22,N,1.220
D_PH,pH,244265,7.4,N,7.400
D_PH,pH,244265,7.4,N,7.400
D_TURBIDEZ,Turbidez,244265,0.23,N,0.230
M-019-AC1,Recuento de Estafilococos coagulasa +,244265,0,N,0.000
M-027,Recuento de E. coli,244265,<1,N,1.000
M-027,Recuento de bacterias coliformes,244265,<1,N,1.000
M-034,Recuento de Pseudomonas aeruginosa,244265,<1,N,1.000
AMONI-CI-P,Amonio,244266,<0.15,N,0.000
D_CONDUCT,Conductividad a 20 ºC,244266,551,N,550.700
M-034,Recuento de Pseudomonas aeruginosa,244266,<1,N,1.000
M-027,Recuento de bacterias coliformes,244266,<1,N,1.000
M-027,Recuento de E. coli,244266,<1,N,1.000
M-019-AC1,Recuento de Estafilococos coagulasa +,244266,0,N,0.000
D_TURBIDEZ,Turbidez,244266,0.20,N,0.200
D_PH,pH,244266,7.5,N,7.490
D_PH,pH,244266,7.5,N,7.490
D_OXIDABIL,Oxidabilidad,244266,1.31,N,1.310
AMONI-CI-P,Amonio,244267,<0.15,N,0.000
M-027,Recuento de bacterias coliformes,244267,<1,N,1.000
M-027,Recuento de E. coli,244267,<1,N,1.000
M-019-AC1,Recuento de Estafilococos coagulasa +,244267,0,N,0.000
M-034,Recuento de Pseudomonas aeruginosa,244267,<1,N,1.000
D_TURBIDEZ,Turbidez,244267,0.26,N,0.260
D_PH,pH,244267,7.6,N,7.550
D_PH,pH,244267,7.6,N,7.550
D_OXIDABIL,Oxidabilidad,244267,0.94,N,0.940
D_CONDUCT,Conductividad a 20 ºC,244267,433,N,432.600
AMONI-CI-P,Amonio,244268,<0.15,N,0.000
D_CONDUCT,Conductividad a 20 ºC,244268,435,N,435.000
D_OXIDABIL,Oxidabilidad,244268,1.14,N,1.140
D_PH,pH,244268,7.6,N,7.590
D_PH,pH,244268,7.6,N,7.590
D_TURBIDEZ,Turbidez,244268,0.20,N,0.200
M-019-AC1,Recuento de Estafilococos coagulasa +,244268,0,N,0.000
M-027,Recuento de E. coli,244268,<1,N,1.000
M-027,Recuento de bacterias coliformes,244268,<1,N,1.000
M-034,Recuento de Pseudomonas aeruginosa,244268,<1,N,1.000
AMONI-CI-P,Amonio,244269,<0.15,N,0.000
D_CONDUCT,Conductividad a 20 ºC,244269,460,N,460.200
D_OXIDABIL,Oxidabilidad,244269,0.94,N,0.940
D_PH,pH,244269,7.4,N,7.370
D_PH,pH,244269,7.4,N,7.370
D_TURBIDEZ,Turbidez,244269,<0.20,N,0.140
M-034,Recuento de Pseudomonas aeruginosa,244269,<1,N,1.000
M-019-AC1,Recuento de Estafilococos coagulasa +,244269,0,N,0.000
M-027,Recuento de E. coli,244269,<1,N,1.000
M-027,Recuento de bacterias coliformes,244269,<1,N,1.000
D_TURBIDEZ,Turbidez,244270,0.45,N,0.450
D_PH,pH,244270,7.3,N,7.320
D_PH,pH,244270,7.3,N,7.320
D_CONDUCT,Conductividad a 20 ºC,244270,883,N,883.100
AMONI-CI-P,Amonio,244270,<0.15,N,0.030
M-034,Recuento de Pseudomonas aeruginosa,244270,<1,N,1.000
M-027,Recuento de bacterias coliformes,244270,<1,N,1.000
M-027,Recuento de E. coli,244270,<1,N,1.000
M-019-AC1,Recuento de Estafilococos coagulasa +,244270,0,N,0.000
D_OXIDABIL,Oxidabilidad,244270,1.43,N,1.430
D_TURBIDEZ,Turbidez,244271,0.21,N,0.210
D_PH,pH,244271,7.3,N,7.310
D_PH,pH,244271,7.3,N,7.310
D_OXIDABIL,Oxidabilidad,244271,1.10,N,1.100
D_CONDUCT,Conductividad a 20 ºC,244271,759,N,759.200
AMONI-CI-P,Amonio,244271,<0.15,N,0.000
M-034,Recuento de Pseudomonas aeruginosa,244271,<1,N,1.000
M-027,Recuento de bacterias coliformes,244271,<1,N,1.000
M-019-AC1,Recuento de Estafilococos coagulasa +,244271,0,N,0.000
M-027,Recuento de E. coli,244271,<1,N,1.000
AMONI-CI-P,Amonio,244272,<0.15,N,0.000
D_CONDUCT,Conductividad a 20 ºC,244272,760,N,759.900
D_OXIDABIL,Oxidabilidad,244272,0.98,N,0.980
D_PH,pH,244272,7.5,N,7.540
D_PH,pH,244272,7.5,N,7.540
D_TURBIDEZ,Turbidez,244272,<0.20,N,0.140
M-019-AC1,Recuento de Estafilococos coagulasa +,244272,0,N,0.000
M-027,Recuento de E. coli,244272,<1,N,1.000
M-027,Recuento de bacterias coliformes,244272,<1,N,1.000
M-034,Recuento de Pseudomonas aeruginosa,244272,<1,N,1.000
AMONI-CI-P,Amonio,244273,<0.15,N,0.020
D_CONDUCT,Conductividad a 20 ºC,244273,826,N,825.600
D_OXIDABIL,Oxidabilidad,244273,1.14,N,1.140
D_PH,pH,244273,7.5,N,7.530
D_PH,pH,244273,7.5,N,7.530
D_TURBIDEZ,Turbidez,244273,0.48,N,0.480
M-034,Recuento de Pseudomonas aeruginosa,244273,<1,N,1.000
M-019-AC1,Recuento de Estafilococos coagulasa +,244273,0,N,0.000
M-027,Recuento de E. coli,244273,<1,N,1.000
M-027,Recuento de bacterias coliformes,244273,<1,N,1.000
AMONI-CI-P,Amonio,244274,<0.15,N,0.012
D_CONDUCT,Conductividad a 20 ºC,244274,577,N,577.200
D_OXIDABIL,Oxidabilidad,244274,0.92,N,0.920
D_PH,pH,244274,7.4,N,7.380
D_PH,pH,244274,7.4,N,7.380
D_TURBIDEZ,Turbidez,244274,<0.20,N,0.130
M-034,Recuento de Pseudomonas aeruginosa,244274,<1,N,1.000
M-019-AC1,Recnto. Estafilococos coagulasa +,244274,Indeterminable,O,0.000
M-027,Recuento de E. coli,244274,<1,N,1.000
M-027,Recuento de bacterias coliformes,244274,<1,N,1.000
AMONI-CI-P,Amonio,244275,<0.15,N,0.050
D_CONDUCT,Conductividad a 20 ºC,244275,429,N,428.800
D_OXIDABIL,Oxidabilidad,244275,0.92,N,0.920
D_PH,pH,244275,7.2,N,7.240
D_PH,pH,244275,7.2,N,7.240
D_TURBIDEZ,Turbidez,244275,<0.20,N,0.120
M-034,Recuento de Pseudomonas aeruginosa,244275,<1,N,1.000
M-019-AC1,Recuento de Estafilococos coagulasa +,244275,0,N,0.000
M-027,Recuento de E. coli,244275,<1,N,1.000
M-027,Recuento de bacterias coliformes,244275,<1,N,1.000
AMONI-CI-P,Amonio,244276,<0.15,N,0.000
D_CONDUCT,Conductividad a 20 ºC,244276,719,N,718.800
D_OXIDABIL,Oxidabilidad,244276,1.12,N,1.120
D_PH,pH,244276,7.2,N,7.210
D_PH,pH,244276,7.2,N,7.200
D_TURBIDEZ,Turbidez,244276,<0.20,N,0.150
M-034,Recuento de Pseudomonas aeruginosa,244276,<1,N,1.000
M-019-AC1,Recuento de Estafilococos coagulasa +,244276,0,N,0.000
M-027,Recuento de E. coli,244276,<1,N,1.000
M-027,Recuento de bacterias coliformes,244276,<1,N,1.000
M-019-AC1,Recnto. Estafilococos coagulasa +,244277,Indeterminable,O,0.000
M-027,Recuento de E. coli,244277,<1,N,1.000
M-027,Recuento de bacterias coliformes,244277,<1,N,1.000
AMONI-CI-P,Amonio,244277,<0.15,N,0.000
D_CONDUCT,Conductividad a 20 ºC,244277,583,N,583.200
D_OXIDABIL,Oxidabilidad,244277,1.12,N,1.120
D_PH,pH,244277,7.5,N,7.510
D_PH,pH,244277,7.5,N,7.510
D_TURBIDEZ,Turbidez,244277,<0.20,N,0.170
M-034,Recuento de Pseudomonas aeruginosa,244277,<1,N,1.000
AMONI-CI-P,Amonio,244278,<0.15,N,0.010
D_CONDUCT,Conductividad a 20 ºC,244278,829,N,828.500
D_OXIDABIL,Oxidabilidad,244278,1.12,N,1.120
D_PH,pH,244278,7.4,N,7.370
D_PH,pH,244278,7.4,N,7.370
D_TURBIDEZ,Turbidez,244278,0.21,N,0.210
M-034,Recuento de Pseudomonas aeruginosa,244278,<1,N,1.000
M-019-AC1,Recuento de Estafilococos coagulasa +,244278,<1,N,1.000
M-027,Recuento de E. coli,244278,<1,N,1.000
M-027,Recuento de bacterias coliformes,244278,<1,N,1.000
AMONI-CI-P,Amonio,244279,<0.15,N,0.030
D_CONDUCT,Conductividad a 20 ºC,244279,577,N,577.100
D_OXIDABIL,Oxidabilidad,244279,1.16,N,1.160
D_PH,pH,244279,7.5,N,7.490
D_PH,pH,244279,7.5,N,7.490
D_TURBIDEZ,Turbidez,244279,0.29,N,0.290
M-034,Recuento de Pseudomonas aeruginosa,244279,<1,N,1.000
M-019-AC1,Recnto. Estafilococos coagulasa +,244279,Indeterminable,O,0.000
M-027,Recuento de E. coli,244279,<1,N,1.000
M-027,Recuento de bacterias coliformes,244279,<1,N,1.000
M-019-AC1,Recuento de Estafilococos coagulasa +,244280,<1,N,1.000
M-034,Recuento de Pseudomonas aeruginosa,244280,<1,N,1.000
M-027,Recuento de bacterias coliformes,244280,<1,N,1.000
M-027,Recuento de E. coli,244280,<1,N,1.000
AMONI-CI-P,Amonio,244280,<0.15,N,0.150
D_CONDUCT,Conductividad a 20 ºC,244280,560,N,559.900
D_OXIDABIL,Oxidabilidad,244280,1.12,N,1.120
D_PH,pH,244280,7.5,N,7.450
D_PH,pH,244280,7.5,N,7.450
D_TURBIDEZ,Turbidez,244280,0.31,N,0.310
M-027,Recuento de bacterias coliformes,244281,<1,N,1.000
M-034,Recuento de Pseudomonas aeruginosa,244281,<1,N,1.000
M-027,Recuento de E. coli,244281,<1,N,1.000
D_PH,pH,244281,7.2,N,7.160
D_PH,pH,244281,7.2,N,7.160
D_OXIDABIL,Oxidabilidad,244281,0.60,N,0.600
D_CONDUCT,Conductividad a 20 ºC,244281,820,N,819.900
AMONI-CI-P,Amonio,244281,<0.15,N,0.000
M-019-AC1,Recuento de Estafilococos coagulasa +,244281,0,N,0.000
D_TURBIDEZ,Turbidez,244281,<0.20,N,0.100
M-027,Recuento de bacterias coliformes,244282,<1,N,1.000
D_TURBIDEZ,Turbidez,244282,<0.20,N,0.110
D_PH,pH,244282,7.3,N,7.270
D_PH,pH,244282,7.3,N,7.270
D_OXIDABIL,Oxidabilidad,244282,0.80,N,0.800
D_CONDUCT,Conductividad a 20 ºC,244282,499,N,499.300
AMONI-CI-P,Amonio,244282,<0.15,N,0.000
M-034,Recuento de Pseudomonas aeruginosa,244282,<1,N,1.000
M-019-AC1,Recuento de Estafilococos coagulasa +,244282,0,N,0.000
M-027,Recuento de E. coli,244282,<1,N,1.000
M-019-AC1,Recuento de Estafilococos coagulasa +,244283,0,N,0.000
M-027,Recuento de E. coli,244283,<1,N,1.000
M-027,Recuento de bacterias coliformes,244283,<1,N,1.000
M-034,Recuento de Pseudomonas aeruginosa,244283,<1,N,1.000
AMONI-CI-P,Amonio,244283,<0.15,N,0.000
D_CONDUCT,Conductividad a 20 ºC,244283,573,N,573.000
D_OXIDABIL,Oxidabilidad,244283,0.92,N,0.920
D_PH,pH,244283,7.5,N,7.450
D_PH,pH,244283,7.5,N,7.450
D_TURBIDEZ,Turbidez,244283,0.40,N,0.400
D_TURBIDEZ,Turbidez,244284,<0.20,N,0.110
D_PH,pH,244284,7.4,N,7.350
D_PH,pH,244284,7.4,N,7.350
D_OXIDABIL,Oxidabilidad,244284,0.88,N,0.880
D_CONDUCT,Conductividad a 20 ºC,244284,428,N,427.600
AMONI-CI-P,Amonio,244284,<0.15,N,0.000
M-034,Recuento de Pseudomonas aeruginosa,244284,<1,N,1.000
M-019-AC1,Recuento de Estafilococos coagulasa +,244284,0,N,0.000
M-027,Recuento de E. coli,244284,<1,N,1.000
M-027,Recuento de bacterias coliformes,244284,<1,N,1.000
D_TURBIDEZ,Turbidez,244285,0.40,N,0.400
D_PH,pH,244285,7.7,N,7.700
D_PH,pH,244285,7.7,N,7.700
D_OXIDABIL,Oxidabilidad,244285,1.24,N,1.240
D_CONDUCT,Conductividad a 20 ºC,244285,187,N,187.200
AMONI-CI-P,Amonio,244285,<0.15,N,0.030
M-034,Recuento de Pseudomonas aeruginosa,244285,<1,N,1.000
M-027,Recuento de bacterias coliformes,244285,<1,N,1.000
M-027,Recuento de E. coli,244285,<1,N,1.000
M-019-AC1,Recuento de Estafilococos coagulasa +,244285,0,N,0.000
AMONI-CI-P,Amonio,244286,<0.15,N,0.060
D_CONDUCT,Conductividad a 20 ºC,244286,581,N,581.200
D_OXIDABIL,Oxidabilidad,244286,1.04,N,1.040
D_PH,pH,244286,7.6,N,7.570
D_PH,pH,244286,7.6,N,7.570
D_TURBIDEZ,Turbidez,244286,0.22,N,0.220
M-034,Recuento de Pseudomonas aeruginosa,244286,<1,N,1.000
M-027,Recuento de E. coli,244286,<1,N,1.000
M-019-AC1,Recuento de Estafilococos coagulasa +,244286,0,N,0.000
M-027,Recuento de bacterias coliformes,244286,<1,N,1.000
M-019-AC1,Recuento de Estafilococos coagulasa +,244287,0,N,0.000
M-027,Recuento de E. coli,244287,<1,N,1.000
M-027,Recuento de bacterias coliformes,244287,<1,N,1.000
M-034,Recuento de Pseudomonas aeruginosa,244287,<1,N,1.000
AMONI-CI-P,Amonio,244287,<0.15,N,0.090
D_CONDUCT,Conductividad a 20 ºC,244287,825,N,824.600
D_OXIDABIL,Oxidabilidad,244287,1.36,N,1.360
D_PH,pH,244287,7.3,N,7.340
D_PH,pH,244287,7.3,N,7.340
D_TURBIDEZ,Turbidez,244287,0.36,N,0.360
M-027,Recuento de bacterias coliformes,244288,<1,N,1.000
M-027,Recuento de E. coli,244288,<1,N,1.000
M-019-AC1,Recuento de Estafilococos coagulasa +,244288,0,N,0.000
M-034,Recuento de Pseudomonas aeruginosa,244288,<1,N,1.000
D_TURBIDEZ,Turbidez,244288,0.62,N,0.620
D_PH,pH,244288,7.5,N,7.510
D_PH,pH,244288,7.5,N,7.510
D_OXIDABIL,Oxidabilidad,244288,1.36,N,1.360
D_CONDUCT,Conductividad a 20 ºC,244288,577,N,577.100
AMONI-CI-P,Amonio,244288,<0.15,N,0.030
AMONI-CI-P,Amonio,244289,0.15,N,0.150
D_CONDUCT,Conductividad a 20 ºC,244289,532,N,531.800
D_OXIDABIL,Oxidabilidad,244289,1.00,N,1.000
D_PH,pH,244289,7.5,N,7.480
D_PH,pH,244289,7.5,N,7.480
D_TURBIDEZ,Turbidez,244289,0.35,N,0.350
M-019-AC1,Recuento de Estafilococos coagulasa +,244289,0,N,0.000
M-027,Recuento de E. coli,244289,<1,N,1.000
M-034,Recuento de Pseudomonas aeruginosa,244289,<1,N,1.000
M-027,Recuento de bacterias coliformes,244289,<1,N,1.000
M-027,Recuento de bacterias coliformes,244290,<1,N,1.000
M-034,Recuento de Pseudomonas aeruginosa,244290,<1,N,1.000
M-027,Recuento de E. coli,244290,<1,N,1.000
M-019-AC1,Recuento de Estafilococos coagulasa +,244290,0,N,0.000
D_TURBIDEZ,Turbidez,244290,<0.20,N,0.130
D_PH,pH,244290,7.4,N,7.360
D_PH,pH,244290,7.4,N,7.360
D_OXIDABIL,Oxidabilidad,244290,1.08,N,1.080
D_CONDUCT,Conductividad a 20 ºC,244290,502,N,501.600
AMONI-CI-P,Amonio,244290,<0.15,N,0.005
AMONI-CI-P,Amonio,244291,<0.15,N,0.012
D_CONDUCT,Conductividad a 20 ºC,244291,823,N,823.400
D_OXIDABIL,Oxidabilidad,244291,0.60,N,0.600
D_PH,pH,244291,7.2,N,7.210
D_PH,pH,244291,7.2,N,7.210
D_TURBIDEZ,Turbidez,244291,<0.20,N,0.140
M-034,Recuento de Pseudomonas aeruginosa,244291,<1,N,1.000
M-019-AC1,Recuento de Estafilococos coagulasa +,244291,0,N,0.000
M-027,Recuento de E. coli,244291,<1,N,1.000
M-027,Recuento de bacterias coliformes,244291,<1,N,1.000
PE-IL-CL,Cloro libre,244501,0.0,N,0.000
M-033-AC2,Legionella-Volumen filtrado,244501,1,N,1.000
M-033-AC2,Legionella-Limite detección ensayo,244501,25 ufc/L,O,0.000
M-033-AC2,Legionella spp - Recuento,244501,No detectado,O,0.000
PE-IL-TEMP,Temperatura del agua,244501,51.1,N,51.100
FECHA-LEG,Análisis Legionella-Fecha de inicio,244501,10/04/2026,T,0.000
FECHA-LEG,Análisis Legionella-Fecha fin,244501,20/04/2026,T,0.000
FECHA-LEG,Análisis Legionella-Fecha de inicio,244502,10/04/2026,T,0.000
FECHA-LEG,Análisis Legionella-Fecha fin,244502,22/04/2026,T,0.000
M-033-AC2,Legionella spp - Recuento,244502,No detectado,O,0.000
M-033-AC2,Legionella-Limite detección ensayo,244502,25 ufc/L,O,0.000
M-033-AC2,Legionella-Volumen filtrado,244502,1,N,1.000
PE-IL-CL,Cloro libre,244502,0.0,N,0.000
PE-IL-TEMP,Temperatura del agua,244502,31.9,N,31.900
PE-IL-TEMP,Temperatura del agua,244503,54.2,N,54.200
PE-IL-CL,Cloro libre,244503,0.0,N,0.000
FECHA-LEG,Análisis Legionella-Fecha fin,244503,20/04/2026,T,0.000
M-033-AC2,Legionella spp - Recuento,244503,No detectado,O,0.000
M-033-AC2,Legionella-Limite detección ensayo,244503,25 ufc/L,O,0.000
M-033-AC2,Legionella-Volumen filtrado,244503,1,N,1.000
FECHA-LEG,Análisis Legionella-Fecha de inicio,244503,10/04/2026,T,0.000
PE-IL-TEMP,Temperatura del agua,244504,53,N,53.000
PE-IL-CL,Cloro libre,244504,0.0,N,0.000
M-033-AC2,Legionella-Volumen filtrado,244504,1,N,1.000
M-033-AC2,Legionella-Limite detección ensayo,244504,25 ufc/L,O,0.000
M-033-AC2,Legionella spp - Recuento,244504,No detectado,O,0.000
FECHA-LEG,Análisis Legionella-Fecha fin,244504,20/04/2026,T,0.000
FECHA-LEG,Análisis Legionella-Fecha de inicio,244504,10/04/2026,T,0.000
PE-IL-TEMP,Temperatura del agua,244505,44.2,N,44.200
FECHA-LEG,Análisis Legionella-Fecha de inicio,244505,10/04/2026,T,0.000
FECHA-LEG,Análisis Legionella-Fecha fin,244505,20/04/2026,T,0.000
M-033-AC2,Legionella spp - Recuento,244505,No detectado,O,0.000
M-033-AC2,Legionella-Limite detección ensayo,244505,25 ufc/L,O,0.000
M-033-AC2,Legionella-Volumen filtrado,244505,1,N,1.000
PE-IL-CL,Cloro libre,244505,0.0,N,0.000
PE-IL-TEMP,Temperatura del agua,244506,43.7,N,43.700
PE-IL-CL,Cloro libre,244506,0.0,N,0.000
FECHA-LEG,Análisis Legionella-Fecha fin,244506,20/04/2026,T,0.000
M-033-AC2,Legionella spp - Recuento,244506,No detectado,O,0.000
M-033-AC2,Legionella-Limite detección ensayo,244506,25 ufc/L,O,0.000
M-033-AC2,Legionella-Volumen filtrado,244506,1,N,1.000
FECHA-LEG,Análisis Legionella-Fecha de inicio,244506,10/04/2026,T,0.000
AMONI-CI-P,Amonio,244577,<0.15,N,0.000
WMM-LM-CAM,Cloro libre residual,244577,0.12,N,0.120
D_CONDUCT,Conductividad a 20 ºC,244577,166,N,166.300
D_PH,pH,244577,8.0,N,8.040
D_TURBIDEZ,Turbidez,244577,0.44,N,0.440
MET-POT-AC,Manganeso total,244577,<10.0,N,0.732
MET-POT-AC,Niquel total,244577,<5.0,N,0.627
MET-POT-AC,Plomo total,244577,<1.0,N,0.409
MET-POT-AC,Selenio total,244577,<1.0,N,0.086
NA-CI-P,Sodio,244577,3.28,N,3.280
NTRAT-CI-P,Nitratos,244577,1.09,N,1.090
NTRIT-CI-P,Nitritos,244577,<0.15,N,0.000
OXOANIONES,Bromato,244577,<2.5,N,0.000
OXOANIONES,Clorato,244577,0.070,N,0.070
M-013-AC1,Recuento de enterococos intestinales,244577,0,N,0.000
M-016-AC1,Recuento de E. coli,244577,0,N,0.000
M-016-AC1,Recuento de bacterias coliformes,244577,0,N,0.000
M-030-AC1,Recuento C. perfringens (con esporas),244577,0,N,0.000
M-068-AC1,Microorganismos cultivables a 22 °C,244577,<1,N,1.000
M-068-AC1,Microorganismos cultivables a 22 ºC,244577,0.0,K,0.000
M-068-AC1,Recuento,244577,0,K,0.000
MET-POT-AC,Aluminio total,244577,56.6,N,56.596
MET-POT-AC,Antimonio total,244577,<1.0,N,0.018
MET-POT-AC,Arsénico total,244577,<1.0,N,0.140
MET-POT-AC,Boro total,244577,<0.05,N,0.004
MET-POT-AC,Cadmio total,244577,<1.5,N,0.018
MET-POT-AC,Cobre total,244577,<0.05,N,0.006
MET-POT-AC,Cromo total,244577,<10.0,N,0.287
MET-POT-AC,Hierro total,244577,18.1,N,18.127
OXOANIONES,Clorito,244577,<0.025,N,0.000
SULFA-CI-P,Sulfatos,244577,4.4,N,4.440
THM-GCMS,Bromodiclorometano,244577,<5.0,N,4.000
THM-GCMS,Bromoformo,244577,<5.0,N,0.000
THM-GCMS,Cloroformo,244577,18.1,N,18.100
THM-GCMS,Dibromoclorometano,244577,<5.0,N,1.300
THM-GCMS,Suma Trihalometanos,244577,23.4,N,23.410
WMM-LM-CAM,Cloro combinado residual,244577,0.22,N,0.220
CLORU-CI-P,Cloruros,244577,4.30,N,4.300
SULFA-CI-P,Sulfatos,244578,15.3,N,15.280
THM-GCMS,Bromodiclorometano,244578,6.3,N,6.300
THM-GCMS,Bromoformo,244578,<5.0,N,0.000
THM-GCMS,Cloroformo,244578,20.6,N,20.600
THM-GCMS,Dibromoclorometano,244578,<5.0,N,2.100
THM-GCMS,Suma Trihalometanos,244578,29.0,N,29.040
WMM-LM-CAM,Cloro combinado residual,244578,0.16,N,0.160
WMM-LM-CAM,Cloro libre residual,244578,0.17,N,0.170
AMONI-CI-P,Amonio,244578,<0.15,N,0.000
CLORU-CI-P,Cloruros,244578,13.07,N,13.070
D_CONDUCT,Conductividad a 20 ºC,244578,198,N,197.800
D_PH,pH,244578,7.9,N,7.860
D_TURBIDEZ,Turbidez,244578,0.27,N,0.270
M-013-AC1,Recuento de enterococos intestinales,244578,0,N,0.000
M-016-AC1,Recuento de E. coli,244578,0,N,0.000
M-016-AC1,Recuento de bacterias coliformes,244578,0,N,0.000
M-030-AC1,Recuento C. perfringens (con esporas),244578,0,N,0.000
M-068-AC1,Microorganismos cultivables a 22 °C,244578,<1,N,1.000
M-068-AC1,Microorganismos cultivables a 22 ºC,244578,0.0,K,0.000
M-068-AC1,Recuento,244578,0,K,0.000
MET-POT-AC,Aluminio total,244578,150.5,N,150.526
MET-POT-AC,Antimonio total,244578,<1.0,N,0.048
MET-POT-AC,Arsénico total,244578,<1.0,N,0.232
MET-POT-AC,Boro total,244578,<0.05,N,0.015
MET-POT-AC,Cadmio total,244578,<1.5,N,0.050
MET-POT-AC,Cobre total,244578,<0.05,N,0.001
MET-POT-AC,Cromo total,244578,<10.0,N,0.502
MET-POT-AC,Hierro total,244578,17.8,N,17.849
MET-POT-AC,Manganeso total,244578,<10.0,N,0.932
MET-POT-AC,Niquel total,244578,<5.0,N,1.102
MET-POT-AC,Plomo total,244578,<1.0,N,0.076
MET-POT-AC,Selenio total,244578,<1.0,N,0.113
NA-CI-P,Sodio,244578,9.11,N,9.110
NTRAT-CI-P,Nitratos,244578,3.74,N,3.740
NTRIT-CI-P,Nitritos,244578,<0.15,N,0.000
OXOANIONES,Bromato,244578,<2.5,N,0.000
OXOANIONES,Clorato,244578,0.080,N,0.080
OXOANIONES,Clorito,244578,<0.025,N,0.000
D_PH,pH,244579,7.9,N,7.860
D_CONDUCT,Conductividad a 20 ºC,244579,196,N,196.200
M-013-AC1,Recuento de enterococos intestinales,244579,0,N,0.000
AMONI-CI-P,Amonio,244579,<0.15,N,0.000
M-016-AC1,Recuento de E. coli,244579,0,N,0.000
M-016-AC1,Recuento de bacterias coliformes,244579,0,N,0.000
M-030-AC1,Recuento C. perfringens (con esporas),244579,0,N,0.000
M-068-AC1,Microorganismos cultivables a 22 °C,244579,<1,N,1.000
M-068-AC1,Microorganismos cultivables a 22 ºC,244579,0.0,K,0.000
M-068-AC1,Recuento,244579,0,K,0.000
MET-POT-AC,Aluminio total,244579,130.9,N,130.854
MET-POT-AC,Antimonio total,244579,<1.0,N,0.043
MET-POT-AC,Arsénico total,244579,<1.0,N,0.221
MET-POT-AC,Boro total,244579,<0.05,N,0.015
MET-POT-AC,Cadmio total,244579,<1.5,N,0.030
MET-POT-AC,Cobre total,244579,<0.05,N,0.002
MET-POT-AC,Cromo total,244579,<10.0,N,0.028
MET-POT-AC,Hierro total,244579,12.7,N,12.741
MET-POT-AC,Manganeso total,244579,<10.0,N,0.739
MET-POT-AC,Niquel total,244579,<5.0,N,0.960
MET-POT-AC,Plomo total,244579,<1.0,N,0.057
MET-POT-AC,Selenio total,244579,<1.0,N,0.095
NA-CI-P,Sodio,244579,9.19,N,9.190
NTRAT-CI-P,Nitratos,244579,3.65,N,3.650
NTRIT-CI-P,Nitritos,244579,<0.15,N,0.000
OXOANIONES,Bromato,244579,<2.5,N,0.000
OXOANIONES,Clorato,244579,0.090,N,0.090
OXOANIONES,Clorito,244579,<0.025,N,0.000
SULFA-CI-P,Sulfatos,244579,15.0,N,15.010
THM-GCMS,Bromodiclorometano,244579,6.8,N,6.800
THM-GCMS,Bromoformo,244579,<5.0,N,0.000
THM-GCMS,Cloroformo,244579,23.2,N,23.200
THM-GCMS,Dibromoclorometano,244579,<5.0,N,2.400
THM-GCMS,Suma Trihalometanos,244579,32.4,N,32.350
WMM-LM-CAM,Cloro combinado residual,244579,0.13,N,0.130
WMM-LM-CAM,Cloro libre residual,244579,0.21,N,0.210
CLORU-CI-P,Cloruros,244579,13.03,N,13.030
D_TURBIDEZ,Turbidez,244579,0.24,N,0.240
AMONI-CI-P,Amonio,244580,<0.15,N,0.000
MET-POT-AC,Niquel total,244580,<5.0,N,0.991
D_CONDUCT,Conductividad a 20 ºC,244580,199,N,199.400
D_PH,pH,244580,7.9,N,7.870
D_TURBIDEZ,Turbidez,244580,0.84,N,0.840
M-013-AC1,Recuento de enterococos intestinales,244580,0,N,0.000
M-016-AC1,Recuento de E. coli,244580,0,N,0.000
M-016-AC1,Recuento de bacterias coliformes,244580,0,N,0.000
M-030-AC1,Recuento C. perfringens (con esporas),244580,0,N,0.000
M-068-AC1,Microorganismos cultivables a 22 °C,244580,<1,N,1.000
M-068-AC1,Microorganismos cultivables a 22 ºC,244580,0.0,K,0.000
M-068-AC1,Recuento,244580,0,K,0.000
MET-POT-AC,Aluminio total,244580,183.6,N,183.618
MET-POT-AC,Plomo total,244580,<1.0,N,0.906
MET-POT-AC,Selenio total,244580,<1.0,N,0.041
NA-CI-P,Sodio,244580,9.18,N,9.180
NTRAT-CI-P,Nitratos,244580,3.75,N,3.750
NTRIT-CI-P,Nitritos,244580,<0.15,N,0.000
OXOANIONES,Bromato,244580,<2.5,N,0.000
OXOANIONES,Clorato,244580,0.090,N,0.090
OXOANIONES,Clorito,244580,<0.025,N,0.000
SULFA-CI-P,Sulfatos,244580,15.3,N,15.280
THM-GCMS,Bromodiclorometano,244580,6.4,N,6.400
THM-GCMS,Bromoformo,244580,<5.0,N,0.000
THM-GCMS,Cloroformo,244580,21.8,N,21.800
THM-GCMS,Dibromoclorometano,244580,<5.0,N,2.200
THM-GCMS,Suma Trihalometanos,244580,30.4,N,30.440
WMM-LM-CAM,Cloro combinado residual,244580,0.27,N,0.270
WMM-LM-CAM,Cloro libre residual,244580,0.27,N,0.270
MET-POT-AC,Antimonio total,244580,<1.0,N,0.052
MET-POT-AC,Arsénico total,244580,<1.0,N,0.257
MET-POT-AC,Boro total,244580,<0.05,N,0.016
MET-POT-AC,Cadmio total,244580,<1.5,N,0.013
MET-POT-AC,Cobre total,244580,<0.05,N,0.002
MET-POT-AC,Cromo total,244580,<10.0,N,0.067
MET-POT-AC,Hierro total,244580,25.4,N,25.374
MET-POT-AC,Manganeso total,244580,<10.0,N,1.409
CLORU-CI-P,Cloruros,244580,13.19,N,13.190
AMONI-CI-P,Amonio,244581,<0.15,N,0.000
CLORU-CI-P,Cloruros,244581,13.01,N,13.010
D_CONDUCT,Conductividad a 20 ºC,244581,198,N,197.900
D_PH,pH,244581,7.9,N,7.870
D_TURBIDEZ,Turbidez,244581,0.30,N,0.300
M-013-AC1,Recuento de enterococos intestinales,244581,0,N,0.000
M-016-AC1,Recuento de E. coli,244581,0,N,0.000
M-016-AC1,Recuento de bacterias coliformes,244581,0,N,0.000
M-030-AC1,Recuento C. perfringens (con esporas),244581,0,N,0.000
M-068-AC1,Microorganismos cultivables a 22 °C,244581,<1,N,1.000
M-068-AC1,Microorganismos cultivables a 22 ºC,244581,0.0,K,0.000
M-068-AC1,Recuento,244581,0,K,0.000
MET-POT-AC,Aluminio total,244581,147.2,N,147.153
MET-POT-AC,Antimonio total,244581,<1.0,N,0.045
MET-POT-AC,Arsénico total,244581,<1.0,N,0.220
MET-POT-AC,Boro total,244581,<0.05,N,0.015
MET-POT-AC,Cadmio total,244581,<1.5,N,0.007
MET-POT-AC,Cobre total,244581,<0.05,N,0.001
MET-POT-AC,Cromo total,244581,<10.0,N,0.854
MET-POT-AC,Hierro total,244581,23.5,N,23.498
MET-POT-AC,Manganeso total,244581,<10.0,N,1.184
MET-POT-AC,Niquel total,244581,<5.0,N,1.029
MET-POT-AC,Plomo total,244581,<1.0,N,0.208
MET-POT-AC,Selenio total,244581,<1.0,N,0.112
NA-CI-P,Sodio,244581,9.11,N,9.110
NTRAT-CI-P,Nitratos,244581,3.72,N,3.720
NTRIT-CI-P,Nitritos,244581,<0.15,N,0.000
OXOANIONES,Bromato,244581,<2.5,N,0.000
OXOANIONES,Clorato,244581,0.090,N,0.090
OXOANIONES,Clorito,244581,<0.025,N,0.000
SULFA-CI-P,Sulfatos,244581,15.3,N,15.300
THM-GCMS,Bromodiclorometano,244581,<5.0,N,4.300
THM-GCMS,Bromoformo,244581,<5.0,N,0.000
THM-GCMS,Cloroformo,244581,15.1,N,15.100
THM-GCMS,Dibromoclorometano,244581,<5.0,N,1.600
THM-GCMS,Suma Trihalometanos,244581,21.0,N,21.040
WMM-LM-CAM,Cloro combinado residual,244581,0.11,N,0.110
WMM-LM-CAM,Cloro libre residual,244581,0.31,N,0.310
D_PH,pH,244582,7.9,N,7.900
D_CONDUCT,Conductividad a 20 ºC,244582,197,N,196.600
M-013-AC1,Recuento de enterococos intestinales,244582,0,N,0.000
M-016-AC1,Recuento de E. coli,244582,0,N,0.000
M-016-AC1,Recuento de bacterias coliformes,244582,0,N,0.000
M-030-AC1,Recuento C. perfringens (con esporas),244582,0,N,0.000
M-068-AC1,Microorganismos cultivables a 22 °C,244582,<1,N,1.000
M-068-AC1,Microorganismos cultivables a 22 ºC,244582,0.0,K,0.000
M-068-AC1,Recuento,244582,0,K,0.000
MET-POT-AC,Aluminio total,244582,195.0,N,195.029
MET-POT-AC,Antimonio total,244582,<1.0,N,0.047
MET-POT-AC,Arsénico total,244582,<1.0,N,0.254
MET-POT-AC,Boro total,244582,<0.05,N,0.015
MET-POT-AC,Cadmio total,244582,<1.5,N,0.001
MET-POT-AC,Cobre total,244582,<0.05,N,0.001
MET-POT-AC,Cromo total,244582,<10.0,N,0.513
MET-POT-AC,Hierro total,244582,27.7,N,27.712
MET-POT-AC,Manganeso total,244582,<10.0,N,1.712
MET-POT-AC,Niquel total,244582,<5.0,N,0.888
MET-POT-AC,Plomo total,244582,<1.0,N,0.086
MET-POT-AC,Selenio total,244582,<1.0,N,0.071
NA-CI-P,Sodio,244582,9.28,N,9.280
NTRAT-CI-P,Nitratos,244582,3.68,N,3.680
NTRIT-CI-P,Nitritos,244582,<0.15,N,0.000
OXOANIONES,Bromato,244582,<2.5,N,0.000
OXOANIONES,Clorato,244582,0.090,N,0.090
OXOANIONES,Clorito,244582,<0.025,N,0.000
SULFA-CI-P,Sulfatos,244582,15.2,N,15.160
THM-GCMS,Bromodiclorometano,244582,7.2,N,7.200
THM-GCMS,Bromoformo,244582,<5.0,N,0.000
THM-GCMS,Cloroformo,244582,27.6,N,27.600
THM-GCMS,Dibromoclorometano,244582,<5.0,N,1.800
THM-GCMS,Suma Trihalometanos,244582,36.7,N,36.670
WMM-LM-CAM,Cloro combinado residual,244582,0.14,N,0.140
WMM-LM-CAM,Cloro libre residual,244582,0.10,N,0.100
AMONI-CI-P,Amonio,244582,<0.15,N,0.000
CLORU-CI-P,Cloruros,244582,13.24,N,13.240
D_TURBIDEZ,Turbidez,244582,0.42,N,0.420
AMONI-CI-P,Amonio,244583,<0.15,N,0.000
MET-POT-AC,Arsénico total,244583,<1.0,N,0.296
D_CONDUCT,Conductividad a 20 ºC,244583,192,N,192.400
D_PH,pH,244583,7.9,N,7.910
D_TURBIDEZ,Turbidez,244583,0.75,N,0.750
M-013-AC1,Recuento de enterococos intestinales,244583,0,N,0.000
M-016-AC1,Recuento de E. coli,244583,0,N,0.000
M-016-AC1,Recuento de bacterias coliformes,244583,0,N,0.000
M-030-AC1,Recuento C. perfringens (con esporas),244583,0,N,0.000
MET-POT-AC,Boro total,244583,<0.05,N,0.014
MET-POT-AC,Cadmio total,244583,<1.5,N,0.010
MET-POT-AC,Cobre total,244583,<0.05,N,0.001
MET-POT-AC,Cromo total,244583,<10.0,N,1.012
MET-POT-AC,Hierro total,244583,42.4,N,42.423
MET-POT-AC,Manganeso total,244583,<10.0,N,3.226
MET-POT-AC,Niquel total,244583,<5.0,N,1.023
MET-POT-AC,Plomo total,244583,<1.0,N,0.158
MET-POT-AC,Selenio total,244583,<1.0,N,0.101
NA-CI-P,Sodio,244583,9.46,N,9.460
NTRAT-CI-P,Nitratos,244583,3.65,N,3.650
NTRIT-CI-P,Nitritos,244583,<0.15,N,0.000
OXOANIONES,Bromato,244583,<2.5,N,0.000
OXOANIONES,Clorato,244583,0.090,N,0.090
OXOANIONES,Clorito,244583,<0.025,N,0.000
SULFA-CI-P,Sulfatos,244583,15.1,N,15.050
THM-GCMS,Bromodiclorometano,244583,7.8,N,7.800
THM-GCMS,Bromoformo,244583,<5.0,N,0.000
THM-GCMS,Cloroformo,244583,28.6,N,28.600
THM-GCMS,Dibromoclorometano,244583,<5.0,N,2.100
THM-GCMS,Suma Trihalometanos,244583,38.5,N,38.460
WMM-LM-CAM,Cloro combinado residual,244583,0.12,N,0.120
WMM-LM-CAM,Cloro libre residual,244583,<0.10,N,0.060
M-068-AC1,Microorganismos cultivables a 22 °C,244583,<1,N,1.000
M-068-AC1,Microorganismos cultivables a 22 ºC,244583,0.0,K,0.000
M-068-AC1,Recuento,244583,0,K,0.000
MET-POT-AC,Aluminio total,244583,311.2,N,311.192
MET-POT-AC,Antimonio total,244583,<1.0,N,0.043
CLORU-CI-P,Cloruros,244583,13.52,N,13.520
AMONI-CI-P,Amonio,244584,<0.15,N,0.000
OXOANIONES,Clorato,244584,0.350,N,0.350
D_CONDUCT,Conductividad a 20 ºC,244584,190,N,189.600
D_PH,pH,244584,8.0,N,8.030
D_TURBIDEZ,Turbidez,244584,<0.20,N,0.100
M-013-AC1,Recuento de enterococos intestinales,244584,0,N,0.000
M-016-AC1,Recuento de E. coli,244584,0,N,0.000
M-016-AC1,Recuento de bacterias coliformes,244584,0,N,0.000
M-030-AC1,Recuento C. perfringens (con esporas),244584,0,N,0.000
M-068-AC1,Microorganismos cultivables a 22 °C,244584,<1,N,1.000
M-068-AC1,Microorganismos cultivables a 22 ºC,244584,0.0,K,0.000
M-068-AC1,Recuento,244584,0,K,0.000
MET-POT-AC,Aluminio total,244584,71.3,N,71.250
MET-POT-AC,Antimonio total,244584,<1.0,N,0.041
MET-POT-AC,Arsénico total,244584,<1.0,N,0.248
MET-POT-AC,Boro total,244584,<0.05,N,0.000
MET-POT-AC,Cadmio total,244584,<1.5,N,0.007
MET-POT-AC,Cobre total,244584,<0.05,N,0.002
MET-POT-AC,Cromo total,244584,<10.0,N,0.611
MET-POT-AC,Hierro total,244584,<10.0,N,7.789
MET-POT-AC,Manganeso total,244584,<10.0,N,0.231
MET-POT-AC,Niquel total,244584,<5.0,N,0.877
MET-POT-AC,Plomo total,244584,<1.0,N,0.072
MET-POT-AC,Selenio total,244584,<1.0,N,0.082
NA-CI-P,Sodio,244584,11.21,N,11.210
OXOANIONES,Clorito,244584,<0.025,N,0.000
SULFA-CI-P,Sulfatos,244584,14.2,N,14.190
THM-GCMS,Bromodiclorometano,244584,10.7,N,10.700
THM-GCMS,Bromoformo,244584,<5.0,N,0.000
THM-GCMS,Cloroformo,244584,59.9,N,59.910
THM-GCMS,Dibromoclorometano,244584,<5.0,N,2.300
THM-GCMS,Suma Trihalometanos,244584,72.8,N,72.820
WMM-LM-CAM,Cloro combinado residual,244584,0.12,N,0.120
WMM-LM-CAM,Cloro libre residual,244584,<0.10,N,0.050
NTRAT-CI-P,Nitratos,244584,3.37,N,3.370
NTRIT-CI-P,Nitritos,244584,<0.15,N,0.000
OXOANIONES,Bromato,244584,<2.5,N,0.000
CLORU-CI-P,Cloruros,244584,16.25,N,16.250
D_CONDUCT,Conductividad a 20 ºC,244587,190,N,189.900
WMM-LM-CAM,Cloro libre residual,244587,<0.10,N,0.090
D_TURBIDEZ,Turbidez,244587,0.33,N,0.330
M-016-AC1,Recuento de E. coli,244587,0,N,0.000
M-016-AC1,Recuento de bacterias coliformes,244587,0,N,0.000
M-068-AC1,Microorganismos cultivables a 22 °C,244587,<1,N,1.000
M-068-AC1,Microorganismos cultivables a 22 ºC,244587,0.0,K,0.000
M-068-AC1,Recuento,244587,0,K,0.000
MET-GRF-AC,Aluminio total,244587,89.1,N,89.108
MET-GRF-AC,Cobre total,244587,0.21,N,0.208
MET-GRF-AC,Cromo total,244587,<10.0,N,0.036
MET-GRF-AC,Hierro total,244587,122.1,N,122.062
MET-GRF-AC,Niquel total,244587,10.6,N,10.578
MET-GRF-AC,Plomo total,244587,1.2,N,1.233
WMM-LM-CAM,Cloro combinado residual,244587,0.20,N,0.200
D_PH,pH,244587,7.8,N,7.830
D_CONDUCT,Conductividad a 20 ºC,244588,186,N,186.000
WMM-LM-CAM,Cloro libre residual,244588,<0.10,N,0.090
D_TURBIDEZ,Turbidez,244588,0.23,N,0.230
M-016-AC1,Recuento de E. coli,244588,0,N,0.000
M-016-AC1,Recuento de bacterias coliformes,244588,0,N,0.000
M-068-AC1,Microorganismos cultivables a 22 °C,244588,<1,N,1.000
M-068-AC1,Microorganismos cultivables a 22 ºC,244588,0.0,K,0.000
M-068-AC1,Recuento,244588,0,K,0.000
MET-GRF-AC,Aluminio total,244588,157.5,N,157.482
MET-GRF-AC,Cobre total,244588,<0.05,N,0.032
MET-GRF-AC,Cromo total,244588,<10.0,N,0.046
MET-GRF-AC,Hierro total,244588,18.1,N,18.104
MET-GRF-AC,Niquel total,244588,<5.0,N,2.536
MET-GRF-AC,Plomo total,244588,<1.0,N,0.919
WMM-LM-CAM,Cloro combinado residual,244588,<0.10,N,0.090
D_PH,pH,244588,7.9,N,7.890
PE-IL-TEMP,Temperatura del agua,244614,56.7,N,56.700
PE-IL-CL,Cloro libre,244614,0.0,N,0.000
M-021,Recuento transformado,244614,1.0E+01,K,10.000
M-021,Recuento de Legionella pneumophila,244614,<10,N,10.000
M-021,Recuento,244614,<10,N,10.000
PE-IL-CL,Cloro libre,244615,0.0,N,0.000
M-021,Recuento transformado,244615,1.0E+01,K,10.000
M-021,Recuento de Legionella pneumophila,244615,<10,N,10.000
PE-IL-TEMP,Temperatura del agua,244615,53.8,N,53.800
M-021,Recuento,244615,<10,N,10.000
M-021,Recuento,244616,<10,N,10.000
M-021,Recuento de Legionella pneumophila,244616,<10,N,10.000
M-021,Recuento transformado,244616,1.0E+01,K,10.000
PE-IL-CL,Cloro libre,244616,0.0,N,0.000
PE-IL-TEMP,Temperatura del agua,244616,57.7,N,57.700
PE-IL-TEMP,Temperatura del agua,244617,47,N,47.000
M-021,Recuento,244617,52,N,52.000
M-021,Recuento de Legionella pneumophila,244617,52,N,52.000
M-021,Recuento transformado,244617,5.2E+01,K,52.000
PE-IL-CL,Cloro libre,244617,0.0,N,0.000
PE-IL-TEMP,Temperatura del agua,244618,51.4,N,51.400
PE-IL-CL,Cloro libre,244618,0.0,N,0.000
M-021,Recuento transformado,244618,2.2E+03,K,2200.000
M-021,Recuento de Legionella pneumophila,244618,2.2E+03,N,2200.000
M-021,Recuento,244618,2219,N,2219.000
PE-IL-TEMP,Temperatura del agua,244619,50.9,N,50.900
M-021,Recuento transformado,244619,1.0E+01,K,10.000
M-021,Recuento de Legionella pneumophila,244619,<10,N,10.000
M-021,Recuento,244619,<10,N,10.000
PE-IL-CL,Cloro libre,244619,0.0,N,0.000
PE-IL-TEMP,Temperatura del agua,244620,31.7,N,31.700
PE-IL-CL,Cloro libre,244620,0.0,N,0.000
M-021,Recuento transformado,244620,1.0E+01,K,10.000
M-021,Recuento,244620,<10,N,10.000
M-021,Recuento de Legionella pneumophila,244620,<10,N,10.000
M-021,Recuento,244621,<10,N,10.000
M-021,Recuento de Legionella pneumophila,244621,<10,N,10.000
M-021,Recuento transformado,244621,1.0E+01,K,10.000
PE-IL-TEMP,Temperatura del agua,244621,32.9,N,32.900
PE-IL-CL,Cloro libre,244621,0.0,N,0.000
PE-IL-CL,Cloro libre,244622,0.0,N,0.000
PE-IL-TEMP,Temperatura del agua,244622,46.8,N,46.800
M-021,Recuento transformado,244622,1.0E+01,K,10.000
M-021,Recuento de Legionella pneumophila,244622,<10,N,10.000
M-021,Recuento,244622,<10,N,10.000
M-021,Recuento,244628,<10,N,10.000
M-021,Recuento de Legionella pneumophila,244628,<10,N,10.000
M-021,Recuento transformado,244628,1.0E+01,K,10.000
AMONI-CI-P,Amonio,244698,<0.15,N,0.000
D_CONDUCT,Conductividad a 20 ºC,244698,563,N,562.900
M-034,Recuento de Pseudomonas aeruginosa,244698,<1,N,1.000
M-027,Recuento de bacterias coliformes,244698,<1,N,1.000
M-027,Recuento de E. coli,244698,<1,N,1.000
M-019-AC1,Recuento de Estafilococos coagulasa +,244698,0,N,0.000
D_TURBIDEZ,Turbidez,244698,<0.20,N,0.170
D_PH,pH,244698,7.5,N,7.480
D_OXIDABIL,Oxidabilidad,244698,0.84,N,0.840
AMONI-CI-P,Amonio,244699,<0.15,N,0.028
M-027,Recuento de bacterias coliformes,244699,<1,N,1.000
M-027,Recuento de E. coli,244699,<1,N,1.000
M-019-AC1,Recnto. Estafilococos coagulasa +,244699,Indeterminable,O,0.000
M-034,Recuento de Pseudomonas aeruginosa,244699,<1,N,1.000
D_TURBIDEZ,Turbidez,244699,<0.20,N,0.120
D_PH,pH,244699,7.3,N,7.300
D_OXIDABIL,Oxidabilidad,244699,0.64,N,0.640
D_CONDUCT,Conductividad a 20 ºC,244699,423,N,423.300
D_TURBIDEZ,Turbidez,244700,0.25,N,0.250
D_PH,pH,244700,7.4,N,7.370
D_OXIDABIL,Oxidabilidad,244700,1.20,N,1.200
D_CONDUCT,Conductividad a 20 ºC,244700,662,N,661.900
AMONI-CI-P,Amonio,244700,<0.15,N,0.066
M-034,Recuento de Pseudomonas aeruginosa,244700,<1,N,1.000
M-019-AC1,Recuento de Estafilococos coagulasa +,244700,0,N,0.000
M-027,Recuento de E. coli,244700,<1,N,1.000
M-027,Recuento de bacterias coliformes,244700,<1,N,1.000
D_TURBIDEZ,Turbidez,244701,<0.20,N,0.140
D_PH,pH,244701,7.4,N,7.420
D_OXIDABIL,Oxidabilidad,244701,1.04,N,1.040
D_CONDUCT,Conductividad a 20 ºC,244701,607,N,606.900
AMONI-CI-P,Amonio,244701,<0.15,N,0.010
M-034,Recuento de Pseudomonas aeruginosa,244701,<1,N,1.000
M-027,Recuento de bacterias coliformes,244701,<1,N,1.000
M-027,Recuento de E. coli,244701,<1,N,1.000
M-019-AC1,Recuento de Estafilococos coagulasa +,244701,0,N,0.000
AMONI-CI-P,Amonio,244702,<0.15,N,0.000
D_CONDUCT,Conductividad a 20 ºC,244702,916,N,915.700
D_OXIDABIL,Oxidabilidad,244702,1.08,N,1.080
D_PH,pH,244702,7.3,N,7.250
D_TURBIDEZ,Turbidez,244702,0.28,N,0.280
M-034,Recuento de Pseudomonas aeruginosa,244702,<1,N,1.000
M-027,Recuento de E. coli,244702,<1,N,1.000
M-019-AC1,Recuento de Estafilococos coagulasa +,244702,0,N,0.000
M-027,Recuento de bacterias coliformes,244702,<1,N,1.000
D_CONDUCT,Conductividad a 20 ºC,244703,548,N,547.500
D_OXIDABIL,Oxidabilidad,244703,1.56,N,1.560
D_PH,pH,244703,7.5,N,7.530
D_TURBIDEZ,Turbidez,244703,0.30,N,0.300
M-019-AC1,Recuento de Estafilococos coagulasa +,244703,<1,N,1.000
M-027,Recuento de E. coli,244703,<1,N,1.000
M-027,Recuento de bacterias coliformes,244703,<1,N,1.000
M-034,Recuento de Pseudomonas aeruginosa,244703,<1,N,1.000
AMONI-CI-P,Amonio,244703,<0.15,N,0.000
M-027,Recuento de E. coli,244704,<1,N,1.000
M-019-AC1,Recuento de Estafilococos coagulasa +,244704,0,N,0.000
M-034,Recuento de Pseudomonas aeruginosa,244704,<1,N,1.000
D_PH,pH,244704,7.6,N,7.590
D_OXIDABIL,Oxidabilidad,244704,1.08,N,1.080
D_CONDUCT,Conductividad a 20 ºC,244704,650,N,650.300
AMONI-CI-P,Amonio,244704,<0.15,N,0.010
M-027,Recuento de bacterias coliformes,244704,<1,N,1.000
D_TURBIDEZ,Turbidez,244704,0.26,N,0.260
M-027,Recuento de E. coli,244705,<1,N,1.000
M-019-AC1,Recuento de Estafilococos coagulasa +,244705,<1,N,1.000
D_TURBIDEZ,Turbidez,244705,<0.20,N,0.110
D_PH,pH,244705,7.4,N,7.370
D_OXIDABIL,Oxidabilidad,244705,0.80,N,0.800
D_CONDUCT,Conductividad a 20 ºC,244705,537,N,536.700
AMONI-CI-P,Amonio,244705,<0.15,N,0.000
M-027,Recuento de bacterias coliformes,244705,<1,N,1.000
M-034,Recuento de Pseudomonas aeruginosa,244705,<1,N,1.000
FECHA-LEG,Análisis Legionella-Fecha de inicio,244706,20/04/2026,T,0.000
M-033-AC2,Legionella-Volumen filtrado,244706,1,N,1.000
M-033-AC2,Legionella-Limite detección ensayo,244706,25 ufc/L,O,0.000
M-033-AC2,Legionella spp - Recuento,244706,No detectado,O,0.000
FECHA-LEG,Análisis Legionella-Fecha fin,244706,04/05/2026,T,0.000
D_TURBIDEZ,Turbidez,244707,<0.20,N,0.110
D_PH,pH,244707,7.1,N,7.130
D_OXIDABIL,Oxidabilidad,244707,0.76,N,0.760
D_CONDUCT,Conductividad a 20 ºC,244707,874,N,874.200
AMONI-CI-P,Amonio,244707,<0.15,N,0.000
M-034,Recuento de Pseudomonas aeruginosa,244707,<1,N,1.000
M-027,Recuento de bacterias coliformes,244707,<1,N,1.000
M-027,Recuento de E. coli,244707,<1,N,1.000
M-019-AC1,Recuento de Estafilococos coagulasa +,244707,0,N,0.000
FECHA-LEG,Análisis Legionella-Fecha fin,244708,04/05/2026,T,0.000
FECHA-LEG,Análisis Legionella-Fecha de inicio,244708,20/04/2026,T,0.000
M-033-AC2,Legionella-Limite detección ensayo,244708,25 ufc/L,O,0.000
M-033-AC2,Legionella spp - Recuento,244708,No detectado,O,0.000
M-033-AC2,Legionella-Volumen filtrado,244708,1,N,1.000
PE-IL-TEMP,Temperatura del agua,244746,53.2,N,53.200
M-021,Recuento,244746,<10,N,10.000
M-021,Recuento de Legionella pneumophila,244746,<10,N,10.000
M-021,Recuento transformado,244746,1.0E+01,K,10.000
PE-IL-CL,Cloro libre,244746,0.0,N,0.000
PE-IL-TEMP,Temperatura del agua,244747,54.2,N,54.200
PE-IL-CL,Cloro libre,244747,0.0,N,0.000
M-021,Recuento transformado,244747,1.0E+01,K,10.000
M-021,Recuento de Legionella pneumophila,244747,<10,N,10.000
M-021,Recuento,244747,<10,N,10.000
PE-IL-TEMP,Temperatura del agua,244748,44.5,N,44.500
M-021,Recuento transformado,244748,1.0E+01,K,10.000
M-021,Recuento de Legionella pneumophila,244748,<10,N,10.000
M-021,Recuento,244748,<10,N,10.000
PE-IL-CL,Cloro libre,244748,0.0,N,0.000
PE-IL-CL,Cloro libre,244750,0.0,N,0.000
M-021,Recuento transformado,244750,1.0E+01,K,10.000
PE-IL-TEMP,Temperatura del agua,244750,35.0,N,35.000
M-021,Recuento de Legionella pneumophila,244750,<10,N,10.000
M-021,Recuento,244750,<10,N,10.000
PE-IL-CL,Cloro libre,244751,0.0,N,0.000
PE-IL-TEMP,Temperatura del agua,244751,56.8,N,56.800
M-021,Recuento,244751,<10,N,10.000
M-021,Recuento de Legionella pneumophila,244751,<10,N,10.000
M-021,Recuento transformado,244751,1.0E+01,K,10.000
PE-IL-CL,Cloro libre,244752,0.0,N,0.000
PE-IL-TEMP,Temperatura del agua,244752,62.5,N,62.500
M-021,Recuento,244752,<10,N,10.000
M-021,Recuento de Legionella pneumophila,244752,<10,N,10.000
M-021,Recuento transformado,244752,1.0E+01,K,10.000
PE-IL-CL,Cloro libre,244753,0.0,N,0.000
PE-IL-TEMP,Temperatura del agua,244753,43.7,N,43.700
M-021,Recuento transformado,244753,1.0E+01,K,10.000
M-021,Recuento de Legionella pneumophila,244753,<10,N,10.000
M-021,Recuento,244753,<10,N,10.000
M-021,Recuento,244755,<10,N,10.000
M-021,Recuento de Legionella pneumophila,244755,<10,N,10.000
M-021,Recuento transformado,244755,1.0E+01,K,10.000
PE-IL-CL,Cloro libre,244755,0.0,N,0.000
PE-IL-TEMP,Temperatura del agua,244755,47,N,47.000
PE-IL-TEMP,Temperatura del agua,244756,48.7,N,48.700
M-021,Recuento,244756,<10,N,10.000
M-021,Recuento de Legionella pneumophila,244756,<10,N,10.000
M-021,Recuento transformado,244756,1.0E+01,K,10.000
PE-IL-CL,Cloro libre,244756,0.0,N,0.000
M-027,Recuento de bacterias coliformes,244758,<1,N,1.000
M-034,Recuento de Pseudomonas aeruginosa,244758,<1,N,1.000
M-027,Recuento de E. coli,244758,<1,N,1.000
M-019-AC1,Recuento de Estafilococos coagulasa +,244758,<1,N,1.000
D_TURBIDEZ,Turbidez,244758,<0.20,N,0.160
D_PH,pH,244758,7.4,N,7.430
D_OXIDABIL,Oxidabilidad,244758,1.19,N,1.190
AMONI-CI-P,Amonio,244758,<0.15,N,0.000
D_CONDUCT,Conductividad a 20 ºC,244758,592,N,592.300
M-027,Recuento de E. coli,244759,<1,N,1.000
M-027,Recuento de bacterias coliformes,244759,<1,N,1.000
M-034,Recuento de Pseudomonas aeruginosa,244759,<1,N,1.000
M-019-AC1,Recnto. Estafilococos coagulasa +,244759,Indeterminable,O,0.000
D_TURBIDEZ,Turbidez,244759,<0.20,N,0.130
D_PH,pH,244759,7.5,N,7.500
D_OXIDABIL,Oxidabilidad,244759,1.23,N,1.230
D_CONDUCT,Conductividad a 20 ºC,244759,758,N,757.500
AMONI-CI-P,Amonio,244759,<0.15,N,0.000
AMONI-CI-P,Amonio,244760,<0.15,N,0.000
D_CONDUCT,Conductividad a 20 ºC,244760,525,N,524.900
D_OXIDABIL,Oxidabilidad,244760,1.47,N,1.470
D_PH,pH,244760,7.4,N,7.380
D_TURBIDEZ,Turbidez,244760,0.26,N,0.260
M-034,Recuento de Pseudomonas aeruginosa,244760,<1,N,1.000
M-019-AC1,Recuento de Estafilococos coagulasa +,244760,0,N,0.000
M-027,Recuento de E. coli,244760,<1,N,1.000
M-027,Recuento de bacterias coliformes,244760,<1,N,1.000
D_CONDUCT,Conductividad a 20 ºC,244761,731,N,730.500
D_OXIDABIL,Oxidabilidad,244761,1.50,N,1.500
D_PH,pH,244761,7.2,N,7.240
D_TURBIDEZ,Turbidez,244761,<0.20,N,0.180
AMONI-CI-P,Amonio,244761,<0.15,N,0.000
M-019-AC1,Recuento de Estafilococos coagulasa +,244761,<1,N,1.000
M-027,Recuento de E. coli,244761,<1,N,1.000
M-027,Recuento de bacterias coliformes,244761,<1,N,1.000
M-034,Recuento de Pseudomonas aeruginosa,244761,<1,N,1.000
M-019-AC1,Recuento de Estafilococos coagulasa +,244762,0,N,0.000
M-027,Recuento de E. coli,244762,<1,N,1.000
D_TURBIDEZ,Turbidez,244762,<0.20,N,0.170
M-034,Recuento de Pseudomonas aeruginosa,244762,<1,N,1.000
AMONI-CI-P,Amonio,244762,<0.15,N,0.000
D_CONDUCT,Conductividad a 20 ºC,244762,462,N,462.000
D_OXIDABIL,Oxidabilidad,244762,0.87,N,0.870
D_PH,pH,244762,7.4,N,7.410
M-027,Recuento de bacterias coliformes,244762,<1,N,1.000
AMONI-CI-P,Amonio,244763,<0.15,N,0.000
D_CONDUCT,Conductividad a 20 ºC,244763,469,N,469.300
D_OXIDABIL,Oxidabilidad,244763,1.03,N,1.030
D_PH,pH,244763,7.2,N,7.170
D_TURBIDEZ,Turbidez,244763,0.25,N,0.250
M-034,Recuento de Pseudomonas aeruginosa,244763,<1,N,1.000
M-019-AC1,Recuento de Estafilococos coagulasa +,244763,<1,N,1.000
M-027,Recuento de E. coli,244763,<1,N,1.000
M-027,Recuento de bacterias coliformes,244763,<1,N,1.000
AMONI-CI-P,Amonio,244764,<0.15,N,0.000
D_CONDUCT,Conductividad a 20 ºC,244764,448,N,448.100
D_OXIDABIL,Oxidabilidad,244764,0.95,N,0.950
D_PH,pH,244764,7.3,N,7.280
D_TURBIDEZ,Turbidez,244764,<0.20,N,0.150
M-034,Recuento de Pseudomonas aeruginosa,244764,<1,N,1.000
M-019-AC1,Recnto. Estafilococos coagulasa +,244764,Indeterminable,O,0.000
M-027,Recuento de E. coli,244764,<1,N,1.000
M-027,Recuento de bacterias coliformes,244764,<1,N,1.000
AMONI-CI-P,Amonio,244765,<0.15,N,0.000
D_CONDUCT,Conductividad a 20 ºC,244765,968,N,968.100
D_OXIDABIL,Oxidabilidad,244765,1.39,N,1.390
D_PH,pH,244765,7.3,N,7.340
D_TURBIDEZ,Turbidez,244765,0.28,N,0.280
M-034,Recuento de Pseudomonas aeruginosa,244765,<1,N,1.000
M-019-AC1,Recuento de Estafilococos coagulasa +,244765,0,N,0.000
M-027,Recuento de E. coli,244765,<1,N,1.000
M-027,Recuento de bacterias coliformes,244765,<1,N,1.000
AMONI-CI-P,Amonio,244766,<0.15,N,0.000
D_CONDUCT,Conductividad a 20 ºC,244766,963,N,962.900
D_OXIDABIL,Oxidabilidad,244766,1.39,N,1.390
D_PH,pH,244766,7.4,N,7.400
D_TURBIDEZ,Turbidez,244766,0.25,N,0.250
M-034,Recuento de Pseudomonas aeruginosa,244766,<1,N,1.000
M-019-AC1,Recuento de Estafilococos coagulasa +,244766,<1,N,1.000
M-027,Recuento de E. coli,244766,<1,N,1.000
M-027,Recuento de bacterias coliformes,244766,<1,N,1.000
D_PH,pH,244767,7.4,N,7.380
D_TURBIDEZ,Turbidez,244767,<0.20,N,0.000
M-019-AC1,Recuento de Estafilococos coagulasa +,244767,0,N,0.000
M-027,Recuento de E. coli,244767,<1,N,1.000
M-027,Recuento de bacterias coliformes,244767,<1,N,1.000
M-034,Recuento de Pseudomonas aeruginosa,244767,<1,N,1.000
AMONI-CI-P,Amonio,244767,<0.15,N,0.000
D_CONDUCT,Conductividad a 20 ºC,244767,736,N,735.500
D_OXIDABIL,Oxidabilidad,244767,1.07,N,1.070
AMONI-CI-P,Amonio,244768,<0.15,N,0.000
D_CONDUCT,Conductividad a 20 ºC,244768,875,N,874.900
D_OXIDABIL,Oxidabilidad,244768,1.27,N,1.270
D_PH,pH,244768,7.4,N,7.410
D_TURBIDEZ,Turbidez,244768,<0.20,N,0.150
M-034,Recuento de Pseudomonas aeruginosa,244768,<1,N,1.000
M-019-AC1,Recuento de Estafilococos coagulasa +,244768,<1,N,1.000
M-027,Recuento de E. coli,244768,<1,N,1.000
M-027,Recuento de bacterias coliformes,244768,<1,N,1.000
PE-IL-TEMP,Temperatura del agua,244779,53,N,53.000
FECHA-LEG,Análisis Legionella-Fecha fin,244779,24/04/2026,T,0.000
M-026-NC1,Detección Legionella spp,244779,Detectado,O,0.000
PE-IL-CL,Cloro libre,244779,0.0,N,0.000
FECHA-LEG,Análisis Legionella-Fecha de inicio,244779,24/04/2026,T,0.000
PE-IL-CL,Cloro libre,244780,0.0,N,0.000
M-026-NC1,Detección Legionella spp,244780,Detectado,O,0.000
FECHA-LEG,Análisis Legionella-Fecha fin,244780,24/04/2026,T,0.000
FECHA-LEG,Análisis Legionella-Fecha de inicio,244780,24/04/2026,T,0.000
PE-IL-TEMP,Temperatura del agua,244780,48,N,48.000
PE-IL-TEMP,Temperatura del agua,244781,48.5,N,48.500
PE-IL-CL,Cloro libre,244781,0.0,N,0.000
M-026-NC1,Detección Legionella spp,244781,Detectado,O,0.000
FECHA-LEG,Análisis Legionella-Fecha fin,244781,24/04/2026,T,0.000
FECHA-LEG,Análisis Legionella-Fecha de inicio,244781,24/04/2026,T,0.000
FECHA-LEG,Análisis Legionella-Fecha de inicio,244782,24/04/2026,T,0.000
FECHA-LEG,Análisis Legionella-Fecha fin,244782,24/04/2026,T,0.000
M-026-NC1,Detección Legionella spp,244782,No detectado,O,0.000
PE-IL-CL,Cloro libre,244782,0.0,N,0.000
PE-IL-TEMP,Temperatura del agua,244782,52.3,N,52.300
FECHA-LEG,Análisis Legionella-Fecha de inicio,244783,24/04/2026,T,0.000
PE-IL-TEMP,Temperatura del agua,244783,44,N,44.000
PE-IL-CL,Cloro libre,244783,0.0,N,0.000
M-026-NC1,Detección Legionella spp,244783,Detectado,O,0.000
FECHA-LEG,Análisis Legionella-Fecha fin,244783,24/04/2026,T,0.000
FECHA-LEG,Análisis Legionella-Fecha de inicio,244784,24/04/2026,T,0.000
FECHA-LEG,Análisis Legionella-Fecha fin,244784,24/04/2026,T,0.000
M-026-NC1,Detección Legionella spp,244784,No detectado,O,0.000
PE-IL-CL,Cloro libre,244784,0.0,N,0.000
PE-IL-TEMP,Temperatura del agua,244784,43,N,43.000
FECHA-LEG,Análisis Legionella-Fecha de inicio,244785,24/04/2026,T,0.000
PE-IL-TEMP,Temperatura del agua,244785,24.6,N,24.600
PE-IL-CL,Cloro libre,244785,0.0,N,0.000
M-026-NC1,Detección Legionella spp,244785,Detectado,O,0.000
FECHA-LEG,Análisis Legionella-Fecha fin,244785,24/04/2026,T,0.000
FECHA-LEG,Análisis Legionella-Fecha de inicio,244786,24/04/2026,T,0.000
FECHA-LEG,Análisis Legionella-Fecha fin,244786,24/04/2026,T,0.000
M-026-NC1,Detección Legionella spp,244786,Detectado,O,0.000
PE-IL-CL,Cloro libre,244786,0.0,N,0.000
PE-IL-TEMP,Temperatura del agua,244786,56,N,56.000
AMONI-CI-P,Amonio,244904,<0.15,N,0.000
WMM-LM-CAM,Cloro libre residual,244904,0.45,N,0.450
D_CONDUCT,Conductividad a 20 ºC,244904,515,N,515.000
D_OXIDABIL,Oxidabilidad,244904,<0.50,N,0.240
D_PH,pH,244904,7.9,N,7.920
D_TURBIDEZ,Turbidez,244904,<0.20,N,0.140
M-013-AC1,Recuento de enterococos intestinales,244904,0,N,0.000
M-016-AC1,Recuento de E. coli,244904,0,N,0.000
M-016-AC1,Recuento de bacterias coliformes,244904,0,N,0.000
M-030-AC1,Recuento C. perfringens (con esporas),244904,0,N,0.000
M-068-AC1,Microorganismos cultivables a 22 °C,244904,<1,N,1.000
M-068-AC1,Microorganismos cultivables a 22 ºC,244904,0.0,K,0.000
M-068-AC1,Recuento,244904,0,K,0.000
MET-POT-AC,Aluminio total,244904,<50.0,N,25.140
MET-POT-AC,Antimonio total,244904,<1.0,N,0.100
MET-POT-AC,Arsénico total,244904,<1.0,N,0.270
MET-POT-AC,Boro total,244904,<0.05,N,0.010
MET-POT-AC,Cadmio total,244904,<1.5,N,0.010
MET-POT-AC,Cobre total,244904,<0.050,N,0.010
MET-POT-AC,Cromo total,244904,<10.0,N,0.100
MET-POT-AC,Hierro total,244904,11.2,N,11.180
MET-POT-AC,Manganeso total,244904,<10.0,N,0.090
MET-POT-AC,Niquel total,244904,<5.0,N,0.060
MET-POT-AC,Plomo total,244904,<1.0,N,0.360
MET-POT-AC,Selenio total,244904,<1.0,N,0.240
NA-CI-P,Sodio,244904,8.30,N,8.300
NTRAT-CI-P,Nitratos,244904,11.59,N,11.590
NTRIT-CI-P,Nitritos,244904,<0.15,N,0.070
OXOANIONES,Bromato,244904,<2.5,N,0.000
OXOANIONES,Clorato,244904,0.260,N,0.260
OXOANIONES,Clorito,244904,<0.025,N,0.000
SULFA-CI-P,Sulfatos,244904,10.9,N,10.870
WMM-LM-CAM,Cloro combinado residual,244904,<0.10,N,0.050
CLORU-CI-P,Cloruros,244904,11.36,N,11.360
MET-POT-AC,Arsénico total,244905,<1.0,N,0.260
M-068-AC1,Recuento,244905,0,K,0.000
MET-POT-AC,Cadmio total,244905,<1.5,N,0.010
MET-POT-AC,Cobre total,244905,<0.050,N,0.000
MET-POT-AC,Cromo total,244905,<10.0,N,0.100
MET-POT-AC,Hierro total,244905,<10.0,N,9.710
MET-POT-AC,Manganeso total,244905,<10.0,N,0.000
MET-POT-AC,Niquel total,244905,<5.0,N,0.030
MET-POT-AC,Plomo total,244905,<1.0,N,0.190
MET-POT-AC,Selenio total,244905,<1.0,N,0.300
NA-CI-P,Sodio,244905,8.60,N,8.600
NTRAT-CI-P,Nitratos,244905,12.79,N,12.790
NTRIT-CI-P,Nitritos,244905,<0.15,N,0.060
OXOANIONES,Bromato,244905,<2.5,N,0.000
OXOANIONES,Clorato,244905,0.340,N,0.340
OXOANIONES,Clorito,244905,<0.025,N,0.000
SULFA-CI-P,Sulfatos,244905,12.4,N,12.410
WMM-LM-CAM,Cloro combinado residual,244905,<0.10,N,0.040
MET-POT-AC,Aluminio total,244905,<50.0,N,7.640
MET-POT-AC,Antimonio total,244905,<1.0,N,0.080
WMM-LM-CAM,Cloro libre residual,244905,0.24,N,0.240
AMONI-CI-P,Amonio,244905,<0.15,N,0.000
CLORU-CI-P,Cloruros,244905,11.88,N,11.880
D_CONDUCT,Conductividad a 20 ºC,244905,523,N,523.300
D_OXIDABIL,Oxidabilidad,244905,<0.50,N,0.080
D_PH,pH,244905,8.0,N,8.010
D_TURBIDEZ,Turbidez,244905,<0.20,N,0.110
M-013-AC1,Recuento de enterococos intestinales,244905,0,N,0.000
M-016-AC1,Recuento de E. coli,244905,0,N,0.000
M-016-AC1,Recuento de bacterias coliformes,244905,0,N,0.000
M-030-AC1,Recuento C. perfringens (con esporas),244905,0,N,0.000
M-068-AC1,Microorganismos cultivables a 22 °C,244905,<1,N,1.000
M-068-AC1,Microorganismos cultivables a 22 ºC,244905,0.0,K,0.000
MET-POT-AC,Boro total,244905,<0.05,N,0.010
AMONI-CI-P,Amonio,244906,<0.15,N,0.000
WMM-LM-CAM,Cloro libre residual,244906,<0.10,N,0.080
D_CONDUCT,Conductividad a 20 ºC,244906,237,N,236.900
D_OXIDABIL,Oxidabilidad,244906,<0.50,N,0.440
D_PH,pH,244906,8.3,N,8.280
D_TURBIDEZ,Turbidez,244906,0.30,N,0.300
M-013-AC1,Recuento de enterococos intestinales,244906,0,N,0.000
M-016-AC1,Recuento de E. coli,244906,0,N,0.000
M-016-AC1,Recuento de bacterias coliformes,244906,0,N,0.000
M-030-AC1,Recuento C. perfringens (con esporas),244906,0,N,0.000
M-068-AC1,Microorganismos cultivables a 22 ºC,244906,5.0,K,5.000
M-068-AC1,Recnto. Microorg. cultivables a 22 ºC,244906,Estimado 5ufc/ml,O,0.000
M-068-AC1,Recuento,244906,5,K,5.000
MET-POT-AC,Aluminio total,244906,236,N,235.600
MET-POT-AC,Antimonio total,244906,<1.0,N,0.110
MET-POT-AC,Arsénico total,244906,<1.0,N,0.500
MET-POT-AC,Boro total,244906,<0.05,N,0.020
MET-POT-AC,Cadmio total,244906,<1.5,N,0.010
MET-POT-AC,Cobre total,244906,<0.050,N,0.000
MET-POT-AC,Cromo total,244906,<10.0,N,0.000
MET-POT-AC,Hierro total,244906,27.2,N,27.180
MET-POT-AC,Manganeso total,244906,14.1,N,14.060
MET-POT-AC,Niquel total,244906,<5.0,N,0.900
MET-POT-AC,Plomo total,244906,<1.0,N,0.100
MET-POT-AC,Selenio total,244906,<1.0,N,0.240
NA-CI-P,Sodio,244906,10.21,N,10.210
NTRAT-CI-P,Nitratos,244906,4.31,N,4.310
NTRIT-CI-P,Nitritos,244906,<0.15,N,0.000
OXOANIONES,Bromato,244906,<2.5,N,0.000
OXOANIONES,Clorato,244906,0.460,N,0.460
OXOANIONES,Clorito,244906,<0.025,N,0.000
SULFA-CI-P,Sulfatos,244906,16.4,N,16.420
WMM-LM-CAM,Cloro combinado residual,244906,0.11,N,0.110
CLORU-CI-P,Cloruros,244906,14.39,N,14.390
OXOANIONES,Clorito,244907,<0.025,N,0.000
SULFA-CI-P,Sulfatos,244907,18.4,N,18.430
WMM-LM-CAM,Cloro combinado residual,244907,0.15,N,0.150
WMM-LM-CAM,Cloro libre residual,244907,0.10,N,0.100
AMONI-CI-P,Amonio,244907,<0.15,N,0.000
CLORU-CI-P,Cloruros,244907,14.91,N,14.910
D_CONDUCT,Conductividad a 20 ºC,244907,280,N,280.300
D_OXIDABIL,Oxidabilidad,244907,0.84,N,0.840
D_PH,pH,244907,8.1,N,8.080
D_TURBIDEZ,Turbidez,244907,0.21,N,0.210
M-013-AC1,Recuento de enterococos intestinales,244907,0,N,0.000
M-016-AC1,Recuento de E. coli,244907,0,N,0.000
M-016-AC1,Recuento de bacterias coliformes,244907,0,N,0.000
M-030-AC1,Recuento C. perfringens (con esporas),244907,0,N,0.000
M-068-AC1,Microorganismos cultivables a 22 ºC,244907,2.0,K,2.000
M-068-AC1,Recnto. Microorg. cultivables a 22 ºC,244907,Presencia /ml,O,0.000
M-068-AC1,Recuento,244907,2,K,2.000
MET-POT-AC,Aluminio total,244907,77.5,N,77.490
MET-POT-AC,Antimonio total,244907,<1.0,N,0.120
MET-POT-AC,Arsénico total,244907,<1.0,N,0.410
MET-POT-AC,Boro total,244907,<0.05,N,0.020
MET-POT-AC,Cadmio total,244907,<1.5,N,0.010
MET-POT-AC,Cobre total,244907,<0.050,N,0.000
MET-POT-AC,Cromo total,244907,<10.0,N,-0.080
MET-POT-AC,Hierro total,244907,<10.0,N,7.810
MET-POT-AC,Manganeso total,244907,<10.0,N,0.720
MET-POT-AC,Niquel total,244907,<5.0,N,0.430
MET-POT-AC,Plomo total,244907,<1.0,N,0.130
MET-POT-AC,Selenio total,244907,<1.0,N,0.300
NA-CI-P,Sodio,244907,10.67,N,10.670
NTRAT-CI-P,Nitratos,244907,5.01,N,5.010
NTRIT-CI-P,Nitritos,244907,<0.15,N,0.000
OXOANIONES,Bromato,244907,<2.5,N,0.000
OXOANIONES,Clorato,244907,0.280,N,0.280
AMONI-CI-P,Amonio,244908,<0.15,N,0.000
WMM-LM-CAM,Cloro libre residual,244908,<0.10,N,0.050
D_CONDUCT,Conductividad a 20 ºC,244908,284,N,283.800
D_OXIDABIL,Oxidabilidad,244908,0.88,N,0.880
D_PH,pH,244908,8.1,N,8.050
D_TURBIDEZ,Turbidez,244908,<0.20,N,0.180
M-013-AC1,Recuento de enterococos intestinales,244908,0,N,0.000
M-016-AC1,Recuento de E. coli,244908,0,N,0.000
M-016-AC1,Recuento de bacterias coliformes,244908,0,N,0.000
M-030-AC1,Recuento C. perfringens (con esporas),244908,0,N,0.000
M-068-AC1,Microorganismos cultivables a 22 ºC,244908,1.0,K,1.000
M-068-AC1,Recnto. Microorg. cultivables a 22 ºC,244908,Presencia / ml,O,0.000
M-068-AC1,Recuento,244908,1,K,1.000
MET-POT-AC,Aluminio total,244908,86.1,N,86.100
MET-POT-AC,Antimonio total,244908,<1.0,N,0.120
MET-POT-AC,Arsénico total,244908,<1.0,N,0.430
MET-POT-AC,Boro total,244908,<0.05,N,0.020
MET-POT-AC,Cadmio total,244908,<1.5,N,0.010
MET-POT-AC,Cobre total,244908,<0.050,N,0.000
MET-POT-AC,Cromo total,244908,<10.0,N,-0.070
MET-POT-AC,Hierro total,244908,<10.0,N,8.800
MET-POT-AC,Manganeso total,244908,<10.0,N,0.950
MET-POT-AC,Niquel total,244908,<5.0,N,0.650
MET-POT-AC,Plomo total,244908,<1.0,N,0.080
MET-POT-AC,Selenio total,244908,<1.0,N,0.240
NA-CI-P,Sodio,244908,10.29,N,10.290
NTRAT-CI-P,Nitratos,244908,5.08,N,5.080
NTRIT-CI-P,Nitritos,244908,<0.15,N,0.000
OXOANIONES,Bromato,244908,<2.5,N,0.000
OXOANIONES,Clorato,244908,0.260,N,0.260
OXOANIONES,Clorito,244908,<0.025,N,0.000
SULFA-CI-P,Sulfatos,244908,18.5,N,18.540
WMM-LM-CAM,Cloro combinado residual,244908,0.10,N,0.100
CLORU-CI-P,Cloruros,244908,14.23,N,14.230
AMONI-CI-P,Amonio,244909,<0.15,N,0.000
OXOANIONES,Bromato,244909,<2.5,N,0.000
D_CONDUCT,Conductividad a 20 ºC,244909,274,N,273.900
D_OXIDABIL,Oxidabilidad,244909,0.88,N,0.880
D_PH,pH,244909,8.0,N,8.000
D_TURBIDEZ,Turbidez,244909,<0.20,N,0.170
M-013-AC1,Recuento de enterococos intestinales,244909,0,N,0.000
M-016-AC1,Recuento de E. coli,244909,0,N,0.000
M-016-AC1,Recuento de bacterias coliformes,244909,0,N,0.000
M-030-AC1,Recuento C. perfringens (con esporas),244909,0,N,0.000
M-068-AC1,Microorganismos cultivables a 22 °C,244909,<1,N,1.000
M-068-AC1,Microorganismos cultivables a 22 ºC,244909,0.0,K,0.000
M-068-AC1,Recuento,244909,0,K,0.000
MET-POT-AC,Aluminio total,244909,73.6,N,73.580
MET-POT-AC,Antimonio total,244909,<1.0,N,0.110
MET-POT-AC,Arsénico total,244909,<1.0,N,0.440
MET-POT-AC,Boro total,244909,<0.05,N,0.020
MET-POT-AC,Cadmio total,244909,<1.5,N,0.020
MET-POT-AC,Cobre total,244909,<0.050,N,0.000
MET-POT-AC,Cromo total,244909,<10.0,N,-0.060
OXOANIONES,Clorato,244909,0.330,N,0.330
OXOANIONES,Clorito,244909,<0.025,N,0.000
SULFA-CI-P,Sulfatos,244909,18.3,N,18.320
WMM-LM-CAM,Cloro combinado residual,244909,0.11,N,0.110
WMM-LM-CAM,Cloro libre residual,244909,<0.10,N,0.040
MET-POT-AC,Hierro total,244909,14.9,N,14.850
MET-POT-AC,Manganeso total,244909,<10.0,N,0.750
MET-POT-AC,Niquel total,244909,<5.0,N,0.410
MET-POT-AC,Plomo total,244909,<1.0,N,0.100
MET-POT-AC,Selenio total,244909,<1.0,N,0.230
NA-CI-P,Sodio,244909,10.70,N,10.700
NTRAT-CI-P,Nitratos,244909,5.02,N,5.020
NTRIT-CI-P,Nitritos,244909,<0.15,N,0.000
CLORU-CI-P,Cloruros,244909,15.40,N,15.400
D_PH,pH,244910,8.1,N,8.120
D_TURBIDEZ,Turbidez,244910,0.30,N,0.300
M-013-AC1,Recuento de enterococos intestinales,244910,0,N,0.000
M-016-AC1,Recuento de E. coli,244910,0,N,0.000
M-016-AC1,Recuento de bacterias coliformes,244910,0,N,0.000
M-030-AC1,Recuento C. perfringens (con esporas),244910,0,N,0.000
M-068-AC1,Microorganismos cultivables a 22 °C,244910,<1,N,1.000
M-068-AC1,Microorganismos cultivables a 22 ºC,244910,0.0,K,0.000
M-068-AC1,Recuento,244910,0,K,0.000
MET-POT-AC,Aluminio total,244910,69.9,N,69.900
MET-POT-AC,Antimonio total,244910,<1.0,N,0.070
MET-POT-AC,Arsénico total,244910,<1.0,N,0.160
MET-POT-AC,Boro total,244910,<0.05,N,0.010
MET-POT-AC,Cadmio total,244910,<1.5,N,0.010
MET-POT-AC,Cobre total,244910,<0.050,N,0.000
MET-POT-AC,Cromo total,244910,<10.0,N,-0.020
MET-POT-AC,Hierro total,244910,29.2,N,29.170
MET-POT-AC,Manganeso total,244910,<10.0,N,0.230
MET-POT-AC,Niquel total,244910,<5.0,N,0.400
MET-POT-AC,Plomo total,244910,<1.0,N,0.090
MET-POT-AC,Selenio total,244910,<1.0,N,0.170
NA-CI-P,Sodio,244910,7.12,N,7.120
NTRAT-CI-P,Nitratos,244910,<1.00,N,0.970
NTRIT-CI-P,Nitritos,244910,<0.15,N,0.000
OXOANIONES,Bromato,244910,<2.5,N,0.000
OXOANIONES,Clorato,244910,0.280,N,0.280
OXOANIONES,Clorito,244910,<0.025,N,0.000
SULFA-CI-P,Sulfatos,244910,12.6,N,12.600
WMM-LM-CAM,Cloro combinado residual,244910,0.20,N,0.200
WMM-LM-CAM,Cloro libre residual,244910,0.65,N,0.650
AMONI-CI-P,Amonio,244910,<0.15,N,0.000
CLORU-CI-P,Cloruros,244910,7.78,N,7.780
D_CONDUCT,Conductividad a 20 ºC,244910,156,N,156.100
D_OXIDABIL,Oxidabilidad,244910,0.56,N,0.560
AMONI-CI-P,Amonio,244911,<0.15,N,0.000
WMM-LM-CAM,Cloro libre residual,244911,0.67,N,0.670
D_CONDUCT,Conductividad a 20 ºC,244911,282,N,281.600
D_OXIDABIL,Oxidabilidad,244911,0.96,N,0.960
D_PH,pH,244911,8.1,N,8.140
D_TURBIDEZ,Turbidez,244911,<0.20,N,0.160
M-013-AC1,Recuento de enterococos intestinales,244911,0,N,0.000
M-016-AC1,Recuento de E. coli,244911,0,N,0.000
M-016-AC1,Recuento de bacterias coliformes,244911,0,N,0.000
M-030-AC1,Recuento C. perfringens (con esporas),244911,0,N,0.000
M-068-AC1,Microorganismos cultivables a 22 °C,244911,<1,N,1.000
M-068-AC1,Microorganismos cultivables a 22 ºC,244911,0.0,K,0.000
M-068-AC1,Recuento,244911,0,K,0.000
MET-POT-AC,Aluminio total,244911,65.8,N,65.780
MET-POT-AC,Antimonio total,244911,<1.0,N,0.110
MET-POT-AC,Arsénico total,244911,<1.0,N,0.420
MET-POT-AC,Boro total,244911,<0.05,N,0.020
MET-POT-AC,Cadmio total,244911,<1.5,N,0.010
MET-POT-AC,Cobre total,244911,<0.050,N,0.000
MET-POT-AC,Cromo total,244911,<10.0,N,-0.040
MET-POT-AC,Hierro total,244911,<10.0,N,5.370
MET-POT-AC,Manganeso total,244911,<10.0,N,0.290
MET-POT-AC,Niquel total,244911,<5.0,N,0.600
MET-POT-AC,Plomo total,244911,<1.0,N,0.090
MET-POT-AC,Selenio total,244911,<1.0,N,0.150
NA-CI-P,Sodio,244911,10.58,N,10.580
NTRAT-CI-P,Nitratos,244911,5.27,N,5.270
NTRIT-CI-P,Nitritos,244911,<0.15,N,0.000
OXOANIONES,Bromato,244911,<2.5,N,0.000
OXOANIONES,Clorato,244911,0.250,N,0.250
OXOANIONES,Clorito,244911,<0.025,N,0.000
SULFA-CI-P,Sulfatos,244911,18.8,N,18.840
WMM-LM-CAM,Cloro combinado residual,244911,0.15,N,0.150
CLORU-CI-P,Cloruros,244911,14.69,N,14.690
M-013-AC1,Recuento de enterococos intestinales,244928,0,N,0.000
M-016-AC1,Recuento de E. coli,244928,0,N,0.000
MET-POT-AC,Cromo total,244928,<10.0,N,0.010
MET-POT-AC,Hierro total,244928,13.7,N,13.660
MET-POT-AC,Manganeso total,244928,<10.0,N,0.790
MET-POT-AC,Niquel total,244928,<5.0,N,0.590
MET-POT-AC,Plomo total,244928,<1.0,N,0.150
MET-POT-AC,Selenio total,244928,<1.0,N,0.110
NA-CI-P,Sodio,244928,9.70,N,9.700
NTRAT-CI-P,Nitratos,244928,5.35,N,5.350
NTRIT-CI-P,Nitritos,244928,<0.15,N,0.000
OXOANIONES,Bromato,244928,<2.5,N,0.000
OXOANIONES,Clorato,244928,0.150,N,0.150
OXOANIONES,Clorito,244928,<0.025,N,0.000
M-016-AC1,Recuento de bacterias coliformes,244928,0,N,0.000
M-030-AC1,Recuento C. perfringens (con esporas),244928,0,N,0.000
M-068-AC1,Microorganismos cultivables a 22 °C,244928,<1,N,1.000
M-068-AC1,Microorganismos cultivables a 22 ºC,244928,0.0,K,0.000
M-068-AC1,Recuento,244928,0,K,0.000
MET-POT-AC,Aluminio total,244928,135,N,135.210
MET-POT-AC,Antimonio total,244928,<1.0,N,0.140
MET-POT-AC,Arsénico total,244928,<1.0,N,0.420
MET-POT-AC,Boro total,244928,<0.05,N,0.020
MET-POT-AC,Cadmio total,244928,<1.5,N,0.000
MET-POT-AC,Cobre total,244928,<0.050,N,0.000
SULFA-CI-P,Sulfatos,244928,19.2,N,19.150
WMM-LM-CAM,Cloro combinado residual,244928,0.13,N,0.130
WMM-LM-CAM,Cloro libre residual,244928,<0.10,N,0.030
AMONI-CI-P,Amonio,244928,<0.15,N,0.000
CLORU-CI-P,Cloruros,244928,13.53,N,13.530
D_CONDUCT,Conductividad a 20 ºC,244928,283,N,282.700
D_OXIDABIL,Oxidabilidad,244928,0.76,N,0.760
D_PH,pH,244928,8.1,N,8.120
D_TURBIDEZ,Turbidez,244928,0.30,N,0.300
AMONI-CI-P,Amonio,244929,<0.15,N,0.060
WMM-LM-CAM,Cloro libre residual,244929,<0.10,N,0.000
D_CONDUCT,Conductividad a 20 ºC,244929,281,N,281.100
D_OXIDABIL,Oxidabilidad,244929,0.80,N,0.800
D_PH,pH,244929,8.3,N,8.260
D_TURBIDEZ,Turbidez,244929,<0.20,N,0.130
M-013-AC1,Recuento de enterococos intestinales,244929,0,N,0.000
M-016-AC1,Recuento de E. coli,244929,0,N,0.000
M-016-AC1,Recuento de bacterias coliformes,244929,0,N,0.000
M-030-AC1,Recuento C. perfringens (con esporas),244929,0,N,0.000
M-068-AC1,Microorganismos cultivables a 22 °C,244929,10,N,10.000
M-068-AC1,Microorganismos cultivables a 22 ºC,244929,1.0E+01,K,10.000
M-068-AC1,Recuento,244929,10,K,10.000
MET-POT-AC,Aluminio total,244929,114,N,114.470
MET-POT-AC,Antimonio total,244929,<1.0,N,0.120
MET-POT-AC,Arsénico total,244929,<1.0,N,0.390
MET-POT-AC,Boro total,244929,<0.05,N,0.020
MET-POT-AC,Cadmio total,244929,<1.5,N,0.000
MET-POT-AC,Cobre total,244929,<0.050,N,0.000
MET-POT-AC,Cromo total,244929,<10.0,N,-0.030
MET-POT-AC,Hierro total,244929,<10.0,N,6.340
MET-POT-AC,Manganeso total,244929,<10.0,N,0.060
MET-POT-AC,Niquel total,244929,<5.0,N,0.470
MET-POT-AC,Plomo total,244929,<1.0,N,0.030
MET-POT-AC,Selenio total,244929,<1.0,N,0.130
NA-CI-P,Sodio,244929,10.08,N,10.080
NTRAT-CI-P,Nitratos,244929,5.47,N,5.470
NTRIT-CI-P,Nitritos,244929,<0.15,N,0.000
OXOANIONES,Bromato,244929,<2.5,N,0.000
OXOANIONES,Clorato,244929,0.160,N,0.160
OXOANIONES,Clorito,244929,<0.025,N,0.000
SULFA-CI-P,Sulfatos,244929,19.2,N,19.210
WMM-LM-CAM,Cloro combinado residual,244929,<0.10,N,0.060
CLORU-CI-P,Cloruros,244929,14.02,N,14.020
AMONI-CI-P,Amonio,244930,<0.15,N,0.000
MET-POT-AC,Arsénico total,244930,<1.0,N,0.420
D_CONDUCT,Conductividad a 20 ºC,244930,551,N,551.100
D_OXIDABIL,Oxidabilidad,244930,1.80,N,1.800
D_PH,pH,244930,8.0,N,8.040
D_TURBIDEZ,Turbidez,244930,2.9,N,2.850
MET-POT-AC,Boro total,244930,<0.05,N,0.030
MET-POT-AC,Cadmio total,244930,<1.5,N,0.010
MET-POT-AC,Cobre total,244930,<0.050,N,0.000
MET-POT-AC,Cromo total,244930,<10.0,N,0.160
MET-POT-AC,Hierro total,244930,85.7,N,85.730
MET-POT-AC,Manganeso total,244930,<10.0,N,2.470
MET-POT-AC,Niquel total,244930,<5.0,N,0.520
MET-POT-AC,Plomo total,244930,<1.0,N,0.260
MET-POT-AC,Selenio total,244930,1.0,N,0.950
NA-CI-P,Sodio,244930,15.32,N,15.320
NTRAT-CI-P,Nitratos,244930,7.34,N,7.340
NTRIT-CI-P,Nitritos,244930,<0.15,N,0.000
OXOANIONES,Bromato,244930,<2.5,N,0.000
OXOANIONES,Clorato,244930,0.040,N,0.040
OXOANIONES,Clorito,244930,<0.025,N,0.000
SULFA-CI-P,Sulfatos,244930,32.6,N,32.590
WMM-LM-CAM,Cloro combinado residual,244930,<0.10,N,0.030
WMM-LM-CAM,Cloro libre residual,244930,<0.10,N,0.000
M-013-AC1,Recuento de enterococos intestinales,244930,3,N,3.000
M-016-AC1,Recuento de E. coli,244930,10,N,10.000
M-016-AC1,Recuento de bacterias coliformes,244930,>50,N,50.000
M-030-AC1,Recuento C. perfringens (con esporas),244930,0,N,0.000
M-068-AC1,Microorganismos cultivables a 22 °C,244930,2.7E+02,N,270.000
MET-POT-AC,Aluminio total,244930,112,N,112.330
MET-POT-AC,Antimonio total,244930,<1.0,N,0.250
CLORU-CI-P,Cloruros,244930,17.92,N,17.920
AMONI-CI-P,Amonio,244931,<0.15,N,0.000
CLORU-CI-P,Cloruros,244931,13.34,N,13.340
D_CONDUCT,Conductividad a 20 ºC,244931,277,N,277.300
D_OXIDABIL,Oxidabilidad,244931,0.64,N,0.640
D_PH,pH,244931,8.3,N,8.290
D_TURBIDEZ,Turbidez,244931,<0.20,N,0.170
M-013-AC1,Recuento de enterococos intestinales,244931,0,N,0.000
M-016-AC1,Recuento de E. coli,244931,0,N,0.000
M-016-AC1,Recuento de bacterias coliformes,244931,0,N,0.000
M-030-AC1,Recuento C. perfringens (con esporas),244931,0,N,0.000
M-068-AC1,Microorganismos cultivables a 22 ºC,244931,2.0,K,2.000
M-068-AC1,Recnto. Microorg. cultivables  a 22 ºC,244931,Presencia/mL,O,0.000
M-068-AC1,Recuento,244931,2,K,2.000
MET-POT-AC,Aluminio total,244931,67.0,N,67.030
MET-POT-AC,Antimonio total,244931,<1.0,N,0.110
MET-POT-AC,Arsénico total,244931,<1.0,N,0.380
MET-POT-AC,Boro total,244931,<0.05,N,0.020
MET-POT-AC,Cadmio total,244931,<1.5,N,0.010
MET-POT-AC,Cobre total,244931,<0.050,N,0.000
MET-POT-AC,Cromo total,244931,<10.0,N,-0.040
MET-POT-AC,Hierro total,244931,<10.0,N,6.980
MET-POT-AC,Manganeso total,244931,<10.0,N,0.070
MET-POT-AC,Niquel total,244931,<5.0,N,0.490
MET-POT-AC,Plomo total,244931,<1.0,N,0.020
MET-POT-AC,Selenio total,244931,<1.0,N,0.130
NA-CI-P,Sodio,244931,9.55,N,9.550
NTRAT-CI-P,Nitratos,244931,5.21,N,5.210
NTRIT-CI-P,Nitritos,244931,<0.15,N,0.000
OXOANIONES,Bromato,244931,<2.5,N,0.000
OXOANIONES,Clorato,244931,0.120,N,0.120
OXOANIONES,Clorito,244931,<0.025,N,0.000
SULFA-CI-P,Sulfatos,244931,18.7,N,18.650
WMM-LM-CAM,Cloro combinado residual,244931,<0.10,N,0.000
WMM-LM-CAM,Cloro libre residual,244931,<0.10,N,0.000
AMONI-CI-P,Amonio,244932,<0.15,N,0.000
WMM-LM-CAM,Cloro libre residual,244932,<0.10,N,0.000
D_CONDUCT,Conductividad a 20 ºC,244932,279,N,279.000
D_OXIDABIL,Oxidabilidad,244932,0.72,N,0.720
D_PH,pH,244932,8.3,N,8.290
D_TURBIDEZ,Turbidez,244932,<0.20,N,0.140
M-013-AC1,Recuento de enterococos intestinales,244932,0,N,0.000
M-016-AC1,Recuento de E. coli,244932,0,N,0.000
M-016-AC1,Recuento de bacterias coliformes,244932,0,N,0.000
M-030-AC1,Recuento C. perfringens (con esporas),244932,0,N,0.000
M-068-AC1,Microorganismos cultivables a 22 °C,244932,<1,N,1.000
M-068-AC1,Microorganismos cultivables a 22 ºC,244932,0.0,K,0.000
M-068-AC1,Recuento,244932,0,K,0.000
MET-POT-AC,Aluminio total,244932,96.6,N,96.610
MET-POT-AC,Antimonio total,244932,<1.0,N,0.110
MET-POT-AC,Arsénico total,244932,<1.0,N,0.410
MET-POT-AC,Boro total,244932,<0.05,N,0.020
MET-POT-AC,Cadmio total,244932,<1.5,N,0.000
MET-POT-AC,Cobre total,244932,<0.050,N,0.000
MET-POT-AC,Cromo total,244932,<10.0,N,-0.020
MET-POT-AC,Hierro total,244932,10.0,N,10.030
MET-POT-AC,Manganeso total,244932,<10.0,N,0.360
MET-POT-AC,Niquel total,244932,<5.0,N,0.640
MET-POT-AC,Plomo total,244932,2.2,N,2.240
MET-POT-AC,Selenio total,244932,<1.0,N,0.170
NA-CI-P,Sodio,244932,10.24,N,10.240
NTRAT-CI-P,Nitratos,244932,5.27,N,5.270
NTRIT-CI-P,Nitritos,244932,<0.15,N,0.000
OXOANIONES,Bromato,244932,<2.5,N,0.000
OXOANIONES,Clorato,244932,0.210,N,0.210
OXOANIONES,Clorito,244932,<0.025,N,0.000
SULFA-CI-P,Sulfatos,244932,18.9,N,18.920
WMM-LM-CAM,Cloro combinado residual,244932,<0.10,N,0.070
CLORU-CI-P,Cloruros,244932,14.38,N,14.380
WMM-LM-CAM,Cloro combinado residual,244933,<0.10,N,0.090
M-068-AC1,Recuento,244933,2,K,2.000
MET-POT-AC,Aluminio total,244933,103,N,103.280
MET-POT-AC,Antimonio total,244933,<1.0,N,0.110
MET-POT-AC,Arsénico total,244933,<1.0,N,0.410
MET-POT-AC,Boro total,244933,<0.05,N,0.020
MET-POT-AC,Cadmio total,244933,<1.5,N,0.000
MET-POT-AC,Cobre total,244933,<0.050,N,0.000
MET-POT-AC,Cromo total,244933,<10.0,N,0.000
MET-POT-AC,Hierro total,244933,10.3,N,10.290
WMM-LM-CAM,Cloro libre residual,244933,<0.10,N,0.000
AMONI-CI-P,Amonio,244933,<0.15,N,0.000
CLORU-CI-P,Cloruros,244933,14.44,N,14.440
D_CONDUCT,Conductividad a 20 ºC,244933,277,N,277.400
D_OXIDABIL,Oxidabilidad,244933,0.76,N,0.760
D_PH,pH,244933,8.1,N,8.120
D_TURBIDEZ,Turbidez,244933,<0.20,N,0.160
M-013-AC1,Recuento de enterococos intestinales,244933,0,N,0.000
M-016-AC1,Recuento de E. coli,244933,0,N,0.000
M-016-AC1,Recuento de bacterias coliformes,244933,0,N,0.000
M-030-AC1,Recuento C. perfringens (con esporas),244933,0,N,0.000
M-068-AC1,Microorganismos cultivables a 22 ºC,244933,2.0,K,2.000
MET-POT-AC,Manganeso total,244933,<10.0,N,0.610
MET-POT-AC,Niquel total,244933,<5.0,N,0.530
MET-POT-AC,Plomo total,244933,<1.0,N,0.070
MET-POT-AC,Selenio total,244933,<1.0,N,0.160
NA-CI-P,Sodio,244933,10.25,N,10.250
NTRAT-CI-P,Nitratos,244933,5.23,N,5.230
NTRIT-CI-P,Nitritos,244933,<0.15,N,0.000
OXOANIONES,Bromato,244933,<2.5,N,0.000
OXOANIONES,Clorato,244933,0.210,N,0.210
OXOANIONES,Clorito,244933,<0.025,N,0.000
SULFA-CI-P,Sulfatos,244933,18.8,N,18.810
M-068-AC1,Recnto. Microorg. cultivables a 22 ºC,244933,Presencia/mL,O,0.000
WMM-LM-CAM,Cloro combinado residual,244934,0.10,N,0.100
SULFA-CI-P,Sulfatos,244934,6.8,N,6.760
AMONI-CI-P,Amonio,244934,<0.15,N,0.000
CLORU-CI-P,Cloruros,244934,5.91,N,5.910
D_CONDUCT,Conductividad a 20 ºC,244934,536,N,535.700
D_OXIDABIL,Oxidabilidad,244934,1.64,N,1.640
D_PH,pH,244934,7.9,N,7.880
D_TURBIDEZ,Turbidez,244934,6.0,N,6.020
M-013-AC1,Recuento de enterococos intestinales,244934,0,N,0.000
M-016-AC1,Recuento de E. coli,244934,0,N,0.000
M-016-AC1,Recuento de bacterias coliformes,244934,0,N,0.000
M-030-AC1,Recuento C. perfringens (con esporas),244934,0,N,0.000
M-068-AC1,Microorganismos cultivables a 22 ºC,244934,1.0,K,1.000
M-068-AC1,Recnto. Microorg. cultivables a 22 ºC,244934,Presencia/mL,O,0.000
M-068-AC1,Recuento,244934,1,K,1.000
MET-POT-AC,Aluminio total,244934,236,N,236.370
MET-POT-AC,Antimonio total,244934,<1.0,N,0.080
MET-POT-AC,Arsénico total,244934,<1.0,N,0.140
MET-POT-AC,Boro total,244934,<0.05,N,0.010
MET-POT-AC,Cadmio total,244934,<1.5,N,0.010
MET-POT-AC,Cobre total,244934,<0.050,N,0.000
MET-POT-AC,Cromo total,244934,<10.0,N,0.340
MET-POT-AC,Hierro total,244934,161,N,160.650
MET-POT-AC,Manganeso total,244934,<10.0,N,1.010
MET-POT-AC,Niquel total,244934,<5.0,N,0.450
MET-POT-AC,Plomo total,244934,<1.0,N,0.470
MET-POT-AC,Selenio total,244934,<1.0,N,0.240
NA-CI-P,Sodio,244934,6.48,N,6.480
NTRAT-CI-P,Nitratos,244934,2.44,N,2.440
NTRIT-CI-P,Nitritos,244934,<0.15,N,0.060
OXOANIONES,Bromato,244934,<2.5,N,0.000
OXOANIONES,Clorato,244934,0.280,N,0.280
OXOANIONES,Clorito,244934,<0.025,N,0.000
WMM-LM-CAM,Cloro libre residual,244934,<0.10,N,0.000
AMONI-CI-P,Amonio,244935,<0.15,N,0.000
MET-POT-AC,Manganeso total,244935,<10.0,N,0.040
D_CONDUCT,Conductividad a 20 ºC,244935,519,N,519.000
D_OXIDABIL,Oxidabilidad,244935,1.36,N,1.360
D_PH,pH,244935,7.9,N,7.870
D_TURBIDEZ,Turbidez,244935,<0.20,N,0.190
MET-POT-AC,Niquel total,244935,<5.0,N,0.280
MET-POT-AC,Plomo total,244935,<1.0,N,0.410
MET-POT-AC,Selenio total,244935,<1.0,N,0.300
NA-CI-P,Sodio,244935,7.34,N,7.340
NTRAT-CI-P,Nitratos,244935,3.22,N,3.220
NTRIT-CI-P,Nitritos,244935,<0.15,N,0.000
OXOANIONES,Bromato,244935,<2.5,N,0.000
OXOANIONES,Clorato,244935,0.240,N,0.240
OXOANIONES,Clorito,244935,<0.025,N,0.000
SULFA-CI-P,Sulfatos,244935,9.3,N,9.260
WMM-LM-CAM,Cloro combinado residual,244935,0.12,N,0.120
WMM-LM-CAM,Cloro libre residual,244935,<0.10,N,0.000
M-013-AC1,Recuento de enterococos intestinales,244935,0,N,0.000
M-016-AC1,Recuento de E. coli,244935,0,N,0.000
M-016-AC1,Recuento de bacterias coliformes,244935,0,N,0.000
M-030-AC1,Recuento C. perfringens (con esporas),244935,0,N,0.000
M-068-AC1,Microorganismos cultivables a 22 °C,244935,<1,N,1.000
M-068-AC1,Microorganismos cultivables a 22 ºC,244935,0.0,K,0.000
M-068-AC1,Recuento,244935,0,K,0.000
MET-POT-AC,Aluminio total,244935,<50.0,N,5.990
MET-POT-AC,Antimonio total,244935,<1.0,N,0.110
MET-POT-AC,Arsénico total,244935,<1.0,N,0.120
MET-POT-AC,Boro total,244935,<0.05,N,0.010
MET-POT-AC,Cadmio total,244935,<1.5,N,0.010
MET-POT-AC,Cobre total,244935,<0.050,N,0.010
MET-POT-AC,Cromo total,244935,<10.0,N,-0.010
MET-POT-AC,Hierro total,244935,17.5,N,17.510
CLORU-CI-P,Cloruros,244935,7.24,N,7.240
MET-POT-AC,Antimonio total,244936,<1.0,N,0.120
MET-POT-AC,Arsénico total,244936,<1.0,N,0.420
MET-POT-AC,Boro total,244936,<0.05,N,0.020
MET-POT-AC,Cadmio total,244936,<1.5,N,0.000
MET-POT-AC,Cobre total,244936,<0.050,N,0.000
MET-POT-AC,Cromo total,244936,<10.0,N,-0.020
MET-POT-AC,Hierro total,244936,10.5,N,10.520
MET-POT-AC,Manganeso total,244936,<10.0,N,0.490
MET-POT-AC,Niquel total,244936,<5.0,N,0.630
MET-POT-AC,Plomo total,244936,<1.0,N,0.030
MET-POT-AC,Selenio total,244936,<1.0,N,0.250
NA-CI-P,Sodio,244936,9.88,N,9.880
AMONI-CI-P,Amonio,244936,<0.15,N,0.090
CLORU-CI-P,Cloruros,244936,13.72,N,13.720
D_CONDUCT,Conductividad a 20 ºC,244936,284,N,283.800
D_OXIDABIL,Oxidabilidad,244936,0.95,N,0.950
D_PH,pH,244936,8.1,N,8.050
D_TURBIDEZ,Turbidez,244936,<0.20,N,0.170
M-013-AC1,Recuento de enterococos intestinales,244936,1,N,1.000
M-016-AC1,Recuento de E. coli,244936,<1,N,1.000
M-016-AC1,Recuento de bacterias coliformes,244936,>100,N,100.000
M-030-AC1,Recuento C. perfringens (con esporas),244936,0,N,0.000
M-068-AC1,Microorganismos cultivables a 22 °C,244936,1.7E+02,N,170.000
M-068-AC1,Microorganismos cultivables a 22 ºC,244936,1.7E+02,K,170.000
M-068-AC1,Recuento,244936,173,K,173.000
MET-POT-AC,Aluminio total,244936,107,N,106.500
NTRAT-CI-P,Nitratos,244936,5.51,N,5.510
NTRIT-CI-P,Nitritos,244936,<0.15,N,0.000
OXOANIONES,Bromato,244936,<2.5,N,0.000
OXOANIONES,Clorato,244936,0.150,N,0.150
OXOANIONES,Clorito,244936,<0.025,N,0.000
SULFA-CI-P,Sulfatos,244936,19.5,N,19.500
WMM-LM-CAM,Cloro combinado residual,244936,0.10,N,0.100
WMM-LM-CAM,Cloro libre residual,244936,<0.10,N,0.000
M-016-AC1,Recuento de E. coli,244937,0,N,0.000
M-013-AC1,Recuento de enterococos intestinales,244937,0,N,0.000
M-030-AC1,Recuento C. perfringens (con esporas),244937,0,N,0.000
M-068-AC1,Microorganismos cultivables a 22 ºC,244937,1.0,K,1.000
M-068-AC1,Recnto. Microorg. cultivables a 22 ºC,244937,Presencia/mL,O,0.000
M-068-AC1,Recuento,244937,1,K,1.000
MET-POT-AC,Aluminio total,244937,83.3,N,83.290
MET-POT-AC,Antimonio total,244937,<1.0,N,0.110
MET-POT-AC,Arsénico total,244937,<1.0,N,0.430
MET-POT-AC,Boro total,244937,<0.05,N,0.020
MET-POT-AC,Cadmio total,244937,<1.5,N,0.000
MET-POT-AC,Cobre total,244937,<0.050,N,0.000
MET-POT-AC,Cromo total,244937,<10.0,N,-0.020
MET-POT-AC,Hierro total,244937,11.0,N,11.030
MET-POT-AC,Manganeso total,244937,<10.0,N,0.340
MET-POT-AC,Niquel total,244937,<5.0,N,0.530
MET-POT-AC,Plomo total,244937,<1.0,N,0.010
MET-POT-AC,Selenio total,244937,<1.0,N,0.120
NA-CI-P,Sodio,244937,10.56,N,10.560
NTRAT-CI-P,Nitratos,244937,5.48,N,5.480
NTRIT-CI-P,Nitritos,244937,<0.15,N,0.000
OXOANIONES,Bromato,244937,<2.5,N,0.000
OXOANIONES,Clorato,244937,0.290,N,0.290
OXOANIONES,Clorito,244937,<0.025,N,0.000
SULFA-CI-P,Sulfatos,244937,19.2,N,19.170
WMM-LM-CAM,Cloro combinado residual,244937,<0.10,N,0.060
WMM-LM-CAM,Cloro libre residual,244937,0.21,N,0.210
AMONI-CI-P,Amonio,244937,<0.15,N,0.000
CLORU-CI-P,Cloruros,244937,14.74,N,14.740
D_CONDUCT,Conductividad a 20 ºC,244937,284,N,283.800
D_OXIDABIL,Oxidabilidad,244937,0.76,N,0.760
D_PH,pH,244937,8.1,N,8.120
D_TURBIDEZ,Turbidez,244937,<0.20,N,0.130
M-016-AC1,Recuento de bacterias coliformes,244937,0,N,0.000
MET-POT-AC,Arsénico total,244938,<1.0,N,0.400
MET-POT-AC,Antimonio total,244938,<1.0,N,0.120
MET-POT-AC,Cadmio total,244938,<1.5,N,0.010
MET-POT-AC,Cobre total,244938,<0.050,N,0.000
MET-POT-AC,Cromo total,244938,<10.0,N,0.050
MET-POT-AC,Hierro total,244938,14.2,N,14.220
MET-POT-AC,Manganeso total,244938,<10.0,N,0.800
MET-POT-AC,Niquel total,244938,<5.0,N,0.580
MET-POT-AC,Plomo total,244938,<1.0,N,0.230
MET-POT-AC,Selenio total,244938,<1.0,N,0.150
NA-CI-P,Sodio,244938,9.85,N,9.850
NTRAT-CI-P,Nitratos,244938,5.39,N,5.390
NTRIT-CI-P,Nitritos,244938,<0.15,N,0.000
OXOANIONES,Bromato,244938,<2.5,N,0.000
OXOANIONES,Clorato,244938,0.150,N,0.150
OXOANIONES,Clorito,244938,<0.025,N,0.000
SULFA-CI-P,Sulfatos,244938,19.4,N,19.410
WMM-LM-CAM,Cloro combinado residual,244938,0.11,N,0.110
WMM-LM-CAM,Cloro libre residual,244938,<0.10,N,0.000
AMONI-CI-P,Amonio,244938,<0.15,N,0.000
CLORU-CI-P,Cloruros,244938,13.61,N,13.610
D_CONDUCT,Conductividad a 20 ºC,244938,282,N,282.200
D_OXIDABIL,Oxidabilidad,244938,1.04,N,1.040
D_PH,pH,244938,8.1,N,8.090
D_TURBIDEZ,Turbidez,244938,0.20,N,0.200
M-013-AC1,Recuento de enterococos intestinales,244938,0,N,0.000
M-016-AC1,Recuento de E. coli,244938,0,N,0.000
M-016-AC1,Recuento de bacterias coliformes,244938,0,N,0.000
M-030-AC1,Recuento C. perfringens (con esporas),244938,0,N,0.000
M-068-AC1,Microorganismos cultivables a 22 ºC,244938,1.0,K,1.000
M-068-AC1,Recnto. Microorg. cultivables a 22 ºC,244938,Presencia/mL,O,0.000
M-068-AC1,Recuento,244938,1,K,1.000
MET-POT-AC,Aluminio total,244938,136,N,135.840
MET-POT-AC,Boro total,244938,<0.05,N,0.020
FECHA-LEG,Análisis Legionella-Fecha de inicio,244945,08/05/2026,T,0.000
PE-IL-TEMP,Temperatura del agua,244945,47.5,N,47.500
PE-IL-CL,Cloro libre,244945,0.1,N,0.050
M-033-AC2,Legionella-Volumen filtrado,244945,1,N,1.000
M-033-AC2,Legionella-Limite detección ensayo,244945,25 ufc/L,O,0.000
M-033-AC2,Legionella spp - Recuento,244945,No detectado,O,0.000
FECHA-LEG,Análisis Legionella-Fecha fin,244945,20/05/2026,T,0.000
PE-IL-CL,Cloro libre,244946,0.0,N,0.000
M-033-AC2,Legionella-Volumen filtrado,244946,1,N,1.000
M-033-AC2,Legionella-Limite detección ensayo,244946,25 ufc/L,O,0.000
PE-IL-TEMP,Temperatura del agua,244946,53.4,N,53.400
FECHA-LEG,Análisis Legionella-Fecha fin,244946,20/05/2026,T,0.000
FECHA-LEG,Análisis Legionella-Fecha de inicio,244946,08/05/2026,T,0.000
M-033-AC2,Legionella spp - Recuento,244946,No detectado,O,0.000
FECHA-LEG,Análisis Legionella-Fecha de inicio,244947,08/05/2026,T,0.000
FECHA-LEG,Análisis Legionella-Fecha fin,244947,20/05/2026,T,0.000
PE-IL-TEMP,Temperatura del agua,244947,41.7,N,41.700
PE-IL-CL,Cloro libre,244947,0.3,N,0.280
M-033-AC2,Legionella-Volumen filtrado,244947,1,N,1.000
M-033-AC2,Legionella-Limite detección ensayo,244947,25 ufc/L,O,0.000
M-033-AC2,Legionella spp - Recuento,244947,No detectado,O,0.000
PE-IL-TEMP,Temperatura del agua,244948,18.3,N,18.300
PE-IL-CL,Cloro libre,244948,0.2,N,0.190
M-033-AC2,Legionella-Volumen filtrado,244948,1,N,1.000
M-033-AC2,Legionella-Limite detección ensayo,244948,25 ufc/L,O,0.000
M-033-AC2,Legionella spp - Recuento,244948,No detectado,O,0.000
FECHA-LEG,Análisis Legionella-Fecha fin,244948,20/05/2026,T,0.000
FECHA-LEG,Análisis Legionella-Fecha de inicio,244948,08/05/2026,T,0.000
FECHA-LEG,Análisis Legionella-Fecha fin,244949,20/05/2026,T,0.000
M-033-AC2,Legionella spp - Recuento,244949,No detectado,O,0.000
M-033-AC2,Legionella-Limite detección ensayo,244949,25 ufc/L,O,0.000
PE-IL-TEMP,Temperatura del agua,244949,58.8,N,58.800
PE-IL-CL,Cloro libre,244949,0.0,N,0.000
FECHA-LEG,Análisis Legionella-Fecha de inicio,244949,08/05/2026,T,0.000
M-033-AC2,Legionella-Volumen filtrado,244949,1,N,1.000
PE-IL-CL,Cloro libre,244950,0.0,N,0.000
M-033-AC2,Legionella-Volumen filtrado,244950,1,N,1.000
PE-IL-TEMP,Temperatura del agua,244950,60.4,N,60.400
M-033-AC2,Legionella-Limite detección ensayo,244950,25 ufc/L,O,0.000
M-033-AC2,Legionella spp - Recuento,244950,No detectado,O,0.000
FECHA-LEG,Análisis Legionella-Fecha fin,244950,18/05/2026,T,0.000
FECHA-LEG,Análisis Legionella-Fecha de inicio,244950,08/05/2026,T,0.000
WMM-LM-CAM,Cloro libre residual,244952,<0.10,N,0.000
WMM-LM-CAM,Cloro combinado residual,244952,<0.10,N,0.070
M-016-AC1,Recuento de bacterias coliformes,244952,0,N,0.000
M-016-AC1,Recuento de E. coli,244952,0,N,0.000
WMM-LM-CAM,Cloro libre residual,244953,<0.10,N,0.050
WMM-LM-CAM,Cloro combinado residual,244953,<0.10,N,0.070
M-016-AC1,Recuento de E. coli,244953,0,N,0.000
M-016-AC1,Recuento de bacterias coliformes,244953,0,N,0.000
WMM-LM-CAM,Cloro combinado residual,244954,0.10,N,0.100
M-016-AC1,Recuento de bacterias coliformes,244954,0,N,0.000
M-016-AC1,Recuento de E. coli,244954,0,N,0.000
WMM-LM-CAM,Cloro libre residual,244954,<0.10,N,0.000
D_TURBIDEZ,Turbidez,245033,0.30,N,0.300
M-013-AC1,Recuento de enterococos intestinales,245033,0,N,0.000
M-016-AC1,Recuento de E. coli,245033,0,N,0.000
M-016-AC1,Recuento de bacterias coliformes,245033,0,N,0.000
M-030-AC1,Recuento C. perfringens (con esporas),245033,0,N,0.000
M-068-AC1,Microorganismos cultivables a 22 ºC,245033,1.0,K,1.000
M-068-AC1,Recnto. microorg. cultivables a 22 °C,245033,Presencia / mL,O,0.000
M-068-AC1,Recuento,245033,1,K,1.000
MET-POT-AC,Aluminio total,245033,<50.0,N,28.640
MET-POT-AC,Antimonio total,245033,<1.0,N,0.060
MET-POT-AC,Arsénico total,245033,<1.0,N,0.140
MET-POT-AC,Boro total,245033,<0.05,N,0.000
MET-POT-AC,Cadmio total,245033,<1.5,N,0.010
MET-POT-AC,Cobre total,245033,<0.050,N,0.000
MET-POT-AC,Cromo total,245033,<10.0,N,0.150
MET-POT-AC,Hierro total,245033,14.5,N,14.490
MET-POT-AC,Manganeso total,245033,<10.0,N,0.260
MET-POT-AC,Niquel total,245033,<5.0,N,0.150
MET-POT-AC,Plomo total,245033,<1.0,N,0.270
MET-POT-AC,Selenio total,245033,<1.0,N,0.090
NA-CI-P,Sodio,245033,3.44,N,3.440
NTRAT-CI-P,Nitratos,245033,1.23,N,1.230
NTRIT-CI-P,Nitritos,245033,<0.15,N,0.000
OXOANIONES,Bromato,245033,<2.5,N,0.000
OXOANIONES,Clorato,245033,0.080,N,0.080
OXOANIONES,Clorito,245033,<0.025,N,0.000
SULFA-CI-P,Sulfatos,245033,4.6,N,4.590
WMM-LM-CAM,Cloro combinado residual,245033,<0.10,N,0.020
WMM-LM-CAM,Cloro libre residual,245033,0.12,N,0.120
AMONI-CI-P,Amonio,245033,<0.15,N,0.000
CLORU-CI-P,Cloruros,245033,4.41,N,4.410
D_CONDUCT,Conductividad a 20 ºC,245033,175,N,174.700
D_OXIDABIL,Oxidabilidad,245033,<0.50,N,0.400
D_PH,pH,245033,8.2,N,8.190
M-016-AC1,Recuento de E. coli,245034,0,N,0.000
WMM-LM-CAM,Cloro libre residual,245034,0.17,N,0.170
M-030-AC1,Recuento C. perfringens (con esporas),245034,0,N,0.000
M-068-AC1,Microorganismos cultivables a 22 °C,245034,<1,N,1.000
M-068-AC1,Microorganismos cultivables a 22 ºC,245034,0.0,K,0.000
M-068-AC1,Recuento,245034,0,K,0.000
MET-POT-AC,Aluminio total,245034,68.7,N,68.710
MET-POT-AC,Antimonio total,245034,<1.0,N,0.100
MET-POT-AC,Arsénico total,245034,<1.0,N,0.390
MET-POT-AC,Boro total,245034,<0.05,N,0.020
MET-POT-AC,Cadmio total,245034,<1.5,N,0.000
MET-POT-AC,Cobre total,245034,<0.050,N,0.000
MET-POT-AC,Cromo total,245034,<10.0,N,-0.070
MET-POT-AC,Hierro total,245034,<10.0,N,6.280
MET-POT-AC,Manganeso total,245034,<10.0,N,0.150
MET-POT-AC,Niquel total,245034,<5.0,N,0.420
MET-POT-AC,Plomo total,245034,<1.0,N,0.050
D_TURBIDEZ,Turbidez,245034,<0.20,N,0.140
M-013-AC1,Recuento de enterococos intestinales,245034,0,N,0.000
AMONI-CI-P,Amonio,245034,<0.15,N,0.000
CLORU-CI-P,Cloruros,245034,14.42,N,14.420
D_CONDUCT,Conductividad a 20 ºC,245034,276,N,275.600
D_OXIDABIL,Oxidabilidad,245034,0.71,N,0.710
D_PH,pH,245034,8.2,N,8.160
MET-POT-AC,Selenio total,245034,<1.0,N,0.130
NA-CI-P,Sodio,245034,10.29,N,10.290
NTRAT-CI-P,Nitratos,245034,5.23,N,5.230
NTRIT-CI-P,Nitritos,245034,<0.15,N,0.000
OXOANIONES,Bromato,245034,<2.5,N,0.000
OXOANIONES,Clorato,245034,0.300,N,0.300
OXOANIONES,Clorito,245034,<0.025,N,0.000
SULFA-CI-P,Sulfatos,245034,18.7,N,18.670
WMM-LM-CAM,Cloro combinado residual,245034,0.15,N,0.150
M-016-AC1,Recuento de bacterias coliformes,245034,0,N,0.000
NTRIT-CI-P,Nitritos,245035,<0.15,N,0.000
MET-POT-AC,Hierro total,245035,<10.0,N,5.550
OXOANIONES,Clorato,245035,0.110,N,0.110
OXOANIONES,Clorito,245035,<0.025,N,0.000
SULFA-CI-P,Sulfatos,245035,17.7,N,17.670
WMM-LM-CAM,Cloro combinado residual,245035,0.14,N,0.140
WMM-LM-CAM,Cloro libre residual,245035,<0.10,N,0.000
MET-POT-AC,Manganeso total,245035,<10.0,N,0.180
MET-POT-AC,Niquel total,245035,<5.0,N,0.570
MET-POT-AC,Plomo total,245035,<1.0,N,0.330
MET-POT-AC,Selenio total,245035,<1.0,N,0.080
NA-CI-P,Sodio,245035,9.33,N,9.330
NTRAT-CI-P,Nitratos,245035,4.66,N,4.660
AMONI-CI-P,Amonio,245035,<0.15,N,0.000
CLORU-CI-P,Cloruros,245035,13.25,N,13.250
D_CONDUCT,Conductividad a 20 ºC,245035,249,N,249.400
D_OXIDABIL,Oxidabilidad,245035,0.83,N,0.830
D_PH,pH,245035,8.1,N,8.050
D_TURBIDEZ,Turbidez,245035,<0.20,N,0.120
M-013-AC1,Recuento de enterococos intestinales,245035,0,N,0.000
M-016-AC1,Recuento de E. coli,245035,0,N,0.000
M-016-AC1,Recuento de bacterias coliformes,245035,0,N,0.000
M-030-AC1,Recuento C. perfringens (con esporas),245035,0,N,0.000
M-068-AC1,Microorganismos cultivables a 22 °C,245035,<1,N,1.000
M-068-AC1,Microorganismos cultivables a 22 ºC,245035,0.0,K,0.000
M-068-AC1,Recuento,245035,0,K,0.000
MET-POT-AC,Aluminio total,245035,78.8,N,78.800
MET-POT-AC,Antimonio total,245035,<1.0,N,0.090
MET-POT-AC,Arsénico total,245035,<1.0,N,0.290
MET-POT-AC,Boro total,245035,<0.05,N,0.020
MET-POT-AC,Cadmio total,245035,<1.5,N,0.000
MET-POT-AC,Cobre total,245035,<0.050,N,0.000
MET-POT-AC,Cromo total,245035,<10.0,N,-0.010
OXOANIONES,Bromato,245035,<2.5,N,0.000
AMONI-CI-P,Amonio,245036,<0.15,N,0.000
CLORU-CI-P,Cloruros,245036,13.18,N,13.180
D_CONDUCT,Conductividad a 20 ºC,245036,248,N,248.300
D_OXIDABIL,Oxidabilidad,245036,1.03,N,1.030
D_PH,pH,245036,7.9,N,7.940
D_TURBIDEZ,Turbidez,245036,0.21,N,0.210
M-013-AC1,Recuento de enterococos intestinales,245036,0,N,0.000
M-016-AC1,Recuento de E. coli,245036,0,N,0.000
M-016-AC1,Recuento de bacterias coliformes,245036,0,N,0.000
M-030-AC1,Recuento C. perfringens (con esporas),245036,0,N,0.000
M-068-AC1,Microorganismos cultivables a 22 ºC,245036,2.0,K,2.000
M-068-AC1,Recnto. microorg. cultivables a 22 °C,245036,Presencia / mL,O,0.000
M-068-AC1,Recuento,245036,2,K,2.000
MET-POT-AC,Aluminio total,245036,96.8,N,96.810
MET-POT-AC,Antimonio total,245036,<1.0,N,0.070
MET-POT-AC,Arsénico total,245036,<1.0,N,0.450
MET-POT-AC,Boro total,245036,<0.05,N,0.020
MET-POT-AC,Cadmio total,245036,<1.5,N,0.000
MET-POT-AC,Cobre total,245036,<0.050,N,0.000
MET-POT-AC,Cromo total,245036,<10.0,N,-0.080
MET-POT-AC,Hierro total,245036,<10.0,N,6.530
MET-POT-AC,Manganeso total,245036,<10.0,N,0.340
MET-POT-AC,Niquel total,245036,<5.0,N,0.460
MET-POT-AC,Plomo total,245036,<1.0,N,0.030
MET-POT-AC,Selenio total,245036,<1.0,N,0.150
NA-CI-P,Sodio,245036,9.34,N,9.340
NTRAT-CI-P,Nitratos,245036,4.64,N,4.640
NTRIT-CI-P,Nitritos,245036,<0.15,N,0.000
OXOANIONES,Bromato,245036,<2.5,N,0.000
OXOANIONES,Clorato,245036,0.110,N,0.110
OXOANIONES,Clorito,245036,<0.025,N,0.000
SULFA-CI-P,Sulfatos,245036,17.6,N,17.640
WMM-LM-CAM,Cloro combinado residual,245036,0.29,N,0.290
WMM-LM-CAM,Cloro libre residual,245036,<0.10,N,0.000
MET-POT-AC,Selenio total,245037,<1.0,N,0.080
NTRAT-CI-P,Nitratos,245037,5.19,N,5.190
NTRIT-CI-P,Nitritos,245037,<0.15,N,0.000
OXOANIONES,Bromato,245037,<2.5,N,0.000
M-013-AC1,Recuento de enterococos intestinales,245037,0,N,0.000
M-016-AC1,Recuento de E. coli,245037,0,N,0.000
M-016-AC1,Recuento de bacterias coliformes,245037,0,N,0.000
M-030-AC1,Recuento C. perfringens (con esporas),245037,0,N,0.000
M-068-AC1,Microorganismos cultivables a 22 °C,245037,<1,N,1.000
M-068-AC1,Microorganismos cultivables a 22 ºC,245037,0.0,K,0.000
M-068-AC1,Recuento,245037,0,K,0.000
MET-POT-AC,Aluminio total,245037,98.0,N,97.990
MET-POT-AC,Antimonio total,245037,<1.0,N,0.090
MET-POT-AC,Arsénico total,245037,<1.0,N,0.290
MET-POT-AC,Boro total,245037,<0.05,N,0.020
MET-POT-AC,Cadmio total,245037,<1.5,N,0.000
MET-POT-AC,Cobre total,245037,<0.050,N,0.000
MET-POT-AC,Cromo total,245037,<10.0,N,0.030
MET-POT-AC,Hierro total,245037,11.1,N,11.120
MET-POT-AC,Manganeso total,245037,<10.0,N,0.530
MET-POT-AC,Niquel total,245037,<5.0,N,0.510
MET-POT-AC,Plomo total,245037,<1.0,N,0.170
OXOANIONES,Clorato,245037,0.580,N,0.580
OXOANIONES,Clorito,245037,<0.025,N,0.000
SULFA-CI-P,Sulfatos,245037,18.6,N,18.610
WMM-LM-CAM,Cloro combinado residual,245037,0.26,N,0.260
WMM-LM-CAM,Cloro libre residual,245037,<0.10,N,0.000
AMONI-CI-P,Amonio,245037,<0.15,N,0.000
CLORU-CI-P,Cloruros,245037,15.84,N,15.840
D_CONDUCT,Conductividad a 20 ºC,245037,274,N,274.000
D_OXIDABIL,Oxidabilidad,245037,0.67,N,0.670
D_PH,pH,245037,8.4,N,8.420
D_TURBIDEZ,Turbidez,245037,<0.20,N,0.180
NA-CI-P,Sodio,245037,11.26,N,11.260
NTRAT-CI-P,Nitratos,245038,5.43,N,5.430
NA-CI-P,Sodio,245038,11.38,N,11.380
OXOANIONES,Bromato,245038,<2.5,N,0.000
OXOANIONES,Clorato,245038,0.580,N,0.580
OXOANIONES,Clorito,245038,<0.025,N,0.000
SULFA-CI-P,Sulfatos,245038,19.0,N,18.980
WMM-LM-CAM,Cloro combinado residual,245038,0.12,N,0.120
WMM-LM-CAM,Cloro libre residual,245038,<0.10,N,0.040
AMONI-CI-P,Amonio,245038,<0.15,N,0.000
CLORU-CI-P,Cloruros,245038,15.87,N,15.870
D_CONDUCT,Conductividad a 20 ºC,245038,285,N,284.600
D_OXIDABIL,Oxidabilidad,245038,0.67,N,0.670
D_PH,pH,245038,8.5,N,8.450
D_TURBIDEZ,Turbidez,245038,<0.20,N,0.110
M-013-AC1,Recuento de enterococos intestinales,245038,0,N,0.000
M-016-AC1,Recuento de E. coli,245038,0,N,0.000
M-016-AC1,Recuento de bacterias coliformes,245038,0,N,0.000
M-030-AC1,Recuento C. perfringens (con esporas),245038,0,N,0.000
M-068-AC1,Microorganismos cultivables a 22 °C,245038,<1,N,1.000
M-068-AC1,Microorganismos cultivables a 22 ºC,245038,0.0,K,0.000
M-068-AC1,Recuento,245038,0,K,0.000
MET-POT-AC,Aluminio total,245038,109,N,108.830
MET-POT-AC,Antimonio total,245038,<1.0,N,0.090
MET-POT-AC,Arsénico total,245038,<1.0,N,0.290
MET-POT-AC,Boro total,245038,<0.05,N,0.020
MET-POT-AC,Cadmio total,245038,<1.5,N,0.000
MET-POT-AC,Cobre total,245038,<0.050,N,0.000
MET-POT-AC,Cromo total,245038,<10.0,N,-0.040
MET-POT-AC,Hierro total,245038,11.6,N,11.620
MET-POT-AC,Manganeso total,245038,<10.0,N,0.390
MET-POT-AC,Niquel total,245038,<5.0,N,0.480
MET-POT-AC,Plomo total,245038,<1.0,N,0.270
MET-POT-AC,Selenio total,245038,<1.0,N,0.110
NTRIT-CI-P,Nitritos,245038,<0.15,N,0.000
AMONI-CI-P,Amonio,245039,<0.15,N,0.000
WMM-LM-CAM,Cloro libre residual,245039,<0.10,N,0.000
D_CONDUCT,Conductividad a 20 ºC,245039,279,N,279.300
D_OXIDABIL,Oxidabilidad,245039,0.71,N,0.710
D_PH,pH,245039,8.5,N,8.510
D_TURBIDEZ,Turbidez,245039,0.26,N,0.260
M-013-AC1,Recuento de enterococos intestinales,245039,0,N,0.000
M-016-AC1,Recuento de E. coli,245039,0,N,0.000
M-016-AC1,Recuento de bacterias coliformes,245039,0,N,0.000
M-030-AC1,Recuento C. perfringens (con esporas),245039,0,N,0.000
M-068-AC1,Microorganismos cultivables a 22 °C,245039,21,N,21.000
M-068-AC1,Microorganismos cultivables a 22 ºC,245039,2.1E+01,K,21.000
M-068-AC1,Recuento,245039,21,K,21.000
MET-POT-AC,Aluminio total,245039,116,N,115.990
MET-POT-AC,Antimonio total,245039,<1.0,N,0.090
MET-POT-AC,Arsénico total,245039,<1.0,N,0.450
MET-POT-AC,Boro total,245039,<0.05,N,0.020
MET-POT-AC,Cadmio total,245039,<1.5,N,0.010
MET-POT-AC,Cobre total,245039,<0.050,N,0.000
MET-POT-AC,Cromo total,245039,<10.0,N,-0.020
MET-POT-AC,Hierro total,245039,15.2,N,15.180
MET-POT-AC,Manganeso total,245039,<10.0,N,0.450
MET-POT-AC,Niquel total,245039,<5.0,N,0.740
MET-POT-AC,Plomo total,245039,<1.0,N,0.310
MET-POT-AC,Selenio total,245039,<1.0,N,0.120
NA-CI-P,Sodio,245039,11.63,N,11.630
NTRAT-CI-P,Nitratos,245039,5.34,N,5.340
NTRIT-CI-P,Nitritos,245039,<0.15,N,0.000
OXOANIONES,Bromato,245039,<2.5,N,0.000
OXOANIONES,Clorato,245039,0.600,N,0.600
OXOANIONES,Clorito,245039,<0.025,N,0.000
SULFA-CI-P,Sulfatos,245039,19.0,N,18.990
WMM-LM-CAM,Cloro combinado residual,245039,<0.10,N,0.090
CLORU-CI-P,Cloruros,245039,16.52,N,16.520
M-068-AC1,Microorganismos cultivables a 22 ºC,245040,0.0,K,0.000
M-068-AC1,Microorganismos cultivables a 22 °C,245040,<1,N,1.000
M-068-AC1,Recuento,245040,0,K,0.000
MET-POT-AC,Aluminio total,245040,111,N,110.610
MET-POT-AC,Antimonio total,245040,<1.0,N,0.060
MET-POT-AC,Arsénico total,245040,<1.0,N,0.430
MET-POT-AC,Boro total,245040,<0.05,N,0.020
MET-POT-AC,Cadmio total,245040,<1.5,N,0.000
MET-POT-AC,Cobre total,245040,<0.050,N,0.000
MET-POT-AC,Cromo total,245040,<10.0,N,-0.020
MET-POT-AC,Hierro total,245040,15.7,N,15.680
MET-POT-AC,Manganeso total,245040,<10.0,N,0.500
MET-POT-AC,Niquel total,245040,<5.0,N,0.480
MET-POT-AC,Plomo total,245040,<1.0,N,0.230
MET-POT-AC,Selenio total,245040,<1.0,N,0.070
NA-CI-P,Sodio,245040,11.13,N,11.130
NTRAT-CI-P,Nitratos,245040,5.44,N,5.440
NTRIT-CI-P,Nitritos,245040,<0.15,N,0.000
OXOANIONES,Bromato,245040,<2.5,N,0.000
OXOANIONES,Clorato,245040,0.550,N,0.550
OXOANIONES,Clorito,245040,<0.025,N,0.000
SULFA-CI-P,Sulfatos,245040,19.0,N,19.040
WMM-LM-CAM,Cloro combinado residual,245040,0.11,N,0.110
WMM-LM-CAM,Cloro libre residual,245040,0.11,N,0.110
AMONI-CI-P,Amonio,245040,<0.15,N,0.000
CLORU-CI-P,Cloruros,245040,15.56,N,15.560
D_CONDUCT,Conductividad a 20 ºC,245040,287,N,286.500
D_OXIDABIL,Oxidabilidad,245040,0.75,N,0.750
D_PH,pH,245040,8.4,N,8.400
D_TURBIDEZ,Turbidez,245040,<0.20,N,0.160
M-013-AC1,Recuento de enterococos intestinales,245040,0,N,0.000
M-016-AC1,Recuento de E. coli,245040,0,N,0.000
M-016-AC1,Recuento de bacterias coliformes,245040,0,N,0.000
M-030-AC1,Recuento C. perfringens (con esporas),245040,0,N,0.000
SULFA-CI-P,Sulfatos,245041,19.0,N,19.000
OXOANIONES,Clorito,245041,<0.025,N,0.000
WMM-LM-CAM,Cloro libre residual,245041,0.16,N,0.160
AMONI-CI-P,Amonio,245041,<0.15,N,0.000
CLORU-CI-P,Cloruros,245041,14.74,N,14.740
D_CONDUCT,Conductividad a 20 ºC,245041,280,N,280.200
D_OXIDABIL,Oxidabilidad,245041,0.91,N,0.910
D_PH,pH,245041,8.3,N,8.250
D_TURBIDEZ,Turbidez,245041,<0.20,N,0.150
M-013-AC1,Recuento de enterococos intestinales,245041,0,N,0.000
M-016-AC1,Recuento de E. coli,245041,0,N,0.000
M-016-AC1,Recuento de bacterias coliformes,245041,0,N,0.000
M-030-AC1,Recuento C. perfringens (con esporas),245041,0,N,0.000
M-068-AC1,Microorganismos cultivables a 22 ºC,245041,2.0,K,2.000
M-068-AC1,Recnto. microorg. cultivables a 22 °C,245041,Presencia / mL,O,0.000
M-068-AC1,Recuento,245041,2,K,2.000
MET-POT-AC,Aluminio total,245041,112,N,111.610
MET-POT-AC,Antimonio total,245041,<1.0,N,0.080
MET-POT-AC,Arsénico total,245041,<1.0,N,0.380
MET-POT-AC,Boro total,245041,<0.05,N,0.020
MET-POT-AC,Cadmio total,245041,<1.5,N,0.000
MET-POT-AC,Cobre total,245041,<0.050,N,0.000
MET-POT-AC,Cromo total,245041,<10.0,N,-0.010
MET-POT-AC,Hierro total,245041,11.8,N,11.750
MET-POT-AC,Manganeso total,245041,<10.0,N,0.560
MET-POT-AC,Niquel total,245041,<5.0,N,0.550
MET-POT-AC,Plomo total,245041,<1.0,N,0.050
MET-POT-AC,Selenio total,245041,<1.0,N,0.170
NA-CI-P,Sodio,245041,10.59,N,10.590
NTRAT-CI-P,Nitratos,245041,5.39,N,5.390
NTRIT-CI-P,Nitritos,245041,<0.15,N,0.000
OXOANIONES,Bromato,245041,<2.5,N,0.000
OXOANIONES,Clorato,245041,0.340,N,0.340
WMM-LM-CAM,Cloro combinado residual,245041,0.10,N,0.100
AMONI-CI-P,Amonio,245042,<0.15,N,0.000
CLORU-CI-P,Cloruros,245042,4.26,N,4.260
D_CONDUCT,Conductividad a 20 ºC,245042,176,N,175.500
D_OXIDABIL,Oxidabilidad,245042,<0.50,N,0.360
D_PH,pH,245042,8.2,N,8.150
D_TURBIDEZ,Turbidez,245042,0.29,N,0.290
M-013-AC1,Recuento de enterococos intestinales,245042,0,N,0.000
M-016-AC1,Recuento de E. coli,245042,0,N,0.000
M-016-AC1,Recuento de bacterias coliformes,245042,0,N,0.000
M-030-AC1,Recuento C. perfringens (con esporas),245042,0,N,0.000
M-068-AC1,Microorganismos cultivables a 22 °C,245042,<1,N,1.000
M-068-AC1,Microorganismos cultivables a 22 ºC,245042,0.0,K,0.000
M-068-AC1,Recuento,245042,0,K,0.000
MET-POT-AC,Aluminio total,245042,<50.0,N,40.040
MET-POT-AC,Antimonio total,245042,<1.0,N,0.050
MET-POT-AC,Arsénico total,245042,<1.0,N,0.130
NTRIT-CI-P,Nitritos,245042,<0.15,N,0.000
OXOANIONES,Bromato,245042,<2.5,N,0.000
OXOANIONES,Clorato,245042,0.080,N,0.080
OXOANIONES,Clorito,245042,<0.025,N,0.000
SULFA-CI-P,Sulfatos,245042,4.6,N,4.570
WMM-LM-CAM,Cloro combinado residual,245042,<0.10,N,0.000
WMM-LM-CAM,Cloro libre residual,245042,0.22,N,0.220
MET-POT-AC,Boro total,245042,<0.05,N,0.000
MET-POT-AC,Cadmio total,245042,<1.5,N,0.010
MET-POT-AC,Cobre total,245042,<0.050,N,0.000
MET-POT-AC,Cromo total,245042,<10.0,N,0.210
MET-POT-AC,Hierro total,245042,15.3,N,15.250
MET-POT-AC,Manganeso total,245042,<10.0,N,0.190
MET-POT-AC,Niquel total,245042,<5.0,N,0.390
MET-POT-AC,Plomo total,245042,<1.0,N,0.150
MET-POT-AC,Selenio total,245042,<1.0,N,0.030
NA-CI-P,Sodio,245042,3.33,N,3.330
NTRAT-CI-P,Nitratos,245042,1.13,N,1.130
NTRAT-CI-P,Nitratos,245043,1.13,N,1.130
OXOANIONES,Bromato,245043,<2.5,N,0.000
OXOANIONES,Clorato,245043,0.080,N,0.080
OXOANIONES,Clorito,245043,<0.025,N,0.000
SULFA-CI-P,Sulfatos,245043,4.5,N,4.490
WMM-LM-CAM,Cloro combinado residual,245043,<0.10,N,0.030
WMM-LM-CAM,Cloro libre residual,245043,0.37,N,0.370
MET-POT-AC,Aluminio total,245043,<50.0,N,39.960
MET-POT-AC,Antimonio total,245043,<1.0,N,0.050
MET-POT-AC,Arsénico total,245043,<1.0,N,0.120
MET-POT-AC,Boro total,245043,<0.05,N,0.000
MET-POT-AC,Cadmio total,245043,<1.5,N,0.010
MET-POT-AC,Cobre total,245043,<0.050,N,0.000
MET-POT-AC,Cromo total,245043,<10.0,N,0.220
MET-POT-AC,Hierro total,245043,19.4,N,19.350
MET-POT-AC,Manganeso total,245043,<10.0,N,0.210
MET-POT-AC,Niquel total,245043,<5.0,N,0.470
MET-POT-AC,Plomo total,245043,<1.0,N,0.110
MET-POT-AC,Selenio total,245043,<1.0,N,0.070
NA-CI-P,Sodio,245043,3.30,N,3.300
AMONI-CI-P,Amonio,245043,<0.15,N,0.000
CLORU-CI-P,Cloruros,245043,4.15,N,4.150
D_CONDUCT,Conductividad a 20 ºC,245043,176,N,176.300
D_OXIDABIL,Oxidabilidad,245043,<0.50,N,0.440
D_PH,pH,245043,8.2,N,8.180
D_TURBIDEZ,Turbidez,245043,0.34,N,0.340
M-013-AC1,Recuento de enterococos intestinales,245043,0,N,0.000
M-016-AC1,Recuento de E. coli,245043,0,N,0.000
M-016-AC1,Recuento de bacterias coliformes,245043,0,N,0.000
M-030-AC1,Recuento C. perfringens (con esporas),245043,0,N,0.000
M-068-AC1,Microorganismos cultivables a 22 °C,245043,<1,N,1.000
M-068-AC1,Microorganismos cultivables a 22 ºC,245043,0.0,K,0.000
M-068-AC1,Recuento,245043,0,K,0.000
NTRIT-CI-P,Nitritos,245043,<0.15,N,0.000
AMONI-CI-P,Amonio,245044,<0.15,N,0.000
D_CONDUCT,Conductividad a 20 ºC,245044,176,N,176.400
D_OXIDABIL,Oxidabilidad,245044,0.67,N,0.670
D_PH,pH,245044,8.2,N,8.180
M-068-AC1,Recnto. microorg. cultivables a 22 °C,245044,Presencia / mL,O,0.000
M-068-AC1,Recuento,245044,1,K,1.000
MET-POT-AC,Aluminio total,245044,<50.0,N,40.000
MET-POT-AC,Antimonio total,245044,<1.0,N,0.040
MET-POT-AC,Arsénico total,245044,<1.0,N,0.130
MET-POT-AC,Boro total,245044,<0.05,N,0.000
MET-POT-AC,Cadmio total,245044,<1.5,N,0.010
MET-POT-AC,Cobre total,245044,<0.050,N,0.010
MET-POT-AC,Cromo total,245044,<10.0,N,0.230
MET-POT-AC,Hierro total,245044,15.6,N,15.590
MET-POT-AC,Manganeso total,245044,<10.0,N,0.180
MET-POT-AC,Niquel total,245044,<5.0,N,0.600
MET-POT-AC,Plomo total,245044,<1.0,N,0.310
MET-POT-AC,Selenio total,245044,<1.0,N,0.070
NA-CI-P,Sodio,245044,3.40,N,3.400
NTRAT-CI-P,Nitratos,245044,1.15,N,1.150
NTRIT-CI-P,Nitritos,245044,<0.15,N,0.000
OXOANIONES,Bromato,245044,<2.5,N,0.000
OXOANIONES,Clorato,245044,0.080,N,0.080
OXOANIONES,Clorito,245044,<0.025,N,0.000
SULFA-CI-P,Sulfatos,245044,4.6,N,4.610
WMM-LM-CAM,Cloro combinado residual,245044,<0.10,N,0.010
WMM-LM-CAM,Cloro libre residual,245044,0.29,N,0.290
D_TURBIDEZ,Turbidez,245044,0.36,N,0.360
M-013-AC1,Recuento de enterococos intestinales,245044,0,N,0.000
M-016-AC1,Recuento de E. coli,245044,0,N,0.000
M-016-AC1,Recuento de bacterias coliformes,245044,0,N,0.000
M-030-AC1,Recuento C. perfringens (con esporas),245044,0,N,0.000
M-068-AC1,Microorganismos cultivables a 22 ºC,245044,1.0,K,1.000
CLORU-CI-P,Cloruros,245044,4.29,N,4.290
AMONI-CI-P,Amonio,245045,<0.15,N,0.000
CLORU-CI-P,Cloruros,245045,13.53,N,13.530
MET-POT-AC,Manganeso total,245045,<10.0,N,0.450
MET-POT-AC,Niquel total,245045,<5.0,N,0.450
MET-POT-AC,Plomo total,245045,<1.0,N,0.270
MET-POT-AC,Selenio total,245045,<1.0,N,0.140
NA-CI-P,Sodio,245045,9.45,N,9.450
NTRAT-CI-P,Nitratos,245045,5.05,N,5.050
NTRIT-CI-P,Nitritos,245045,<0.15,N,0.000
OXOANIONES,Bromato,245045,<2.5,N,0.000
OXOANIONES,Clorato,245045,0.130,N,0.130
OXOANIONES,Clorito,245045,<0.025,N,0.000
SULFA-CI-P,Sulfatos,245045,18.2,N,18.190
WMM-LM-CAM,Cloro combinado residual,245045,0.11,N,0.110
WMM-LM-CAM,Cloro libre residual,245045,<0.10,N,0.000
D_CONDUCT,Conductividad a 20 ºC,245045,251,N,250.900
D_OXIDABIL,Oxidabilidad,245045,0.80,N,0.800
D_PH,pH,245045,8.1,N,8.090
D_TURBIDEZ,Turbidez,245045,<0.20,N,0.130
M-013-AC1,Recuento de enterococos intestinales,245045,0,N,0.000
M-016-AC1,Recuento de E. coli,245045,0,N,0.000
M-016-AC1,Recuento de bacterias coliformes,245045,0,N,0.000
M-030-AC1,Recuento C. perfringens (con esporas),245045,0,N,0.000
M-068-AC1,Microorganismos cultivables a 22 ºC,245045,2.0,K,2.000
M-068-AC1,Recnto. microorg. cultivables a 22 °C,245045,Presencia / mL,O,0.000
M-068-AC1,Recuento,245045,2,K,2.000
MET-POT-AC,Aluminio total,245045,102,N,101.500
MET-POT-AC,Antimonio total,245045,<1.0,N,0.050
MET-POT-AC,Arsénico total,245045,<1.0,N,0.470
MET-POT-AC,Boro total,245045,<0.05,N,0.020
MET-POT-AC,Cadmio total,245045,<1.5,N,0.000
MET-POT-AC,Cobre total,245045,<0.050,N,0.000
MET-POT-AC,Cromo total,245045,<10.0,N,-0.020
MET-POT-AC,Hierro total,245045,14.3,N,14.290
MET-POT-AC,Cobre total,245046,<0.050,N,0.002
MET-POT-AC,Cadmio total,245046,<1.5,N,0.010
MET-POT-AC,Hierro total,245046,107,N,107.250
MET-POT-AC,Manganeso total,245046,31.6,N,31.600
MET-POT-AC,Niquel total,245046,<5.0,N,1.240
MET-POT-AC,Plomo total,245046,<1.0,N,0.010
MET-POT-AC,Selenio total,245046,<1.0,N,0.250
NA-CI-P,Sodio,245046,10.82,N,10.820
NTRAT-CI-P,Nitratos,245046,5.58,N,5.580
NTRIT-CI-P,Nitritos,245046,<0.15,N,0.000
OXOANIONES,Bromato,245046,<2.5,N,0.000
OXOANIONES,Clorato,245046,0.640,N,0.640
OXOANIONES,Clorito,245046,<0.025,N,0.000
SULFA-CI-P,Sulfatos,245046,19.5,N,19.490
WMM-LM-CAM,Cloro combinado residual,245046,<0.10,N,0.020
WMM-LM-CAM,Cloro libre residual,245046,<0.10,N,0.080
AMONI-CI-P,Amonio,245046,<0.15,N,0.000
CLORU-CI-P,Cloruros,245046,15.12,N,15.120
D_CONDUCT,Conductividad a 20 ºC,245046,286,N,286.200
D_OXIDABIL,Oxidabilidad,245046,1.44,N,1.440
D_PH,pH,245046,8.3,N,8.260
D_TURBIDEZ,Turbidez,245046,3.0,N,3.010
M-013-AC1,Recuento de enterococos intestinales,245046,0,N,0.000
M-016-AC1,Recuento de E. coli,245046,0,N,0.000
M-016-AC1,Recuento de bacterias coliformes,245046,4,N,4.000
M-030-AC1,Recuento C. perfringens (con esporas),245046,0,N,0.000
M-068-AC1,Microorganismos cultivables a 22 °C,245046,300,N,300.000
M-068-AC1,Microorganismos cultivables a 22 ºC,245046,3.0E+02,K,300.000
M-068-AC1,Recuento,245046,300,K,300.000
MET-POT-AC,Aluminio total,245046,631,N,630.500
MET-POT-AC,Antimonio total,245046,<1.0,N,0.010
MET-POT-AC,Arsénico total,245046,<1.0,N,0.540
MET-POT-AC,Boro total,245046,<0.05,N,0.020
MET-POT-AC,Cromo total,245046,<10.0,N,0.200
AMONI-CI-P,Amonio,245047,<0.15,N,0.000
WMM-LM-CAM,Cloro libre residual,245047,<0.10,N,0.000
D_CONDUCT,Conductividad a 20 ºC,245047,286,N,285.700
D_OXIDABIL,Oxidabilidad,245047,1.00,N,1.000
D_PH,pH,245047,8.3,N,8.320
D_TURBIDEZ,Turbidez,245047,0.44,N,0.440
M-013-AC1,Recuento de enterococos intestinales,245047,0,N,0.000
M-016-AC1,Recuento de E. coli,245047,0,N,0.000
M-016-AC1,Recuento de bacterias coliformes,245047,0,N,0.000
M-030-AC1,Recuento C. perfringens (con esporas),245047,0,N,0.000
M-068-AC1,Microorganismos cultivables a 22 °C,245047,<1,N,1.000
M-068-AC1,Microorganismos cultivables a 22 ºC,245047,0.0,K,0.000
M-068-AC1,Recuento,245047,0,K,0.000
MET-POT-AC,Aluminio total,245047,135,N,134.870
MET-POT-AC,Antimonio total,245047,<1.0,N,0.050
MET-POT-AC,Arsénico total,245047,<1.0,N,0.410
MET-POT-AC,Boro total,245047,<0.05,N,0.020
MET-POT-AC,Cadmio total,245047,<1.5,N,0.010
MET-POT-AC,Cobre total,245047,<0.050,N,0.000
MET-POT-AC,Cromo total,245047,<10.0,N,0.020
MET-POT-AC,Hierro total,245047,13.9,N,13.930
MET-POT-AC,Manganeso total,245047,<10.0,N,1.010
MET-POT-AC,Niquel total,245047,<5.0,N,0.500
MET-POT-AC,Plomo total,245047,<1.0,N,0.100
MET-POT-AC,Selenio total,245047,<1.0,N,0.140
NA-CI-P,Sodio,245047,10.94,N,10.940
NTRAT-CI-P,Nitratos,245047,5.67,N,5.670
NTRIT-CI-P,Nitritos,245047,<0.15,N,0.000
OXOANIONES,Bromato,245047,<2.5,N,0.000
OXOANIONES,Clorato,245047,0.630,N,0.630
OXOANIONES,Clorito,245047,<0.025,N,0.000
SULFA-CI-P,Sulfatos,245047,19.7,N,19.740
WMM-LM-CAM,Cloro combinado residual,245047,0.13,N,0.130
CLORU-CI-P,Cloruros,245047,15.26,N,15.260
M-013-AC1,Recuento de enterococos intestinales,245048,0,N,0.000
M-016-AC1,Recuento de E. coli,245048,0,N,0.000
M-016-AC1,Recuento de bacterias coliformes,245048,0,N,0.000
M-030-AC1,Recuento C. perfringens (con esporas),245048,0,N,0.000
M-068-AC1,Microorganismos cultivables a 22 ºC,245048,3.0,K,3.000
M-068-AC1,Recnto. microorg. cultivables a 22 °C,245048,Estimado 3 ufc/ml,O,0.000
M-068-AC1,Recuento,245048,3,K,3.000
MET-POT-AC,Aluminio total,245048,90.3,N,90.320
MET-POT-AC,Antimonio total,245048,<1.0,N,0.040
MET-POT-AC,Arsénico total,245048,<1.0,N,0.360
MET-POT-AC,Boro total,245048,<0.05,N,0.020
MET-POT-AC,Cadmio total,245048,<1.5,N,0.010
MET-POT-AC,Cobre total,245048,<0.050,N,0.000
MET-POT-AC,Cromo total,245048,<10.0,N,-0.010
MET-POT-AC,Hierro total,245048,<10.0,N,6.360
MET-POT-AC,Manganeso total,245048,<10.0,N,0.510
MET-POT-AC,Niquel total,245048,<5.0,N,0.570
MET-POT-AC,Plomo total,245048,<1.0,N,0.080
MET-POT-AC,Selenio total,245048,<1.0,N,0.120
NA-CI-P,Sodio,245048,9.49,N,9.490
NTRIT-CI-P,Nitritos,245048,<0.15,N,0.000
OXOANIONES,Bromato,245048,<2.5,N,0.000
OXOANIONES,Clorato,245048,0.130,N,0.130
OXOANIONES,Clorito,245048,<0.025,N,0.000
SULFA-CI-P,Sulfatos,245048,18.6,N,18.630
WMM-LM-CAM,Cloro combinado residual,245048,0.10,N,0.100
WMM-LM-CAM,Cloro libre residual,245048,<0.10,N,0.000
AMONI-CI-P,Amonio,245048,<0.15,N,0.070
CLORU-CI-P,Cloruros,245048,13.76,N,13.760
D_CONDUCT,Conductividad a 20 ºC,245048,260,N,259.800
D_OXIDABIL,Oxidabilidad,245048,1.00,N,1.000
D_PH,pH,245048,8.2,N,8.220
D_TURBIDEZ,Turbidez,245048,<0.20,N,0.100
NTRAT-CI-P,Nitratos,245048,5.13,N,5.130
MET-POT-AC,Plomo total,245049,<1.0,N,0.450
MET-POT-AC,Niquel total,245049,<5.0,N,0.190
NA-CI-P,Sodio,245049,8.50,N,8.500
NTRAT-CI-P,Nitratos,245049,4.11,N,4.110
NTRIT-CI-P,Nitritos,245049,<0.15,N,0.000
OXOANIONES,Bromato,245049,<2.5,N,0.000
OXOANIONES,Clorato,245049,0.250,N,0.250
OXOANIONES,Clorito,245049,<0.025,N,0.000
SULFA-CI-P,Sulfatos,245049,13.4,N,13.400
WMM-LM-CAM,Cloro combinado residual,245049,<0.10,N,0.060
WMM-LM-CAM,Cloro libre residual,245049,0.35,N,0.350
AMONI-CI-P,Amonio,245049,<0.15,N,0.000
CLORU-CI-P,Cloruros,245049,9.09,N,9.090
D_CONDUCT,Conductividad a 20 ºC,245049,539,N,538.500
D_OXIDABIL,Oxidabilidad,245049,<0.50,N,0.400
D_PH,pH,245049,7.6,N,7.610
D_TURBIDEZ,Turbidez,245049,<0.20,N,0.150
M-013-AC1,Recuento de enterococos intestinales,245049,0,N,0.000
M-016-AC1,Recuento de E. coli,245049,0,N,0.000
M-016-AC1,Recuento de bacterias coliformes,245049,0,N,0.000
M-030-AC1,Recuento C. perfringens (con esporas),245049,0,N,0.000
M-068-AC1,Microorganismos cultivables a 22 °C,245049,<1,N,1.000
M-068-AC1,Microorganismos cultivables a 22 ºC,245049,0.0,K,0.000
M-068-AC1,Recuento,245049,0,K,0.000
MET-POT-AC,Aluminio total,245049,<50.0,N,2.640
MET-POT-AC,Antimonio total,245049,<1.0,N,0.000
MET-POT-AC,Arsénico total,245049,<1.0,N,0.200
MET-POT-AC,Boro total,245049,<0.05,N,0.010
MET-POT-AC,Cadmio total,245049,<1.5,N,0.010
MET-POT-AC,Cobre total,245049,<0.050,N,0.000
MET-POT-AC,Cromo total,245049,<10.0,N,0.030
MET-POT-AC,Hierro total,245049,15.5,N,15.490
MET-POT-AC,Manganeso total,245049,<10.0,N,0.050
MET-POT-AC,Selenio total,245049,<1.0,N,0.100
AMONI-CI-P,Amonio,245050,<0.15,N,0.070
WMM-LM-CAM,Cloro libre residual,245050,<0.10,N,0.060
D_CONDUCT,Conductividad a 20 ºC,245050,275,N,275.300
D_OXIDABIL,Oxidabilidad,245050,1.04,N,1.040
D_PH,pH,245050,8.1,N,8.130
D_TURBIDEZ,Turbidez,245050,<0.20,N,0.190
M-013-AC1,Recuento de enterococos intestinales,245050,0,N,0.000
M-016-AC1,Recuento de E. coli,245050,0,N,0.000
M-016-AC1,Recuento de bacterias coliformes,245050,0,N,0.000
M-030-AC1,Recuento C. perfringens (con esporas),245050,0,N,0.000
M-068-AC1,Microorganismos cultivables a 22 °C,245050,<1,N,1.000
M-068-AC1,Microorganismos cultivables a 22 ºC,245050,0.0,K,0.000
M-068-AC1,Recuento,245050,0,K,0.000
MET-POT-AC,Aluminio total,245050,103,N,102.730
MET-POT-AC,Antimonio total,245050,<1.0,N,0.130
MET-POT-AC,Arsénico total,245050,<1.0,N,0.470
MET-POT-AC,Boro total,245050,<0.05,N,0.020
MET-POT-AC,Cadmio total,245050,<1.5,N,0.110
MET-POT-AC,Cobre total,245050,<0.050,N,0.000
MET-POT-AC,Cromo total,245050,<10.0,N,0.200
MET-POT-AC,Hierro total,245050,13.3,N,13.260
MET-POT-AC,Manganeso total,245050,<10.0,N,1.100
MET-POT-AC,Niquel total,245050,<5.0,N,0.690
MET-POT-AC,Plomo total,245050,<1.0,N,0.220
MET-POT-AC,Selenio total,245050,<1.0,N,0.180
NA-CI-P,Sodio,245050,10.87,N,10.870
NTRAT-CI-P,Nitratos,245050,5.47,N,5.470
NTRIT-CI-P,Nitritos,245050,<0.15,N,0.000
OXOANIONES,Bromato,245050,<2.5,N,0.000
OXOANIONES,Clorato,245050,0.530,N,0.530
OXOANIONES,Clorito,245050,<0.025,N,0.000
SULFA-CI-P,Sulfatos,245050,19.4,N,19.370
WMM-LM-CAM,Cloro combinado residual,245050,0.12,N,0.120
CLORU-CI-P,Cloruros,245050,15.30,N,15.300
M-016-AC1,Recuento de bacterias coliformes,245051,0,N,0.000
WMM-LM-CAM,Cloro libre residual,245051,<0.10,N,0.000
M-068-AC1,Microorganismos cultivables a 22 °C,245051,35,N,35.000
M-068-AC1,Microorganismos cultivables a 22 ºC,245051,3.5E+01,K,35.000
M-068-AC1,Recuento,245051,35,K,35.000
MET-POT-AC,Aluminio total,245051,69.2,N,69.180
MET-POT-AC,Antimonio total,245051,<1.0,N,0.140
MET-POT-AC,Arsénico total,245051,<1.0,N,0.460
MET-POT-AC,Boro total,245051,<0.05,N,0.020
MET-POT-AC,Cadmio total,245051,<1.5,N,0.010
MET-POT-AC,Cobre total,245051,<0.050,N,0.000
MET-POT-AC,Cromo total,245051,<10.0,N,-0.020
MET-POT-AC,Hierro total,245051,<10.0,N,7.630
MET-POT-AC,Manganeso total,245051,<10.0,N,1.420
MET-POT-AC,Niquel total,245051,<5.0,N,0.370
MET-POT-AC,Plomo total,245051,<1.0,N,0.030
MET-POT-AC,Selenio total,245051,<1.0,N,0.060
NA-CI-P,Sodio,245051,9.67,N,9.670
NTRAT-CI-P,Nitratos,245051,5.19,N,5.190
NTRIT-CI-P,Nitritos,245051,<0.15,N,0.000
OXOANIONES,Bromato,245051,<2.5,N,0.000
OXOANIONES,Clorato,245051,0.180,N,0.180
OXOANIONES,Clorito,245051,<0.025,N,0.000
AMONI-CI-P,Amonio,245051,<0.15,N,0.000
CLORU-CI-P,Cloruros,245051,13.88,N,13.880
D_CONDUCT,Conductividad a 20 ºC,245051,262,N,262.100
D_OXIDABIL,Oxidabilidad,245051,1.04,N,1.040
D_PH,pH,245051,8.1,N,8.100
D_TURBIDEZ,Turbidez,245051,<0.20,N,0.130
M-013-AC1,Recuento de enterococos intestinales,245051,0,N,0.000
M-016-AC1,Recuento de E. coli,245051,0,N,0.000
SULFA-CI-P,Sulfatos,245051,18.7,N,18.710
WMM-LM-CAM,Cloro combinado residual,245051,<0.10,N,0.040
M-030-AC1,Recuento C. perfringens (con esporas),245051,0,N,0.000
OXOANIONES,Bromato,245052,<2.5,N,0.000
MET-POT-AC,Arsénico total,245052,<1.0,N,0.430
OXOANIONES,Clorito,245052,<0.025,N,0.000
SULFA-CI-P,Sulfatos,245052,19.6,N,19.560
WMM-LM-CAM,Cloro combinado residual,245052,<0.10,N,0.020
WMM-LM-CAM,Cloro libre residual,245052,<0.10,N,0.000
MET-POT-AC,Boro total,245052,<0.05,N,0.020
MET-POT-AC,Cadmio total,245052,<1.5,N,0.040
MET-POT-AC,Cobre total,245052,<0.050,N,0.000
MET-POT-AC,Cromo total,245052,<10.0,N,0.300
MET-POT-AC,Hierro total,245052,15.8,N,15.770
MET-POT-AC,Manganeso total,245052,<10.0,N,1.000
MET-POT-AC,Niquel total,245052,<5.0,N,0.800
MET-POT-AC,Plomo total,245052,<1.0,N,0.490
MET-POT-AC,Selenio total,245052,<1.0,N,0.070
NA-CI-P,Sodio,245052,10.10,N,10.100
NTRAT-CI-P,Nitratos,245052,5.89,N,5.890
NTRIT-CI-P,Nitritos,245052,<0.15,N,0.000
AMONI-CI-P,Amonio,245052,<0.15,N,0.000
CLORU-CI-P,Cloruros,245052,14.09,N,14.090
D_CONDUCT,Conductividad a 20 ºC,245052,276,N,276.200
D_OXIDABIL,Oxidabilidad,245052,1.08,N,1.080
D_PH,pH,245052,7.7,N,7.730
D_TURBIDEZ,Turbidez,245052,<0.20,N,0.140
M-013-AC1,Recuento de enterococos intestinales,245052,0,N,0.000
M-016-AC1,Recuento de E. coli,245052,0,N,0.000
M-016-AC1,Recuento de bacterias coliformes,245052,0,N,0.000
M-030-AC1,Recuento C. perfringens (con esporas),245052,0,N,0.000
M-068-AC1,Microorganismos cultivables a 22 °C,245052,55,N,55.000
M-068-AC1,Microorganismos cultivables a 22 ºC,245052,5.5E+01,K,55.000
M-068-AC1,Recuento,245052,55,K,55.000
MET-POT-AC,Aluminio total,245052,75.0,N,75.020
MET-POT-AC,Antimonio total,245052,<1.0,N,0.120
OXOANIONES,Clorato,245052,0.200,N,0.200
AMONI-CI-P,Amonio,245053,<0.15,N,0.000
CLORU-CI-P,Cloruros,245053,14.45,N,14.450
D_CONDUCT,Conductividad a 20 ºC,245053,276,N,276.200
D_OXIDABIL,Oxidabilidad,245053,1.08,N,1.080
D_PH,pH,245053,8.1,N,8.130
D_TURBIDEZ,Turbidez,245053,<0.20,N,0.120
M-013-AC1,Recuento de enterococos intestinales,245053,0,N,0.000
M-016-AC1,Recuento de E. coli,245053,0,N,0.000
M-016-AC1,Recuento de bacterias coliformes,245053,0,N,0.000
M-030-AC1,Recuento C. perfringens (con esporas),245053,0,N,0.000
M-068-AC1,Microorganismos cultivables a 22 °C,245053,<1,N,1.000
M-068-AC1,Microorganismos cultivables a 22 ºC,245053,0.0,K,0.000
M-068-AC1,Recuento,245053,0,K,0.000
MET-POT-AC,Aluminio total,245053,100,N,100.080
MET-POT-AC,Antimonio total,245053,<1.0,N,0.100
MET-POT-AC,Arsénico total,245053,<1.0,N,0.410
MET-POT-AC,Boro total,245053,<0.05,N,0.020
MET-POT-AC,Cadmio total,245053,<1.5,N,0.010
MET-POT-AC,Cobre total,245053,<0.050,N,0.000
MET-POT-AC,Cromo total,245053,<10.0,N,0.110
MET-POT-AC,Hierro total,245053,11.5,N,11.530
MET-POT-AC,Manganeso total,245053,<10.0,N,0.910
MET-POT-AC,Niquel total,245053,<5.0,N,0.550
MET-POT-AC,Plomo total,245053,<1.0,N,0.880
MET-POT-AC,Selenio total,245053,<1.0,N,0.120
NA-CI-P,Sodio,245053,10.27,N,10.270
NTRAT-CI-P,Nitratos,245053,5.35,N,5.350
NTRIT-CI-P,Nitritos,245053,<0.15,N,0.000
OXOANIONES,Bromato,245053,<2.5,N,0.000
OXOANIONES,Clorato,245053,0.290,N,0.290
OXOANIONES,Clorito,245053,<0.025,N,0.000
SULFA-CI-P,Sulfatos,245053,19.2,N,19.170
WMM-LM-CAM,Cloro combinado residual,245053,0.22,N,0.220
WMM-LM-CAM,Cloro libre residual,245053,<0.10,N,0.060
SULFA-CI-P,Sulfatos,245054,18.3,N,18.340
M-068-AC1,Microorganismos cultivables a 22 ºC,245054,0.0,K,0.000
WMM-LM-CAM,Cloro libre residual,245054,0.19,N,0.190
M-068-AC1,Recuento,245054,0,K,0.000
MET-POT-AC,Aluminio total,245054,97.5,N,97.510
MET-POT-AC,Antimonio total,245054,<1.0,N,-0.010
MET-POT-AC,Arsénico total,245054,<1.0,N,0.310
MET-POT-AC,Boro total,245054,<0.05,N,0.018
MET-POT-AC,Cadmio total,245054,<1.5,N,0.010
MET-POT-AC,Cobre total,245054,<0.050,N,0.000
MET-POT-AC,Cromo total,245054,<10.0,N,0.040
MET-POT-AC,Hierro total,245054,14.2,N,14.150
MET-POT-AC,Manganeso total,245054,<10.0,N,1.520
MET-POT-AC,Niquel total,245054,<5.0,N,0.520
MET-POT-AC,Plomo total,245054,<1.0,N,0.030
MET-POT-AC,Selenio total,245054,<1.0,N,0.090
NA-CI-P,Sodio,245054,9.99,N,9.990
NTRAT-CI-P,Nitratos,245054,4.97,N,4.970
NTRIT-CI-P,Nitritos,245054,<0.15,N,0.000
OXOANIONES,Bromato,245054,<2.5,N,0.000
OXOANIONES,Clorato,245054,0.250,N,0.250
OXOANIONES,Clorito,245054,<0.025,N,0.000
AMONI-CI-P,Amonio,245054,<0.15,N,0.060
CLORU-CI-P,Cloruros,245054,14.25,N,14.250
D_CONDUCT,Conductividad a 20 ºC,245054,249,N,248.600
D_OXIDABIL,Oxidabilidad,245054,1.00,N,1.000
D_PH,pH,245054,8.1,N,8.100
D_TURBIDEZ,Turbidez,245054,<0.20,N,0.110
M-013-AC1,Recuento de enterococos intestinales,245054,0,N,0.000
M-016-AC1,Recuento de E. coli,245054,0,N,0.000
M-016-AC1,Recuento de bacterias coliformes,245054,0,N,0.000
M-030-AC1,Recuento C. perfringens (con esporas),245054,0,N,0.000
M-068-AC1,Microorganismos cultivables a 22 °C,245054,<1,N,1.000
WMM-LM-CAM,Cloro combinado residual,245054,0.12,N,0.120
AMONI-CI-P,Amonio,245055,<0.15,N,0.120
SULFA-CI-P,Sulfatos,245055,19.3,N,19.340
WMM-LM-CAM,Cloro libre residual,245055,<0.10,N,0.000
WMM-LM-CAM,Cloro combinado residual,245055,<0.10,N,0.070
D_CONDUCT,Conductividad a 20 ºC,245055,269,N,269.400
D_OXIDABIL,Oxidabilidad,245055,1.16,N,1.160
D_PH,pH,245055,8.1,N,8.080
D_TURBIDEZ,Turbidez,245055,<0.20,N,0.120
M-013-AC1,Recuento de enterococos intestinales,245055,0,N,0.000
M-016-AC1,Recuento de E. coli,245055,0,N,0.000
M-016-AC1,Recuento de bacterias coliformes,245055,0,N,0.000
M-030-AC1,Recuento C. perfringens (con esporas),245055,0,N,0.000
M-068-AC1,Microorganismos cultivables a 22 °C,245055,<1,N,1.000
M-068-AC1,Microorganismos cultivables a 22 ºC,245055,0.0,K,0.000
M-068-AC1,Recuento,245055,0,K,0.000
MET-POT-AC,Aluminio total,245055,86.9,N,86.870
MET-POT-AC,Antimonio total,245055,<1.0,N,0.080
MET-POT-AC,Arsénico total,245055,<1.0,N,0.420
MET-POT-AC,Boro total,245055,<0.05,N,0.020
MET-POT-AC,Cadmio total,245055,<1.5,N,0.010
MET-POT-AC,Cobre total,245055,<0.050,N,0.000
MET-POT-AC,Cromo total,245055,<10.0,N,0.000
MET-POT-AC,Hierro total,245055,14.4,N,14.440
MET-POT-AC,Manganeso total,245055,<10.0,N,0.940
MET-POT-AC,Niquel total,245055,<5.0,N,0.480
MET-POT-AC,Plomo total,245055,<1.0,N,0.070
MET-POT-AC,Selenio total,245055,<1.0,N,0.150
NA-CI-P,Sodio,245055,10.17,N,10.170
NTRAT-CI-P,Nitratos,245055,5.42,N,5.420
NTRIT-CI-P,Nitritos,245055,<0.15,N,0.000
OXOANIONES,Bromato,245055,<2.5,N,0.000
OXOANIONES,Clorato,245055,0.250,N,0.250
OXOANIONES,Clorito,245055,<0.025,N,0.000
CLORU-CI-P,Cloruros,245055,14.38,N,14.380
AMONI-CI-P,Amonio,245056,<0.15,N,0.070
WMM-LM-CAM,Cloro libre residual,245056,<0.10,N,0.000
D_CONDUCT,Conductividad a 20 ºC,245056,250,N,249.500
D_OXIDABIL,Oxidabilidad,245056,1.08,N,1.080
D_PH,pH,245056,8.1,N,8.080
D_TURBIDEZ,Turbidez,245056,<0.20,N,0.150
M-013-AC1,Recuento de enterococos intestinales,245056,0,N,0.000
M-016-AC1,Recuento de E. coli,245056,0,N,0.000
M-016-AC1,Recuento de bacterias coliformes,245056,0,N,0.000
M-030-AC1,Recuento C. perfringens (con esporas),245056,0,N,0.000
M-068-AC1,Microorganismos cultivables a 22 °C,245056,<1,N,1.000
M-068-AC1,Microorganismos cultivables a 22 ºC,245056,0.0,K,0.000
M-068-AC1,Recuento,245056,0,K,0.000
MET-POT-AC,Aluminio total,245056,89.2,N,89.220
MET-POT-AC,Antimonio total,245056,<1.0,N,0.070
MET-POT-AC,Arsénico total,245056,<1.0,N,0.370
MET-POT-AC,Boro total,245056,<0.05,N,0.020
MET-POT-AC,Cadmio total,245056,<1.5,N,0.000
MET-POT-AC,Cobre total,245056,<0.050,N,0.000
MET-POT-AC,Cromo total,245056,<10.0,N,-0.010
MET-POT-AC,Hierro total,245056,<10.0,N,7.730
MET-POT-AC,Manganeso total,245056,<10.0,N,1.180
MET-POT-AC,Niquel total,245056,<5.0,N,0.490
MET-POT-AC,Plomo total,245056,<1.0,N,0.040
MET-POT-AC,Selenio total,245056,<1.0,N,0.070
NA-CI-P,Sodio,245056,9.77,N,9.770
NTRAT-CI-P,Nitratos,245056,4.97,N,4.970
NTRIT-CI-P,Nitritos,245056,<0.15,N,0.000
OXOANIONES,Bromato,245056,<2.5,N,0.000
OXOANIONES,Clorato,245056,0.180,N,0.180
OXOANIONES,Clorito,245056,<0.025,N,0.000
SULFA-CI-P,Sulfatos,245056,18.5,N,18.490
WMM-LM-CAM,Cloro combinado residual,245056,0.13,N,0.130
CLORU-CI-P,Cloruros,245056,13.99,N,13.990
PE-IL-TEMP,Temperatura del agua,245073,31.3,N,31.300
PE-IL-CL,Cloro libre,245073,0.0,N,0.000
M-021,Recuento transformado,245073,1.0E+01,K,10.000
M-021,Recuento de Legionella pneumophila,245073,<10,N,10.000
M-021,Recuento,245073,<10,N,10.000
PE-IL-CL,Cloro libre,245074,0.0,N,0.000
M-021,Recuento transformado,245074,1.0E+01,K,10.000
M-021,Recuento de Legionella pneumophila,245074,<10,N,10.000
PE-IL-TEMP,Temperatura del agua,245074,51.4,N,51.400
M-021,Recuento,245074,<10,N,10.000
PE-IL-TEMP,Temperatura del agua,245075,46.5,N,46.500
PE-IL-CL,Cloro libre,245075,0.0,N,0.000
M-021,Recuento transformado,245075,1.0E+01,K,10.000
M-021,Recuento de Legionella pneumophila,245075,<10,N,10.000
M-021,Recuento,245075,<10,N,10.000
PE-IL-TEMP,Temperatura del agua,245076,65.6,N,65.600
PE-IL-CL,Cloro libre,245076,0.0,N,0.030
M-021,Recuento transformado,245076,1.0E+01,K,10.000
M-021,Recuento de Legionella pneumophila,245076,<10,N,10.000
M-021,Recuento,245076,<10,N,10.000
M-021,Recuento,245077,<10,N,10.000
M-021,Recuento de Legionella pneumophila,245077,<10,N,10.000
PE-IL-TEMP,Temperatura del agua,245077,71.4,N,71.400
PE-IL-CL,Cloro libre,245077,0.0,N,0.000
M-021,Recuento transformado,245077,1.0E+01,K,10.000
M-021,Recuento,245078,<10,N,10.000
M-021,Recuento de Legionella pneumophila,245078,<10,N,10.000
M-021,Recuento transformado,245078,1.0E+01,K,10.000
PE-IL-CL,Cloro libre,245078,0.0,N,0.010
PE-IL-TEMP,Temperatura del agua,245078,68.5,N,68.500
PE-IL-TEMP,Temperatura del agua,245079,46.5,N,46.500
M-021,Recuento,245079,<10,N,10.000
M-021,Recuento de Legionella pneumophila,245079,<10,N,10.000
M-021,Recuento transformado,245079,1.0E+01,K,10.000
PE-IL-CL,Cloro libre,245079,0.0,N,0.000
M-016-AC1,Recuento de bacterias coliformes,245163,0,N,0.000
M-068-AC1,Microorganismos cultivables a 22 °C,245163,0,N,0.000
M-068-AC1,Microorganismos cultivables a 22 ºC,245163,0.0,K,0.000
M-068-AC1,Recuento,245163,0,K,0.000
MET-GRF-AC,Aluminio total,245163,120,N,120.000
MET-GRF-AC,Cobre total,245163,<0.050,N,0.000
MET-GRF-AC,Cromo total,245163,<10.0,N,0.000
MET-GRF-AC,Hierro total,245163,<10.0,N,0.000
MET-GRF-AC,Niquel total,245163,<5.0,N,0.000
MET-GRF-AC,Plomo total,245163,<1.0,N,0.000
WMM-LM-CAM,Cloro combinado residual,245163,0.20,N,0.200
WMM-LM-CAM,Cloro libre residual,245163,0.30,N,0.300
M-016-AC1,Recuento de E. coli,245163,0,N,0.000
D_TURBIDEZ,Turbidez,245163,<0.20,N,0.150
D_PH,pH,245163,7.5,N,7.500
D_CONDUCT,Conductividad a 20 ºC,245163,145,N,145.000
D_CONDUCT,Conductividad a 20 ºC,245164,145,N,145.000
M-016-AC1,Recuento de bacterias coliformes,245164,0,N,0.000
M-068-AC1,Microorganismos cultivables a 22 °C,245164,0,N,0.000
M-068-AC1,Microorganismos cultivables a 22 ºC,245164,0.0,K,0.000
M-068-AC1,Recuento,245164,0,K,0.000
MET-GRF-AC,Aluminio total,245164,100,N,100.000
MET-GRF-AC,Cobre total,245164,<0.050,N,0.000
MET-GRF-AC,Cromo total,245164,<10.0,N,0.000
MET-GRF-AC,Hierro total,245164,<10.0,N,0.000
MET-GRF-AC,Niquel total,245164,<5.0,N,0.000
MET-GRF-AC,Plomo total,245164,<1.0,N,0.000
WMM-LM-CAM,Cloro combinado residual,245164,0.20,N,0.200
WMM-LM-CAM,Cloro libre residual,245164,0.30,N,0.300
D_TURBIDEZ,Turbidez,245164,<0.20,N,0.125
D_PH,pH,245164,7.5,N,7.500
M-016-AC1,Recuento de E. coli,245164,0,N,0.000
AMONI-CI-P,Amonio,245186,<0.15,N,0.024
D_CONDUCT,Conductividad a 20 ºC,245186,559,N,558.500
M-034,Recuento de Pseudomonas aeruginosa,245186,<1,N,1.000
M-027,Recuento de bacterias coliformes,245186,<1,N,1.000
M-027,Recuento de E. coli,245186,<1,N,1.000
M-019-AC1,Recnto. estafilococos coagulasa +,245186,Indeterminable,O,0.000
D_TURBIDEZ,Turbidez,245186,<0.20,N,0.080
D_PH,pH,245186,7.6,N,7.610
D_OXIDABIL,Oxidabilidad,245186,<0.50,N,0.120
AMONI-CI-P,Amonio,245187,<0.15,N,0.009
M-027,Recuento de bacterias coliformes,245187,<1,N,1.000
M-027,Recuento de E. coli,245187,<1,N,1.000
M-019-AC1,Recnto. estafilococos coagulasa +,245187,Indeterminable,O,0.000
M-034,Recuento de Pseudomonas aeruginosa,245187,<1,N,1.000
D_TURBIDEZ,Turbidez,245187,<0.20,N,0.100
D_PH,pH,245187,7.2,N,7.150
D_OXIDABIL,Oxidabilidad,245187,<0.50,N,0.370
D_CONDUCT,Conductividad a 20 ºC,245187,678,N,678.300
D_OXIDABIL,Oxidabilidad,245188,<0.50,N,0.120
D_PH,pH,245188,7.7,N,7.660
D_TURBIDEZ,Turbidez,245188,<0.20,N,0.070
M-019-AC1,Recuento de Estafilococos coagulasa +,245188,0,N,0.000
M-027,Recuento de E. coli,245188,<1,N,1.000
M-027,Recuento de bacterias coliformes,245188,<1,N,1.000
M-034,Recuento de Pseudomonas aeruginosa,245188,<1,N,1.000
AMONI-CI-P,Amonio,245188,<0.15,N,0.000
D_CONDUCT,Conductividad a 20 ºC,245188,941,N,940.900
AMONI-CI-P,Amonio,245189,<0.15,N,0.008
D_CONDUCT,Conductividad a 20 ºC,245189,784,N,784.100
D_OXIDABIL,Oxidabilidad,245189,<0.50,N,0.330
D_PH,pH,245189,7.3,N,7.290
D_TURBIDEZ,Turbidez,245189,<0.20,N,0.100
M-034,Recuento de Pseudomonas aeruginosa,245189,<1,N,1.000
M-019-AC1,Recnto. estafilococos coagulasa +,245189,Indeterminable,O,0.000
M-027,Recuento de E. coli,245189,<1,N,1.000
M-027,Recuento de bacterias coliformes,245189,<1,N,1.000
M-027,Recuento de bacterias coliformes,245190,<1,N,1.000
M-027,Recuento de E. coli,245190,<1,N,1.000
M-019-AC1,Recuento de Estafilococos coagulasa +,245190,<1,N,1.000
M-034,Recuento de Pseudomonas aeruginosa,245190,<1,N,1.000
D_TURBIDEZ,Turbidez,245190,<0.20,N,0.100
D_PH,pH,245190,7.4,N,7.390
D_OXIDABIL,Oxidabilidad,245190,<0.50,N,0.080
D_CONDUCT,Conductividad a 20 ºC,245190,1080,N,1080.000
AMONI-CI-P,Amonio,245190,<0.15,N,0.000
M-027,Recuento de bacterias coliformes,245191,<1,N,1.000
M-027,Recuento de E. coli,245191,<1,N,1.000
M-019-AC1,Recnto. estafilococos coagulasa +,245191,Indeterminable,O,0.000
D_TURBIDEZ,Turbidez,245191,<0.20,N,0.090
D_PH,pH,245191,7.5,N,7.460
D_OXIDABIL,Oxidabilidad,245191,<0.50,N,0.000
D_CONDUCT,Conductividad a 20 ºC,245191,1312,N,1312.000
AMONI-CI-P,Amonio,245191,<0.15,N,0.000
M-034,Recuento de Pseudomonas aeruginosa,245191,<1,N,1.000
AMONI-CI-P,Amonio,245192,<0.15,N,0.010
D_CONDUCT,Conductividad a 20 ºC,245192,903,N,902.600
M-034,Recuento de Pseudomonas aeruginosa,245192,<1,N,1.000
M-027,Recuento de bacterias coliformes,245192,<1,N,1.000
M-027,Recuento de E. coli,245192,<1,N,1.000
M-019-AC1,Recnto. estafilococos coagulasa +,245192,Indeterminable,O,0.000
D_TURBIDEZ,Turbidez,245192,<0.20,N,0.090
D_PH,pH,245192,7.5,N,7.500
D_OXIDABIL,Oxidabilidad,245192,<0.50,N,0.290
AMONI-CI-P,Amonio,245193,<0.15,N,0.000
M-027,Recuento de bacterias coliformes,245193,<1,N,1.000
M-027,Recuento de E. coli,245193,<1,N,1.000
M-019-AC1,Recuento de Estafilococos coagulasa +,245193,0,N,0.000
M-034,Recuento de Pseudomonas aeruginosa,245193,<1,N,1.000
D_TURBIDEZ,Turbidez,245193,<0.20,N,0.070
D_PH,pH,245193,8.2,N,8.240
D_OXIDABIL,Oxidabilidad,245193,0.70,N,0.700
D_CONDUCT,Conductividad a 20 ºC,245193,519,N,519.200
MET-POT-AC,Cadmio total,245242,<1.5,N,0.010
MET-POT-AC,Cobre total,245242,<0.050,N,0.001
MET-POT-AC,Cromo total,245242,<10.0,N,0.180
MET-POT-AC,Hierro total,245242,53.6,N,53.620
MET-POT-AC,Manganeso total,245242,12.1,N,12.100
MET-POT-AC,Niquel total,245242,<5.0,N,1.230
MET-POT-AC,Plomo total,245242,<1.0,N,0.130
MET-POT-AC,Selenio total,245242,<1.0,N,0.130
PE-IL-TEMP,Temperatura del agua,245242,12.6,N,12.600
WMM-LM-CAM,Cloro combinado residual,245242,0.10,N,0.100
WMM-LM-CAM,Cloro libre residual,245242,<0.10,N,0.010
MET-POT-AC,Aluminio total,245242,312,N,311.860
MET-POT-AC,Antimonio total,245242,<1.0,N,0.000
MET-POT-AC,Arsénico total,245242,<1.0,N,0.400
MET-POT-AC,Boro total,245242,<0.05,N,0.019
WMM-LM-CAM,Cloro libre residual,245243,0.10,N,0.100
MET-POT-AC,Aluminio total,245243,111,N,111.150
MET-POT-AC,Antimonio total,245243,<1.0,N,-0.010
MET-POT-AC,Arsénico total,245243,<1.0,N,0.320
MET-POT-AC,Boro total,245243,<0.05,N,0.019
MET-POT-AC,Cadmio total,245243,<1.5,N,0.000
MET-POT-AC,Cobre total,245243,<0.050,N,0.001
MET-POT-AC,Cromo total,245243,<10.0,N,0.140
MET-POT-AC,Hierro total,245243,14.9,N,14.930
MET-POT-AC,Manganeso total,245243,<10.0,N,1.650
MET-POT-AC,Niquel total,245243,<5.0,N,1.090
MET-POT-AC,Plomo total,245243,<1.0,N,0.070
MET-POT-AC,Selenio total,245243,<1.0,N,0.130
PE-IL-TEMP,Temperatura del agua,245243,13.5,N,13.500
WMM-LM-CAM,Cloro combinado residual,245243,0.14,N,0.140
M-033-AC1,Legionella spp-Recuento,245252,Presencia/L,O,0.000
PE-IL-TEMP,Temperatura del agua,245252,21.7,N,21.700
M-033-AC1,Recuento transformado,245252,2.0E+02,K,200.000
M-033-AC1,Legionella volumen filtrado,245252,1,N,1.000
M-033-AC3,Identificación de L. pneumophila sr 1,245252,No detectado,O,0.000
M-033-AC3,Identificación de L. pneumophila sr 2-14,245252,No detectado,O,0.000
M-033-AC3,Identificación de Legionella otras spp,245252,Detectado,O,0.000
PE-IL-CL,Cloro libre,245252,0.0,N,0.000
M-033-AC1,Recuento,245252,200,N,200.000
PE-IL-TEMP,Temperatura del agua,245253,23.4,N,23.400
PE-IL-CL,Cloro libre,245253,0.2,N,0.220
M-033-AC2,Legionella-Volumen filtrado,245253,1,N,1.000
M-033-AC2,Legionella-Limite detección ensayo,245253,25 ufc/L,O,0.000
M-033-AC2,Legionella spp - Recuento,245253,No detectado,O,0.000
PE-IL-CL,Cloro libre,245254,0.1,N,0.060
M-033-AC2,Legionella-Volumen filtrado,245254,1,N,1.000
PE-IL-TEMP,Temperatura del agua,245254,17.7,N,17.700
M-033-AC2,Legionella spp - Recuento,245254,No detectado,O,0.000
M-033-AC2,Legionella-Limite detección ensayo,245254,25 ufc/L,O,0.000
M-033-AC2,Legionella-Limite detección ensayo,245255,25 ufc/L,O,0.000
M-033-AC2,Legionella-Volumen filtrado,245255,1,N,1.000
PE-IL-CL,Cloro libre,245255,0.0,N,0.000
PE-IL-TEMP,Temperatura del agua,245255,21.8,N,21.800
M-033-AC2,Legionella spp - Recuento,245255,No detectado,O,0.000
M-033-AC2,Legionella spp - Recuento,245256,No detectado,O,0.000
PE-IL-TEMP,Temperatura del agua,245256,18.9,N,18.900
M-033-AC2,Legionella-Limite detección ensayo,245256,25 ufc/L,O,0.000
M-033-AC2,Legionella-Volumen filtrado,245256,1,N,1.000
PE-IL-CL,Cloro libre,245256,0.0,N,0.000
M-068-AC1,Recnto. microorg. cultivables a 22 °C,245257,Presencia/ml,O,0.000
M-068-AC1,Microorganismos cultivables a 22 ºC,245257,2.0,K,2.000
M-068-AC1,Recuento,245257,2,K,2.000
M-068-AC1,Recuento,245258,0,K,0.000
M-068-AC1,Microorganismos cultivables a 22 ºC,245258,0.0,K,0.000
M-068-AC1,Microorganismos cultivables a 22 °C,245258,<1,N,1.000
M-068-AC1,Recuento,245259,0,K,0.000
M-068-AC1,Microorganismos cultivables a 22 ºC,245259,0.0,K,0.000
M-068-AC1,Microorganismos cultivables a 22 °C,245259,<1,N,1.000
AMONI-CI-P,Amonio,245362,<0.15,N,0.008
D_CONDUCT,Conductividad a 20 ºC,245362,652,N,652.100
D_OXIDABIL,Oxidabilidad,245362,1.13,N,1.130
D_PH,pH,245362,7.4,N,7.350
D_TURBIDEZ,Turbidez,245362,<0.20,N,0.140
M-034,Recuento de Pseudomonas aeruginosa,245362,<1,N,1.000
M-019-AC1,Recnto. Estafilococos coagulasa +,245362,Indeterminable,O,0.000
M-027,Recuento de E. coli,245362,<1,N,1.000
M-027,Recuento de bacterias coliformes,245362,<1,N,1.000
M-019-AC1,Recuento de Estafilococos coagulasa +,245363,<1,N,1.000
M-027,Recuento de E. coli,245363,<1,N,1.000
M-027,Recuento de bacterias coliformes,245363,<1,N,1.000
M-034,Recuento de Pseudomonas aeruginosa,245363,<1,N,1.000
AMONI-CI-P,Amonio,245363,<0.15,N,0.009
D_CONDUCT,Conductividad a 20 ºC,245363,871,N,870.500
D_OXIDABIL,Oxidabilidad,245363,1.25,N,1.250
D_PH,pH,245363,7.4,N,7.440
D_TURBIDEZ,Turbidez,245363,<0.20,N,0.150
D_TURBIDEZ,Turbidez,245364,0.22,N,0.220
M-019-AC1,Recnto. Estafilococos coagulasa +,245364,Indeterminable,O,0.000
D_PH,pH,245364,7.3,N,7.260
M-027,Recuento de bacterias coliformes,245364,<1,N,1.000
M-034,Recuento de Pseudomonas aeruginosa,245364,<1,N,1.000
AMONI-CI-P,Amonio,245364,<0.15,N,0.007
D_CONDUCT,Conductividad a 20 ºC,245364,552,N,552.000
D_OXIDABIL,Oxidabilidad,245364,1.33,N,1.330
M-027,Recuento de E. coli,245364,<1,N,1.000
AMONI-CI-P,Amonio,245365,<0.15,N,0.006
D_CONDUCT,Conductividad a 20 ºC,245365,748,N,747.700
D_OXIDABIL,Oxidabilidad,245365,1.66,N,1.660
D_PH,pH,245365,7.4,N,7.420
D_TURBIDEZ,Turbidez,245365,0.39,N,0.390
M-034,Recuento de Pseudomonas aeruginosa,245365,<1,N,1.000
M-019-AC1,Recuento de Estafilococos coagulasa +,245365,0,N,0.000
M-027,Recuento de E. coli,245365,<1,N,1.000
M-027,Recuento de bacterias coliformes,245365,<1,N,1.000
AMONI-CI-P,Amonio,245366,<0.15,N,0.008
D_CONDUCT,Conductividad a 20 ºC,245366,462,N,461.700
D_OXIDABIL,Oxidabilidad,245366,1.58,N,1.580
D_PH,pH,245366,7.1,N,7.140
D_TURBIDEZ,Turbidez,245366,<0.20,N,0.160
M-034,Recuento de Pseudomonas aeruginosa,245366,<1,N,1.000
M-019-AC1,Recnto. Estafilococos coagulasa +,245366,Indeterminable,O,0.000
M-027,Recuento de E. coli,245366,<1,N,1.000
M-027,Recuento de bacterias coliformes,245366,2,N,2.000
AMONI-CI-P,Amonio,245367,<0.15,N,0.009
D_CONDUCT,Conductividad a 20 ºC,245367,635,N,634.500
D_OXIDABIL,Oxidabilidad,245367,0.93,N,0.930
D_PH,pH,245367,7.6,N,7.560
D_TURBIDEZ,Turbidez,245367,<0.20,N,0.190
M-034,Recuento de Pseudomonas aeruginosa,245367,<1,N,1.000
M-019-AC1,Recnto. Estafilococos coagulasa +,245367,Indeterminable,O,0.000
M-027,Recuento de E. coli,245367,<1,N,1.000
M-027,Recuento de bacterias coliformes,245367,3,N,3.100
AMONI-CI-P,Amonio,245368,<0.15,N,0.008
D_CONDUCT,Conductividad a 20 ºC,245368,493,N,493.000
D_OXIDABIL,Oxidabilidad,245368,0.93,N,0.930
D_PH,pH,245368,7.3,N,7.280
D_TURBIDEZ,Turbidez,245368,<0.20,N,0.120
M-034,Recuento de Pseudomonas aeruginosa,245368,<1,N,1.000
M-019-AC1,Recnto. Estafilococos coagulasa +,245368,Indeterminable,O,0.000
M-027,Recuento de E. coli,245368,<1,N,1.000
M-027,Recuento de bacterias coliformes,245368,1,N,1.000
D_PH,pH,245369,7.3,N,7.330
D_TURBIDEZ,Turbidez,245369,0.20,N,0.200
D_OXIDABIL,Oxidabilidad,245369,1.58,N,1.580
M-027,Recuento de E. coli,245369,<1,N,1.000
M-027,Recuento de bacterias coliformes,245369,<1,N,1.000
M-034,Recuento de Pseudomonas aeruginosa,245369,<1,N,1.000
AMONI-CI-P,Amonio,245369,<0.15,N,0.029
D_CONDUCT,Conductividad a 20 ºC,245369,1019,N,1019.000
M-019-AC1,Recnto. Estafilococos coagulasa +,245369,Indeterminable,O,0.000
AMONI-CI-P,Amonio,245370,<0.15,N,0.022
D_CONDUCT,Conductividad a 20 ºC,245370,1021,N,1021.000
D_OXIDABIL,Oxidabilidad,245370,1.49,N,1.490
D_PH,pH,245370,7.3,N,7.330
D_TURBIDEZ,Turbidez,245370,0.22,N,0.220
M-019-AC1,Recnto. Estafilococos coagulasa +,245370,Indeterminable,O,0.000
M-027,Recuento de E. coli,245370,<1,N,1.000
M-027,Recuento de bacterias coliformes,245370,1,N,1.000
M-034,Recuento de Pseudomonas aeruginosa,245370,<1,N,1.000
AMONI-CI-P,Amonio,245371,<0.15,N,0.012
D_CONDUCT,Conductividad a 20 ºC,245371,799,N,799.000
M-034,Recuento de Pseudomonas aeruginosa,245371,<1,N,1.000
M-027,Recuento de bacterias coliformes,245371,<1,N,1.000
M-027,Recuento de E. coli,245371,<1,N,1.000
M-019-AC1,Recnto. Estafilococos coagulasa +,245371,Indeterminable,O,0.000
D_TURBIDEZ,Turbidez,245371,<0.20,N,0.110
D_PH,pH,245371,7.3,N,7.310
D_OXIDABIL,Oxidabilidad,245371,1.05,N,1.050
AMONI-CI-P,Amonio,245372,<0.15,N,0.006
M-027,Recuento de bacterias coliformes,245372,1,N,1.000
M-027,Recuento de E. coli,245372,<1,N,1.000
M-019-AC1,Recnto. Estafilococos coagulasa +,245372,Indeterminable,O,0.000
M-034,Recuento de Pseudomonas aeruginosa,245372,<1,N,1.000
D_TURBIDEZ,Turbidez,245372,<0.20,N,0.180
D_PH,pH,245372,7.2,N,7.170
D_OXIDABIL,Oxidabilidad,245372,1.29,N,1.290
D_CONDUCT,Conductividad a 20 ºC,245372,1109,N,1109.000
M-034,Recuento de Pseudomonas aeruginosa,245383,<1,N,1.000
AMONI-CI-P,Amonio,245383,<0.15,N,0.063
D_CONDUCT,Conductividad a 20 ºC,245383,608,N,607.600
D_OXIDABIL,Oxidabilidad,245383,1.08,N,1.080
D_PH,pH,245383,7.4,N,7.420
D_TURBIDEZ,Turbidez,245383,<0.20,N,0.150
M-019-AC1,Recuento de Estafilococos coagulasa +,245383,<1,N,1.000
M-027,Recuento de E. coli,245383,<1,N,1.000
M-027,Recuento de bacterias coliformes,245383,<1,N,1.000
AMONI-CI-P,Amonio,245384,<0.15,N,0.000
D_CONDUCT,Conductividad a 20 ºC,245384,438,N,437.500
D_OXIDABIL,Oxidabilidad,245384,1.08,N,1.080
M-019-AC1,Recnto. Estafilococos coagulasa +,245384,Indeterminable,O,0.000
M-027,Recuento de bacterias coliformes,245384,<1,N,1.000
M-034,Recuento de Pseudomonas aeruginosa,245384,<1,N,1.000
D_PH,pH,245384,7.2,N,7.190
D_TURBIDEZ,Turbidez,245384,<0.20,N,0.140
M-027,Recuento de E. coli,245384,<1,N,1.000
AMONI-CI-P,Amonio,245385,<0.15,N,0.008
D_CONDUCT,Conductividad a 20 ºC,245385,715,N,714.600
D_OXIDABIL,Oxidabilidad,245385,1.36,N,1.360
D_PH,pH,245385,7.1,N,7.140
D_TURBIDEZ,Turbidez,245385,<0.20,N,0.160
M-034,Recuento de Pseudomonas aeruginosa,245385,<1,N,1.000
M-019-AC1,Recnto. Estafilococos coagulasa +,245385,Indeterminable,O,0.000
M-027,Recuento de E. coli,245385,<1,N,1.000
M-027,Recuento de bacterias coliformes,245385,<1,N,1.000
AMONI-CI-P,Amonio,245386,<0.15,N,0.007
D_CONDUCT,Conductividad a 20 ºC,245386,666,N,665.700
D_OXIDABIL,Oxidabilidad,245386,1.20,N,1.200
D_PH,pH,245386,7.5,N,7.480
D_TURBIDEZ,Turbidez,245386,<0.20,N,0.170
M-034,Recuento de Pseudomonas aeruginosa,245386,<1,N,1.000
M-019-AC1,Recnto. Estafilococos coagulasa +,245386,Indeterminable,O,0.000
M-027,Recuento de E. coli,245386,<1,N,1.000
M-027,Recuento de bacterias coliformes,245386,<1,N,1.000
AMONI-CI-P,Amonio,245387,<0.15,N,0.006
D_CONDUCT,Conductividad a 20 ºC,245387,873,N,873.400
D_OXIDABIL,Oxidabilidad,245387,1.24,N,1.240
D_PH,pH,245387,7.2,N,7.200
D_TURBIDEZ,Turbidez,245387,<0.20,N,0.120
M-034,Recuento de Pseudomonas aeruginosa,245387,<1,N,1.000
M-019-AC1,Recnto. Estafilococo coagulasa +,245387,Indeterminable,O,0.000
M-027,Recuento de E. coli,245387,<1,N,1.000
M-027,Recuento de bacterias coliformes,245387,<1,N,1.000
AMONI-CI-P,Amonio,245388,<0.15,N,0.007
D_CONDUCT,Conductividad a 20 ºC,245388,818,N,818.100
D_OXIDABIL,Oxidabilidad,245388,1.52,N,1.520
D_PH,pH,245388,7.7,N,7.650
D_TURBIDEZ,Turbidez,245388,0.27,N,0.270
M-034,Recuento de Pseudomonas aeruginosa,245388,<1,N,1.000
M-019-AC1,Recnto. Estafilococos coagulasa +,245388,Indeterminable,O,0.000
M-027,Recuento de E. coli,245388,<1,N,1.000
M-027,Recuento de bacterias coliformes,245388,<1,N,1.000
M-019-AC1,Recnto. Estafilococos coagulasa +,245389,,O,0.000
M-019-AC1,Recuento de Estafilococos coagulasa +,245389,<1,N,1.000
M-019-AC1,Recuento de Estafilococos coagulasa +,245389,<1,N,1.000
M-027,Recuento de E. coli,245389,<1,N,1.000
M-027,Recuento de bacterias coliformes,245389,<1,N,1.000
M-034,Recuento de Pseudomonas aeruginosa,245389,<1,N,1.000
AMONI-CI-P,Amonio,245389,<0.15,N,0.008
D_CONDUCT,Conductividad a 20 ºC,245389,733,N,732.900
D_OXIDABIL,Oxidabilidad,245389,1.20,N,1.200
D_PH,pH,245389,7.5,N,7.450
D_TURBIDEZ,Turbidez,245389,0.21,N,0.210
AMONI-CI-P,Amonio,245390,<0.15,N,0.007
D_CONDUCT,Conductividad a 20 ºC,245390,649,N,649.000
M-034,Recuento de Pseudomonas aeruginosa,245390,<1,N,1.000
M-027,Recuento de bacterias coliformes,245390,6,N,6.000
M-027,Recuento de E. coli,245390,<1,N,1.000
M-019-AC1,Recnto. Estafilococos coagulasa +,245390,Indeterminable,O,0.000
D_TURBIDEZ,Turbidez,245390,<0.20,N,0.180
D_PH,pH,245390,7.3,N,7.260
D_OXIDABIL,Oxidabilidad,245390,0.96,N,0.960
AMONI-CI-P,Amonio,245391,<0.15,N,0.000
M-027,Recuento de bacterias coliformes,245391,<1,N,1.000
M-027,Recuento de E. coli,245391,<1,N,1.000
M-019-AC1,Recnto. Estafilococos coagulasa +,245391,Indeterminable,O,0.000
M-034,Recuento de Pseudomonas aeruginosa,245391,<1,N,1.000
D_TURBIDEZ,Turbidez,245391,<0.20,N,0.130
D_PH,pH,245391,7.1,N,7.090
D_OXIDABIL,Oxidabilidad,245391,0.96,N,0.960
D_CONDUCT,Conductividad a 20 ºC,245391,975,N,974.600
PE-IL-TEMP,Temperatura del agua,245413,51.4,N,51.400
M-021,Recuento transformado,245413,1.4E+04,K,14000.000
M-021,Recuento de Legionella pneumophila,245413,1.4E+04,N,14000.000
M-021,Recuento,245413,13677,N,13677.000
FECHA-LEG,Análisis Legionella-Fecha fin,245413,04/06/2026,T,0.000
FECHA-LEG,Análisis Legionella-Fecha de inicio,245413,28/05/2026,T,0.000
PE-IL-CL,Cloro libre,245413,0.0,N,0.000
M-021,Recuento de Legionella pneumophila,245414,<10,N,10.000
M-021,Recuento,245414,<10,N,10.000
FECHA-LEG,Análisis Legionella-Fecha fin,245414,04/06/2026,T,0.000
FECHA-LEG,Análisis Legionella-Fecha de inicio,245414,28/05/2026,T,0.000
PE-IL-TEMP,Temperatura del agua,245414,60.1,N,60.100
M-021,Recuento transformado,245414,1.0E+01,K,10.000
PE-IL-CL,Cloro libre,245414,0.0,N,0.000
PE-IL-TEMP,Temperatura del agua,245415,57.3,N,57.300
PE-IL-CL,Cloro libre,245415,0.0,N,0.000
M-021,Recuento transformado,245415,5.2E+01,K,52.000
M-021,Recuento de Legionella pneumophila,245415,52,N,52.000
M-021,Recuento,245415,52,N,52.000
FECHA-LEG,Análisis Legionella-Fecha de inicio,245415,28/05/2026,T,0.000
FECHA-LEG,Análisis Legionella-Fecha fin,245415,04/06/2026,T,0.000
M-021,Recuento de Legionella pneumophila,245416,1.2E+02,N,120.000
M-021,Recuento,245416,124,N,124.000
FECHA-LEG,Análisis Legionella-Fecha fin,245416,04/06/2026,T,0.000
FECHA-LEG,Análisis Legionella-Fecha de inicio,245416,28/05/2026,T,0.000
PE-IL-TEMP,Temperatura del agua,245416,52.7,N,52.700
M-021,Recuento transformado,245416,1.2E+02,K,120.000
PE-IL-CL,Cloro libre,245416,0.0,N,0.000
FECHA-LEG,Análisis Legionella-Fecha de inicio,245417,28/05/2026,T,0.000
FECHA-LEG,Análisis Legionella-Fecha fin,245417,04/06/2026,T,0.000
M-021,Recuento,245417,<10,N,10.000
M-021,Recuento de Legionella pneumophila,245417,<10,N,10.000
M-021,Recuento transformado,245417,1.0E+01,K,10.000
PE-IL-CL,Cloro libre,245417,0.0,N,0.000
PE-IL-TEMP,Temperatura del agua,245417,54,N,54.000
PE-IL-TEMP,Temperatura del agua,245418,62.7,N,62.700
PE-IL-CL,Cloro libre,245418,0.0,N,0.000
M-021,Recuento transformado,245418,1.0E+01,K,10.000
M-021,Recuento de Legionella pneumophila,245418,<10,N,10.000
M-021,Recuento,245418,<10,N,10.000
FECHA-LEG,Análisis Legionella-Fecha fin,245418,04/06/2026,T,0.000
FECHA-LEG,Análisis Legionella-Fecha de inicio,245418,28/05/2026,T,0.000
PE-IL-CL,Cloro libre,245419,0.0,N,0.000
M-021,Recuento transformado,245419,1.5E+02,K,150.000
M-021,Recuento de Legionella pneumophila,245419,1.5E+02,N,150.000
PE-IL-TEMP,Temperatura del agua,245419,51.8,N,51.800
FECHA-LEG,Análisis Legionella-Fecha fin,245419,04/06/2026,T,0.000
FECHA-LEG,Análisis Legionella-Fecha de inicio,245419,28/05/2026,T,0.000
M-021,Recuento,245419,146,N,146.000
M-021,Recuento,245420,<10,N,10.000
FECHA-LEG,Análisis Legionella-Fecha fin,245420,04/06/2026,T,0.000
PE-IL-TEMP,Temperatura del agua,245420,53.6,N,53.600
PE-IL-CL,Cloro libre,245420,0.0,N,0.000
M-021,Recuento transformado,245420,1.0E+01,K,10.000
M-021,Recuento de Legionella pneumophila,245420,<10,N,10.000
FECHA-LEG,Análisis Legionella-Fecha de inicio,245420,28/05/2026,T,0.000
PE-IL-CL,Cloro libre,245421,0.0,N,0.000
M-021,Recuento transformado,245421,4.2E+02,K,420.000
M-021,Recuento de Legionella pneumophila,245421,4.2E+02,N,420.000
PE-IL-TEMP,Temperatura del agua,245421,48.3,N,48.300
FECHA-LEG,Análisis Legionella-Fecha fin,245421,04/06/2026,T,0.000
FECHA-LEG,Análisis Legionella-Fecha de inicio,245421,28/05/2026,T,0.000
M-021,Recuento,245421,416,N,416.000
M-033-AC1,Legionella spp - Recuento,245423,>3.0E+04,N,30000.000
FECHA-LEG,Análisis Legionella-Fecha fin,245423,08/06/2026,T,0.000
FECHA-LEG,Análisis Legionella-Fecha de inicio,245423,29/05/2026,T,0.000
M-033-AC1,Recuento,245423,30000,N,30000.000
PE-IL-TEMP,Temperatura del agua,245423,44.7,N,44.700
PE-IL-CL,Cloro libre,245423,0.0,N,0.000
M-033-AC3,Identificación de Legionella otras spp,245423,No detectado,O,0.000
M-033-AC3,Identificación de L. pneumophila sr 2-14,245423,Detectado,O,0.000
M-033-AC3,Identificación de L. pneumophila sr 1,245423,No detectado,O,0.000
M-033-AC2,Legionella-Volumen filtrado,245423,1,N,1.000
M-033-AC2,Legionella-Limite detección ensayo,245423,25 ufc/L,O,0.000
M-033-AC2,Legionella spp - Recuento,245423,>3.0E+04,O,0.000
M-033-AC1,Legionella volumen filtrado,245423,1,N,1.000
M-033-AC1,Recuento transformado,245423,3.0E+04,K,30000.000
PE-IL-TEMP,Temperatura del agua,245424,48.6,N,48.600
FECHA-LEG,Análisis Legionella-Fecha de inicio,245424,29/05/2026,T,0.000
FECHA-LEG,Análisis Legionella-Fecha fin,245424,08/06/2026,T,0.000
M-033-AC1,Legionella spp - Recuento,245424,>3.0E+04,N,30000.000
PE-IL-CL,Cloro libre,245424,0.0,N,0.000
M-033-AC3,Identificación de Legionella otras spp,245424,No detectado,O,0.000
M-033-AC3,Identificación de L. pneumophila sr 2-14,245424,Detectado,O,0.000
M-033-AC3,Identificación de L. pneumophila sr 1,245424,No detectado,O,0.000
M-033-AC2,Legionella-Volumen filtrado,245424,1,N,1.000
M-033-AC2,Legionella-Limite detección ensayo,245424,25 ufc/L,O,0.000
M-033-AC2,Legionella spp - Recuento,245424,> 3.0E+04,O,0.000
M-033-AC1,Legionella volumen filtrado,245424,1,N,1.000
M-033-AC1,Recuento transformado,245424,3.0E+04,K,30000.000
M-033-AC1,Recuento,245424,>30000,N,30000.000
FECHA-LEG,Análisis Legionella-Fecha de inicio,245425,29/05/2026,T,0.000
FECHA-LEG,Análisis Legionella-Fecha fin,245425,08/06/2026,T,0.000
M-033-AC1,Legionella spp - Recuento,245425,4.3E+03,N,4300.000
M-033-AC1,Recuento,245425,4300,N,4300.000
M-033-AC1,Recuento transformado,245425,4.3E+03,K,4300.000
M-033-AC1,Legionella volumen filtrado,245425,1,N,1.000
M-033-AC2,Legionella spp - Recuento,245425,4.3E+03,O,0.000
M-033-AC2,Legionella-Limite detección ensayo,245425,25 ufc/L,O,0.000
M-033-AC2,Legionella-Volumen filtrado,245425,1,N,1.000
M-033-AC3,Identificación de L. pneumophila sr 1,245425,No detectado,O,0.000
M-033-AC3,Identificación de L. pneumophila sr 2-14,245425,Detectado,O,0.000
M-033-AC3,Identificación de Legionella otras spp,245425,No detectado,O,0.000
PE-IL-CL,Cloro libre,245425,0.0,N,0.000
PE-IL-TEMP,Temperatura del agua,245425,48,N,48.000
FECHA-LEG,Análisis Legionella-Fecha de inicio,245426,29/05/2026,T,0.000
PE-IL-TEMP,Temperatura del agua,245426,50.2,N,50.200
PE-IL-CL,Cloro libre,245426,0.0,N,0.000
M-033-AC2,Legionella-Volumen filtrado,245426,1,N,1.000
M-033-AC2,Legionella-Limite detección ensayo,245426,25 ufc/L,O,0.000
M-033-AC2,Legionella spp - Recuento,245426,No detectado,O,0.000
FECHA-LEG,Análisis Legionella-Fecha fin,245426,08/06/2026,T,0.000
PE-IL-CL,Cloro libre,245427,0.0,N,0.000
PE-IL-TEMP,Temperatura del agua,245427,51.8,N,51.800
FECHA-LEG,Análisis Legionella-Fecha de inicio,245427,29/05/2026,T,0.000
FECHA-LEG,Análisis Legionella-Fecha fin,245427,08/06/2026,T,0.000
M-033-AC2,Legionella spp - Recuento,245427,No detectado,O,0.000
M-033-AC2,Legionella-Limite detección ensayo,245427,25 ufc/L,O,0.000
M-033-AC2,Legionella-Volumen filtrado,245427,1,N,1.000
M-033-AC2,Legionella-Volumen filtrado,245428,1,N,1.000
M-033-AC2,Legionella-Limite detección ensayo,245428,25 ufc/L,O,0.000
M-033-AC2,Legionella spp - Recuento,245428,No detectado,O,0.000
FECHA-LEG,Análisis Legionella-Fecha de inicio,245428,29/05/2026,T,0.000
FECHA-LEG,Análisis Legionella-Fecha fin,245428,08/06/2026,T,0.000
M-068-AC2,Microorganismos cultivables a 37º C,245429,1.0,K,1.000
M-068-AC2,Recnto. Microorg. cultivables a 37 ºC,245429,Presencia/ml,O,0.000
M-068-AC2,Recuento,245429,1,K,1.000
M-068-AC2,Microorganismos cultivables a 37 °C,245430,<1,N,1.000
M-068-AC2,Recuento,245430,0,K,0.000
M-068-AC2,Microorganismos cultivables a 37º C,245430,0.0,K,0.000
AMONI-CI-P,Amonio,245493,<0.30,N,0.300
D_CONDUCT,Conductividad a 20 ºC,245493,1312,N,1312.000
D_OXIDABIL,Oxidabilidad,245493,0.57,N,0.570
D_PH,pH,245493,7.5,N,7.490
D_TURBIDEZ,Turbidez,245493,0.39,N,0.390
M-034,Recuento de Pseudomonas aeruginosa,245493,<1,N,1.000
M-019-AC1,Recuento de Estafilococos coagulasa +,245493,0,N,0.000
M-027,Recuento de E. coli,245493,<1,N,1.000
M-027,Recuento de bacterias coliformes,245493,<1,N,1.000
AMONI-CI-P,Amonio,245494,<0.15,N,0.000
D_CONDUCT,Conductividad a 20 ºC,245494,929,N,929.300
D_OXIDABIL,Oxidabilidad,245494,1.17,N,1.170
D_PH,pH,245494,7.4,N,7.410
D_TURBIDEZ,Turbidez,245494,<0.20,N,0.170
M-034,Recuento de Pseudomonas aeruginosa,245494,<1,N,1.000
M-019-AC1,Recuento de Estafilococos coagulasa +,245494,<1,N,1.000
M-027,Recuento de E. coli,245494,<1,N,1.000
M-027,Recuento de bacterias coliformes,245494,<1,N,1.000
AMONI-CI-P,Amonio,245495,<0.30,N,0.300
D_CONDUCT,Conductividad a 20 ºC,245495,1221,N,1221.000
D_OXIDABIL,Oxidabilidad,245495,<0.50,N,0.440
D_PH,pH,245495,7.4,N,7.370
D_TURBIDEZ,Turbidez,245495,<0.20,N,0.120
M-034,Recuento de Pseudomonas aeruginosa,245495,<1,N,1.000
M-019-AC1,Recuento de Estafilococos coagulasa +,245495,<1,N,1.000
M-027,Recuento de E. coli,245495,<1,N,1.000
M-027,Recuento de bacterias coliformes,245495,<1,N,1.000
AMONI-CI-P,Amonio,245496,<0.15,N,0.000
D_CONDUCT,Conductividad a 20 ºC,245496,1088,N,1088.000
D_OXIDABIL,Oxidabilidad,245496,0.53,N,0.530
D_PH,pH,245496,7.4,N,7.390
D_TURBIDEZ,Turbidez,245496,<0.20,N,0.140
M-034,Recuento de Pseudomonas aeruginosa,245496,<1,N,1.000
M-019-AC1,Recuento de Estafilococos coagulasa +,245496,0,N,0.000
M-027,Recuento de E. coli,245496,<1,N,1.000
M-027,Recuento de bacterias coliformes,245496,<1,N,1.000
AMONI-CI-P,Amonio,245497,<0.30,N,0.300
D_CONDUCT,Conductividad a 20 ºC,245497,1267,N,1267.000
D_OXIDABIL,Oxidabilidad,245497,0.57,N,0.570
D_PH,pH,245497,7.6,N,7.610
D_TURBIDEZ,Turbidez,245497,<0.20,N,0.180
M-034,Recuento de Pseudomonas aeruginosa,245497,<1,N,1.000
M-019-AC1,Recuento de Estafilococos coagulasa +,245497,<1,N,1.000
M-027,Recuento de E. coli,245497,<1,N,1.000
M-027,Recuento de bacterias coliformes,245497,<1,N,1.000
AMONI-CI-P,Amonio,245498,<0.15,N,0.000
D_CONDUCT,Conductividad a 20 ºC,245498,1065,N,1065.000
D_OXIDABIL,Oxidabilidad,245498,0.81,N,0.810
D_PH,pH,245498,7.6,N,7.550
D_TURBIDEZ,Turbidez,245498,<0.20,N,0.110
M-034,Recuento de Pseudomonas aeruginosa,245498,<1,N,1.000
M-019-AC1,Recnto. Estafilococos coagulasa +,245498,Indeterminable,O,0.000
M-027,Recuento de E. coli,245498,<1,N,1.000
M-027,Recuento de bacterias coliformes,245498,<1,N,1.000
M-019-AC1,Recuento de Estafilococos coagulasa +,245499,<1,N,1.000
M-027,Recuento de E. coli,245499,<1,N,1.000
M-027,Recuento de bacterias coliformes,245499,<1,N,1.000
M-034,Recuento de Pseudomonas aeruginosa,245499,1,N,1.000
AMONI-CI-P,Amonio,245499,<0.15,N,0.000
D_CONDUCT,Conductividad a 20 ºC,245499,848,N,847.600
D_OXIDABIL,Oxidabilidad,245499,<0.50,N,0.400
D_PH,pH,245499,7.6,N,7.560
D_TURBIDEZ,Turbidez,245499,<0.20,N,0.130
D_TURBIDEZ,Turbidez,245500,<0.20,N,0.170
D_PH,pH,245500,7.6,N,7.640
D_OXIDABIL,Oxidabilidad,245500,0.69,N,0.690
D_CONDUCT,Conductividad a 20 ºC,245500,847,N,846.700
AMONI-CI-P,Amonio,245500,<0.15,N,0.000
M-019-AC1,Recnto. Estafilococos coagulasa +,245500,Indeterminable,O,0.000
M-027,Recuento de E. coli,245500,<1,N,1.000
M-027,Recuento de bacterias coliformes,245500,<1,N,1.000
M-034,Recuento de Pseudomonas aeruginosa,245500,<1,N,1.000
D_TURBIDEZ,Turbidez,245501,<0.20,N,0.140
D_PH,pH,245501,7.5,N,7.540
D_OXIDABIL,Oxidabilidad,245501,<0.50,N,0.360
M-034,Recuento de Pseudomonas aeruginosa,245501,<1,N,1.000
AMONI-CI-P,Amonio,245501,<0.15,N,0.000
M-019-AC1,Recuento de Estafilococos coagulasa +,245501,0,N,0.000
M-027,Recuento de E. coli,245501,<1,N,1.000
M-027,Recuento de bacterias coliformes,245501,<1,N,1.000
D_CONDUCT,Conductividad a 20 ºC,245501,1303,N,1303.000
M-034,Recuento de Pseudomonas aeruginosa,245502,<1,N,1.000
M-027,Recuento de bacterias coliformes,245502,<1,N,1.000
M-027,Recuento de E. coli,245502,<1,N,1.000
M-019-AC1,Recuento de Estafilococos coagulasa +,245502,0,N,0.000
D_TURBIDEZ,Turbidez,245502,<0.20,N,0.140
D_PH,pH,245502,7.6,N,7.550
D_OXIDABIL,Oxidabilidad,245502,0.57,N,0.570
AMONI-CI-P,Amonio,245502,<0.15,N,0.000
D_CONDUCT,Conductividad a 20 ºC,245502,1295,N,1295.000
M-027,Recuento de bacterias coliformes,245503,<1,N,1.000
M-027,Recuento de E. coli,245503,<1,N,1.000
M-019-AC1,Recuento de Estafilococos coagulasa +,245503,0,N,0.000
M-034,Recuento de Pseudomonas aeruginosa,245503,<1,N,1.000
D_TURBIDEZ,Turbidez,245503,0.24,N,0.240
D_PH,pH,245503,7.6,N,7.590
D_OXIDABIL,Oxidabilidad,245503,0.61,N,0.610
D_CONDUCT,Conductividad a 20 ºC,245503,1301,N,1301.000
AMONI-CI-P,Amonio,245503,<0.15,N,0.000
M-027,Recuento de E. coli,245504,<1,N,1.000
M-027,Recuento de bacterias coliformes,245504,<1,N,1.000
D_OXIDABIL,Oxidabilidad,245504,0.85,N,0.850
D_PH,pH,245504,7.6,N,7.580
D_TURBIDEZ,Turbidez,245504,<0.20,N,0.150
M-019-AC1,Recuento de Estafilococos coagulasa +,245504,0,N,0.000
AMONI-CI-P,Amonio,245504,<0.15,N,0.000
D_CONDUCT,Conductividad a 20 ºC,245504,935,N,935.000
M-034,Recuento de Pseudomonas aeruginosa,245504,<1,N,1.000
AMONI-CI-P,Amonio,245505,<0.30,N,0.300
D_CONDUCT,Conductividad a 20 ºC,245505,1283,N,1283.000
D_OXIDABIL,Oxidabilidad,245505,<0.50,N,0.160
D_PH,pH,245505,7.9,N,7.880
D_TURBIDEZ,Turbidez,245505,<0.20,N,0.150
M-034,Recuento de Pseudomonas aeruginosa,245505,<1,N,1.000
M-019-AC1,Recuento de Estafilococos coagulasa +,245505,0,N,0.000
M-027,Recuento de E. coli,245505,<1,N,1.000
M-027,Recuento de bacterias coliformes,245505,<1,N,1.000
M-019-AC1,Recuento de Estafilococos coagulasa +,245506,0,N,0.000
M-027,Recuento de E. coli,245506,<1,N,1.000
M-027,Recuento de bacterias coliformes,245506,<1,N,1.000
AMONI-CI-P,Amonio,245506,<0.15,N,0.000
D_CONDUCT,Conductividad a 20 ºC,245506,1628,N,1628.000
D_OXIDABIL,Oxidabilidad,245506,0.53,N,0.530
D_PH,pH,245506,8.4,N,8.390
D_TURBIDEZ,Turbidez,245506,<0.20,N,0.190
M-034,Recuento de Pseudomonas aeruginosa,245506,<1,N,1.000
AMONI-CI-P,Amonio,245507,<0.15,N,0.000
D_CONDUCT,Conductividad a 20 ºC,245507,1085,N,1085.000
D_OXIDABIL,Oxidabilidad,245507,0.77,N,0.770
D_PH,pH,245507,7.6,N,7.550
D_TURBIDEZ,Turbidez,245507,<0.20,N,0.140
M-034,Recuento de Pseudomonas aeruginosa,245507,<1,N,1.000
M-019-AC1,Recuento de Estafilococos coagulasa +,245507,0,N,0.000
M-027,Recuento de E. coli,245507,<1,N,1.000
M-027,Recuento de bacterias coliformes,245507,<1,N,1.000
AMONI-CI-P,Amonio,245508,<0.30,N,0.300
D_CONDUCT,Conductividad a 20 ºC,245508,1173,N,1173.000
D_OXIDABIL,Oxidabilidad,245508,0.69,N,0.690
D_PH,pH,245508,7.9,N,7.850
D_TURBIDEZ,Turbidez,245508,<0.20,N,0.120
M-034,Recuento de Pseudomonas aeruginosa,245508,<1,N,1.000
M-019-AC1,Recuento de Estafilococos coagulasa +,245508,0,N,0.000
M-027,Recuento de E. coli,245508,<1,N,1.000
M-027,Recuento de bacterias coliformes,245508,<1,N,1.000
AMONI-CI-P,Amonio,245509,<0.15,N,0.000
D_CONDUCT,Conductividad a 20 ºC,245509,1047,N,1047.000
D_OXIDABIL,Oxidabilidad,245509,<0.50,N,0.000
D_PH,pH,245509,7.8,N,7.770
D_TURBIDEZ,Turbidez,245509,<0.20,N,0.170
M-034,Recuento de Pseudomonas aeruginosa,245509,<1,N,1.000
M-019-AC1,Recuento de Estafilococos coagulasa +,245509,0,N,0.000
M-027,Recuento de E. coli,245509,<1,N,1.000
M-027,Recuento de bacterias coliformes,245509,<1,N,1.000
M-034,Recuento de Pseudomonas aeruginosa,245510,<1,N,1.000
M-027,Recuento de bacterias coliformes,245510,<1,N,1.000
M-027,Recuento de E. coli,245510,<1,N,1.000
M-019-AC1,Recuento de Estafilococos coagulasa +,245510,0,N,0.000
AMONI-CI-P,Amonio,245510,<0.15,N,0.000
D_TURBIDEZ,Turbidez,245510,<0.20,N,0.150
D_PH,pH,245510,7.5,N,7.510
D_OXIDABIL,Oxidabilidad,245510,0.57,N,0.570
D_CONDUCT,Conductividad a 20 ºC,245510,815,N,814.900
M-027,Recuento de bacterias coliformes,245511,<1,N,1.000
M-034,Recuento de Pseudomonas aeruginosa,245511,<1,N,1.000
M-027,Recuento de E. coli,245511,<1,N,1.000
M-019-AC1,Recuento de Estafilococos coagulasa +,245511,0,N,0.000
D_TURBIDEZ,Turbidez,245511,<0.20,N,0.120
D_PH,pH,245511,7.7,N,7.710
D_OXIDABIL,Oxidabilidad,245511,0.53,N,0.530
D_CONDUCT,Conductividad a 20 ºC,245511,863,N,862.900
AMONI-CI-P,Amonio,245511,<0.15,N,0.000
MET-GRF-AC,Cromo total,245519,<10.0,N,0.030
MET-GRF-AC,Aluminio total,245519,82.7,N,82.700
M-016-AC1,Recuento de bacterias coliformes,245519,0,N,0.000
MET-GRF-AC,Hierro total,245519,<10.0,N,5.710
MET-GRF-AC,Niquel total,245519,<5.0,N,0.640
MET-GRF-AC,Plomo total,245519,<1.0,N,0.150
WMM-LM-CAM,Cloro combinado residual,245519,<0.10,N,0.040
WMM-LM-CAM,Cloro libre residual,245519,<0.10,N,0.000
D_CONDUCT,Conductividad a 20 ºC,245519,288,N,288.300
D_PH,pH,245519,7.8,N,7.830
D_TURBIDEZ,Turbidez,245519,<0.20,N,0.140
M-016-AC1,Recuento de E. coli,245519,0,N,0.000
MET-GRF-AC,Cobre total,245519,<0.050,N,0.003
D_CONDUCT,Conductividad a 20 ºC,245521,290,N,290.000
D_PH,pH,245521,7.9,N,7.910
WMM-LM-CAM,Cloro libre residual,245521,<0.10,N,0.030
WMM-LM-CAM,Cloro combinado residual,245521,0.16,N,0.160
PE-IL-TEMP,Temperatura del agua,245521,16.0,N,16.000
MET-GRF-AC,Plomo total,245521,<1.0,N,0.180
MET-GRF-AC,Niquel total,245521,<5.0,N,0.630
MET-GRF-AC,Hierro total,245521,<10.0,N,7.700
MET-GRF-AC,Cromo total,245521,<10.0,N,0.040
MET-GRF-AC,Cobre total,245521,<0.050,N,0.004
MET-GRF-AC,Aluminio total,245521,110,N,109.640
M-016-AC1,Recuento de bacterias coliformes,245521,0,N,0.000
M-016-AC1,Recuento de E. coli,245521,0,N,0.000
D_TURBIDEZ,Turbidez,245521,0.22,N,0.220
FECHA-LEG,Análisis Legionella-Fecha de inicio,245525,05/06/2026,T,0.000
FECHA-LEG,Análisis Legionella-Fecha fin,245525,15/06/2026,T,0.000
M-033-AC2,Legionella spp - Recuento,245525,No detectado,O,0.000
M-033-AC2,Legionella-Limite detección ensayo,245525,25 ufc/L,O,0.000
M-033-AC2,Legionella-Volumen filtrado,245525,1,N,1.000
PE-IL-CL,Cloro libre,245525,0.0,N,0.000
PE-IL-TEMP,Temperatura del agua,245525,50,N,50.000
PE-IL-CL,Cloro libre,245526,0.0,N,0.000
M-033-AC2,Legionella-Volumen filtrado,245526,1,N,1.000
M-033-AC2,Legionella-Limite detección ensayo,245526,25 ufc/L,O,0.000
M-033-AC2,Legionella spp - Recuento,245526,No detectado,O,0.000
FECHA-LEG,Análisis Legionella-Fecha fin,245526,15/06/2026,T,0.000
FECHA-LEG,Análisis Legionella-Fecha de inicio,245526,05/06/2026,T,0.000
PE-IL-TEMP,Temperatura del agua,245526,47.2,N,47.200
FECHA-LEG,Análisis Legionella-Fecha de inicio,245527,05/06/2026,T,0.000
FECHA-LEG,Análisis Legionella-Fecha fin,245527,15/06/2026,T,0.000
M-033-AC2,Legionella spp - Recuento,245527,No detectado,O,0.000
M-033-AC2,Legionella-Limite detección ensayo,245527,25 ufc/L,O,0.000
PE-IL-CL,Cloro libre,245527,0.0,N,0.000
PE-IL-TEMP,Temperatura del agua,245527,50,N,50.000
M-033-AC2,Legionella-Volumen filtrado,245527,1,N,1.000
M-068-AC2,Recuento,245528,0,K,0.000
M-068-AC2,Microorganismos cultivables a 37º C,245528,0.0,K,0.000
M-068-AC2,Microorganismos cultivables a 37 °C,245528,<1,N,1.000
M-021,Recuento,245531,>22726,N,22726.000
M-021,Recuento de Legionella pneumophila,245531,>2.3E+04,N,23000.000
M-021,Recuento transformado,245531,2.3E+04,K,23000.000
PE-IL-CL,Cloro libre,245531,0.0,N,0.000
PE-IL-TEMP,Temperatura del agua,245531,53.3,N,53.300
M-021,Recuento de Legionella pneumophila,245532,8.1E+03,N,8100.000
M-021,Recuento transformado,245532,8.1E+03,K,8100.000
PE-IL-CL,Cloro libre,245532,0.0,N,0.000
PE-IL-TEMP,Temperatura del agua,245532,49.5,N,49.500
M-021,Recuento,245532,8128,N,8128.000
M-068-AC2,Recuento,245534,0,K,0.000
M-068-AC2,Microorganismos cultivables a 37º C,245534,0.0,K,0.000
M-068-AC2,Microorganismos cultivables a 37 °C,245534,<1,N,1.000
AMONI-CI-P,Amonio,245580,<0.15,N,0.000
WMM-LM-CAM,Cloro libre residual,245580,<0.10,N,0.040
D_CONDUCT,Conductividad a 20 ºC,245580,290,N,290.200
D_PH,pH,245580,8.0,N,7.960
D_TURBIDEZ,Turbidez,245580,<0.20,N,0.130
M-013-AC1,Recuento de enterococos intestinales,245580,0,N,0.000
M-016-AC1,Recuento de E. coli,245580,0,N,0.000
M-016-AC1,Recuento de bacterias coliformes,245580,0,N,0.000
M-030-AC1,Recuento C. perfringens (con esporas),245580,0,N,0.000
M-068-AC1,Microorganismos cultivables a 22 °C,245580,<1,N,1.000
M-068-AC1,Microorganismos cultivables a 22 ºC,245580,0.0,K,0.000
M-068-AC1,Recuento,245580,0,K,0.000
MET-POT-AC,Aluminio total,245580,88.8,N,88.770
MET-POT-AC,Antimonio total,245580,<1.0,N,0.100
MET-POT-AC,Arsénico total,245580,<1.0,N,0.440
MET-POT-AC,Boro total,245580,<0.05,N,0.030
MET-POT-AC,Cadmio total,245580,<1.5,N,0.000
MET-POT-AC,Cobre total,245580,<0.050,N,0.000
MET-POT-AC,Cromo total,245580,<10.0,N,-0.050
MET-POT-AC,Hierro total,245580,<10.0,N,9.400
MET-POT-AC,Manganeso total,245580,<10.0,N,0.280
MET-POT-AC,Niquel total,245580,<5.0,N,0.540
MET-POT-AC,Plomo total,245580,<1.0,N,0.100
MET-POT-AC,Selenio total,245580,<1.0,N,0.210
NA-CI-P,Sodio,245580,9.56,N,9.560
NTRAT-CI-P,Nitratos,245580,5.12,N,5.120
NTRIT-CI-P,Nitritos,245580,<0.15,N,0.000
OXOANIONES,Bromato,245580,<2.5,N,0.000
OXOANIONES,Clorato,245580,0.18,N,0.184
OXOANIONES,Clorito,245580,<0.03,N,0.000
SULFA-CI-P,Sulfatos,245580,19.3,N,19.310
WMM-LM-CAM,Cloro combinado residual,245580,0.19,N,0.190
CLORU-CI-P,Cloruros,245580,13.26,N,13.260
AMONI-CI-P,Amonio,245581,<0.15,N,0.000
CLORU-CI-P,Cloruros,245581,13.92,N,13.920
D_CONDUCT,Conductividad a 20 ºC,245581,286,N,286.100
D_PH,pH,245581,8.1,N,8.090
D_TURBIDEZ,Turbidez,245581,<0.20,N,0.000
M-013-AC1,Recuento de enterococos intestinales,245581,0,N,0.000
M-016-AC1,Recuento de E. coli,245581,0,N,0.000
M-016-AC1,Recuento de bacterias coliformes,245581,0,N,0.000
M-030-AC1,Recuento C. perfringens (con esporas),245581,0,N,0.000
M-068-AC1,Microorganismos cultivables a 22 °C,245581,<1,N,1.000
M-068-AC1,Microorganismos cultivables a 22 ºC,245581,0.0,K,0.000
M-068-AC1,Recuento,245581,0,K,0.000
MET-POT-AC,Aluminio total,245581,82.6,N,82.640
MET-POT-AC,Antimonio total,245581,<1.0,N,0.000
MET-POT-AC,Arsénico total,245581,<1.0,N,0.430
MET-POT-AC,Boro total,245581,<0.05,N,0.020
MET-POT-AC,Cadmio total,245581,<1.5,N,0.000
MET-POT-AC,Cobre total,245581,<0.050,N,0.000
MET-POT-AC,Cromo total,245581,<10.0,N,-0.050
MET-POT-AC,Hierro total,245581,<10.0,N,8.910
MET-POT-AC,Manganeso total,245581,<10.0,N,0.140
MET-POT-AC,Niquel total,245581,<5.0,N,0.540
MET-POT-AC,Plomo total,245581,<1.0,N,0.000
MET-POT-AC,Selenio total,245581,<1.0,N,0.150
NA-CI-P,Sodio,245581,10.01,N,10.010
NTRAT-CI-P,Nitratos,245581,5.18,N,5.180
NTRIT-CI-P,Nitritos,245581,<0.15,N,0.000
OXOANIONES,Bromato,245581,<2.5,N,0.000
OXOANIONES,Clorato,245581,0.29,N,0.292
OXOANIONES,Clorito,245581,<0.03,N,0.000
SULFA-CI-P,Sulfatos,245581,19.4,N,19.350
WMM-LM-CAM,Cloro combinado residual,245581,0.17,N,0.170
WMM-LM-CAM,Cloro libre residual,245581,0.12,N,0.120
M-068-AC1,Recuento,245582,5,K,5.000
M-068-AC1,Microorganismos cultivables a 22 ºC,245582,5.0,K,5.000
M-068-AC1,Recnto. Microorg. cultivables a 22 ºC,245582,Estimado 5 ufc/ml,O,0.000
M-068-AC1,Recuento,245582,5,K,5.000
MET-POT-AC,Aluminio total,245582,97.6,N,97.620
MET-POT-AC,Antimonio total,245582,<1.0,N,0.000
MET-POT-AC,Arsénico total,245582,<1.0,N,0.420
MET-POT-AC,Boro total,245582,<0.05,N,0.020
MET-POT-AC,Cadmio total,245582,<1.5,N,0.000
MET-POT-AC,Cobre total,245582,<0.050,N,0.000
MET-POT-AC,Cromo total,245582,<10.0,N,-0.040
MET-POT-AC,Hierro total,245582,10.6,N,10.630
MET-POT-AC,Manganeso total,245582,<10.0,N,0.630
MET-POT-AC,Niquel total,245582,<5.0,N,0.660
MET-POT-AC,Plomo total,245582,<1.0,N,0.100
MET-POT-AC,Selenio total,245582,<1.0,N,0.130
NA-CI-P,Sodio,245582,9.99,N,9.990
NTRAT-CI-P,Nitratos,245582,5.14,N,5.140
NTRIT-CI-P,Nitritos,245582,<0.15,N,0.000
OXOANIONES,Bromato,245582,<2.5,N,0.000
OXOANIONES,Clorato,245582,0.29,N,0.289
OXOANIONES,Clorito,245582,<0.03,N,0.000
SULFA-CI-P,Sulfatos,245582,19.3,N,19.320
WMM-LM-CAM,Cloro combinado residual,245582,0.20,N,0.200
WMM-LM-CAM,Cloro libre residual,245582,0.28,N,0.280
AMONI-CI-P,Amonio,245582,<0.15,N,0.000
CLORU-CI-P,Cloruros,245582,13.83,N,13.830
D_CONDUCT,Conductividad a 20 ºC,245582,286,N,286.000
D_PH,pH,245582,8.0,N,8.010
D_TURBIDEZ,Turbidez,245582,<0.20,N,0.000
M-013-AC1,Recuento de enterococos intestinales,245582,0,N,0.000
M-016-AC1,Recuento de E. coli,245582,0,N,0.000
M-016-AC1,Recuento de bacterias coliformes,245582,0,N,0.000
M-030-AC1,Recuento C. perfringens (con esporas),245582,0,N,0.000
M-068-AC1,Microorganismos cultivables a 22 °C,245582,5,N,5.000
M-068-AC1,Microorganismos cultivables a 22 ºC,245582,5.0,K,5.000
M-016-AC1,Recuento de E. coli,245583,0,N,0.000
WMM-LM-CAM,Cloro libre residual,245583,<0.10,N,0.090
M-030-AC1,Recuento C. perfringens (con esporas),245583,0,N,0.000
M-068-AC1,Microorganismos cultivables a 22 °C,245583,<1,N,1.000
M-068-AC1,Microorganismos cultivables a 22 ºC,245583,0.0,K,0.000
M-068-AC1,Recuento,245583,0,K,0.000
MET-POT-AC,Aluminio total,245583,94.1,N,94.140
MET-POT-AC,Antimonio total,245583,<1.0,N,0.000
MET-POT-AC,Arsénico total,245583,<1.0,N,0.460
MET-POT-AC,Boro total,245583,<0.05,N,0.030
MET-POT-AC,Cadmio total,245583,<1.5,N,0.000
MET-POT-AC,Cobre total,245583,<0.050,N,0.000
MET-POT-AC,Cromo total,245583,<10.0,N,-0.040
MET-POT-AC,Hierro total,245583,<10.0,N,9.090
MET-POT-AC,Manganeso total,245583,<10.0,N,0.280
MET-POT-AC,Niquel total,245583,<5.0,N,0.540
MET-POT-AC,Plomo total,245583,<1.0,N,0.000
MET-POT-AC,Selenio total,245583,<1.0,N,0.220
NA-CI-P,Sodio,245583,9.81,N,9.810
NTRAT-CI-P,Nitratos,245583,5.21,N,5.210
NTRIT-CI-P,Nitritos,245583,<0.15,N,0.000
AMONI-CI-P,Amonio,245583,<0.15,N,0.000
CLORU-CI-P,Cloruros,245583,13.65,N,13.650
D_CONDUCT,Conductividad a 20 ºC,245583,288,N,287.800
D_PH,pH,245583,8.0,N,7.980
D_TURBIDEZ,Turbidez,245583,<0.20,N,0.000
M-013-AC1,Recuento de enterococos intestinales,245583,0,N,0.000
OXOANIONES,Bromato,245583,<2.5,N,0.000
OXOANIONES,Clorato,245583,0.23,N,0.228
OXOANIONES,Clorito,245583,<0.03,N,0.000
SULFA-CI-P,Sulfatos,245583,19.5,N,19.460
WMM-LM-CAM,Cloro combinado residual,245583,0.17,N,0.170
M-016-AC1,Recuento de bacterias coliformes,245583,0,N,0.000
D_TURBIDEZ,Turbidez,245584,<0.20,N,0.000
D_PH,pH,245584,8.1,N,8.070
M-013-AC1,Recuento de enterococos intestinales,245584,0,N,0.000
M-016-AC1,Recuento de E. coli,245584,0,N,0.000
M-016-AC1,Recuento de bacterias coliformes,245584,0,N,0.000
M-030-AC1,Recuento C. perfringens (con esporas),245584,0,N,0.000
M-068-AC1,Microorganismos cultivables a 22 ºC,245584,6.0,K,6.000
M-068-AC1,Recnto. Microorg. cultivables a 22 ºC,245584,Estimado 6 ufc/ml,O,0.000
M-068-AC1,Recuento,245584,6,K,6.000
MET-POT-AC,Aluminio total,245584,91.8,N,91.750
MET-POT-AC,Antimonio total,245584,<1.0,N,0.000
MET-POT-AC,Arsénico total,245584,<1.0,N,0.420
MET-POT-AC,Boro total,245584,<0.05,N,0.030
MET-POT-AC,Cadmio total,245584,<1.5,N,0.000
MET-POT-AC,Cobre total,245584,<0.050,N,0.000
MET-POT-AC,Cromo total,245584,<10.0,N,-0.030
MET-POT-AC,Hierro total,245584,10.6,N,10.600
MET-POT-AC,Manganeso total,245584,<10.0,N,0.270
MET-POT-AC,Niquel total,245584,<5.0,N,0.520
MET-POT-AC,Plomo total,245584,<1.0,N,0.100
MET-POT-AC,Selenio total,245584,<1.0,N,0.160
NA-CI-P,Sodio,245584,9.57,N,9.570
NTRAT-CI-P,Nitratos,245584,5.20,N,5.200
NTRIT-CI-P,Nitritos,245584,<0.15,N,0.000
OXOANIONES,Bromato,245584,<2.5,N,0.000
OXOANIONES,Clorato,245584,0.18,N,0.178
OXOANIONES,Clorito,245584,<0.03,N,0.000
SULFA-CI-P,Sulfatos,245584,19.5,N,19.480
WMM-LM-CAM,Cloro combinado residual,245584,<0.10,N,0.090
WMM-LM-CAM,Cloro libre residual,245584,<0.10,N,0.010
AMONI-CI-P,Amonio,245584,<0.15,N,0.000
CLORU-CI-P,Cloruros,245584,13.38,N,13.380
D_CONDUCT,Conductividad a 20 ºC,245584,286,N,286.300
AMONI-CI-P,Amonio,245585,<0.15,N,0.000
MET-POT-AC,Manganeso total,245585,<10.0,N,0.210
D_CONDUCT,Conductividad a 20 ºC,245585,287,N,287.000
D_PH,pH,245585,8.0,N,7.960
D_TURBIDEZ,Turbidez,245585,<0.20,N,0.000
M-013-AC1,Recuento de enterococos intestinales,245585,0,N,0.000
M-016-AC1,Recuento de E. coli,245585,0,N,0.000
M-016-AC1,Recuento de bacterias coliformes,245585,0,N,0.000
M-030-AC1,Recuento C. perfringens (con esporas),245585,0,N,0.000
M-068-AC1,Microorganismos cultivables a 22 ºC,245585,1.0,K,1.000
M-068-AC1,Recnto. Microorg. cultivables a 22 ºC,245585,Presencia/ml,O,0.000
M-068-AC1,Recuento,245585,1,K,1.000
MET-POT-AC,Niquel total,245585,<5.0,N,0.660
MET-POT-AC,Plomo total,245585,<1.0,N,0.100
MET-POT-AC,Selenio total,245585,<1.0,N,0.120
NA-CI-P,Sodio,245585,9.52,N,9.520
NTRAT-CI-P,Nitratos,245585,5.23,N,5.230
NTRIT-CI-P,Nitritos,245585,<0.15,N,0.000
OXOANIONES,Bromato,245585,<2.5,N,0.000
OXOANIONES,Clorato,245585,0.17,N,0.174
OXOANIONES,Clorito,245585,<0.03,N,0.000
SULFA-CI-P,Sulfatos,245585,19.5,N,19.480
WMM-LM-CAM,Cloro combinado residual,245585,<0.10,N,0.090
WMM-LM-CAM,Cloro libre residual,245585,<0.10,N,0.030
MET-POT-AC,Aluminio total,245585,91.2,N,91.240
MET-POT-AC,Antimonio total,245585,<1.0,N,0.000
MET-POT-AC,Arsénico total,245585,<1.0,N,0.420
MET-POT-AC,Boro total,245585,<0.05,N,0.030
MET-POT-AC,Cadmio total,245585,<1.5,N,0.000
MET-POT-AC,Cobre total,245585,<0.050,N,0.000
MET-POT-AC,Cromo total,245585,<10.0,N,0.040
MET-POT-AC,Hierro total,245585,<10.0,N,9.340
CLORU-CI-P,Cloruros,245585,13.30,N,13.300
AMONI-CI-P,Amonio,245586,<0.15,N,0.000
CLORU-CI-P,Cloruros,245586,13.31,N,13.310
D_CONDUCT,Conductividad a 20 ºC,245586,286,N,286.000
D_PH,pH,245586,8.0,N,7.990
D_TURBIDEZ,Turbidez,245586,<0.20,N,0.000
M-013-AC1,Recuento de enterococos intestinales,245586,0,N,0.000
M-016-AC1,Recuento de E. coli,245586,0,N,0.000
M-016-AC1,Recuento de bacterias coliformes,245586,0,N,0.000
M-030-AC1,Recuento C. perfringens (con esporas),245586,0,N,0.000
M-068-AC1,Microorganismos cultivables a 22 °C,245586,<1,N,1.000
M-068-AC1,Microorganismos cultivables a 22 ºC,245586,0.0,K,0.000
M-068-AC1,Recuento,245586,0,K,0.000
MET-POT-AC,Aluminio total,245586,98.6,N,98.630
MET-POT-AC,Antimonio total,245586,<1.0,N,0.000
MET-POT-AC,Arsénico total,245586,<1.0,N,0.430
MET-POT-AC,Boro total,245586,<0.05,N,0.030
MET-POT-AC,Cadmio total,245586,<1.5,N,0.000
MET-POT-AC,Cobre total,245586,<0.050,N,0.000
MET-POT-AC,Cromo total,245586,<10.0,N,0.010
MET-POT-AC,Hierro total,245586,<10.0,N,9.140
MET-POT-AC,Manganeso total,245586,<10.0,N,0.260
MET-POT-AC,Niquel total,245586,<5.0,N,0.510
MET-POT-AC,Plomo total,245586,<1.0,N,0.100
MET-POT-AC,Selenio total,245586,<1.0,N,0.200
NA-CI-P,Sodio,245586,9.58,N,9.580
NTRAT-CI-P,Nitratos,245586,5.17,N,5.170
NTRIT-CI-P,Nitritos,245586,<0.15,N,0.000
OXOANIONES,Bromato,245586,<2.5,N,0.000
OXOANIONES,Clorato,245586,0.18,N,0.183
OXOANIONES,Clorito,245586,<0.03,N,0.000
SULFA-CI-P,Sulfatos,245586,19.5,N,19.460
WMM-LM-CAM,Cloro combinado residual,245586,0.10,N,0.100
WMM-LM-CAM,Cloro libre residual,245586,<0.10,N,0.010
AMONI-CI-P,Amonio,245587,<0.15,N,0.060
M-016-AC1,Recuento de bacterias coliformes,245587,0,N,0.000
M-030-AC1,Recuento C. perfringens (con esporas),245587,0,N,0.000
M-068-AC1,Microorganismos cultivables a 22 ºC,245587,2.0,K,2.000
M-068-AC1,Recnto. Microorg cultivables a 22 ºC,245587,Presencia/ml,O,0.000
M-068-AC1,Recuento,245587,2,K,2.000
MET-POT-AC,Aluminio total,245587,88.5,N,88.530
MET-POT-AC,Antimonio total,245587,<1.0,N,0.000
MET-POT-AC,Arsénico total,245587,<1.0,N,0.410
MET-POT-AC,Boro total,245587,<0.05,N,0.000
MET-POT-AC,Cadmio total,245587,<1.5,N,0.000
MET-POT-AC,Cobre total,245587,<0.050,N,0.000
MET-POT-AC,Cromo total,245587,<10.0,N,-0.050
MET-POT-AC,Hierro total,245587,<10.0,N,8.090
MET-POT-AC,Manganeso total,245587,<10.0,N,0.160
MET-POT-AC,Niquel total,245587,<5.0,N,0.590
MET-POT-AC,Plomo total,245587,<1.0,N,0.000
MET-POT-AC,Selenio total,245587,<1.0,N,0.160
NA-CI-P,Sodio,245587,9.66,N,9.660
NTRAT-CI-P,Nitratos,245587,5.29,N,5.290
NTRIT-CI-P,Nitritos,245587,<0.15,N,0.000
OXOANIONES,Bromato,245587,<2.5,N,0.000
OXOANIONES,Clorato,245587,0.18,N,0.176
OXOANIONES,Clorito,245587,<0.03,N,0.000
SULFA-CI-P,Sulfatos,245587,19.4,N,19.360
WMM-LM-CAM,Cloro combinado residual,245587,<0.10,N,0.030
WMM-LM-CAM,Cloro libre residual,245587,<0.10,N,0.030
D_CONDUCT,Conductividad a 20 ºC,245587,282,N,282.400
D_PH,pH,245587,7.8,N,7.830
D_TURBIDEZ,Turbidez,245587,<0.20,N,0.000
M-013-AC1,Recuento de enterococos intestinales,245587,0,N,0.000
M-016-AC1,Recuento de E. coli,245587,0,N,0.000
CLORU-CI-P,Cloruros,245587,13.42,N,13.420
AMONI-CI-P,Amonio,245588,<0.15,N,0.080
WMM-LM-CAM,Cloro libre residual,245588,0.24,N,0.240
D_CONDUCT,Conductividad a 20 ºC,245588,286,N,286.300
D_PH,pH,245588,7.9,N,7.880
D_TURBIDEZ,Turbidez,245588,<0.20,N,0.000
M-013-AC1,Recuento de enterococos intestinales,245588,0,N,0.000
M-016-AC1,Recuento de E. coli,245588,0,N,0.000
M-016-AC1,Recuento de bacterias coliformes,245588,0,N,0.000
M-030-AC1,Recuento C. perfringens (con esporas),245588,0,N,0.000
M-068-AC1,Microorganismos cultivables a 22 °C,245588,<1,N,1.000
M-068-AC1,Microorganismos cultivables a 22 ºC,245588,0.0,K,0.000
M-068-AC1,Recuento,245588,0,K,0.000
MET-POT-AC,Aluminio total,245588,86.7,N,86.740
MET-POT-AC,Antimonio total,245588,<1.0,N,0.000
MET-POT-AC,Arsénico total,245588,<1.0,N,0.430
MET-POT-AC,Boro total,245588,<0.05,N,0.030
MET-POT-AC,Cadmio total,245588,<1.5,N,0.000
MET-POT-AC,Cobre total,245588,<0.050,N,0.000
MET-POT-AC,Cromo total,245588,<10.0,N,0.010
MET-POT-AC,Hierro total,245588,10.1,N,10.120
MET-POT-AC,Manganeso total,245588,<10.0,N,0.190
MET-POT-AC,Niquel total,245588,<5.0,N,0.620
MET-POT-AC,Plomo total,245588,<1.0,N,0.000
MET-POT-AC,Selenio total,245588,<1.0,N,0.080
NA-CI-P,Sodio,245588,9.65,N,9.650
NTRAT-CI-P,Nitratos,245588,5.20,N,5.200
NTRIT-CI-P,Nitritos,245588,<0.15,N,0.000
OXOANIONES,Bromato,245588,<2.5,N,0.000
OXOANIONES,Clorato,245588,0.19,N,0.186
OXOANIONES,Clorito,245588,<0.03,N,0.000
SULFA-CI-P,Sulfatos,245588,19.5,N,19.540
WMM-LM-CAM,Cloro combinado residual,245588,0.14,N,0.140
CLORU-CI-P,Cloruros,245588,13.40,N,13.400
AMONI-CI-P,Amonio,245589,<0.15,N,0.000
WMM-LM-CAM,Cloro libre residual,245589,<0.10,N,0.000
D_CONDUCT,Conductividad a 20 ºC,245589,289,N,288.900
D_PH,pH,245589,8.1,N,8.100
D_TURBIDEZ,Turbidez,245589,<0.20,N,0.000
M-013-AC1,Recuento de enterococos intestinales,245589,0,N,0.000
M-016-AC1,Recuento de E. coli,245589,0,N,0.000
M-016-AC1,Recuento de bacterias coliformes,245589,0,N,0.000
M-030-AC1,Recuento C. perfringens (con esporas),245589,0,N,0.000
M-068-AC1,Microorganismos cultivables a 22 °C,245589,<1,N,1.000
M-068-AC1,Microorganismos cultivables a 22 ºC,245589,0.0,K,0.000
M-068-AC1,Recuento,245589,0,K,0.000
MET-POT-AC,Aluminio total,245589,90.6,N,90.580
MET-POT-AC,Antimonio total,245589,<1.0,N,0.000
MET-POT-AC,Arsénico total,245589,<1.0,N,0.440
MET-POT-AC,Boro total,245589,<0.05,N,0.030
MET-POT-AC,Cadmio total,245589,<1.5,N,0.000
MET-POT-AC,Cobre total,245589,<0.050,N,0.000
MET-POT-AC,Cromo total,245589,<10.0,N,-0.040
MET-POT-AC,Hierro total,245589,<10.0,N,8.250
MET-POT-AC,Manganeso total,245589,<10.0,N,0.210
MET-POT-AC,Niquel total,245589,<5.0,N,0.610
MET-POT-AC,Plomo total,245589,<1.0,N,0.100
MET-POT-AC,Selenio total,245589,<1.0,N,0.150
NA-CI-P,Sodio,245589,10.04,N,10.040
NTRAT-CI-P,Nitratos,245589,5.25,N,5.250
NTRIT-CI-P,Nitritos,245589,<0.15,N,0.000
OXOANIONES,Bromato,245589,<2.5,N,0.000
OXOANIONES,Clorato,245589,0.29,N,0.291
OXOANIONES,Clorito,245589,<0.03,N,0.000
SULFA-CI-P,Sulfatos,245589,19.5,N,19.530
WMM-LM-CAM,Cloro combinado residual,245589,0.10,N,0.100
CLORU-CI-P,Cloruros,245589,13.98,N,13.980
AMONI-CI-P,Amonio,245607,<0.15,N,0.000
WMM-LM-CAM,Cloro libre residual,245607,0.13,N,0.130
D_CONDUCT,Conductividad a 20 ºC,245607,277,N,276.600
D_PH,pH,245607,7.8,N,7.810
D_TURBIDEZ,Turbidez,245607,<0.20,N,0.170
M-013-AC1,Recuento de enterococos intestinales,245607,0,N,0.000
M-016-AC1,Recuento de E. coli,245607,0,N,0.000
M-016-AC1,Recuento de bacterias coliformes,245607,0,N,0.000
M-030-AC1,Recuento C. perfringens (con esporas),245607,0,N,0.000
M-068-AC1,Microorganismos cultivables a 22 ºC,245607,2.0,K,2.000
M-068-AC1,Recnto. Microorg. cultivables a 22 ºC,245607,Presencia/ml,O,0.000
M-068-AC1,Recuento,245607,2,K,2.000
MET-POT-AC,Aluminio total,245607,89.6,N,89.610
MET-POT-AC,Antimonio total,245607,<1.0,N,0.200
MET-POT-AC,Arsénico total,245607,<1.0,N,0.490
MET-POT-AC,Boro total,245607,<0.05,N,0.020
MET-POT-AC,Cadmio total,245607,<1.5,N,0.000
MET-POT-AC,Cobre total,245607,<0.050,N,0.000
MET-POT-AC,Cromo total,245607,<10.0,N,0.140
MET-POT-AC,Hierro total,245607,10.9,N,10.880
MET-POT-AC,Manganeso total,245607,<10.0,N,0.520
MET-POT-AC,Niquel total,245607,<5.0,N,0.710
MET-POT-AC,Plomo total,245607,<1.0,N,0.100
MET-POT-AC,Selenio total,245607,<1.0,N,0.170
NA-CI-P,Sodio,245607,9.80,N,9.800
NTRAT-CI-P,Nitratos,245607,4.81,N,4.810
NTRIT-CI-P,Nitritos,245607,<0.15,N,0.000
OXOANIONES,Bromato,245607,<2.5,N,0.000
OXOANIONES,Clorato,245607,0.19,N,0.190
OXOANIONES,Clorito,245607,<0.03,N,0.000
SULFA-CI-P,Sulfatos,245607,19,N,18.640
WMM-LM-CAM,Cloro combinado residual,245607,0.16,N,0.160
CLORU-CI-P,Cloruros,245607,13,N,13.050
MET-POT-AC,Cobre total,245608,<0.050,N,0.000
MET-POT-AC,Cromo total,245608,<10.0,N,0.070
MET-POT-AC,Hierro total,245608,11.5,N,11.530
MET-POT-AC,Manganeso total,245608,<10.0,N,0.220
MET-POT-AC,Niquel total,245608,<5.0,N,0.650
MET-POT-AC,Plomo total,245608,<1.0,N,0.000
MET-POT-AC,Selenio total,245608,<1.0,N,0.150
NA-CI-P,Sodio,245608,9.72,N,9.720
NTRAT-CI-P,Nitratos,245608,4.76,N,4.760
NTRIT-CI-P,Nitritos,245608,<0.15,N,0.000
OXOANIONES,Bromato,245608,<2.5,N,0.000
OXOANIONES,Clorato,245608,0.19,N,0.187
OXOANIONES,Clorito,245608,<0.03,N,0.000
SULFA-CI-P,Sulfatos,245608,19,N,18.570
WMM-LM-CAM,Cloro combinado residual,245608,0.16,N,0.160
WMM-LM-CAM,Cloro libre residual,245608,<0.10,N,0.070
AMONI-CI-P,Amonio,245608,<0.15,N,0.000
CLORU-CI-P,Cloruros,245608,13,N,12.960
D_CONDUCT,Conductividad a 20 ºC,245608,271,N,271.000
D_PH,pH,245608,7.9,N,7.850
D_TURBIDEZ,Turbidez,245608,<0.20,N,0.000
M-013-AC1,Recuento de enterococos intestinales,245608,0,N,0.000
M-016-AC1,Recuento de E. coli,245608,0,N,0.000
M-016-AC1,Recuento de bacterias coliformes,245608,0,N,0.000
M-030-AC1,Recuento C. perfringens (con esporas),245608,0,N,0.000
M-068-AC1,Microorganismos cultivables a 22 °C,245608,<1,N,1.000
M-068-AC1,Microorganismos cultivables a 22 ºC,245608,0.0,K,0.000
M-068-AC1,Recuento,245608,0,K,0.000
MET-POT-AC,Aluminio total,245608,87.5,N,87.490
MET-POT-AC,Antimonio total,245608,<1.0,N,0.100
MET-POT-AC,Arsénico total,245608,<1.0,N,0.440
MET-POT-AC,Boro total,245608,<0.05,N,0.020
MET-POT-AC,Cadmio total,245608,<1.5,N,0.000
AMONI-CI-P,Amonio,245609,<0.15,N,0.000
WMM-LM-CAM,Cloro libre residual,245609,0.14,N,0.140
D_CONDUCT,Conductividad a 20 ºC,245609,274,N,273.700
D_PH,pH,245609,7.9,N,7.870
D_TURBIDEZ,Turbidez,245609,0.29,N,0.290
M-013-AC1,Recuento de enterococos intestinales,245609,0,N,0.000
M-016-AC1,Recuento de E. coli,245609,0,N,0.000
M-016-AC1,Recuento de bacterias coliformes,245609,0,N,0.000
M-030-AC1,Recuento C. perfringens (con esporas),245609,0,N,0.000
M-068-AC1,Microorganismos cultivables a 22 °C,245609,<1,N,1.000
M-068-AC1,Microorganismos cultivables a 22 ºC,245609,0.0,K,0.000
M-068-AC1,Recuento,245609,0,K,0.000
MET-POT-AC,Aluminio total,245609,199,N,199.010
MET-POT-AC,Antimonio total,245609,<1.0,N,0.100
MET-POT-AC,Arsénico total,245609,<1.0,N,0.490
MET-POT-AC,Boro total,245609,<0.05,N,0.020
MET-POT-AC,Cadmio total,245609,<1.5,N,0.000
MET-POT-AC,Cobre total,245609,<0.050,N,0.000
MET-POT-AC,Cromo total,245609,<10.0,N,0.030
MET-POT-AC,Hierro total,245609,17.3,N,17.320
MET-POT-AC,Manganeso total,245609,<10.0,N,2.570
MET-POT-AC,Niquel total,245609,<5.0,N,0.680
MET-POT-AC,Plomo total,245609,<1.0,N,0.000
MET-POT-AC,Selenio total,245609,<1.0,N,0.240
NA-CI-P,Sodio,245609,9.80,N,9.800
NTRAT-CI-P,Nitratos,245609,4.83,N,4.830
NTRIT-CI-P,Nitritos,245609,<0.15,N,0.000
OXOANIONES,Bromato,245609,<2.5,N,0.000
OXOANIONES,Clorato,245609,0.19,N,0.186
OXOANIONES,Clorito,245609,<0.03,N,0.000
SULFA-CI-P,Sulfatos,245609,19,N,18.790
WMM-LM-CAM,Cloro combinado residual,245609,0.16,N,0.160
CLORU-CI-P,Cloruros,245609,13,N,13.080
AMONI-CI-P,Amonio,245610,<0.15,N,0.000
WMM-LM-CAM,Cloro libre residual,245610,0.19,N,0.190
D_CONDUCT,Conductividad a 20 ºC,245610,273,N,272.600
D_PH,pH,245610,7.8,N,7.820
D_TURBIDEZ,Turbidez,245610,<0.20,N,0.000
M-013-AC1,Recuento de enterococos intestinales,245610,0,N,0.000
M-016-AC1,Recuento de E. coli,245610,0,N,0.000
M-016-AC1,Recuento de bacterias coliformes,245610,0,N,0.000
M-030-AC1,Recuento C. perfringens (con esporas),245610,0,N,0.000
M-068-AC1,Microorganismos cultivables a 22 ºC,245610,2.0,K,2.000
M-068-AC1,Recnto. Microorg. cultivables a 22 ºC,245610,Presencia/ml,O,0.000
M-068-AC1,Recuento,245610,2,K,2.000
MET-POT-AC,Aluminio total,245610,93.7,N,93.680
MET-POT-AC,Antimonio total,245610,<1.0,N,0.100
MET-POT-AC,Arsénico total,245610,<1.0,N,0.440
MET-POT-AC,Boro total,245610,<0.05,N,0.020
MET-POT-AC,Cadmio total,245610,<1.5,N,0.000
MET-POT-AC,Cobre total,245610,<0.050,N,0.000
MET-POT-AC,Cromo total,245610,<10.0,N,0.080
MET-POT-AC,Hierro total,245610,<10.0,N,9.680
MET-POT-AC,Manganeso total,245610,<10.0,N,0.650
MET-POT-AC,Niquel total,245610,<5.0,N,0.840
MET-POT-AC,Plomo total,245610,<1.0,N,0.100
MET-POT-AC,Selenio total,245610,<1.0,N,0.230
NA-CI-P,Sodio,245610,9.74,N,9.740
NTRAT-CI-P,Nitratos,245610,4.79,N,4.790
NTRIT-CI-P,Nitritos,245610,<0.15,N,0.000
OXOANIONES,Bromato,245610,<2.5,N,0.000
OXOANIONES,Clorato,245610,0.19,N,0.186
OXOANIONES,Clorito,245610,<0.03,N,0.000
SULFA-CI-P,Sulfatos,245610,19,N,18.650
WMM-LM-CAM,Cloro combinado residual,245610,0.14,N,0.140
CLORU-CI-P,Cloruros,245610,13,N,12.980
MET-POT-AC,Cobre total,245611,<0.050,N,0.000
MET-POT-AC,Cromo total,245611,<10.0,N,0.040
MET-POT-AC,Hierro total,245611,<10.0,N,8.710
MET-POT-AC,Manganeso total,245611,<10.0,N,0.360
MET-POT-AC,Niquel total,245611,<5.0,N,0.580
MET-POT-AC,Plomo total,245611,<1.0,N,0.000
MET-POT-AC,Selenio total,245611,<1.0,N,0.110
NA-CI-P,Sodio,245611,10.11,N,10.110
NTRAT-CI-P,Nitratos,245611,5.14,N,5.140
NTRIT-CI-P,Nitritos,245611,<0.15,N,0.000
OXOANIONES,Bromato,245611,<2.5,N,0.000
OXOANIONES,Clorato,245611,0.19,N,0.185
OXOANIONES,Clorito,245611,<0.03,N,0.000
SULFA-CI-P,Sulfatos,245611,19,N,19.330
WMM-LM-CAM,Cloro combinado residual,245611,0.13,N,0.130
WMM-LM-CAM,Cloro libre residual,245611,<0.10,N,0.000
AMONI-CI-P,Amonio,245611,<0.15,N,0.000
CLORU-CI-P,Cloruros,245611,13,N,13.230
D_CONDUCT,Conductividad a 20 ºC,245611,285,N,284.900
D_PH,pH,245611,8.0,N,7.960
D_TURBIDEZ,Turbidez,245611,<0.20,N,0.000
M-013-AC1,Recuento de enterococos intestinales,245611,0,N,0.000
M-016-AC1,Recuento de E. coli,245611,0,N,0.000
M-016-AC1,Recuento de bacterias coliformes,245611,0,N,0.000
M-030-AC1,Recuento C. perfringens (con esporas),245611,0,N,0.000
M-068-AC1,Microorganismos cultivables a 22 °C,245611,<1,N,1.000
M-068-AC1,Microorganismos cultivables a 22 ºC,245611,0.0,K,0.000
M-068-AC1,Recuento,245611,0,K,0.000
MET-POT-AC,Aluminio total,245611,82.6,N,82.570
MET-POT-AC,Antimonio total,245611,<1.0,N,0.000
MET-POT-AC,Arsénico total,245611,<1.0,N,0.410
MET-POT-AC,Boro total,245611,<0.05,N,0.030
MET-POT-AC,Cadmio total,245611,<1.5,N,0.000
AMONI-CI-P,Amonio,245612,<0.15,N,0.000
WMM-LM-CAM,Cloro libre residual,245612,<0.10,N,0.000
D_CONDUCT,Conductividad a 20 ºC,245612,276,N,276.200
D_PH,pH,245612,7.8,N,7.830
D_TURBIDEZ,Turbidez,245612,<0.20,N,0.000
M-013-AC1,Recuento de enterococos intestinales,245612,0,N,0.000
M-016-AC1,Recuento de E. coli,245612,0,N,0.000
M-016-AC1,Recuento de bacterias coliformes,245612,0,N,0.000
M-030-AC1,Recuento C. perfringens (con esporas),245612,0,N,0.000
M-068-AC1,Microorganismos cultivables a 22 °C,245612,<1,N,1.000
M-068-AC1,Microorganismos cultivables a 22 ºC,245612,0.0,K,0.000
M-068-AC1,Recuento,245612,0,K,0.000
MET-POT-AC,Aluminio total,245612,80.4,N,80.400
MET-POT-AC,Antimonio total,245612,<1.0,N,0.040
MET-POT-AC,Arsénico total,245612,<1.0,N,0.400
MET-POT-AC,Boro total,245612,<0.05,N,0.020
MET-POT-AC,Cadmio total,245612,<1.5,N,0.000
MET-POT-AC,Cobre total,245612,<0.050,N,0.010
MET-POT-AC,Cromo total,245612,<10.0,N,0.000
MET-POT-AC,Hierro total,245612,<10.0,N,7.680
MET-POT-AC,Manganeso total,245612,<10.0,N,0.210
MET-POT-AC,Niquel total,245612,<5.0,N,0.750
MET-POT-AC,Plomo total,245612,<1.0,N,0.500
MET-POT-AC,Selenio total,245612,<1.0,N,0.150
NA-CI-P,Sodio,245612,9.68,N,9.680
NTRAT-CI-P,Nitratos,245612,4.88,N,4.880
NTRIT-CI-P,Nitritos,245612,<0.15,N,0.000
OXOANIONES,Bromato,245612,<2.5,N,0.000
OXOANIONES,Clorato,245612,0.18,N,0.182
OXOANIONES,Clorito,245612,<0.03,N,0.000
SULFA-CI-P,Sulfatos,245612,19,N,18.780
WMM-LM-CAM,Cloro combinado residual,245612,<0.10,N,0.070
CLORU-CI-P,Cloruros,245612,13,N,13.060
AMONI-CI-P,Amonio,245613,<0.15,N,0.000
CLORU-CI-P,Cloruros,245613,13,N,13.010
D_CONDUCT,Conductividad a 20 ºC,245613,275,N,275.100
D_PH,pH,245613,8.0,N,7.960
D_TURBIDEZ,Turbidez,245613,<0.20,N,0.000
M-013-AC1,Recuento de enterococos intestinales,245613,0,N,0.000
M-016-AC1,Recuento de E. coli,245613,0,N,0.000
M-016-AC1,Recuento de bacterias coliformes,245613,0,N,0.000
M-030-AC1,Recuento C. perfringens (con esporas),245613,0,N,0.000
M-068-AC1,Microorganismos cultivables a 22 °C,245613,<1,N,1.000
M-068-AC1,Microorganismos cultivables a 22 ºC,245613,0.0,K,0.000
M-068-AC1,Recuento,245613,0,K,0.000
MET-POT-AC,Aluminio total,245613,86.9,N,86.870
MET-POT-AC,Antimonio total,245613,<1.0,N,0.030
MET-POT-AC,Arsénico total,245613,<1.0,N,0.400
MET-POT-AC,Boro total,245613,<0.05,N,0.020
MET-POT-AC,Cadmio total,245613,<1.5,N,0.000
MET-POT-AC,Cobre total,245613,<0.050,N,0.000
MET-POT-AC,Cromo total,245613,<10.0,N,0.040
MET-POT-AC,Hierro total,245613,<10.0,N,9.130
MET-POT-AC,Manganeso total,245613,<10.0,N,0.540
MET-POT-AC,Niquel total,245613,<5.0,N,0.600
MET-POT-AC,Plomo total,245613,<1.0,N,0.100
MET-POT-AC,Selenio total,245613,<1.0,N,0.160
NA-CI-P,Sodio,245613,9.70,N,9.700
NTRAT-CI-P,Nitratos,245613,4.87,N,4.870
NTRIT-CI-P,Nitritos,245613,<0.15,N,0.000
OXOANIONES,Bromato,245613,<2.5,N,0.000
OXOANIONES,Clorato,245613,0.18,N,0.183
OXOANIONES,Clorito,245613,<0.03,N,0.000
SULFA-CI-P,Sulfatos,245613,19,N,18.720
WMM-LM-CAM,Cloro combinado residual,245613,<0.10,N,0.090
WMM-LM-CAM,Cloro libre residual,245613,<0.10,N,0.010
AMONI-CI-P,Amonio,245614,<0.15,N,0.000
WMM-LM-CAM,Cloro libre residual,245614,<0.10,N,0.000
D_CONDUCT,Conductividad a 20 ºC,245614,282,N,282.300
D_PH,pH,245614,7.9,N,7.940
D_TURBIDEZ,Turbidez,245614,<0.20,N,0.000
M-013-AC1,Recuento de enterococos intestinales,245614,0,N,0.000
M-016-AC1,Recuento de E. coli,245614,0,N,0.000
M-016-AC1,Recuento de bacterias coliformes,245614,0,N,0.000
M-030-AC1,Recuento C. perfringens (con esporas),245614,0,N,0.000
M-068-AC1,Microorganismos cultivables a 22 °C,245614,<1,N,1.000
M-068-AC1,Microorganismos cultivables a 22 ºC,245614,0.0,K,0.000
M-068-AC1,Recuento,245614,0,K,0.000
MET-POT-AC,Aluminio total,245614,82.6,N,82.600
MET-POT-AC,Antimonio total,245614,<1.0,N,0.020
MET-POT-AC,Arsénico total,245614,<1.0,N,0.390
MET-POT-AC,Boro total,245614,<0.05,N,0.020
MET-POT-AC,Cadmio total,245614,<1.5,N,0.000
MET-POT-AC,Cobre total,245614,<0.050,N,0.000
MET-POT-AC,Cromo total,245614,<10.0,N,0.110
MET-POT-AC,Hierro total,245614,29.7,N,29.730
MET-POT-AC,Manganeso total,245614,<10.0,N,0.470
MET-POT-AC,Niquel total,245614,<5.0,N,0.760
MET-POT-AC,Plomo total,245614,<1.0,N,0.500
MET-POT-AC,Selenio total,245614,<1.0,N,0.090
NA-CI-P,Sodio,245614,9.86,N,9.860
NTRAT-CI-P,Nitratos,245614,5.04,N,5.040
NTRIT-CI-P,Nitritos,245614,<0.15,N,0.000
OXOANIONES,Bromato,245614,<2.5,N,0.000
OXOANIONES,Clorato,245614,0.18,N,0.181
OXOANIONES,Clorito,245614,<0.03,N,0.000
SULFA-CI-P,Sulfatos,245614,19,N,19.110
WMM-LM-CAM,Cloro combinado residual,245614,0.10,N,0.100
CLORU-CI-P,Cloruros,245614,13,N,13.140
MET-POT-AC,Cobre total,245616,<0.050,N,0.000
MET-POT-AC,Cromo total,245616,<10.0,N,0.070
MET-POT-AC,Hierro total,245616,<10.0,N,9.460
MET-POT-AC,Manganeso total,245616,<10.0,N,0.200
MET-POT-AC,Niquel total,245616,<5.0,N,0.630
MET-POT-AC,Plomo total,245616,<1.0,N,0.100
MET-POT-AC,Selenio total,245616,<1.0,N,0.150
NA-CI-P,Sodio,245616,9.65,N,9.650
NTRAT-CI-P,Nitratos,245616,4.78,N,4.780
NTRIT-CI-P,Nitritos,245616,<0.15,N,0.000
OXOANIONES,Bromato,245616,<2.5,N,0.000
OXOANIONES,Clorato,245616,0.19,N,0.186
OXOANIONES,Clorito,245616,<0.03,N,0.000
SULFA-CI-P,Sulfatos,245616,19,N,18.630
WMM-LM-CAM,Cloro combinado residual,245616,0.11,N,0.110
WMM-LM-CAM,Cloro libre residual,245616,0.16,N,0.160
AMONI-CI-P,Amonio,245616,<0.15,N,0.000
CLORU-CI-P,Cloruros,245616,13,N,13.000
D_CONDUCT,Conductividad a 20 ºC,245616,273,N,272.800
D_PH,pH,245616,7.9,N,7.850
D_TURBIDEZ,Turbidez,245616,<0.20,N,0.000
M-013-AC1,Recuento de enterococos intestinales,245616,0,N,0.000
M-016-AC1,Recuento de E. coli,245616,0,N,0.000
M-016-AC1,Recuento de bacterias coliformes,245616,0,N,0.000
M-030-AC1,Recuento C. perfringens (con esporas),245616,0,N,0.000
M-068-AC1,Microorganismos cultivables a 22 °C,245616,<1,N,1.000
M-068-AC1,Microorganismos cultivables a 22 ºC,245616,0.0,K,0.000
M-068-AC1,Recuento,245616,0,K,0.000
MET-POT-AC,Aluminio total,245616,86.0,N,85.950
MET-POT-AC,Antimonio total,245616,<1.0,N,0.030
MET-POT-AC,Arsénico total,245616,<1.0,N,0.400
MET-POT-AC,Boro total,245616,<0.05,N,0.020
MET-POT-AC,Cadmio total,245616,<1.5,N,0.000
AMONI-CI-P,Amonio,245619,<0.15,N,0.000
WMM-LM-CAM,Cloro libre residual,245619,<0.10,N,0.050
D_CONDUCT,Conductividad a 20 ºC,245619,276,N,275.600
D_PH,pH,245619,7.8,N,7.820
D_TURBIDEZ,Turbidez,245619,<0.20,N,0.000
M-013-AC1,Recuento de enterococos intestinales,245619,0,N,0.000
M-016-AC1,Recuento de E. coli,245619,0,N,0.000
M-016-AC1,Recuento de bacterias coliformes,245619,0,N,0.000
M-030-AC1,Recuento C. perfringens (con esporas),245619,0,N,0.000
M-068-AC1,Microorganismos cultivables a 22 °C,245619,<1,N,1.000
M-068-AC1,Microorganismos cultivables a 22 ºC,245619,0.0,K,0.000
M-068-AC1,Recuento,245619,0,K,0.000
MET-POT-AC,Aluminio total,245619,88.6,N,88.580
MET-POT-AC,Antimonio total,245619,<1.0,N,0.020
MET-POT-AC,Arsénico total,245619,<1.0,N,0.420
MET-POT-AC,Boro total,245619,<0.05,N,0.020
MET-POT-AC,Cadmio total,245619,<1.5,N,0.000
MET-POT-AC,Cobre total,245619,<0.050,N,0.000
MET-POT-AC,Cromo total,245619,<10.0,N,-0.010
MET-POT-AC,Hierro total,245619,<10.0,N,8.170
MET-POT-AC,Manganeso total,245619,<10.0,N,0.410
MET-POT-AC,Niquel total,245619,<5.0,N,0.660
MET-POT-AC,Plomo total,245619,<1.0,N,0.100
MET-POT-AC,Selenio total,245619,<1.0,N,0.160
NA-CI-P,Sodio,245619,9.76,N,9.760
NTRAT-CI-P,Nitratos,245619,4.85,N,4.850
NTRIT-CI-P,Nitritos,245619,<0.15,N,0.000
OXOANIONES,Bromato,245619,<2.5,N,0.000
OXOANIONES,Clorato,245619,0.19,N,0.193
OXOANIONES,Clorito,245619,<0.03,N,0.000
SULFA-CI-P,Sulfatos,245619,19,N,18.880
WMM-LM-CAM,Cloro combinado residual,245619,0.12,N,0.120
CLORU-CI-P,Cloruros,245619,13,N,13.170
AMONI-CI-P,Amonio,245620,<0.15,N,0.000
SULFA-CI-P,Sulfatos,245620,<1,N,0.000
D_CONDUCT,Conductividad a 20 ºC,245620,<15,N,0.750
D_PH,pH,245620,6.2,N,6.210
D_TURBIDEZ,Turbidez,245620,<0.20,N,0.000
M-013-AC1,Recuento de enterococos intestinales,245620,0,N,0.000
M-016-AC1,Recuento de E. coli,245620,0,N,0.000
M-016-AC1,Recuento de bacterias coliformes,245620,0,N,0.000
M-030-AC1,Recuento C. perfringens (con esporas),245620,0,N,0.000
M-068-AC1,Microorganismos cultivables a 22 °C,245620,<1,N,1.000
M-068-AC1,Microorganismos cultivables a 22 ºC,245620,0.0,K,0.000
M-068-AC1,Recuento,245620,0,K,0.000
MET-POT-AC,Aluminio total,245620,<50.0,N,21.410
MET-POT-AC,Antimonio total,245620,<1.0,N,-0.050
MET-POT-AC,Arsénico total,245620,<1.0,N,-0.010
MET-POT-AC,Boro total,245620,<0.05,N,0.000
MET-POT-AC,Cadmio total,245620,<1.5,N,0.000
MET-POT-AC,Cobre total,245620,<0.050,N,0.000
MET-POT-AC,Cromo total,245620,<10.0,N,0.000
MET-POT-AC,Hierro total,245620,<10.0,N,0.820
MET-POT-AC,Manganeso total,245620,<10.0,N,0.020
MET-POT-AC,Niquel total,245620,<5.0,N,0.020
MET-POT-AC,Plomo total,245620,<1.0,N,0.000
MET-POT-AC,Selenio total,245620,<1.0,N,0.020
NA-CI-P,Sodio,245620,<0.05,N,0.000
NTRAT-CI-P,Nitratos,245620,<1.00,N,0.000
NTRIT-CI-P,Nitritos,245620,<0.15,N,0.000
OXOANIONES,Bromato,245620,<2.5,N,0.000
OXOANIONES,Clorato,245620,<0.03,N,0.000
OXOANIONES,Clorito,245620,<0.03,N,0.000
CLORU-CI-P,Cloruros,245620,<1,N,0.000
PE-IL-CL,Cloro libre,245626,0.0,N,0.000
PE-IL-TEMP,Temperatura del agua,245626,51,N,51.000
FECHA-LEG,Análisis Legionella-Fecha de inicio,245626,12/6/26,T,0.000
FECHA-LEG,Análisis Legionella-Fecha fin,245626,22/6/26,T,0.000
M-033-AC2,Legionella spp - Recuento,245626,No detectado,O,0.000
M-033-AC2,Legionella-Limite detección ensayo,245626,25 ufc/L,O,0.000
M-033-AC2,Legionella-Volumen filtrado,245626,1,N,1.000
FECHA-LEG,Análisis Legionella-Fecha de inicio,245627,12/6/26,T,0.000
PE-IL-TEMP,Temperatura del agua,245627,59,N,59.000
M-033-AC2,Legionella spp - Recuento,245627,No detectado,O,0.000
M-033-AC2,Legionella-Limite detección ensayo,245627,25 ufc/L,O,0.000
M-033-AC2,Legionella-Volumen filtrado,245627,1,N,1.000
PE-IL-CL,Cloro libre,245627,0.0,N,0.000
FECHA-LEG,Análisis Legionella-Fecha fin,245627,22/6/26,T,0.000
FECHA-LEG,Análisis Legionella-Fecha de inicio,245628,12/6/26,T,0.000
FECHA-LEG,Análisis Legionella-Fecha fin,245628,22/6/26,T,0.000
PE-IL-TEMP,Temperatura del agua,245628,56,N,56.000
PE-IL-CL,Cloro libre,245628,0.0,N,0.000
M-033-AC2,Legionella-Volumen filtrado,245628,1,N,1.000
M-033-AC2,Legionella-Limite detección ensayo,245628,25 ufc/L,O,0.000
M-033-AC2,Legionella spp - Recuento,245628,No detectado,O,0.000
FECHA-LEG,Análisis Legionella-Fecha de inicio,245629,12/6/26,T,0.000
PE-IL-TEMP,Temperatura del agua,245629,25,N,25.000
M-033-AC2,Legionella-Volumen filtrado,245629,1,N,1.000
M-033-AC2,Legionella-Limite detección ensayo,245629,25 ufc/L,O,0.000
M-033-AC2,Legionella spp - Recuento,245629,No detectado,O,0.000
FECHA-LEG,Análisis Legionella-Fecha fin,245629,22/6/26,T,0.000
PE-IL-CL,Cloro libre,245629,0.0,N,0.000
PE-IL-TEMP,Temperatura del agua,245630,47.7,N,47.700
PE-IL-CL,Cloro libre,245630,0.0,N,0.000
M-033-AC2,Legionella-Volumen filtrado,245630,1,N,1.000
M-033-AC2,Legionella-Limite detección ensayo,245630,25 ufc/L,O,0.000
M-033-AC2,Legionella spp - Recuento,245630,No detectado,O,0.000
FECHA-LEG,Análisis Legionella-Fecha fin,245630,22/6/26,T,0.000
FECHA-LEG,Análisis Legionella-Fecha de inicio,245630,12/6/26,T,0.000
PE-IL-CL,Cloro libre,245631,0.0,N,0.000
M-033-AC2,Legionella-Volumen filtrado,245631,1,N,1.000
M-033-AC2,Legionella-Limite detección ensayo,245631,25 ufc/L,O,0.000
PE-IL-TEMP,Temperatura del agua,245631,38.5,N,38.500
FECHA-LEG,Análisis Legionella-Fecha fin,245631,22/6/26,T,0.000
FECHA-LEG,Análisis Legionella-Fecha de inicio,245631,12/6/26,T,0.000
M-033-AC2,Legionella spp - Recuento,245631,No detectado,O,0.000
D_TURBIDEZ,Turbidez,245729,<0.20,N,0.160
D_PH,pH,245729,7.5,N,7.520
D_OXIDABIL,Oxidabilidad,245729,1.3,N,1.280
D_CONDUCT,Conductividad a 20 ºC,245729,1065,N,1065.000
AMONI-CI-P,Amonio,245729,<0.15,N,0.000
MET-LUD-AC,Plomo total,245729,<1.0,N,0.050
MET-LUD-AC,Hierro total,245729,<10.0,N,5.490
MET-LUD-AC,Cobre total,245729,<50.0,N,0.970
MET-LUD-AC,Aluminio total,245729,<50.0,N,48.610
M-034,Recuento de Pseudomonas aeruginosa,245729,0,N,0.000
M-027,Recuento de bacterias coliformes,245729,0,N,0.000
M-027,Recuento de E. coli,245729,0,N,0.000
M-019-AC1,Recuento de Estafilococos coagulasa +,245729,0,N,0.000
MET-LUD-AC,Hierro total,245730,<10.0,N,7.850
MET-LUD-AC,Cobre total,245730,<50.0,N,1.630
MET-LUD-AC,Aluminio total,245730,<50.0,N,41.760
M-034,Recuento de Pseudomonas aeruginosa,245730,0,N,0.000
M-027,Recuento de bacterias coliformes,245730,21,N,21.000
M-027,Recuento de E. coli,245730,0,N,0.000
M-019-AC1,Recnto. Estafilococos coagulasa +,245730,,O,0.000
M-019-AC1,Recuento de Estafilococos coagulasa +,245730,1,N,1.000
D_TURBIDEZ,Turbidez,245730,0.62,N,0.620
D_PH,pH,245730,7.5,N,7.480
D_OXIDABIL,Oxidabilidad,245730,1.9,N,1.940
MET-LUD-AC,Plomo total,245730,<1.0,N,0.060
AMONI-CI-P,Amonio,245730,<0.15,N,0.000
D_CONDUCT,Conductividad a 20 ºC,245730,850,N,849.900
M-019-AC1,Recuento de Estafilococos coagulasa +,245731,2,N,2.000
M-027,Recuento de E. coli,245731,0,N,0.000
M-027,Recuento de bacterias coliformes,245731,0,N,0.000
M-034,Recuento de Pseudomonas aeruginosa,245731,0,N,0.000
MET-LUD-AC,Aluminio total,245731,280.8,N,280.840
MET-LUD-AC,Cobre total,245731,<50.0,N,1.490
MET-LUD-AC,Hierro total,245731,10.1,N,10.100
MET-LUD-AC,Plomo total,245731,<1.0,N,0.160
AMONI-CI-P,Amonio,245731,<0.15,N,0.000
D_CONDUCT,Conductividad a 20 ºC,245731,1334,N,1334.000
D_OXIDABIL,Oxidabilidad,245731,0.8,N,0.780
D_PH,pH,245731,7.4,N,7.370
D_TURBIDEZ,Turbidez,245731,0.66,N,0.660
AMONI-CI-P,Amonio,245732,<0.15,N,0.000
MET-LUD-AC,Plomo total,245732,<1.0,N,0.040
D_OXIDABIL,Oxidabilidad,245732,0.9,N,0.870
D_PH,pH,245732,7.4,N,7.400
D_TURBIDEZ,Turbidez,245732,<0.20,N,0.170
M-019-AC1,Recnto. Estafilococos coagulasa +,245732,15 ufc /100 ml,O,0.000
M-027,Recuento de E. coli,245732,0,N,0.000
M-027,Recuento de bacterias coliformes,245732,1,N,1.000
M-034,Recuento de Pseudomonas aeruginosa,245732,0,N,0.000
MET-LUD-AC,Aluminio total,245732,54.4,N,54.430
MET-LUD-AC,Cobre total,245732,<50.0,N,1.150
MET-LUD-AC,Hierro total,245732,<10.0,N,5.730
D_CONDUCT,Conductividad a 20 ºC,245732,575,N,575.000
AMONI-CI-P,Amonio,245733,<0.15,N,0.000
MET-LUD-AC,Plomo total,245733,<1.0,N,0.110
D_OXIDABIL,Oxidabilidad,245733,1.4,N,1.360
D_PH,pH,245733,7.5,N,7.450
D_TURBIDEZ,Turbidez,245733,0.22,N,0.220
M-019-AC1,Recuento de Estafilococos coagulasa +,245733,0,N,0.000
M-027,Recuento de E. coli,245733,0,N,0.000
M-027,Recuento de bacterias coliformes,245733,0,N,0.000
M-034,Recuento de Pseudomonas aeruginosa,245733,0,N,0.000
MET-LUD-AC,Aluminio total,245733,72.0,N,72.020
MET-LUD-AC,Cobre total,245733,<50.0,N,2.120
MET-LUD-AC,Hierro total,245733,<10.0,N,5.640
D_CONDUCT,Conductividad a 20 ºC,245733,950,N,950.200
AMONI-CI-P,Amonio,245734,<0.15,N,0.000
MET-LUD-AC,Plomo total,245734,<1.0,N,0.050
D_OXIDABIL,Oxidabilidad,245734,0.7,N,0.740
D_PH,pH,245734,7.5,N,7.490
D_TURBIDEZ,Turbidez,245734,<0.20,N,0.120
M-019-AC1,Recuento de Estafilococos coagulasa +,245734,<1,N,1.000
M-027,Recuento de E. coli,245734,0,N,0.000
M-027,Recuento de bacterias coliformes,245734,0,N,0.000
M-034,Recuento de Pseudomonas aeruginosa,245734,0,N,0.000
MET-LUD-AC,Aluminio total,245734,67.1,N,67.120
MET-LUD-AC,Cobre total,245734,<50.0,N,1.280
MET-LUD-AC,Hierro total,245734,<10.0,N,5.560
D_CONDUCT,Conductividad a 20 ºC,245734,805,N,804.700
AMONI-CI-P,Amonio,245735,<0.15,N,0.000
MET-LUD-AC,Plomo total,245735,<1.0,N,0.030
D_OXIDABIL,Oxidabilidad,245735,1.2,N,1.240
D_PH,pH,245735,7.5,N,7.510
D_TURBIDEZ,Turbidez,245735,0.24,N,0.240
M-019-AC1,Recuento de Estafilococos coagulasa +,245735,<1,N,1.000
M-027,Recuento de E. coli,245735,0,N,0.000
M-027,Recuento de bacterias coliformes,245735,0,N,0.000
M-034,Recuento de Pseudomonas aeruginosa,245735,0,N,0.000
MET-LUD-AC,Aluminio total,245735,73.5,N,73.480
MET-LUD-AC,Cobre total,245735,<50.0,N,1.150
MET-LUD-AC,Hierro total,245735,<10.0,N,5.440
D_CONDUCT,Conductividad a 20 ºC,245735,629,N,628.800
AMONI-CI-P,Amonio,245736,<0.15,N,0.000
MET-LUD-AC,Plomo total,245736,<1.0,N,0.100
D_OXIDABIL,Oxidabilidad,245736,1.3,N,1.280
D_PH,pH,245736,7.4,N,7.360
D_TURBIDEZ,Turbidez,245736,<0.20,N,0.180
M-019-AC1,Recuento de Estafilococos coagulasa +,245736,0,N,0.000
M-027,Recuento de E. coli,245736,0,N,0.000
M-027,Recuento de bacterias coliformes,245736,0,N,0.000
M-034,Recuento de Pseudomonas aeruginosa,245736,0,N,0.000
MET-LUD-AC,Aluminio total,245736,77.7,N,77.670
MET-LUD-AC,Cobre total,245736,<50.0,N,0.968
MET-LUD-AC,Hierro total,245736,<10.0,N,7.050
D_CONDUCT,Conductividad a 20 ºC,245736,811,N,810.800
M-027,Recuento de bacterias coliformes,245852,1,N,1.000
M-027,Recuento de E. coli,245852,<1,N,1.000
M-019-AC1,Recuento de Estafilococos coagulasa +,245852,<1,N,1.000
M-034,Recuento de Pseudomonas aeruginosa,245852,<1,N,1.000
D_TURBIDEZ,Turbidez,245852,0.21,N,0.210
D_PH,pH,245852,7.4,N,7.410
D_OXIDABIL,Oxidabilidad,245852,1.1,N,1.060
D_CONDUCT,Conductividad a 20 ºC,245852,706,N,706.200
AMONI-CI-P,Amonio,245852,<0.15,N,0.000
M-027,Recuento de bacterias coliformes,245853,43,N,43.000
M-027,Recuento de E. coli,245853,<1,N,1.000
M-019-AC1,Recuento de Estafilococos coagulasa +,245853,0,N,0.000
D_TURBIDEZ,Turbidez,245853,<0.20,N,0.140
D_PH,pH,245853,7.6,N,7.610
D_OXIDABIL,Oxidabilidad,245853,1.8,N,1.840
D_CONDUCT,Conductividad a 20 ºC,245853,673,N,672.500
AMONI-CI-P,Amonio,245853,<0.15,N,0.000
M-034,Recuento de Pseudomonas aeruginosa,245853,<1,N,1.000
AMONI-CI-P,Amonio,245854,<0.15,N,0.000
D_CONDUCT,Conductividad a 20 ºC,245854,513,N,512.600
M-034,Recuento de Pseudomonas aeruginosa,245854,<1,N,1.000
M-027,Recuento de bacterias coliformes,245854,18,N,18.000
M-027,Recuento de E. coli,245854,<1,N,1.000
M-019-AC1,Recuento de Estafilococos coagulasa +,245854,<1,N,1.000
D_TURBIDEZ,Turbidez,245854,0.27,N,0.270
D_PH,pH,245854,7.4,N,7.350
D_OXIDABIL,Oxidabilidad,245854,1.3,N,1.270
AMONI-CI-P,Amonio,245855,<0.15,N,0.000
M-027,Recuento de bacterias coliformes,245855,89,N,89.000
M-027,Recuento de E. coli,245855,<1,N,1.000
M-019-AC1,Recuento de Estafilococos coagulasa +,245855,<1,N,1.000
M-034,Recuento de Pseudomonas aeruginosa,245855,<1,N,1.000
D_TURBIDEZ,Turbidez,245855,<0.20,N,0.140
D_PH,pH,245855,7.3,N,7.340
D_OXIDABIL,Oxidabilidad,245855,1.9,N,1.880
D_CONDUCT,Conductividad a 20 ºC,245855,837,N,837.300
M-019-AC1,Recuento de Estafilococos coagulasa +,245856,<1,N,1.000
M-027,Recuento de E. coli,245856,<1,N,1.000
M-027,Recuento de bacterias coliformes,245856,<1,N,1.000
M-034,Recuento de Pseudomonas aeruginosa,245856,<1,N,1.000
AMONI-CI-P,Amonio,245856,<0.15,N,0.000
D_CONDUCT,Conductividad a 20 ºC,245856,518,N,518.200
D_OXIDABIL,Oxidabilidad,245856,1.3,N,1.270
D_PH,pH,245856,7.3,N,7.330
D_TURBIDEZ,Turbidez,245856,<0.20,N,0.100
M-034,Recuento de Pseudomonas aeruginosa,245857,<1,N,1.000
M-019-AC1,Recuento de Estafilococos coagulasa +,245857,0,N,0.000
AMONI-CI-P,Amonio,245857,<0.15,N,0.000
D_PH,pH,245857,7.0,N,7.040
D_OXIDABIL,Oxidabilidad,245857,1.3,N,1.270
D_CONDUCT,Conductividad a 20 ºC,245857,892,N,892.100
M-027,Recuento de E. coli,245857,<1,N,1.000
M-027,Recuento de bacterias coliformes,245857,<1,N,1.000
D_TURBIDEZ,Turbidez,245857,0.23,N,0.230
M-034,Recuento de Pseudomonas aeruginosa,245858,<1,N,1.000
M-027,Recuento de bacterias coliformes,245858,2,N,2.000
D_OXIDABIL,Oxidabilidad,245858,0.5,N,0.530
M-019-AC1,Recuento de Estafilococos coagulasa +,245858,<1,N,1.000
D_TURBIDEZ,Turbidez,245858,<0.20,N,0.170
D_PH,pH,245858,7.1,N,7.120
M-027,Recuento de E. coli,245858,<1,N,1.000
D_CONDUCT,Conductividad a 20 ºC,245858,527,N,527.100
AMONI-CI-P,Amonio,245858,<0.15,N,0.000
D_TURBIDEZ,Turbidez,245859,0.30,N,0.300
M-019-AC1,Recuento de Estafilococos coagulasa +,245859,<1,N,1.000
D_CONDUCT,Conductividad a 20 ºC,245859,1139,N,1139.000
M-027,Recuento de bacterias coliformes,245859,<1,N,1.000
M-034,Recuento de Pseudomonas aeruginosa,245859,<1,N,1.000
AMONI-CI-P,Amonio,245859,<0.15,N,0.000
D_PH,pH,245859,7.4,N,7.350
D_OXIDABIL,Oxidabilidad,245859,1.6,N,1.590
M-027,Recuento de E. coli,245859,<1,N,1.000
M-019-AC1,Recuento de Estafilococos coagulasa +,245860,<1,N,1.000
M-034,Recuento de Pseudomonas aeruginosa,245860,<1,N,1.000
M-027,Recuento de bacterias coliformes,245860,<1,N,1.000
M-027,Recuento de E. coli,245860,<1,N,1.000
AMONI-CI-P,Amonio,245860,<0.15,N,0.000
D_CONDUCT,Conductividad a 20 ºC,245860,1140,N,1140.000
D_OXIDABIL,Oxidabilidad,245860,1.5,N,1.510
D_PH,pH,245860,7.4,N,7.410
D_TURBIDEZ,Turbidez,245860,0.31,N,0.310
M-027,Recuento de bacterias coliformes,245861,1,N,1.000
M-034,Recuento de Pseudomonas aeruginosa,245861,<1,N,1.000
M-027,Recuento de E. coli,245861,<1,N,1.000
D_PH,pH,245861,7.5,N,7.460
D_OXIDABIL,Oxidabilidad,245861,1.4,N,1.390
D_CONDUCT,Conductividad a 20 ºC,245861,817,N,817.000
AMONI-CI-P,Amonio,245861,<0.15,N,0.000
M-019-AC1,Recuento de Estafilococos coagulasa +,245861,0,N,0.000
D_TURBIDEZ,Turbidez,245861,<0.20,N,0.110
M-019-AC1,Recuento de Estafilococos coagulasa +,245862,<1,N,1.000
D_TURBIDEZ,Turbidez,245862,0.39,N,0.390
D_PH,pH,245862,7.3,N,7.290
D_OXIDABIL,Oxidabilidad,245862,1.4,N,1.350
D_CONDUCT,Conductividad a 20 ºC,245862,1469,N,1469.000
AMONI-CI-P,Amonio,245862,<0.30,N,0.300
M-027,Recuento de E. coli,245862,<1,N,1.000
M-027,Recuento de bacterias coliformes,245862,2,N,2.000
M-034,Recuento de Pseudomonas aeruginosa,245862,<1,N,1.000
M-027,Recuento de bacterias coliformes,245871,8,N,8.000
M-027,Recuento de E. coli,245871,<1,N,1.000
M-019-AC1,Recuento de Estafilococos coagulasa +,245871,<1,N,1.000
M-034,Recuento de Pseudomonas aeruginosa,245871,<1,N,1.000
D_TURBIDEZ,Turbidez,245871,<0.20,N,0.140
D_PH,pH,245871,7.5,N,7.530
D_OXIDABIL,Oxidabilidad,245871,1.8,N,1.750
D_CONDUCT,Conductividad a 20 ºC,245871,615,N,615.200
AMONI-CI-P,Amonio,245871,<0.15,N,0.000
M-027,Recuento de bacterias coliformes,245872,145,N,144.500
M-027,Recuento de E. coli,245872,<1,N,1.000
M-019-AC1,Recuento de Estafilococos coagulasa +,245872,<1,N,1.000
D_TURBIDEZ,Turbidez,245872,<0.20,N,0.140
D_PH,pH,245872,7.3,N,7.310
D_OXIDABIL,Oxidabilidad,245872,1.8,N,1.750
D_CONDUCT,Conductividad a 20 ºC,245872,432,N,432.200
AMONI-CI-P,Amonio,245872,<0.15,N,0.000
M-034,Recuento de Pseudomonas aeruginosa,245872,<1,N,1.000
AMONI-CI-P,Amonio,245873,<0.15,N,0.000
D_CONDUCT,Conductividad a 20 ºC,245873,663,N,662.800
M-034,Recuento de Pseudomonas aeruginosa,245873,<1,N,1.000
M-027,Recuento de bacterias coliformes,245873,>200,N,200.000
M-027,Recuento de E. coli,245873,<1,N,1.000
M-019-AC1,Recuento de Estafilococos coagulasa +,245873,<1,N,1.000
D_TURBIDEZ,Turbidez,245873,<0.20,N,0.160
D_PH,pH,245873,7.0,N,7.030
D_OXIDABIL,Oxidabilidad,245873,3.3,N,3.300
AMONI-CI-P,Amonio,245874,<0.15,N,0.000
M-027,Recuento de bacterias coliformes,245874,>200,N,200.000
M-027,Recuento de E. coli,245874,<1,N,1.000
M-019-AC1,Recuento de Estafilococos coagulasa +,245874,<1,N,1.000
M-034,Recuento de Pseudomonas aeruginosa,245874,<1,N,1.000
D_TURBIDEZ,Turbidez,245874,<0.20,N,0.110
D_PH,pH,245874,7.4,N,7.380
D_OXIDABIL,Oxidabilidad,245874,1.9,N,1.850
D_CONDUCT,Conductividad a 20 ºC,245874,676,N,675.600
M-019-AC1,Recuento de Estafilococos coagulasa +,245875,<1,N,1.000
M-027,Recuento de E. coli,245875,<1,N,1.000
M-027,Recuento de bacterias coliformes,245875,16,N,16.000
M-034,Recuento de Pseudomonas aeruginosa,245875,<1,N,1.000
AMONI-CI-P,Amonio,245875,<0.15,N,0.000
D_CONDUCT,Conductividad a 20 ºC,245875,869,N,868.600
D_OXIDABIL,Oxidabilidad,245875,2.1,N,2.100
D_PH,pH,245875,7.4,N,7.350
D_TURBIDEZ,Turbidez,245875,<0.20,N,0.160
D_CONDUCT,Conductividad a 20 ºC,245876,666,N,666.400
D_OXIDABIL,Oxidabilidad,245876,2.2,N,2.150
D_PH,pH,245876,7.6,N,7.620
D_TURBIDEZ,Turbidez,245876,0.21,N,0.210
AMONI-CI-P,Amonio,245876,<0.15,N,0.000
M-019-AC1,Recuento de Estafilococos coagulasa +,245876,<1,N,1.000
M-027,Recuento de E. coli,245876,<1,N,1.000
M-027,Recuento de bacterias coliformes,245876,48,N,48.000
M-034,Recuento de Pseudomonas aeruginosa,245876,<1,N,1.000
M-034,Recuento de Pseudomonas aeruginosa,245877,<1,N,1.000
M-027,Recuento de bacterias coliformes,245877,5,N,5.000
M-027,Recuento de E. coli,245877,<1,N,1.000
M-019-AC1,Recuento de Estafilococos coagulasa +,245877,<1,N,1.000
D_TURBIDEZ,Turbidez,245877,0.21,N,0.210
D_PH,pH,245877,7.4,N,7.360
D_OXIDABIL,Oxidabilidad,245877,2.0,N,1.950
D_CONDUCT,Conductividad a 20 ºC,245877,867,N,866.800
AMONI-CI-P,Amonio,245877,<0.15,N,0.000
M-034,Recuento de Pseudomonas aeruginosa,245878,<1,N,1.000
M-027,Recuento de bacterias coliformes,245878,>200,N,200.000
M-027,Recuento de E. coli,245878,<1,N,1.000
M-019-AC1,Recuento de Estafilococos coagulasa +,245878,<1,N,1.000
D_TURBIDEZ,Turbidez,245878,<0.20,N,0.150
D_PH,pH,245878,7.3,N,7.250
D_OXIDABIL,Oxidabilidad,245878,1.7,N,1.650
D_CONDUCT,Conductividad a 20 ºC,245878,725,N,724.700
AMONI-CI-P,Amonio,245878,<0.15,N,0.000
D_CONDUCT,Conductividad a 20 ºC,245879,1293,N,1293.000
D_OXIDABIL,Oxidabilidad,245879,1.6,N,1.550
D_PH,pH,245879,7.1,N,7.060
D_TURBIDEZ,Turbidez,245879,<0.20,N,0.160
AMONI-CI-P,Amonio,245879,<0.30,N,0.300
M-019-AC1,Recuento de Estafilococos coagulasa +,245879,<1,N,1.000
M-027,Recuento de E. coli,245879,<1,N,1.000
M-027,Recuento de bacterias coliformes,245879,>200,N,200.000
M-034,Recuento de Pseudomonas aeruginosa,245879,<1,N,1.000
M-068-AC1,Microorganismos cultivables a 22 °C,245880,18,N,18.000
M-068-AC1,Microorganismos cultivables a 22 ºC,245880,1.8E+01,K,18.000
WMM-LM-CAM,Cloro libre residual,245880,0.50,N,0.500
WMM-LM-CAM,Cloro combinado residual,245880,0.50,N,0.500
MET-GRF-AC,Plomo total,245880,5.0,N,5.000
MET-GRF-AC,Niquel total,245880,10,N,10.000
MET-GRF-AC,Hierro total,245880,150,N,150.000
MET-GRF-AC,Cromo total,245880,10,N,10.000
MET-GRF-AC,Cobre total,245880,1.0,N,1.000
MET-GRF-AC,Aluminio total,245880,150,N,150.000
M-068-AC1,Recuento,245880,18,K,18.000
M-016-AC1,Recuento de bacterias coliformes,245880,0,N,0.000
M-016-AC1,Recuento de E. coli,245880,0,N,0.000
D_TURBIDEZ,Turbidez,245880,0.50,N,0.500
D_PH,pH,245880,7.2,N,7.200
D_CONDUCT,Conductividad a 20 ºC,245880,300,N,300.000
D_CONDUCT,Conductividad a 20 ºC,245881,300,N,300.000
WMM-LM-CAM,Cloro libre residual,245881,0.50,N,0.500
MET-GRF-AC,Plomo total,245881,11,N,10.500
MET-GRF-AC,Niquel total,245881,10,N,10.000
MET-GRF-AC,Hierro total,245881,150,N,150.000
MET-GRF-AC,Cromo total,245881,10,N,10.000
MET-GRF-AC,Cobre total,245881,1.0,N,1.000
MET-GRF-AC,Aluminio total,245881,150,N,150.000
M-068-AC1,Recuento,245881,18,K,18.000
M-068-AC1,Microorganismos cultivables a 22 ºC,245881,1.8E+01,K,18.000
M-068-AC1,Microorganismos cultivables a 22 °C,245881,18,N,18.000
M-016-AC1,Recuento de bacterias coliformes,245881,0,N,0.000
M-016-AC1,Recuento de E. coli,245881,1,N,1.000
D_TURBIDEZ,Turbidez,245881,0.50,N,0.500
D_PH,pH,245881,7.2,N,7.200
WMM-LM-CAM,Cloro combinado residual,245881,0.50,N,0.500
D_CONDUCT,Conductividad a 20 ºC,245882,300,N,300.000
D_PH,pH,245882,7.2,N,7.200
D_TURBIDEZ,Turbidez,245882,0.50,N,0.500
M-016-AC1,Recuento de E. coli,245882,0,N,0.000
M-016-AC1,Recuento de bacterias coliformes,245882,99,N,99.000
M-068-AC1,Microorganismos cultivables a 22 °C,245882,18,N,18.000
M-068-AC1,Microorganismos cultivables a 22 ºC,245882,1.8E+01,K,18.000
M-068-AC1,Recuento,245882,18,K,18.000
MET-GRF-AC,Aluminio total,245882,201,N,200.500
MET-GRF-AC,Cobre total,245882,1.0,N,1.000
MET-GRF-AC,Cromo total,245882,10,N,10.000
MET-GRF-AC,Hierro total,245882,201,N,200.500
MET-GRF-AC,Niquel total,245882,10,N,10.000
MET-GRF-AC,Plomo total,245882,5.0,N,5.000
WMM-LM-CAM,Cloro combinado residual,245882,0.50,N,0.500
WMM-LM-CAM,Cloro libre residual,245882,0.50,N,0.500
MET-GRF-AC,Hierro total,245883,150,N,150.000
M-016-AC1,Recuento de E. coli,245883,0,N,0.000
WMM-LM-CAM,Cloro libre residual,245883,0.50,N,0.500
WMM-LM-CAM,Cloro combinado residual,245883,0.50,N,0.500
MET-GRF-AC,Plomo total,245883,5.0,N,5.000
MET-GRF-AC,Niquel total,245883,10,N,10.000
D_CONDUCT,Conductividad a 20 ºC,245883,300,N,300.000
D_PH,pH,245883,7.2,N,7.200
D_TURBIDEZ,Turbidez,245883,0.50,N,0.500
M-016-AC1,Recuento de bacterias coliformes,245883,0,N,0.000
MET-GRF-AC,Aluminio total,245883,150,N,150.000
MET-GRF-AC,Cobre total,245883,1.0,N,1.000
MET-GRF-AC,Cromo total,245883,10,N,10.000
WMM-LM-CAM,Cloro libre residual,245884,0.50,N,0.500
WMM-LM-CAM,Cloro combinado residual,245884,0.50,N,0.500
MET-GRF-AC,Plomo total,245884,11,N,11.000
MET-GRF-AC,Niquel total,245884,10,N,10.000
MET-GRF-AC,Hierro total,245884,150,N,150.000
MET-GRF-AC,Cromo total,245884,10,N,10.000
MET-GRF-AC,Cobre total,245884,1.0,N,1.000
MET-GRF-AC,Aluminio total,245884,150,N,150.000
M-016-AC1,Recuento de bacterias coliformes,245884,0,N,0.000
M-016-AC1,Recuento de E. coli,245884,1,N,1.000
D_TURBIDEZ,Turbidez,245884,0.50,N,0.500
D_PH,pH,245884,7.2,N,7.200
D_CONDUCT,Conductividad a 20 ºC,245884,300,N,300.000
MET-GRF-AC,Aluminio total,245885,201,N,201.000
WMM-LM-CAM,Cloro libre residual,245885,0.50,N,0.500
M-016-AC1,Recuento de E. coli,245885,0,N,0.000
D_TURBIDEZ,Turbidez,245885,0.50,N,0.500
D_PH,pH,245885,7.2,N,7.200
MET-GRF-AC,Niquel total,245885,10,N,10.000
D_CONDUCT,Conductividad a 20 ºC,245885,300,N,300.000
MET-GRF-AC,Hierro total,245885,201,N,201.000
MET-GRF-AC,Cromo total,245885,10,N,10.000
MET-GRF-AC,Cobre total,245885,1.0,N,1.000
MET-GRF-AC,Plomo total,245885,5.0,N,5.000
TEMP-PH,pH_Temperatura de medida,245885,20.1,N,20.100
WMM-LM-CAM,Cloro combinado residual,245885,0.50,N,0.500
M-016-AC1,Recuento de bacterias coliformes,245885,99,N,99.000
M-030-AC1,Recuento C. perfringens (con esporas),245893,0,N,0.000
M-016-AC1,Recuento de bacterias coliformes,245893,0,N,0.000
M-068-AC1,Microorganismos cultivables a 22 ºC,245893,0.0,K,0.000
M-068-AC1,Recuento,245893,0,K,0.000
MET-POT-AC,Aluminio total,245893,84.7,N,84.720
MET-POT-AC,Antimonio total,245893,<1.0,N,0.070
MET-POT-AC,Arsénico total,245893,<1.0,N,0.410
MET-POT-AC,Boro total,245893,<0.05,N,0.020
MET-POT-AC,Cadmio total,245893,<1.5,N,0.010
MET-POT-AC,Cobre total,245893,<0.050,N,0.000
MET-POT-AC,Cromo total,245893,<10.0,N,0.000
MET-POT-AC,Hierro total,245893,17.4,N,17.350
MET-POT-AC,Manganeso total,245893,<10.0,N,0.670
MET-POT-AC,Niquel total,245893,<5.0,N,0.890
MET-POT-AC,Plomo total,245893,<1.0,N,0.430
MET-POT-AC,Selenio total,245893,<1.0,N,0.200
NA-CI-P,Sodio,245893,9.86,N,9.860
NTRAT-CI-P,Nitratos,245893,4.67,N,4.670
NTRIT-CI-P,Nitritos,245893,<0.15,N,0.000
OXOANIONES,Bromato,245893,<3,N,0.000
OXOANIONES,Clorato,245893,0.26,N,0.263
OXOANIONES,Clorito,245893,<0.03,N,0.000
SULFA-CI-P,Sulfatos,245893,19,N,19.320
WMM-LM-CAM,Cloro combinado residual,245893,0.11,N,0.110
WMM-LM-CAM,Cloro libre residual,245893,0.10,N,0.100
AMONI-CI-P,Amonio,245893,<0.15,N,0.000
CLORU-CI-P,Cloruros,245893,14,N,13.850
D_CONDUCT,Conductividad a 20 ºC,245893,279,N,278.900
D_PH,pH,245893,7.8,N,7.810
D_TURBIDEZ,Turbidez,245893,<0.20,N,0.160
M-013-AC1,Recuento de enterococos intestinales,245893,0,N,0.000
M-016-AC1,Recuento de E. coli,245893,0,N,0.000
M-068-AC1,Microorganismos cultivables a 22 °C,245893,<1,N,1.000
NTRAT-CI-P,Nitratos,245894,4.44,N,4.440
MET-POT-AC,Aluminio total,245894,108,N,107.580
OXOANIONES,Bromato,245894,<3,N,0.000
OXOANIONES,Clorato,245894,0.27,N,0.269
OXOANIONES,Clorito,245894,<0.03,N,0.000
SULFA-CI-P,Sulfatos,245894,18,N,18.280
WMM-LM-CAM,Cloro combinado residual,245894,0.10,N,0.100
WMM-LM-CAM,Cloro libre residual,245894,0.11,N,0.110
MET-POT-AC,Antimonio total,245894,<1.0,N,0.050
MET-POT-AC,Arsénico total,245894,<1.0,N,0.440
MET-POT-AC,Boro total,245894,<0.05,N,0.020
MET-POT-AC,Cadmio total,245894,<1.5,N,0.010
MET-POT-AC,Cobre total,245894,<0.050,N,0.000
MET-POT-AC,Cromo total,245894,<10.0,N,0.090
MET-POT-AC,Hierro total,245894,14.6,N,14.590
MET-POT-AC,Manganeso total,245894,<10.0,N,2.020
MET-POT-AC,Niquel total,245894,<5.0,N,0.760
MET-POT-AC,Plomo total,245894,<1.0,N,0.210
MET-POT-AC,Selenio total,245894,<1.0,N,0.120
NA-CI-P,Sodio,245894,9.46,N,9.460
AMONI-CI-P,Amonio,245894,<0.15,N,0.000
CLORU-CI-P,Cloruros,245894,13,N,13.120
D_CONDUCT,Conductividad a 20 ºC,245894,275,N,275.400
D_PH,pH,245894,7.7,N,7.730
D_TURBIDEZ,Turbidez,245894,<0.20,N,0.150
M-013-AC1,Recuento de enterococos intestinales,245894,0,N,0.000
M-016-AC1,Recuento de E. coli,245894,0,N,0.000
M-016-AC1,Recuento de bacterias coliformes,245894,0,N,0.000
M-030-AC1,Recuento C. perfringens (con esporas),245894,0,N,0.000
M-068-AC1,Microorganismos cultivables a 22 °C,245894,<1,N,1.000
M-068-AC1,Microorganismos cultivables a 22 ºC,245894,0.0,K,0.000
M-068-AC1,Recuento,245894,0,K,0.000
NTRIT-CI-P,Nitritos,245894,<0.15,N,0.000
AMONI-CI-P,Amonio,245895,<0.15,N,0.000
WMM-LM-CAM,Cloro libre residual,245895,<0.10,N,0.000
D_CONDUCT,Conductividad a 20 ºC,245895,279,N,278.700
D_PH,pH,245895,7.8,N,7.750
D_TURBIDEZ,Turbidez,245895,<0.20,N,0.120
M-013-AC1,Recuento de enterococos intestinales,245895,0,N,0.000
M-016-AC1,Recuento de E. coli,245895,0,N,0.000
M-016-AC1,Recuento de bacterias coliformes,245895,0,N,0.000
M-030-AC1,Recuento C. perfringens (con esporas),245895,0,N,0.000
M-068-AC1,Microorganismos cultivables a 22 °C,245895,1,N,1.000
M-068-AC1,Microorganismos cultivables a 22 ºC,245895,1.0,K,1.000
M-068-AC1,Recuento,245895,1,K,1.000
MET-POT-AC,Aluminio total,245895,88.0,N,87.970
MET-POT-AC,Antimonio total,245895,<1.0,N,0.050
MET-POT-AC,Arsénico total,245895,<1.0,N,0.440
MET-POT-AC,Boro total,245895,<0.05,N,0.020
MET-POT-AC,Cadmio total,245895,<1.5,N,0.010
MET-POT-AC,Cobre total,245895,<0.050,N,0.000
MET-POT-AC,Cromo total,245895,<10.0,N,0.020
MET-POT-AC,Hierro total,245895,12.5,N,12.490
MET-POT-AC,Manganeso total,245895,<10.0,N,0.370
MET-POT-AC,Niquel total,245895,<5.0,N,0.600
MET-POT-AC,Plomo total,245895,<1.0,N,0.140
MET-POT-AC,Selenio total,245895,<1.0,N,0.170
NA-CI-P,Sodio,245895,9.38,N,9.380
NTRAT-CI-P,Nitratos,245895,4.48,N,4.480
NTRIT-CI-P,Nitritos,245895,<0.15,N,0.000
OXOANIONES,Bromato,245895,<3,N,0.000
OXOANIONES,Clorato,245895,0.25,N,0.247
OXOANIONES,Clorito,245895,<0.03,N,0.000
SULFA-CI-P,Sulfatos,245895,18,N,18.460
WMM-LM-CAM,Cloro combinado residual,245895,0.14,N,0.140
CLORU-CI-P,Cloruros,245895,13,N,13.140
D_TURBIDEZ,Turbidez,245896,<0.20,N,0.130
M-013-AC1,Recuento de enterococos intestinales,245896,0,N,0.000
M-016-AC1,Recuento de E. coli,245896,0,N,0.000
M-016-AC1,Recuento de bacterias coliformes,245896,0,N,0.000
M-030-AC1,Recuento C. perfringens (con esporas),245896,0,N,0.000
M-068-AC1,Microorganismos cultivables a 22 °C,245896,5,N,5.000
M-068-AC1,Microorganismos cultivables a 22 ºC,245896,5.0,K,5.000
M-068-AC1,Recuento,245896,5,K,5.000
MET-POT-AC,Aluminio total,245896,99.1,N,99.120
MET-POT-AC,Antimonio total,245896,<1.0,N,0.050
MET-POT-AC,Arsénico total,245896,<1.0,N,0.410
MET-POT-AC,Boro total,245896,<0.05,N,0.020
MET-POT-AC,Cadmio total,245896,<1.5,N,0.010
MET-POT-AC,Cobre total,245896,<0.050,N,0.000
MET-POT-AC,Cromo total,245896,<10.0,N,0.100
MET-POT-AC,Hierro total,245896,16.1,N,16.100
MET-POT-AC,Manganeso total,245896,<10.0,N,1.300
MET-POT-AC,Niquel total,245896,<5.0,N,0.810
MET-POT-AC,Plomo total,245896,<1.0,N,0.350
MET-POT-AC,Selenio total,245896,<1.0,N,0.120
NA-CI-P,Sodio,245896,9.46,N,9.460
NTRAT-CI-P,Nitratos,245896,4.63,N,4.630
NTRIT-CI-P,Nitritos,245896,<0.15,N,0.000
OXOANIONES,Bromato,245896,<3,N,0.000
OXOANIONES,Clorato,245896,0.25,N,0.251
OXOANIONES,Clorito,245896,<0.03,N,0.000
SULFA-CI-P,Sulfatos,245896,19,N,18.560
WMM-LM-CAM,Cloro combinado residual,245896,0.24,N,0.240
WMM-LM-CAM,Cloro libre residual,245896,0.17,N,0.170
AMONI-CI-P,Amonio,245896,<0.15,N,0.061
CLORU-CI-P,Cloruros,245896,13,N,13.220
D_CONDUCT,Conductividad a 20 ºC,245896,276,N,275.800
D_PH,pH,245896,7.8,N,7.770
OXOANIONES,Clorito,245897,<0.03,N,0.000
M-013-AC1,Recuento de enterococos intestinales,245897,0,N,0.000
WMM-LM-CAM,Cloro combinado residual,245897,0.15,N,0.150
WMM-LM-CAM,Cloro libre residual,245897,0.27,N,0.270
M-016-AC1,Recuento de E. coli,245897,0,N,0.000
M-016-AC1,Recuento de bacterias coliformes,245897,0,N,0.000
M-030-AC1,Recuento C. perfringens (con esporas),245897,0,N,0.000
M-068-AC1,Microorganismos cultivables a 22 °C,245897,<1,N,1.000
M-068-AC1,Microorganismos cultivables a 22 ºC,245897,0.0,K,0.000
M-068-AC1,Recuento,245897,0,K,0.000
MET-POT-AC,Aluminio total,245897,104,N,104.320
MET-POT-AC,Antimonio total,245897,<1.0,N,0.050
MET-POT-AC,Arsénico total,245897,<1.0,N,0.440
MET-POT-AC,Boro total,245897,<0.05,N,0.020
MET-POT-AC,Cadmio total,245897,<1.5,N,0.010
MET-POT-AC,Cobre total,245897,<0.050,N,0.000
MET-POT-AC,Cromo total,245897,<10.0,N,0.090
MET-POT-AC,Hierro total,245897,18.8,N,18.810
MET-POT-AC,Manganeso total,245897,<10.0,N,1.710
MET-POT-AC,Niquel total,245897,<5.0,N,0.770
MET-POT-AC,Plomo total,245897,<1.0,N,0.440
MET-POT-AC,Selenio total,245897,<1.0,N,0.150
NA-CI-P,Sodio,245897,9.38,N,9.380
NTRAT-CI-P,Nitratos,245897,4.46,N,4.460
NTRIT-CI-P,Nitritos,245897,<0.15,N,0.000
OXOANIONES,Bromato,245897,<3,N,0.000
OXOANIONES,Clorato,245897,0.25,N,0.246
AMONI-CI-P,Amonio,245897,<0.15,N,0.000
CLORU-CI-P,Cloruros,245897,13,N,13.070
D_CONDUCT,Conductividad a 20 ºC,245897,276,N,276.100
D_PH,pH,245897,7.8,N,7.760
D_TURBIDEZ,Turbidez,245897,<0.20,N,0.160
SULFA-CI-P,Sulfatos,245897,18,N,18.360
AMONI-CI-P,Amonio,245898,<0.15,N,0.000
WMM-LM-CAM,Cloro libre residual,245898,<0.10,N,0.080
D_CONDUCT,Conductividad a 20 ºC,245898,279,N,279.100
D_PH,pH,245898,7.8,N,7.790
D_TURBIDEZ,Turbidez,245898,<0.20,N,0.120
M-013-AC1,Recuento de enterococos intestinales,245898,0,N,0.000
M-016-AC1,Recuento de E. coli,245898,0,N,0.000
M-016-AC1,Recuento de bacterias coliformes,245898,0,N,0.000
M-030-AC1,Recuento C. perfringens (con esporas),245898,0,N,0.000
M-068-AC1,Microorganismos cultivables a 22 °C,245898,<1,N,1.000
M-068-AC1,Microorganismos cultivables a 22 ºC,245898,0.0,K,0.000
M-068-AC1,Recuento,245898,0,K,0.000
MET-POT-AC,Aluminio total,245898,82.5,N,82.530
MET-POT-AC,Antimonio total,245898,<1.0,N,0.050
MET-POT-AC,Arsénico total,245898,<1.0,N,0.410
MET-POT-AC,Boro total,245898,<0.05,N,0.020
MET-POT-AC,Cadmio total,245898,<1.5,N,0.000
MET-POT-AC,Cobre total,245898,<0.050,N,0.000
MET-POT-AC,Cromo total,245898,<10.0,N,0.100
MET-POT-AC,Hierro total,245898,13.7,N,13.680
MET-POT-AC,Manganeso total,245898,<10.0,N,0.610
MET-POT-AC,Niquel total,245898,<5.0,N,0.660
MET-POT-AC,Plomo total,245898,<1.0,N,0.160
MET-POT-AC,Selenio total,245898,<1.0,N,0.170
NA-CI-P,Sodio,245898,9.26,N,9.260
NTRAT-CI-P,Nitratos,245898,4.51,N,4.510
NTRIT-CI-P,Nitritos,245898,<0.15,N,0.000
OXOANIONES,Bromato,245898,<3,N,0.000
OXOANIONES,Clorato,245898,0.24,N,0.243
OXOANIONES,Clorito,245898,<0.03,N,0.000
SULFA-CI-P,Sulfatos,245898,18,N,18.390
WMM-LM-CAM,Cloro combinado residual,245898,0.11,N,0.110
CLORU-CI-P,Cloruros,245898,13,N,13.020
M-016-AC1,Recuento de E. coli,245899,0,N,0.000
M-013-AC1,Recuento de enterococos intestinales,245899,0,N,0.000
M-030-AC1,Recuento C. perfringens (con esporas),245899,0,N,0.000
M-068-AC1,Microorganismos cultivables a 22 °C,245899,<1,N,1.000
M-068-AC1,Microorganismos cultivables a 22 ºC,245899,0.0,K,0.000
M-068-AC1,Recuento,245899,0,K,0.000
MET-POT-AC,Aluminio total,245899,92.9,N,92.920
MET-POT-AC,Antimonio total,245899,<1.0,N,0.050
MET-POT-AC,Arsénico total,245899,<1.0,N,0.440
MET-POT-AC,Boro total,245899,<0.05,N,0.020
MET-POT-AC,Cadmio total,245899,<1.5,N,0.020
MET-POT-AC,Cobre total,245899,<0.050,N,0.000
MET-POT-AC,Cromo total,245899,<10.0,N,0.090
MET-POT-AC,Hierro total,245899,14.2,N,14.210
MET-POT-AC,Manganeso total,245899,<10.0,N,0.780
MET-POT-AC,Niquel total,245899,<5.0,N,0.790
MET-POT-AC,Plomo total,245899,<1.0,N,0.270
MET-POT-AC,Selenio total,245899,<1.0,N,0.100
NA-CI-P,Sodio,245899,9.20,N,9.200
NTRAT-CI-P,Nitratos,245899,4.40,N,4.400
NTRIT-CI-P,Nitritos,245899,<0.15,N,0.000
OXOANIONES,Bromato,245899,<3,N,0.000
OXOANIONES,Clorato,245899,0.25,N,0.246
OXOANIONES,Clorito,245899,<0.03,N,0.000
SULFA-CI-P,Sulfatos,245899,18,N,18.120
WMM-LM-CAM,Cloro combinado residual,245899,<0.10,N,0.070
WMM-LM-CAM,Cloro libre residual,245899,0.17,N,0.170
AMONI-CI-P,Amonio,245899,<0.15,N,0.000
CLORU-CI-P,Cloruros,245899,13,N,12.870
D_CONDUCT,Conductividad a 20 ºC,245899,278,N,277.800
D_PH,pH,245899,7.8,N,7.760
D_TURBIDEZ,Turbidez,245899,<0.20,N,0.100
M-016-AC1,Recuento de bacterias coliformes,245899,0,N,0.000
NTRAT-CI-P,Nitratos,245900,4.62,N,4.620
WMM-LM-CAM,Cloro libre residual,245900,<0.10,N,0.020
AMONI-CI-P,Amonio,245900,<0.15,N,0.105
CLORU-CI-P,Cloruros,245900,14,N,14.210
D_CONDUCT,Conductividad a 20 ºC,245900,280,N,280.200
D_PH,pH,245900,8.0,N,8.020
D_TURBIDEZ,Turbidez,245900,<0.20,N,0.110
M-013-AC1,Recuento de enterococos intestinales,245900,0,N,0.000
M-016-AC1,Recuento de E. coli,245900,0,N,0.000
M-016-AC1,Recuento de bacterias coliformes,245900,0,N,0.000
M-030-AC1,Recuento C. perfringens (con esporas),245900,0,N,0.000
M-068-AC1,Microorganismos cultivables a 22 °C,245900,<1,N,1.000
M-068-AC1,Microorganismos cultivables a 22 ºC,245900,0.0,K,0.000
M-068-AC1,Recuento,245900,0,K,0.000
MET-POT-AC,Aluminio total,245900,73.0,N,72.990
MET-POT-AC,Antimonio total,245900,<1.0,N,0.040
MET-POT-AC,Arsénico total,245900,<1.0,N,0.450
MET-POT-AC,Boro total,245900,<0.05,N,0.020
MET-POT-AC,Cadmio total,245900,<1.5,N,0.000
MET-POT-AC,Cobre total,245900,<0.050,N,0.020
MET-POT-AC,Cromo total,245900,<10.0,N,0.030
MET-POT-AC,Hierro total,245900,12.1,N,12.060
MET-POT-AC,Manganeso total,245900,<10.0,N,0.200
MET-POT-AC,Niquel total,245900,<5.0,N,0.580
MET-POT-AC,Plomo total,245900,<1.0,N,0.090
MET-POT-AC,Selenio total,245900,<1.0,N,0.150
NA-CI-P,Sodio,245900,10.15,N,10.150
OXOANIONES,Bromato,245900,<3,N,0.000
OXOANIONES,Clorato,245900,0.38,N,0.380
OXOANIONES,Clorito,245900,<0.03,N,0.000
SULFA-CI-P,Sulfatos,245900,19,N,18.700
WMM-LM-CAM,Cloro combinado residual,245900,0.11,N,0.110
NTRIT-CI-P,Nitritos,245900,<0.15,N,0.000
AMONI-CI-P,Amonio,245952,<0.15,N,0.000
WMM-LM-CAM,Cloro libre residual,245952,1.99,N,1.990
D_OXIDABIL,Oxidabilidad,245952,0.9,N,0.940
D_PH,pH,245952,7.6,N,7.550
D_TURBIDEZ,Turbidez,245952,0.20,N,0.200
M-019-AC1,Recuento de Estafilococos coagulasa +,245952,0,N,0.000
M-027,Recuento de E. coli,245952,<1,N,1.000
M-027,Recuento de bacterias coliformes,245952,<1,N,1.000
M-034,Recuento de Pseudomonas aeruginosa,245952,<1,N,1.000
PE-IL-ISOC,Acido isocianúrico,245952,<5,N,4.000
PE-IL-TEMP,Temperatura del agua,245952,26.4,N,26.400
TEMP-PH,pH_Temperatura de medida,245952,21.5,N,21.500
WMM-LM-CAM,Cloro combinado residual,245952,0.11,N,0.110
D_CONDUCT,Conductividad a 20 ºC,245952,1260,N,1260.000
M-027,Recuento de bacterias coliformes,245955,<1,N,1.000
M-027,Recuento de E. coli,245955,<1,N,1.000
PE-IL-TEMP,Temperatura del agua,245955,26.4,N,26.400
TEMP-PH,pH_Temperatura de medida,245955,24.0,N,24.000
WMM-LM-CAM,Cloro combinado residual,245955,<0.10,N,0.050
WMM-LM-CAM,Cloro libre residual,245955,1.14,N,1.140
AMONI-CI-P,Amonio,245955,<0.15,N,0.000
D_CONDUCT,Conductividad a 20 ºC,245955,1007,N,1007.000
D_OXIDABIL,Oxidabilidad,245955,<0.5,N,0.040
D_PH,pH,245955,7.0,N,7.030
D_TURBIDEZ,Turbidez,245955,<0.20,N,0.060
M-019-AC1,Recuento de Estafilococos coagulasa +,245955,0,N,0.000
M-034,Recuento de Pseudomonas aeruginosa,245955,<1,N,1.000
AMONI-CI-P,Amonio,245956,<0.15,N,0.000
WMM-LM-CAM,Cloro libre residual,245956,1.70,N,1.700
D_OXIDABIL,Oxidabilidad,245956,<0.5,N,0.160
D_PH,pH,245956,7.4,N,7.350
D_TURBIDEZ,Turbidez,245956,<0.20,N,0.060
M-019-AC1,Recuento de Estafilococos coagulasa +,245956,0,N,0.000
M-027,Recuento de E. coli,245956,<1,N,1.000
M-027,Recuento de bacterias coliformes,245956,<1,N,1.000
M-034,Recuento de Pseudomonas aeruginosa,245956,<1,N,1.000
PE-IL-TEMP,Temperatura del agua,245956,26,N,26.000
TEMP-PH,pH_Temperatura de medida,245956,23.9,N,23.900
WMM-LM-CAM,Cloro combinado residual,245956,0.20,N,0.200
D_CONDUCT,Conductividad a 20 ºC,245956,1024,N,1024.000
AMONI-CI-P,Amonio,245958,<0.15,N,0.000
WMM-LM-CAM,Cloro libre residual,245958,0.80,N,0.800
D_OXIDABIL,Oxidabilidad,245958,0.8,N,0.750
D_PH,pH,245958,7.1,N,7.110
D_TURBIDEZ,Turbidez,245958,0.69,N,0.690
M-019-AC1,Recuento de Estafilococos coagulasa +,245958,0,N,0.000
M-027,Recuento de E. coli,245958,<1,N,1.000
M-027,Recuento de bacterias coliformes,245958,<1,N,1.000
M-034,Recuento de Pseudomonas aeruginosa,245958,<1,N,1.000
PE-IL-TEMP,Temperatura del agua,245958,20.9,N,20.900
TEMP-PH,pH_Temperatura de medida,245958,20.7,N,20.700
WMM-LM-CAM,Cloro combinado residual,245958,0.29,N,0.290
D_CONDUCT,Conductividad a 20 ºC,245958,943,N,942.800
TEMP-PH,pH_Temperatura de medida,245959,20.6,N,20.600
AMONI-CI-P,Amonio,245959,<0.15,N,0.000
D_CONDUCT,Conductividad a 20 ºC,245959,<15,N,2.206
D_OXIDABIL,Oxidabilidad,245959,<0.5,N,0.160
D_PH,pH,245959,6.2,N,6.220
D_TURBIDEZ,Turbidez,245959,<0.20,N,0.050
M-019-AC1,Recuento de Estafilococos coagulasa +,245959,0,N,0.000
M-027,Recuento de E. coli,245959,<1,N,1.000
M-027,Recuento de bacterias coliformes,245959,<1,N,1.000
M-034,Recuento de Pseudomonas aeruginosa,245959,<1,N,1.000
M-034,Recuento de Pseudomonas aeruginosa,245980,<1,N,1.000
TEMP-PH,pH_Temperatura de medida,245980,23.4,N,23.400
AMONI-CI-P,Amonio,245980,<0.30,N,0.300
D_CONDUCT,Conductividad a 20 ºC,245980,1507,N,1507.000
D_OXIDABIL,Oxidabilidad,245980,1.7,N,1.660
D_PH,pH,245980,7.3,N,7.290
D_TURBIDEZ,Turbidez,245980,0.29,N,0.290
FECHA-LEG,Análisis Legionella-Fecha de inicio,245980,01/07/2026,T,0.000
FECHA-LEG,Análisis Legionella-Fecha fin,245980,13/07/2026,T,0.000
M-019-AC1,Recuento de Estafilococos coagulasa +,245980,0,N,0.000
M-027,Recuento de E. coli,245980,<1,N,1.000
M-027,Recuento de bacterias coliformes,245980,>200,N,200.000
M-033-AC2,Legionella spp - Recuento,245980,No detectado,O,0.000
M-033-AC2,Legionella-Limite detección ensayo,245980,25 ufc/L,O,0.000
M-033-AC2,Legionella-Volumen filtrado,245980,1,N,1.000
D_PH,pH,245981,7.6,N,7.560
TEMP-PH,pH_Temperatura de medida,245981,23.2,N,23.200
D_CONDUCT,Conductividad a 20 ºC,245981,812,N,812.300
AMONI-CI-P,Amonio,245981,<0.15,N,0.000
D_TURBIDEZ,Turbidez,245981,0.20,N,0.200
FECHA-LEG,Análisis Legionella-Fecha de inicio,245981,01/07/2026,T,0.000
FECHA-LEG,Análisis Legionella-Fecha fin,245981,13/07/2026,T,0.000
M-019-AC1,Recuento de Estafilococos coagulasa +,245981,<1,N,1.000
M-027,Recuento de E. coli,245981,<1,N,1.000
M-027,Recuento de bacterias coliformes,245981,2,N,2.000
M-033-AC2,Legionella spp - Recuento,245981,No detectado,O,0.000
M-033-AC2,Legionella-Limite detección ensayo,245981,25 ufc/L,O,0.000
M-033-AC2,Legionella-Volumen filtrado,245981,1,N,1.000
M-034,Recuento de Pseudomonas aeruginosa,245981,<1,N,1.000
D_OXIDABIL,Oxidabilidad,245981,1.1,N,1.070
D_PH,pH,245982,7.3,N,7.320
D_OXIDABIL,Oxidabilidad,245982,0.8,N,0.750
D_CONDUCT,Conductividad a 20 ºC,245982,1014,N,1014.000
AMONI-CI-P,Amonio,245982,<0.15,N,0.000
D_TURBIDEZ,Turbidez,245982,<0.20,N,0.110
TEMP-PH,pH_Temperatura de medida,245982,23.2,N,23.200
M-034,Recuento de Pseudomonas aeruginosa,245982,<1,N,1.000
M-027,Recuento de bacterias coliformes,245982,130,N,130.000
M-027,Recuento de E. coli,245982,<1,N,1.000
M-019-AC1,Recuento de Estafilococos coagulasa +,245982,<1,N,1.000
AMONI-CI-P,Amonio,245983,<0.15,N,0.000
D_CONDUCT,Conductividad a 20 ºC,245983,826,N,826.300
D_OXIDABIL,Oxidabilidad,245983,0.5,N,0.480
D_PH,pH,245983,7.1,N,7.100
M-034,Recuento de Pseudomonas aeruginosa,245983,<1,N,1.000
M-027,Recuento de bacterias coliformes,245983,<1,N,1.000
TEMP-PH,pH_Temperatura de medida,245983,23.1,N,23.100
M-019-AC1,Recuento de Estafilococos coagulasa +,245983,0,N,0.000
D_TURBIDEZ,Turbidez,245983,<0.20,N,0.090
M-027,Recuento de E. coli,245983,<1,N,1.000
AMONI-CI-P,Amonio,245984,<0.30,N,0.300
D_CONDUCT,Conductividad a 20 ºC,245984,1533,N,1533.000
D_OXIDABIL,Oxidabilidad,245984,<0.5,N,0.000
D_PH,pH,245984,7.0,N,6.990
D_TURBIDEZ,Turbidez,245984,<0.20,N,0.160
M-019-AC1,Recnto. Estafilococos coagulasa +,245984,Indeterminable,O,0.000
M-027,Recuento de E. coli,245984,<1,N,1.000
M-027,Recuento de bacterias coliformes,245984,10,N,10.000
M-034,Recuento de Pseudomonas aeruginosa,245984,<1,N,1.000
TEMP-PH,pH_Temperatura de medida,245984,23.6,N,23.600
TEMP-PH,pH_Temperatura de medida,245985,23.8,N,23.800
M-034,Recuento de Pseudomonas aeruginosa,245985,<1,N,1.000
M-027,Recuento de bacterias coliformes,245985,2,N,2.000
M-027,Recuento de E. coli,245985,<1,N,1.000
M-019-AC1,Recnto. Estafilococos coagulasa +,245985,Indeterminable,O,0.000
AMONI-CI-P,Amonio,245985,<0.30,N,0.300
D_TURBIDEZ,Turbidez,245985,0.21,N,0.210
D_PH,pH,245985,7.1,N,7.050
D_OXIDABIL,Oxidabilidad,245985,0.6,N,0.550
D_CONDUCT,Conductividad a 20 ºC,245985,1776,N,1776.000
M-034,Recuento de Pseudomonas aeruginosa,245986,<1,N,1.000
TEMP-PH,pH_Temperatura de medida,245986,23.6,N,23.600
M-033-AC2,Legionella-Volumen filtrado,245986,1,N,1.000
M-033-AC2,Legionella-Limite detección ensayo,245986,25 ufc/L,O,0.000
M-033-AC2,Legionella spp - Recuento,245986,No detectado,O,0.000
M-027,Recuento de bacterias coliformes,245986,5,N,5.000
M-027,Recuento de E. coli,245986,<1,N,1.000
M-019-AC1,Recnto. Estafilococos coagulasa +,245986,Indeterminable,O,0.000
FECHA-LEG,Análisis Legionella-Fecha fin,245986,13/07/2026,T,0.000
FECHA-LEG,Análisis Legionella-Fecha de inicio,245986,01/07/2026,T,0.000
AMONI-CI-P,Amonio,245986,<0.30,N,0.300
D_CONDUCT,Conductividad a 20 ºC,245986,1218,N,1218.000
D_OXIDABIL,Oxidabilidad,245986,<0.5,N,0.280
D_PH,pH,245986,7.2,N,7.160
D_TURBIDEZ,Turbidez,245986,<0.20,N,0.150
AMONI-CI-P,Amonio,245987,<0.15,N,0.000
D_CONDUCT,Conductividad a 20 ºC,245987,635,N,634.900
D_OXIDABIL,Oxidabilidad,245987,0.8,N,0.750
D_PH,pH,245987,7.6,N,7.590
D_TURBIDEZ,Turbidez,245987,<0.20,N,0.140
TEMP-PH,pH_Temperatura de medida,245987,23.5,N,23.500
M-019-AC1,Recuento de Estafilococos coagulasa +,245987,0,N,0.000
M-027,Recuento de E. coli,245987,<1,N,1.000
M-027,Recuento de bacterias coliformes,245987,>200,N,200.000
M-034,Recuento de Pseudomonas aeruginosa,245987,<1,N,1.000
PE-IL-CL,Cloro libre,245991,0.0,N,0.000
M-021,Recuento transformado,245991,1.0E+01,K,10.000
M-021,Recuento de Legionella pneumophila,245991,<10,N,10.000
M-021,Recuento,245991,<10,N,10.000
PE-IL-TEMP,Temperatura del agua,245991,44,N,44.000
PE-IL-CL,Cloro libre,245992,0.0,N,0.000
M-021,Recuento transformado,245992,2.2E+02,K,220.000
M-021,Recuento de Legionella pneumophila,245992,2.2E+02,N,220.000
M-021,Recuento,245992,223,N,223.000
PE-IL-TEMP,Temperatura del agua,245992,52.4,N,52.400
PE-IL-TEMP,Temperatura del agua,245993,61.1,N,61.100
PE-IL-CL,Cloro libre,245993,0.0,N,0.000
M-021,Recuento transformado,245993,1.0E+01,K,10.000
M-021,Recuento de Legionella pneumophila,245993,<10,N,10.000
M-021,Recuento,245993,<10,N,10.000
PE-IL-CL,Cloro libre,245994,0.0,N,0.000
M-021,Recuento transformado,245994,5.9E+01,K,59.000
M-021,Recuento de Legionella pneumophila,245994,59,N,59.000
PE-IL-TEMP,Temperatura del agua,245994,54.8,N,54.800
M-021,Recuento,245994,59,N,59.000
M-021,Recuento,245995,<10,N,10.000
M-021,Recuento de Legionella pneumophila,245995,<10,N,10.000
M-021,Recuento transformado,245995,1.0E+01,K,10.000
PE-IL-CL,Cloro libre,245995,0.0,N,0.000
PE-IL-TEMP,Temperatura del agua,245995,57.3,N,57.300
PE-IL-CL,Cloro libre,245996,0.0,N,0.000
M-021,Recuento transformado,245996,1.0E+01,K,10.000
M-021,Recuento de Legionella pneumophila,245996,<10,N,10.000
M-021,Recuento,245996,<10,N,10.000
PE-IL-TEMP,Temperatura del agua,245996,55.1,N,55.100
PE-IL-CL,Cloro libre,245997,0.0,N,0.000
M-021,Recuento transformado,245997,1.0E+01,K,10.000
M-021,Recuento de Legionella pneumophila,245997,<10,N,10.000
M-021,Recuento,245997,<10,N,10.000
PE-IL-TEMP,Temperatura del agua,245997,55.8,N,55.800
PE-IL-TEMP,Temperatura del agua,245998,58.1,N,58.100
PE-IL-CL,Cloro libre,245998,0.0,N,0.000
M-021,Recuento transformado,245998,1.0E+01,K,10.000
M-021,Recuento de Legionella pneumophila,245998,<10,N,10.000
M-021,Recuento,245998,<10,N,10.000
PE-IL-CL,Cloro libre,245999,0.0,N,0.000
M-021,Recuento transformado,245999,1.0E+01,K,10.000
M-021,Recuento de Legionella pneumophila,245999,<10,N,10.000
PE-IL-TEMP,Temperatura del agua,245999,48.9,N,48.900
M-021,Recuento,245999,<10,N,10.000
PE-IL-CL,Cloro libre,246000,0.0,N,0.000
M-021,Recuento transformado,246000,1.0E+01,K,10.000
M-021,Recuento de Legionella pneumophila,246000,<10,N,10.000
M-021,Recuento,246000,<10,N,10.000
PE-IL-TEMP,Temperatura del agua,246000,54.8,N,54.800
M-033-AC2,Legionella spp - Recuento,246002,No detectado,O,0.000
M-033-AC2,Legionella-Limite detección ensayo,246002,25 ufc/L,O,0.000
PE-IL-TEMP,Temperatura del agua,246002,20.7,N,20.700
PE-IL-CL,Cloro libre,246002,0.1,N,0.060
M-033-AC2,Legionella-Volumen filtrado,246002,1,N,1.000
D_CONDUCT,Conductividad a 20 ºC,246051,300,N,300.000
D_PH,pH,246051,7.2,N,7.200
WMM-LM-CAM,Cloro libre residual,246051,0.50,N,0.500
WMM-LM-CAM,Cloro combinado residual,246051,0.50,N,0.500
TEMP-PH,pH_Temperatura de medida,246051,20.0,N,20.000
MET-GRF-AC,Plomo total,246051,10,N,10.000
MET-GRF-AC,Niquel total,246051,20,N,20.000
MET-GRF-AC,Hierro total,246051,200,N,200.000
MET-GRF-AC,Cromo total,246051,50,N,50.000
MET-GRF-AC,Cobre total,246051,2.0,N,2.000
MET-GRF-AC,Aluminio total,246051,200,N,200.000
M-068-AC1,Recuento,246051,18,K,18.000
M-068-AC1,Microorganismos cultivables a 22 ºC,246051,1.8E+01,K,18.000
M-068-AC1,Microorganismos cultivables a 22 °C,246051,18,N,18.000
M-016-AC1,Recuento de bacterias coliformes,246051,0,N,0.000
M-016-AC1,Recuento de E. coli,246051,0,N,0.000
D_TURBIDEZ,Turbidez,246051,0.50,N,0.500
D_CONDUCT,Conductividad a 20 ºC,246052,300,N,300.000
M-068-AC1,Recuento,246052,18,K,18.000
M-068-AC1,Microorganismos cultivables a 22 ºC,246052,1.8E+01,K,18.000
M-068-AC1,Microorganismos cultivables a 22 °C,246052,18,N,18.000
WMM-LM-CAM,Cloro libre residual,246052,0.50,N,0.500
WMM-LM-CAM,Cloro combinado residual,246052,0.50,N,0.500
TEMP-PH,pH_Temperatura de medida,246052,<15.0,N,0.500
MET-GRF-AC,Plomo total,246052,10,N,10.000
MET-GRF-AC,Niquel total,246052,20,N,20.000
MET-GRF-AC,Hierro total,246052,200,N,200.000
MET-GRF-AC,Cromo total,246052,50,N,50.000
MET-GRF-AC,Cobre total,246052,11,N,11.000
MET-GRF-AC,Aluminio total,246052,200,N,200.000
M-016-AC1,Recuento de bacterias coliformes,246052,0,N,0.000
M-016-AC1,Recuento de E. coli,246052,1,N,1.000
D_TURBIDEZ,Turbidez,246052,0.50,N,0.500
D_PH,pH,246052,7.2,N,7.200
D_CONDUCT,Conductividad a 20 ºC,246053,300,N,300.000
D_PH,pH,246053,7.2,N,7.200
D_TURBIDEZ,Turbidez,246053,0.50,N,0.500
M-016-AC1,Recuento de E. coli,246053,0,N,0.000
M-016-AC1,Recuento de bacterias coliformes,246053,1,N,1.000
M-068-AC1,Microorganismos cultivables a 22 °C,246053,18,N,18.000
M-068-AC1,Microorganismos cultivables a 22 ºC,246053,1.8E+01,K,18.000
M-068-AC1,Recuento,246053,18,K,18.000
MET-GRF-AC,Aluminio total,246053,201,N,201.000
MET-GRF-AC,Cobre total,246053,2.0,N,2.000
MET-GRF-AC,Cromo total,246053,50,N,50.000
MET-GRF-AC,Hierro total,246053,200,N,200.000
MET-GRF-AC,Niquel total,246053,20,N,20.000
MET-GRF-AC,Plomo total,246053,10,N,10.000
TEMP-PH,pH_Temperatura de medida,246053,20.0,N,20.000
WMM-LM-CAM,Cloro combinado residual,246053,0.50,N,0.500
WMM-LM-CAM,Cloro libre residual,246053,0.50,N,0.500
MET-GRF-AC,Hierro total,246054,200,N,200.000
WMM-LM-CAM,Cloro libre residual,246054,0.50,N,0.500
MET-GRF-AC,Cobre total,246054,2.0,N,2.000
MET-GRF-AC,Aluminio total,246054,200,N,200.000
M-016-AC1,Recuento de bacterias coliformes,246054,0,N,0.000
M-016-AC1,Recuento de E. coli,246054,0,N,0.000
D_TURBIDEZ,Turbidez,246054,0.50,N,0.500
D_PH,pH,246054,7.2,N,7.200
D_CONDUCT,Conductividad a 20 ºC,246054,300,N,300.000
MET-GRF-AC,Niquel total,246054,20,N,20.000
MET-GRF-AC,Plomo total,246054,10,N,10.000
TEMP-PH,pH_Temperatura de medida,246054,20.0,N,20.000
WMM-LM-CAM,Cloro combinado residual,246054,0.50,N,0.500
MET-GRF-AC,Cromo total,246054,50,N,50.000
WMM-LM-CAM,Cloro libre residual,246055,0.50,N,0.500
WMM-LM-CAM,Cloro combinado residual,246055,0.50,N,0.500
TEMP-PH,pH_Temperatura de medida,246055,20.0,N,20.000
MET-GRF-AC,Plomo total,246055,11,N,11.000
MET-GRF-AC,Cromo total,246055,50,N,50.000
MET-GRF-AC,Hierro total,246055,200,N,200.000
D_TURBIDEZ,Turbidez,246055,0.50,N,0.500
D_PH,pH,246055,7.2,N,7.200
D_CONDUCT,Conductividad a 20 ºC,246055,300,N,300.000
MET-GRF-AC,Niquel total,246055,20,N,20.000
MET-GRF-AC,Cobre total,246055,2.0,N,2.000
MET-GRF-AC,Aluminio total,246055,200,N,200.000
M-016-AC1,Recuento de bacterias coliformes,246055,0,N,0.000
M-016-AC1,Recuento de E. coli,246055,1,N,1.000
D_CONDUCT,Conductividad a 20 ºC,246056,300,N,300.000
M-016-AC1,Recuento de E. coli,246056,0,N,0.000
M-016-AC1,Recuento de bacterias coliformes,246056,1,N,1.000
MET-GRF-AC,Aluminio total,246056,201,N,201.000
MET-GRF-AC,Cobre total,246056,2.0,N,2.000
MET-GRF-AC,Cromo total,246056,50,N,50.000
MET-GRF-AC,Hierro total,246056,200,N,200.000
MET-GRF-AC,Niquel total,246056,20,N,20.000
MET-GRF-AC,Plomo total,246056,10,N,10.000
TEMP-PH,pH_Temperatura de medida,246056,20.0,N,20.000
WMM-LM-CAM,Cloro combinado residual,246056,0.50,N,0.500
WMM-LM-CAM,Cloro libre residual,246056,0.50,N,0.500
D_TURBIDEZ,Turbidez,246056,0.50,N,0.500
D_PH,pH,246056,7.2,N,7.200
D_CONDUCT,Conductividad a 20 ºC,246063,300,N,300.000
D_PH,pH,246063,7.2,N,7.200
WMM-LM-CAM,Cloro libre residual,246063,0.50,N,0.500
WMM-LM-CAM,Cloro combinado residual,246063,0.50,N,0.500
TEMP-PH,pH_Temperatura de medida,246063,20.0,N,20.000
MET-GRF-AC,Plomo total,246063,10,N,10.000
MET-GRF-AC,Niquel total,246063,20,N,20.000
MET-GRF-AC,Hierro total,246063,600,N,600.000
MET-GRF-AC,Cromo total,246063,50,N,50.000
MET-GRF-AC,Cobre total,246063,2.0,N,2.000
MET-GRF-AC,Aluminio total,246063,201,N,201.000
M-068-AC1,Recuento,246063,18,K,18.000
M-068-AC1,Microorganismos cultivables a 22 ºC,246063,1.8E+01,K,18.000
M-068-AC1,Microorganismos cultivables a 22 °C,246063,18,N,18.000
M-016-AC1,Recuento de bacterias coliformes,246063,0,N,0.000
M-016-AC1,Recuento de E. coli,246063,0,N,0.000
D_TURBIDEZ,Turbidez,246063,0.50,N,0.500
D_CONDUCT,Conductividad a 20 ºC,246064,300,N,300.000
WMM-LM-CAM,Cloro libre residual,246064,0.50,N,0.500
TEMP-PH,pH_Temperatura de medida,246064,20.0,N,20.000
MET-GRF-AC,Plomo total,246064,10,N,10.000
MET-GRF-AC,Niquel total,246064,20,N,20.000
MET-GRF-AC,Hierro total,246064,600,N,600.000
MET-GRF-AC,Cromo total,246064,50,N,50.000
MET-GRF-AC,Cobre total,246064,2.0,N,2.000
MET-GRF-AC,Aluminio total,246064,200,N,200.000
M-068-AC1,Recuento,246064,18,K,18.000
M-068-AC1,Microorganismos cultivables a 22 ºC,246064,1.8E+01,K,18.000
M-068-AC1,Microorganismos cultivables a 22 °C,246064,18,N,18.000
M-016-AC1,Recuento de bacterias coliformes,246064,0,N,0.000
M-016-AC1,Recuento de E. coli,246064,0,N,0.000
D_TURBIDEZ,Turbidez,246064,0.50,N,0.500
D_PH,pH,246064,7.2,N,7.200
WMM-LM-CAM,Cloro combinado residual,246064,0.50,N,0.500
WMM-LM-CAM,Cloro combinado residual,246065,0.50,N,0.500
WMM-LM-CAM,Cloro libre residual,246065,0.50,N,0.500
D_CONDUCT,Conductividad a 20 ºC,246065,300,N,300.000
D_PH,pH,246065,7.2,N,7.200
D_TURBIDEZ,Turbidez,246065,0.50,N,0.500
M-016-AC1,Recuento de E. coli,246065,0,N,0.000
M-016-AC1,Recuento de bacterias coliformes,246065,0,N,0.000
MET-GRF-AC,Aluminio total,246065,201,N,201.000
MET-GRF-AC,Cobre total,246065,2.0,N,2.000
MET-GRF-AC,Cromo total,246065,50,N,50.000
MET-GRF-AC,Hierro total,246065,600,N,600.000
MET-GRF-AC,Niquel total,246065,20,N,20.000
MET-GRF-AC,Plomo total,246065,10,N,10.000
TEMP-PH,pH_Temperatura de medida,246065,20.0,N,20.000
D_CONDUCT,Conductividad a 20 ºC,246066,300,N,300.000
WMM-LM-CAM,Cloro libre residual,246066,0.50,N,0.500
D_TURBIDEZ,Turbidez,246066,0.50,N,0.500
M-016-AC1,Recuento de E. coli,246066,0,N,0.000
M-016-AC1,Recuento de bacterias coliformes,246066,0,N,0.000
MET-GRF-AC,Aluminio total,246066,600,N,600.000
MET-GRF-AC,Cobre total,246066,2.0,N,2.000
MET-GRF-AC,Cromo total,246066,50,N,50.000
MET-GRF-AC,Hierro total,246066,200,N,200.000
MET-GRF-AC,Niquel total,246066,20,N,20.000
MET-GRF-AC,Plomo total,246066,10,N,10.000
TEMP-PH,pH_Temperatura de medida,246066,20.0,N,20.000
WMM-LM-CAM,Cloro combinado residual,246066,0.50,N,0.500
D_PH,pH,246066,7.2,N,7.200
M-068-AC1,Recuento,246108,1436,K,1436.000
PE-IL-CL,Cloro libre,246108,0.0,N,0.000
PE-IL-TEMP,Temperatura del agua,246108,26.2,N,26.200
TEMP-PH,pH-Temperatura de medida,246108,23.6,N,23.600
TEMP-PH,pH_Temperatura de medida,246108,23.6,N,23.600
M-068-AC1,Microorganismos cultivables a 22 ºC,246108,1.4E+03,K,1400.000
M-068-AC1,Microorganismos cultivables a 22 °C,246108,1.4E+03,N,1400.000
M-033-AC3,Identificación de Legionella otras spp,246108,No detectado,O,0.000
M-033-AC3,Identificación de L. pneumophila sr 2-14,246108,No detectado,O,0.000
M-033-AC3,Identificación de L. pneumophila sr 1,246108,Detectado,O,0.000
M-033-AC1,Legionella volumen filtrado,246108,1,N,1.000
M-033-AC1,Recuento transformado,246108,1.0E+02,K,100.000
M-033-AC1,Recuento,246108,100,N,100.000
M-033-AC1,Recnto. Legionella spp,246108,Presencia/L,O,0.000
FE-T-12,Hierro,246108,92.0,N,92.000
D_TURBIDEZ,Turbidez,246108,1.4,N,1.410
D_PH,pH,246108,8.9,N,8.880
D_CONDUCT,Conductividad a 20 ºC,246108,953,N,952.600
M-033-AC2,Legionella spp - Recuento,246109,No detectado,O,0.000
M-033-AC2,Legionella-Volumen filtrado,246109,1,N,1.000
PE-IL-CL,Cloro libre,246109,0.1,N,0.090
PE-IL-TEMP,Temperatura del agua,246109,21.5,N,21.500
M-033-AC2,Legionella-Limite detección ensayo,246109,25 ufc/L,O,0.000
M-033-AC2,Legionella spp - Recuento,246110,No detectado,O,0.000
M-033-AC2,Legionella-Limite detección ensayo,246110,25 ufc/L,O,0.000
M-033-AC2,Legionella-Volumen filtrado,246110,1,N,1.000
PE-IL-TEMP,Temperatura del agua,246110,23,N,23.000
PE-IL-CL,Cloro libre,246110,0.1,N,0.050
AMONI-CI-P,Amonio,246177,<0.15,N,0.013
D_CONDUCT,Conductividad a 20 ºC,246177,668,N,667.800
D_OXIDABIL,Oxidabilidad,246177,1.7,N,1.650
D_PH,pH,246177,7.4,N,7.420
D_TURBIDEZ,Turbidez,246177,<0.20,N,0.110
M-019-AC1,Recuento de Estafilococos coagulasa +,246177,0,N,0.000
M-027,Recuento de E. coli,246177,<1,N,1.000
M-027,Recuento de bacterias coliformes,246177,1,N,1.000
M-034,Recuento de Pseudomonas aeruginosa,246177,<1,N,1.000
TEMP-PH,pH-Temperatura de medida,246177,18.6,N,18.600
AMONI-CI-P,Amonio,246178,<0.15,N,0.013
D_CONDUCT,Conductividad a 20 ºC,246178,1006,N,1006.000
TEMP-PH,pH-Temperatura de medida,246178,23.0,N,23.000
M-034,Recuento de Pseudomonas aeruginosa,246178,<1,N,1.000
M-027,Recuento de bacterias coliformes,246178,<1,N,1.000
M-027,Recuento de E. coli,246178,<1,N,1.000
M-019-AC1,Recuento de Estafilococos coagulasa +,246178,0,N,0.000
D_TURBIDEZ,Turbidez,246178,<0.20,N,0.150
D_PH,pH,246178,7.4,N,7.420
D_OXIDABIL,Oxidabilidad,246178,1.8,N,1.840
AMONI-CI-P,Amonio,246179,<0.15,N,0.013
M-034,Recuento de Pseudomonas aeruginosa,246179,<1,N,1.000
M-027,Recuento de bacterias coliformes,246179,<1,N,1.000
M-027,Recuento de E. coli,246179,<1,N,1.000
M-019-AC1,Recuento de Estafilococos coagulasa +,246179,0,N,0.000
TEMP-PH,pH-Temperatura de medida,246179,22.6,N,22.600
D_TURBIDEZ,Turbidez,246179,<0.20,N,0.150
D_PH,pH,246179,7.4,N,7.390
D_OXIDABIL,Oxidabilidad,246179,1.8,N,1.800
D_CONDUCT,Conductividad a 20 ºC,246179,588,N,587.500
D_TURBIDEZ,Turbidez,246180,0.34,N,0.340
M-019-AC1,Recuento de Estafilococos coagulasa +,246180,0,N,0.000
M-027,Recuento de E. coli,246180,<1,N,1.000
M-027,Recuento de bacterias coliformes,246180,<1,N,1.000
M-034,Recuento de Pseudomonas aeruginosa,246180,<1,N,1.000
TEMP-PH,pH-Temperatura de medida,246180,23.0,N,23.000
AMONI-CI-P,Amonio,246180,<0.15,N,0.017
D_CONDUCT,Conductividad a 20 ºC,246180,1323,N,1323.000
D_OXIDABIL,Oxidabilidad,246180,2.0,N,2.040
D_PH,pH,246180,7.4,N,7.350
AMONI-CI-P,Amonio,246181,<0.15,N,0.016
TEMP-PH,pH-Temperatura de medida,246181,22.9,N,22.900
D_OXIDABIL,Oxidabilidad,246181,2.2,N,2.160
D_PH,pH,246181,7.4,N,7.410
D_TURBIDEZ,Turbidez,246181,0.36,N,0.360
M-019-AC1,Recuento de Estafilococos coagulasa +,246181,0,N,0.000
M-027,Recuento de E. coli,246181,<1,N,1.000
M-027,Recuento de bacterias coliformes,246181,3,N,3.000
M-033-AC2,Legionella spp - Recuento,246181,No detectado,O,0.000
M-033-AC2,Legionella-Limite detección ensayo,246181,25 ufc/L,O,0.000
M-033-AC2,Legionella-Volumen filtrado,246181,1,N,1.000
M-034,Recuento de Pseudomonas aeruginosa,246181,<1,N,1.000
D_CONDUCT,Conductividad a 20 ºC,246181,1320,N,1320.000
AMONI-CI-P,Amonio,246182,<0.15,N,0.014
D_CONDUCT,Conductividad a 20 ºC,246182,821,N,821.000
D_OXIDABIL,Oxidabilidad,246182,1.8,N,1.760
D_PH,pH,246182,7.4,N,7.370
D_TURBIDEZ,Turbidez,246182,<0.20,N,0.130
TEMP-PH,pH-Temperatura de medida,246182,22.7,N,22.700
M-019-AC1,Recuento de Estafilococos coagulasa +,246182,1,N,1.000
M-027,Recuento de E. coli,246182,<1,N,1.000
M-027,Recuento de bacterias coliformes,246182,25,N,25.000
M-034,Recuento de Pseudomonas aeruginosa,246182,<1,N,1.000
AMONI-CI-P,Amonio,246183,<0.15,N,0.019
TEMP-PH,pH-Temperatura de medida,246183,22.5,N,22.500
D_OXIDABIL,Oxidabilidad,246183,2.0,N,1.960
D_PH,pH,246183,7.2,N,7.240
D_TURBIDEZ,Turbidez,246183,0.39,N,0.390
FECHA-LEG,Análisis Legionella-Fecha de inicio,246183,14/07/2026,T,0.000
FECHA-LEG,Análisis Legionella-Fecha fin,246183,24/07/2026,T,0.000
M-019-AC1,Recuento de Estafilococos coagulasa +,246183,0,N,0.000
M-027,Recuento de E. coli,246183,<1,N,1.000
M-027,Recuento de bacterias coliformes,246183,<1,N,1.000
M-033-AC2,Legionella spp - Recuento,246183,No detectado,O,0.000
M-033-AC2,Legionella-Limite detección ensayo,246183,25 ufc/L,O,0.000
M-033-AC2,Legionella-Volumen filtrado,246183,1,N,1.000
M-034,Recuento de Pseudomonas aeruginosa,246183,<1,N,1.000
D_CONDUCT,Conductividad a 20 ºC,246183,1606,N,1606.000
M-019-AC1,Recuento de Estafilococos coagulasa +,246184,0,N,0.000
M-027,Recuento de E. coli,246184,<1,N,1.000
M-027,Recuento de bacterias coliformes,246184,1,N,1.000
M-034,Recuento de Pseudomonas aeruginosa,246184,<1,N,1.000
AMONI-CI-P,Amonio,246184,<0.15,N,0.017
D_CONDUCT,Conductividad a 20 ºC,246184,627,N,627.300
D_OXIDABIL,Oxidabilidad,246184,1.5,N,1.530
D_PH,pH,246184,7.4,N,7.350
D_TURBIDEZ,Turbidez,246184,<0.20,N,0.140
TEMP-PH,pH-Temperatura de medida,246184,23.2,N,23.200
AMONI-CI-P,Amonio,246185,<0.15,N,0.000
D_CONDUCT,Conductividad a 20 ºC,246185,699,N,698.600
D_OXIDABIL,Oxidabilidad,246185,2.5,N,2.510
D_PH,pH,246185,7.7,N,7.740
D_TURBIDEZ,Turbidez,246185,0.34,N,0.340
TEMP-PH,pH-Temperatura de medida,246185,23.3,N,23.300
M-019-AC1,Recuento de Estafilococos coagulasa +,246185,3,N,3.000
M-027,Recuento de E. coli,246185,<1,N,1.000
M-027,Recuento de bacterias coliformes,246185,130,N,130.000
M-034,Recuento de Pseudomonas aeruginosa,246185,<1,N,1.000
AMONI-CI-P,Amonio,246186,<0.15,N,0.000
D_CONDUCT,Conductividad a 20 ºC,246186,870,N,870.100
D_OXIDABIL,Oxidabilidad,246186,1.5,N,1.450
D_PH,pH,246186,7.4,N,7.430
D_TURBIDEZ,Turbidez,246186,0.27,N,0.270
TEMP-PH,pH-Temperatura de medida,246186,23.2,N,23.200
M-019-AC1,Recuento de Estafilococos coagulasa +,246186,0,N,0.000
M-027,Recuento de E. coli,246186,<1,N,1.000
M-027,Recuento de bacterias coliformes,246186,4,N,4.000
M-034,Recuento de Pseudomonas aeruginosa,246186,<1,N,1.000
M-034,Recuento de Pseudomonas aeruginosa,246196,<1,N,1.000
M-027,Recuento de bacterias coliformes,246196,<1,N,1.000
M-027,Recuento de E. coli,246196,<1,N,1.000
M-019-AC1,Recuento de Estafilococos coagulasa +,246196,0,N,0.000
TEMP-PH,pH-Temperatura de medida,246196,24.8,N,24.800
D_TURBIDEZ,Turbidez,246196,0.55,N,0.550
D_PH,pH,246196,7.6,N,7.610
D_OXIDABIL,Oxidabilidad,246196,1.5,N,1.480
D_CONDUCT,Conductividad a 20 ºC,246196,1393,N,1393.000
AMONI-CI-P,Amonio,246196,<0.30,N,0.300
M-034,Recuento de Pseudomonas aeruginosa,246197,<1,N,1.000
M-027,Recuento de bacterias coliformes,246197,1,N,1.000
M-027,Recuento de E. coli,246197,<1,N,1.000
M-019-AC1,Recuento de Estafilococos coagulasa +,246197,0,N,0.000
D_TURBIDEZ,Turbidez,246197,0.83,N,0.830
D_PH,pH,246197,7.7,N,7.660
D_OXIDABIL,Oxidabilidad,246197,1.4,N,1.440
D_CONDUCT,Conductividad a 20 ºC,246197,709,N,709.300
AMONI-CI-P,Amonio,246197,<0.15,N,0.000
TEMP-PH,pH-Temperatura de medida,246197,24.8,N,24.800
AMONI-CI-P,Amonio,246198,<0.30,N,0.300
D_CONDUCT,Conductividad a 20 ºC,246198,1260,N,1260.000
TEMP-PH,pH-Temperatura de medida,246198,24.8,N,24.800
M-034,Recuento de Pseudomonas aeruginosa,246198,<1,N,1.000
M-027,Recuento de bacterias coliformes,246198,5,N,5.000
M-027,Recuento de E. coli,246198,<1,N,1.000
M-019-AC1,Recuento de Estafilococos coagulasa +,246198,<1,N,1.000
D_TURBIDEZ,Turbidez,246198,0.31,N,0.310
D_PH,pH,246198,7.2,N,7.220
D_OXIDABIL,Oxidabilidad,246198,0.5,N,0.490
AMONI-CI-P,Amonio,246199,<0.15,N,0.000
M-034,Recuento de Pseudomonas aeruginosa,246199,<1,N,1.000
M-027,Recuento de bacterias coliformes,246199,3,N,3.000
M-027,Recuento de E. coli,246199,<1,N,1.000
M-019-AC1,Recuento de Estafilococos coagulasa +,246199,0,N,0.000
TEMP-PH,pH-Temperatura de medida,246199,24.9,N,24.900
D_TURBIDEZ,Turbidez,246199,<0.20,N,0.160
D_PH,pH,246199,7.6,N,7.563
D_OXIDABIL,Oxidabilidad,246199,0.9,N,0.910
D_CONDUCT,Conductividad a 20 ºC,246199,835,N,834.500
M-034,Recuento de Pseudomonas aeruginosa,246200,<1,N,1.000
M-027,Recuento de bacterias coliformes,246200,<1,N,1.000
M-027,Recuento de E. coli,246200,<1,N,1.000
M-019-AC1,Recuento de Estafilococos coagulasa +,246200,0,N,0.000
TEMP-PH,pH-Temperatura de medida,246200,24.5,N,24.500
D_TURBIDEZ,Turbidez,246200,0.46,N,0.460
D_PH,pH,246200,7.3,N,7.340
D_OXIDABIL,Oxidabilidad,246200,1.0,N,0.950
D_CONDUCT,Conductividad a 20 ºC,246200,1695,N,1695.000
AMONI-CI-P,Amonio,246200,<0.30,N,0.300
M-034,Recuento de Pseudomonas aeruginosa,246201,<1,N,1.000
M-027,Recuento de bacterias coliformes,246201,<1,N,1.000
M-027,Recuento de E. coli,246201,<1,N,1.000
M-019-AC1,Recuento de Estafilococos coagulasa +,246201,<1,N,1.000
D_TURBIDEZ,Turbidez,246201,<0.20,N,0.120
D_PH,pH,246201,7.4,N,7.380
D_OXIDABIL,Oxidabilidad,246201,<0.5,N,0.410
D_CONDUCT,Conductividad a 20 ºC,246201,1533,N,1533.000
AMONI-CI-P,Amonio,246201,<0.30,N,0.300
TEMP-PH,pH-Temperatura de medida,246201,21.0,N,21.000
AMONI-CI-P,Amonio,246202,<0.30,N,0.300
D_CONDUCT,Conductividad a 20 ºC,246202,1347,N,1347.000
TEMP-PH,pH-Temperatura de medida,246202,21.5,N,21.500
M-034,Recuento de Pseudomonas aeruginosa,246202,<1,N,1.000
M-027,Recuento de bacterias coliformes,246202,1,N,1.000
M-027,Recuento de E. coli,246202,<1,N,1.000
M-019-AC1,Recuento de Estafilococos coagulasa +,246202,0,N,0.000
D_TURBIDEZ,Turbidez,246202,0.33,N,0.330
D_PH,pH,246202,7.4,N,7.360
D_OXIDABIL,Oxidabilidad,246202,0.6,N,0.620
AMONI-CI-P,Amonio,246203,<0.15,N,0.000
M-034,Recuento de Pseudomonas aeruginosa,246203,<1,N,1.000
M-027,Recuento de bacterias coliformes,246203,<1,N,1.000
M-027,Recuento de E. coli,246203,<1,N,1.000
M-019-AC1,Recuento de Estafilococos coagulasa +,246203,0,N,0.000
TEMP-PH,pH-Temperatura de medida,246203,21.2,N,21.200
D_TURBIDEZ,Turbidez,246203,<0.20,N,0.150
D_PH,pH,246203,7.6,N,7.550
D_OXIDABIL,Oxidabilidad,246203,1.0,N,0.950
D_CONDUCT,Conductividad a 20 ºC,246203,785,N,784.500
M-016-AC1,Recuento de E. coli,246316,0,N,0.000
WMM-LM-CAM,Cloro libre residual,246316,<0.10,N,0.000
D_TURBIDEZ,Turbidez,246316,<0.20,N,0.110
D_PH,pH,246316,8.0,N,7.950
D_CONDUCT,Conductividad a 20 ºC,246316,281,N,281.400
M-016-AC1,Recuento de bacterias coliformes,246316,0,N,0.000
MET-GRF-AC,Aluminio total,246316,109,N,109.040
MET-GRF-AC,Cobre total,246316,<0.050,N,0.036
MET-GRF-AC,Cromo total,246316,<10.0,N,0.009
MET-GRF-AC,Hierro total,246316,10.4,N,10.442
MET-GRF-AC,Niquel total,246316,<5.0,N,2.111
MET-GRF-AC,Plomo total,246316,<1.0,N,0.993
TEMP-PH,pH-Temperatura de medida,246316,20.9,N,20.900
WMM-LM-CAM,Cloro combinado residual,246316,<0.10,N,0.050
M-016-AC1,Recuento de E. coli,246317,0,N,0.000
D_TURBIDEZ,Turbidez,246317,<0.20,N,0.110
D_PH,pH,246317,8.0,N,8.040
D_CONDUCT,Conductividad a 20 ºC,246317,277,N,276.700
M-016-AC1,Recuento de bacterias coliformes,246317,0,N,0.000
WMM-LM-CAM,Cloro libre residual,246317,<0.10,N,0.000
WMM-LM-CAM,Cloro combinado residual,246317,<0.10,N,0.030
TEMP-PH,pH-Temperatura de medida,246317,21.1,N,21.100
MET-GRF-AC,Plomo total,246317,<1.0,N,0.249
MET-GRF-AC,Niquel total,246317,<5.0,N,0.818
MET-GRF-AC,Hierro total,246317,10.7,N,10.683
MET-GRF-AC,Cromo total,246317,<10.0,N,0.006
MET-GRF-AC,Cobre total,246317,<0.050,N,0.004
MET-GRF-AC,Aluminio total,246317,96.8,N,96.828
D_CONDUCT,Conductividad a 20 ºC,246318,276,N,276.300
WMM-LM-CAM,Cloro libre residual,246318,<0.10,N,0.000
D_TURBIDEZ,Turbidez,246318,<0.20,N,0.160
M-016-AC1,Recuento de E. coli,246318,0,N,0.000
WMM-LM-CAM,Cloro combinado residual,246318,0.10,N,0.100
TEMP-PH,pH-Temperatura de medida,246318,21.1,N,21.100
MET-GRF-AC,Plomo total,246318,6.0,N,5.959
MET-GRF-AC,Niquel total,246318,<5.0,N,2.323
MET-GRF-AC,Hierro total,246318,14.0,N,14.036
MET-GRF-AC,Cromo total,246318,<10.0,N,0.029
MET-GRF-AC,Cobre total,246318,0.056,N,0.056
MET-GRF-AC,Aluminio total,246318,72.4,N,72.400
M-016-AC1,Recuento de bacterias coliformes,246318,4,N,4.000
D_PH,pH,246318,7.1,N,7.050
M-016-AC1,Recuento de E. coli,246319,0,N,0.000
M-016-AC1,Recuento de bacterias coliformes,246319,34,N,34.000
MET-GRF-AC,Aluminio total,246319,99.2,N,99.195
MET-GRF-AC,Cobre total,246319,<0.050,N,0.005
MET-GRF-AC,Cromo total,246319,<10.0,N,0.048
MET-GRF-AC,Hierro total,246319,13.1,N,13.082
MET-GRF-AC,Niquel total,246319,19,N,19.477
MET-GRF-AC,Plomo total,246319,<1.0,N,0.608
TEMP-PH,pH-Temperatura de medida,246319,22.4,N,22.400
WMM-LM-CAM,Cloro combinado residual,246319,<0.10,N,0.070
WMM-LM-CAM,Cloro libre residual,246319,<0.10,N,0.000
D_CONDUCT,Conductividad a 20 ºC,246319,277,N,277.000
D_PH,pH,246319,8.0,N,7.950
D_TURBIDEZ,Turbidez,246319,<0.20,N,0.130
M-016-AC1,Recuento de E. coli,246320,0,N,0.000
WMM-LM-CAM,Cloro libre residual,246320,<0.10,N,0.030
D_TURBIDEZ,Turbidez,246320,<0.20,N,0.140
D_PH,pH,246320,7.8,N,7.780
D_CONDUCT,Conductividad a 20 ºC,246320,283,N,282.500
M-016-AC1,Recuento de bacterias coliformes,246320,0,N,0.000
MET-GRF-AC,Aluminio total,246320,63.8,N,63.840
MET-GRF-AC,Cobre total,246320,<0.050,N,0.002
MET-GRF-AC,Cromo total,246320,<10.0,N,-0.340
MET-GRF-AC,Hierro total,246320,<10.0,N,8.150
MET-GRF-AC,Niquel total,246320,<5.0,N,0.220
MET-GRF-AC,Plomo total,246320,<1.0,N,0.050
TEMP-PH,pH-Temperatura de medida,246320,17.1,N,17.100
WMM-LM-CAM,Cloro combinado residual,246320,<0.10,N,0.070
M-016-AC1,Recuento de E. coli,246321,0,N,0.000
D_TURBIDEZ,Turbidez,246321,<0.20,N,0.170
D_PH,pH,246321,7.8,N,7.830
D_CONDUCT,Conductividad a 20 ºC,246321,281,N,281.100
M-016-AC1,Recuento de bacterias coliformes,246321,0,N,0.000
WMM-LM-CAM,Cloro libre residual,246321,<0.10,N,0.020
WMM-LM-CAM,Cloro combinado residual,246321,0.10,N,0.100
TEMP-PH,pH-Temperatura de medida,246321,15.2,N,15.200
MET-GRF-AC,Plomo total,246321,<1.0,N,0.050
MET-GRF-AC,Niquel total,246321,<5.0,N,0.230
MET-GRF-AC,Hierro total,246321,10.3,N,10.300
MET-GRF-AC,Cromo total,246321,<10.0,N,-0.340
MET-GRF-AC,Cobre total,246321,<0.050,N,0.001
MET-GRF-AC,Aluminio total,246321,102,N,101.560
D_CONDUCT,Conductividad a 20 ºC,246323,268,N,267.600
WMM-LM-CAM,Cloro libre residual,246323,<0.10,N,0.000
D_TURBIDEZ,Turbidez,246323,<0.20,N,0.090
M-016-AC1,Recuento de E. coli,246323,0,N,0.000
WMM-LM-CAM,Cloro combinado residual,246323,<0.10,N,0.000
TEMP-PH,pH-Temperatura de medida,246323,22.4,N,22.400
MET-GRF-AC,Plomo total,246323,<1.0,N,0.480
MET-GRF-AC,Niquel total,246323,19,N,19.030
MET-GRF-AC,Hierro total,246323,10.6,N,10.550
MET-GRF-AC,Cromo total,246323,<10.0,N,-0.340
MET-GRF-AC,Cobre total,246323,<0.050,N,0.016
MET-GRF-AC,Aluminio total,246323,63.1,N,63.070
M-016-AC1,Recuento de bacterias coliformes,246323,0,N,0.000
D_PH,pH,246323,7.6,N,7.600
AMONI-CI-P,Amonio,246327,<0.30,N,0.300
D_CONDUCT,Conductividad a 20 ºC,246327,1387,N,1387.000
D_OXIDABIL,Oxidabilidad,246327,1.2,N,1.170
D_PH,pH,246327,7.4,N,7.370
D_TURBIDEZ,Turbidez,246327,<0.20,N,0.180
M-019-AC1,Recuento de Estafilococos coagulasa +,246327,13,N,13.000
M-027,Recuento de E. coli,246327,<1,N,1.000
M-027,Recuento de bacterias coliformes,246327,<1,N,1.000
M-034,Recuento de Pseudomonas aeruginosa,246327,<1,N,1.000
PE-IL-TEMP,Temperatura del agua,246327,23.9,N,23.900
TEMP-PH,pH-Temperatura de medida,246327,19.8,N,19.800
WMM-LM-CAM,Cloro combinado residual,246327,0.29,N,0.290
WMM-LM-CAM,Cloro libre residual,246327,1.38,N,1.380
AMONI-CI-P,Amonio,246328,<0.15,N,0.000
D_CONDUCT,Conductividad a 20 ºC,246328,801,N,800.700
WMM-LM-CAM,Cloro libre residual,246328,1.01,N,1.010
WMM-LM-CAM,Cloro combinado residual,246328,0.33,N,0.330
TEMP-PH,pH-Temperatura de medida,246328,20.8,N,20.800
PE-IL-TEMP,Temperatura del agua,246328,21.7,N,21.700
M-034,Recuento de Pseudomonas aeruginosa,246328,<1,N,1.000
M-027,Recuento de bacterias coliformes,246328,<1,N,1.000
M-027,Recuento de E. coli,246328,<1,N,1.000
M-019-AC1,Recuento de Estafilococos coagulasa +,246328,0,N,0.000
D_TURBIDEZ,Turbidez,246328,0.21,N,0.210
D_PH,pH,246328,7.3,N,7.290
D_OXIDABIL,Oxidabilidad,246328,1.2,N,1.210
AMONI-CI-P,Amonio,246329,<0.30,N,0.300
WMM-LM-CAM,Cloro libre residual,246329,1.23,N,1.230
TEMP-PH,pH-Temperatura de medida,246329,20.8,N,20.800
PE-IL-TEMP,Temperatura del agua,246329,22.3,N,22.300
M-034,Recuento de Pseudomonas aeruginosa,246329,<1,N,1.000
M-027,Recuento de bacterias coliformes,246329,<1,N,1.000
M-027,Recuento de E. coli,246329,<1,N,1.000
M-019-AC1,Recuento de Estafilococos coagulasa +,246329,0,N,0.000
D_TURBIDEZ,Turbidez,246329,<0.20,N,0.100
D_PH,pH,246329,7.1,N,7.070
D_OXIDABIL,Oxidabilidad,246329,0.6,N,0.570
D_CONDUCT,Conductividad a 20 ºC,246329,1329,N,1329.000
WMM-LM-CAM,Cloro combinado residual,246329,0.13,N,0.130
PE-IL-TEMP,Temperatura del agua,246330,20.2,N,20.200
TEMP-PH,pH-Temperatura de medida,246330,20.2,N,20.200
M-027,Recuento de bacterias coliformes,246330,<1,N,1.000
M-027,Recuento de E. coli,246330,<1,N,1.000
M-019-AC1,Recuento de Estafilococos coagulasa +,246330,1,N,1.000
D_TURBIDEZ,Turbidez,246330,<0.20,N,0.080
D_PH,pH,246330,7.7,N,7.660
D_OXIDABIL,Oxidabilidad,246330,1.3,N,1.250
D_CONDUCT,Conductividad a 20 ºC,246330,463,N,462.500
AMONI-CI-P,Amonio,246330,<0.15,N,0.000
WMM-LM-CAM,Cloro libre residual,246330,1.08,N,1.080
WMM-LM-CAM,Cloro combinado residual,246330,0.18,N,0.180
M-034,Recuento de Pseudomonas aeruginosa,246330,<1,N,1.000
PE-IL-TEMP,Temperatura del agua,246331,25.0,N,25.000
M-034,Recuento de Pseudomonas aeruginosa,246331,<1,N,1.000
M-027,Recuento de bacterias coliformes,246331,<1,N,1.000
M-027,Recuento de E. coli,246331,<1,N,1.000
M-019-AC1,Recuento de Estafilococos coagulasa +,246331,8,N,8.000
D_TURBIDEZ,Turbidez,246331,0.23,N,0.230
D_PH,pH,246331,7.2,N,7.160
D_OXIDABIL,Oxidabilidad,246331,1.1,N,1.050
D_CONDUCT,Conductividad a 20 ºC,246331,1882,N,1882.000
AMONI-CI-P,Amonio,246331,<0.30,N,0.300
TEMP-PH,pH-Temperatura de medida,246331,21.1,N,21.100
WMM-LM-CAM,Cloro combinado residual,246331,0.26,N,0.260
WMM-LM-CAM,Cloro libre residual,246331,0.68,N,0.680
M-027,Recuento de E. coli,246332,<1,N,1.000
M-027,Recuento de bacterias coliformes,246332,<1,N,1.000
M-034,Recuento de Pseudomonas aeruginosa,246332,<1,N,1.000
PE-IL-TEMP,Temperatura del agua,246332,24.3,N,24.300
TEMP-PH,pH-Temperatura de medida,246332,21.8,N,21.800
WMM-LM-CAM,Cloro combinado residual,246332,0.11,N,0.110
WMM-LM-CAM,Cloro libre residual,246332,0.80,N,0.800
AMONI-CI-P,Amonio,246332,<0.30,N,0.300
D_CONDUCT,Conductividad a 20 ºC,246332,1680,N,1680.000
D_OXIDABIL,Oxidabilidad,246332,0.8,N,0.770
D_PH,pH,246332,7.3,N,7.280
D_TURBIDEZ,Turbidez,246332,<0.20,N,0.130
M-019-AC1,Recuento de Estafilococos coagulasa +,246332,0,N,0.000
AMONI-CI-P,Amonio,246333,<0.30,N,0.300
WMM-LM-CAM,Cloro libre residual,246333,0.58,N,0.580
D_OXIDABIL,Oxidabilidad,246333,0.9,N,0.850
D_PH,pH,246333,7.2,N,7.220
D_TURBIDEZ,Turbidez,246333,<0.20,N,0.130
M-019-AC1,Recuento de Estafilococos coagulasa +,246333,0,N,0.000
M-027,Recuento de E. coli,246333,<1,N,1.000
M-027,Recuento de bacterias coliformes,246333,<1,N,1.000
M-034,Recuento de Pseudomonas aeruginosa,246333,<1,N,1.000
PE-IL-TEMP,Temperatura del agua,246333,22.7,N,22.700
TEMP-PH,pH-Temperatura de medida,246333,21.8,N,21.800
WMM-LM-CAM,Cloro combinado residual,246333,0.15,N,0.150
D_CONDUCT,Conductividad a 20 ºC,246333,1624,N,1624.000
AMONI-CI-P,Amonio,246334,<0.15,N,0.000
WMM-LM-CAM,Cloro libre residual,246334,1.07,N,1.070
D_OXIDABIL,Oxidabilidad,246334,1.1,N,1.090
D_PH,pH,246334,7.7,N,7.650
D_TURBIDEZ,Turbidez,246334,<0.20,N,0.070
M-019-AC1,Recuento de Estafilococos coagulasa +,246334,0,N,0.000
M-027,Recuento de E. coli,246334,<1,N,1.000
M-027,Recuento de bacterias coliformes,246334,<1,N,1.000
M-034,Recuento de Pseudomonas aeruginosa,246334,<1,N,1.000
PE-IL-TEMP,Temperatura del agua,246334,23.5,N,23.500
TEMP-PH,pH-Temperatura de medida,246334,20.6,N,20.600
WMM-LM-CAM,Cloro combinado residual,246334,0.25,N,0.250
D_CONDUCT,Conductividad a 20 ºC,246334,713,N,712.700
AMONI-CI-P,Amonio,246335,<0.15,N,0.000
D_CONDUCT,Conductividad a 20 ºC,246335,<15,N,1.609
D_OXIDABIL,Oxidabilidad,246335,<0.5,N,0.440
D_PH,pH,246335,7.2,N,7.230
D_TURBIDEZ,Turbidez,246335,<0.20,N,0.110
TEMP-PH,pH-Temperatura de medida,246335,18.8,N,18.800
M-019-AC1,Recuento de Estafilococos coagulasa +,246335,4,N,4.000
M-027,Recuento de E. coli,246335,<1,N,1.000
M-027,Recuento de bacterias coliformes,246335,<1,N,1.000
M-034,Recuento de Pseudomonas aeruginosa,246335,<1,N,1.000
AMONI-CI-P,Amonio,246336,<0.15,N,0.000
WMM-LM-CAM,Cloro libre residual,246336,1.00,N,1.000
D_OXIDABIL,Oxidabilidad,246336,0.8,N,0.810
D_PH,pH,246336,7.3,N,7.250
D_TURBIDEZ,Turbidez,246336,0.37,N,0.370
M-019-AC1,Recuento de Estafilococos coagulasa +,246336,<1,N,1.000
M-027,Recuento de E. coli,246336,<1,N,1.000
M-027,Recuento de bacterias coliformes,246336,<1,N,1.000
M-034,Recuento de Pseudomonas aeruginosa,246336,<1,N,1.000
PE-IL-TEMP,Temperatura del agua,246336,21.6,N,21.600
TEMP-PH,pH-Temperatura de medida,246336,19.1,N,19.100
WMM-LM-CAM,Cloro combinado residual,246336,0.30,N,0.300
D_CONDUCT,Conductividad a 20 ºC,246336,799,N,799.400
D_PH,pH,246396,7.1,N,7.080
AMONI-CI-P,Amonio,246396,<0.30,N,0.300
M-019-AC1,Recuento de Estafilococos coagulasa +,246396,0,N,0.000
M-027,Recuento de E. coli,246396,<1,N,1.000
M-027,Recuento de bacterias coliformes,246396,1,N,1.000
M-034,Recuento de Pseudomonas aeruginosa,246396,<1,N,1.000
TEMP-PH,pH-Temperatura de medida,246396,22.7,N,22.700
D_TURBIDEZ,Turbidez,246396,<0.20,N,0.160
D_CONDUCT,Conductividad a 20 ºC,246396,1446,N,1446.000
D_OXIDABIL,Oxidabilidad,246396,<0.5,N,0.280
TEMP-PH,pH-Temperatura de medida,246397,22.6,N,22.600
M-034,Recuento de Pseudomonas aeruginosa,246397,<1,N,1.000
M-027,Recuento de bacterias coliformes,246397,3,N,3.000
M-027,Recuento de E. coli,246397,<1,N,1.000
M-019-AC1,Recuento de Estafilococos coagulasa +,246397,2,N,2.000
AMONI-CI-P,Amonio,246397,<0.15,N,0.000
D_TURBIDEZ,Turbidez,246397,<0.20,N,0.150
D_PH,pH,246397,7.6,N,7.640
D_OXIDABIL,Oxidabilidad,246397,<0.5,N,0.360
D_CONDUCT,Conductividad a 20 ºC,246397,607,N,607.100
M-034,Recuento de Pseudomonas aeruginosa,246398,<1,N,1.000
TEMP-PH,pH-Temperatura de medida,246398,22.6,N,22.600
M-027,Recuento de bacterias coliformes,246398,<1,N,1.000
M-027,Recuento de E. coli,246398,<1,N,1.000
M-019-AC1,Recuento de Estafilococos coagulasa +,246398,0,N,0.000
D_TURBIDEZ,Turbidez,246398,0.35,N,0.350
D_PH,pH,246398,7.5,N,7.500
D_OXIDABIL,Oxidabilidad,246398,<0.5,N,0.240
D_CONDUCT,Conductividad a 20 ºC,246398,1315,N,1315.000
AMONI-CI-P,Amonio,246398,<0.30,N,0.300
AMONI-CI-P,Amonio,246399,<0.15,N,0.000
D_CONDUCT,Conductividad a 20 ºC,246399,725,N,724.800
D_OXIDABIL,Oxidabilidad,246399,<0.5,N,0.440
D_PH,pH,246399,7.4,N,7.370
D_TURBIDEZ,Turbidez,246399,0.78,N,0.780
TEMP-PH,pH-Temperatura de medida,246399,22.6,N,22.600
M-019-AC1,Recuento de Estafilococos coagulasa +,246399,10,N,10.000
M-027,Recuento de E. coli,246399,<1,N,1.000
M-027,Recuento de bacterias coliformes,246399,<1,N,1.000
M-034,Recuento de Pseudomonas aeruginosa,246399,<1,N,1.000
M-019-AC1,Recuento de Estafilococos coagulasa +,246400,0,N,0.000
M-027,Recuento de E. coli,246400,<1,N,1.000
M-027,Recuento de bacterias coliformes,246400,<1,N,1.000
M-034,Recuento de Pseudomonas aeruginosa,246400,<1,N,1.000
TEMP-PH,pH-Temperatura de medida,246400,22.9,N,22.900
AMONI-CI-P,Amonio,246400,<0.30,N,0.300
D_CONDUCT,Conductividad a 20 ºC,246400,1677,N,1677.000
D_OXIDABIL,Oxidabilidad,246400,<0.5,N,0.080
D_PH,pH,246400,7.5,N,7.460
D_TURBIDEZ,Turbidez,246400,<0.20,N,0.150
AMONI-CI-P,Amonio,246401,<0.30,N,0.300
D_CONDUCT,Conductividad a 20 ºC,246401,1840,N,1840.000
D_OXIDABIL,Oxidabilidad,246401,<0.5,N,0.040
D_PH,pH,246401,7.1,N,7.080
D_TURBIDEZ,Turbidez,246401,<0.20,N,0.120
TEMP-PH,pH-Temperatura de medida,246401,23.0,N,23.000
M-019-AC1,Recuento de Estafilococos coagulasa +,246401,4,N,4.000
M-027,Recuento de E. coli,246401,<1,N,1.000
M-027,Recuento de bacterias coliformes,246401,<1,N,1.000
M-034,Recuento de Pseudomonas aeruginosa,246401,<1,N,1.000
AMONI-CI-P,Amonio,246402,<0.30,N,0.300
D_CONDUCT,Conductividad a 20 ºC,246402,1474,N,1474.000
D_OXIDABIL,Oxidabilidad,246402,<0.5,N,0.240
D_PH,pH,246402,7.2,N,7.180
D_TURBIDEZ,Turbidez,246402,<0.20,N,0.110
TEMP-PH,pH-Temperatura de medida,246402,22.9,N,22.900
M-019-AC1,Recuento de Estafilococos coagulasa +,246402,1,N,1.000
M-027,Recuento de E. coli,246402,<1,N,1.000
M-027,Recuento de bacterias coliformes,246402,<1,N,1.000
M-034,Recuento de Pseudomonas aeruginosa,246402,<1,N,1.000
AMONI-CI-P,Amonio,246403,<0.15,N,0.000
D_CONDUCT,Conductividad a 20 ºC,246403,676,N,675.600
D_OXIDABIL,Oxidabilidad,246403,0.6,N,0.560
D_PH,pH,246403,7.6,N,7.640
D_TURBIDEZ,Turbidez,246403,<0.20,N,0.100
TEMP-PH,pH-Temperatura de medida,246403,23.3,N,23.300
M-019-AC1,Recuento de Estafilococos coagulasa +,246403,8,N,8.000
M-027,Recuento de E. coli,246403,<1,N,1.000
M-027,Recuento de bacterias coliformes,246403,<1,N,1.000
M-034,Recuento de Pseudomonas aeruginosa,246403,<1,N,1.000
AMONI-CI-P,Amonio,246404,<0.15,N,0.000
D_CONDUCT,Conductividad a 20 ºC,246404,361,N,360.500
D_OXIDABIL,Oxidabilidad,246404,0.6,N,0.600
D_PH,pH,246404,7.2,N,7.210
D_TURBIDEZ,Turbidez,246404,<0.20,N,0.140
TEMP-PH,pH-Temperatura de medida,246404,23.7,N,23.700
M-019-AC1,Recuento de Estafilococos coagulasa +,246404,4,N,4.000
M-027,Recuento de E. coli,246404,<1,N,1.000
M-027,Recuento de bacterias coliformes,246404,<1,N,1.000
M-034,Recuento de Pseudomonas aeruginosa,246404,<1,N,1.000
AMONI-CI-P,Amonio,246405,<0.15,N,0.000
D_CONDUCT,Conductividad a 20 ºC,246405,401,N,400.800
D_OXIDABIL,Oxidabilidad,246405,0.6,N,0.580
D_PH,pH,246405,7.2,N,7.240
D_TURBIDEZ,Turbidez,246405,<0.20,N,0.140
TEMP-PH,pH-Temperatura de medida,246405,24.5,N,24.500
M-019-AC1,Recuento de Estafilococos coagulasa +,246405,1,N,1.000
M-027,Recuento de E. coli,246405,<1,N,1.000
M-027,Recuento de bacterias coliformes,246405,<1,N,1.000
M-034,Recuento de Pseudomonas aeruginosa,246405,<1,N,1.000
M-016-AC1,Recuento de E. coli,246408,0,N,0.000
M-016-AC1,Recuento de bacterias coliformes,246408,0,N,0.000
MET-GRF-AC,Aluminio total,246408,70.7,N,70.710
MET-GRF-AC,Cobre total,246408,<0.050,N,0.033
MET-GRF-AC,Cromo total,246408,<10.0,N,-0.260
MET-GRF-AC,Hierro total,246408,11.3,N,11.330
MET-GRF-AC,Niquel total,246408,9.4,N,9.380
MET-GRF-AC,Plomo total,246408,1.7,N,1.650
TEMP-PH,pH-Temperatura de medida,246408,18.1,N,18.100
WMM-LM-CAM,Cloro combinado residual,246408,<0.10,N,0.050
WMM-LM-CAM,Cloro libre residual,246408,<0.10,N,0.010
D_CONDUCT,Conductividad a 20 ºC,246408,281,N,280.600
D_PH,pH,246408,7.7,N,7.720
D_TURBIDEZ,Turbidez,246408,<0.20,N,0.130
M-016-AC1,Recuento de E. coli,246409,0,N,0.000
WMM-LM-CAM,Cloro libre residual,246409,<0.10,N,0.000
WMM-LM-CAM,Cloro combinado residual,246409,<0.10,N,0.090
TEMP-PH,pH-Temperatura de medida,246409,16.3,N,16.300
MET-GRF-AC,Plomo total,246409,<1.0,N,0.510
MET-GRF-AC,Niquel total,246409,<5.0,N,0.690
MET-GRF-AC,Hierro total,246409,<10.0,N,9.130
MET-GRF-AC,Cromo total,246409,<10.0,N,-0.110
MET-GRF-AC,Cobre total,246409,<0.050,N,0.005
MET-GRF-AC,Aluminio total,246409,55.7,N,55.700
M-016-AC1,Recuento de bacterias coliformes,246409,0,N,0.000
D_CONDUCT,Conductividad a 20 ºC,246409,269,N,268.500
D_PH,pH,246409,7.7,N,7.710
D_TURBIDEZ,Turbidez,246409,<0.20,N,0.090
M-016-AC1,Recuento de E. coli,246410,0,N,0.000
D_CONDUCT,Conductividad a 20 ºC,246410,277,N,277.300
D_PH,pH,246410,7.0,N,6.970
D_TURBIDEZ,Turbidez,246410,<0.20,N,0.130
M-016-AC1,Recuento de bacterias coliformes,246410,1,N,1.000
WMM-LM-CAM,Cloro libre residual,246410,<0.10,N,0.020
WMM-LM-CAM,Cloro combinado residual,246410,<0.10,N,0.050
TEMP-PH,pH-Temperatura de medida,246410,21.6,N,21.600
D_CONDUCT,Conductividad a 20 ºC,246411,276,N,275.800
D_PH,pH,246411,7.9,N,7.940
WMM-LM-CAM,Cloro libre residual,246411,<0.10,N,0.070
WMM-LM-CAM,Cloro combinado residual,246411,<0.10,N,0.060
TEMP-PH,pH-Temperatura de medida,246411,17.2,N,17.200
M-016-AC1,Recuento de bacterias coliformes,246411,0,N,0.000
M-016-AC1,Recuento de E. coli,246411,0,N,0.000
D_TURBIDEZ,Turbidez,246411,<0.20,N,0.120
M-016-AC1,Recuento de E. coli,246412,0,N,0.000
D_TURBIDEZ,Turbidez,246412,<0.20,N,0.090
D_PH,pH,246412,7.8,N,7.770
D_CONDUCT,Conductividad a 20 ºC,246412,288,N,287.500
WMM-LM-CAM,Cloro libre residual,246412,<0.10,N,0.000
WMM-LM-CAM,Cloro combinado residual,246412,0.10,N,0.100
TEMP-PH,pH-Temperatura de medida,246412,21.9,N,21.900
MET-GRF-AC,Plomo total,246412,<1.0,N,0.390
MET-GRF-AC,Niquel total,246412,<5.0,N,0.220
MET-GRF-AC,Hierro total,246412,<10.0,N,7.160
MET-GRF-AC,Cromo total,246412,<10.0,N,-0.390
M-016-AC1,Recuento de bacterias coliformes,246412,0,N,0.000
MET-GRF-AC,Aluminio total,246412,57.8,N,57.810
MET-GRF-AC,Cobre total,246412,<0.050,N,0.009
AMONI-CI-P,Amonio,246736,<0.30,N,0.300
D_CONDUCT,Conductividad a 20 ºC,246736,1696,N,1696.000
D_OXIDABIL,Oxidabilidad,246736,<0.5,N,-0.080
D_PH,pH,246736,7.2,N,7.200
D_TURBIDEZ,Turbidez,246736,<0.20,N,0.100
M-027,Recuento de bacterias coliformes,246736,2,N,2.000
M-019-AC1,Recuento de Estafilococos coagulasa +,246736,<1,N,1.000
M-027,Recuento de E. coli,246736,<1,N,1.000
TEMP-PH,pH-Temperatura de medida,246736,23.6,N,23.600
M-034,Recuento de Pseudomonas aeruginosa,246736,<1,N,1.000
TEMP-PH,pH-Temperatura de medida,246737,23.3,N,23.300
M-034,Recuento de Pseudomonas aeruginosa,246737,<1,N,1.000
M-027,Recuento de bacterias coliformes,246737,<1,N,1.000
M-027,Recuento de E. coli,246737,<1,N,1.000
M-019-AC1,Recuento de Estafilococos coagulasa +,246737,0,N,0.000
D_OXIDABIL,Oxidabilidad,246737,<0.5,N,0.330
D_PH,pH,246737,7.2,N,7.230
D_TURBIDEZ,Turbidez,246737,<0.20,N,0.090
D_CONDUCT,Conductividad a 20 ºC,246737,1045,N,1045.000
AMONI-CI-P,Amonio,246737,<0.15,N,0.150
M-034,Recuento de Pseudomonas aeruginosa,246738,<1,N,1.000
TEMP-PH,pH-Temperatura de medida,246738,23.4,N,23.400
AMONI-CI-P,Amonio,246738,<0.30,N,0.300
D_CONDUCT,Conductividad a 20 ºC,246738,1402,N,1402.000
D_OXIDABIL,Oxidabilidad,246738,<0.5,N,0.120
D_PH,pH,246738,7.5,N,7.510
M-027,Recuento de bacterias coliformes,246738,<1,N,1.000
M-019-AC1,Recuento de Estafilococos coagulasa +,246738,<1,N,1.000
M-027,Recuento de E. coli,246738,<1,N,1.000
D_TURBIDEZ,Turbidez,246738,<0.20,N,0.110
D_CONDUCT,Conductividad a 20 ºC,246739,685,N,685.400
D_OXIDABIL,Oxidabilidad,246739,0.5,N,0.450
TEMP-PH,pH-Temperatura de medida,246739,23.3,N,23.300
M-034,Recuento de Pseudomonas aeruginosa,246739,<1,N,1.000
M-027,Recuento de bacterias coliformes,246739,11,N,11.000
M-027,Recuento de E. coli,246739,<1,N,1.000
M-019-AC1,Recuento de Estafilococos coagulasa +,246739,15,N,15.000
AMONI-CI-P,Amonio,246739,<0.15,N,0.150
D_PH,pH,246739,7.5,N,7.540
D_TURBIDEZ,Turbidez,246739,<0.20,N,0.100
M-019-AC1,Recuento de Estafilococos coagulasa +,246740,<1,N,1.000
M-027,Recuento de E. coli,246740,<1,N,1.000
M-027,Recuento de bacterias coliformes,246740,<1,N,1.000
M-034,Recuento de Pseudomonas aeruginosa,246740,<1,N,1.000
TEMP-PH,pH-Temperatura de medida,246740,23.9,N,23.900
D_CONDUCT,Conductividad a 20 ºC,246740,1688,N,1688.000
D_OXIDABIL,Oxidabilidad,246740,<0.5,N,0.240
D_PH,pH,246740,7.2,N,7.180
D_TURBIDEZ,Turbidez,246740,<0.20,N,0.160
AMONI-CI-P,Amonio,246740,<0.30,N,0.300
AMONI-CI-P,Amonio,246741,<0.30,N,0.300
D_CONDUCT,Conductividad a 20 ºC,246741,2014,N,2014.000
D_OXIDABIL,Oxidabilidad,246741,<0.5,N,0.040
D_PH,pH,246741,7.5,N,7.490
D_TURBIDEZ,Turbidez,246741,<0.20,N,0.100
TEMP-PH,pH-Temperatura de medida,246741,24.0,N,24.000
M-019-AC1,Recuento de Estafilococos coagulasa +,246741,7,N,7.000
M-027,Recuento de E. coli,246741,<1,N,1.000
M-027,Recuento de bacterias coliformes,246741,2,N,2.000
M-034,Recuento de Pseudomonas aeruginosa,246741,<1,N,1.000
AMONI-CI-P,Amonio,246742,<0.30,N,0.300
D_CONDUCT,Conductividad a 20 ºC,246742,1505,N,1505.000
D_OXIDABIL,Oxidabilidad,246742,<0.5,N,0.410
D_PH,pH,246742,7.3,N,7.340
D_TURBIDEZ,Turbidez,246742,<0.20,N,0.120
TEMP-PH,pH-Temperatura de medida,246742,23.9,N,23.900
M-019-AC1,Recuento de Estafilococos coagulasa +,246742,1,N,1.000
M-027,Recuento de E. coli,246742,1,N,1.000
M-027,Recuento de bacterias coliformes,246742,1,N,1.000
M-034,Recuento de Pseudomonas aeruginosa,246742,<1,N,1.000
AMONI-CI-P,Amonio,246743,<0.15,N,0.150
D_CONDUCT,Conductividad a 20 ºC,246743,754,N,753.700
D_OXIDABIL,Oxidabilidad,246743,0.6,N,0.610
D_PH,pH,246743,7.6,N,7.630
D_TURBIDEZ,Turbidez,246743,<0.20,N,0.080
TEMP-PH,pH-Temperatura de medida,246743,23.7,N,23.700
M-019-AC1,Recuento de Estafilococos coagulasa +,246743,<1,N,1.000
M-027,Recuento de E. coli,246743,<1,N,1.000
M-027,Recuento de bacterias coliformes,246743,2,N,2.000
M-034,Recuento de Pseudomonas aeruginosa,246743,<1,N,1.000
AMONI-CI-P,Amonio,246744,<0.15,N,0.000
D_CONDUCT,Conductividad a 20 ºC,246744,463,N,462.600
D_OXIDABIL,Oxidabilidad,246744,0.8,N,0.820
D_PH,pH,246744,7.2,N,7.240
D_TURBIDEZ,Turbidez,246744,<0.20,N,0.100
TEMP-PH,pH-Temperatura de medida,246744,23.8,N,23.800
M-019-AC1,Recuento de Estafilococos coagulasa +,246744,0,N,0.000
M-027,Recuento de E. coli,246744,<1,N,1.000
M-027,Recuento de bacterias coliformes,246744,<1,N,1.000
M-034,Recuento de Pseudomonas aeruginosa,246744,<1,N,1.000
M-027,Recuento de bacterias coliformes,246745,<1,N,1.000
M-034,Recuento de Pseudomonas aeruginosa,246745,<1,N,1.000
TEMP-PH,pH-Temperatura de medida,246745,24.6,N,24.600
D_OXIDABIL,Oxidabilidad,246745,0.8,N,0.810
D_PH,pH,246745,7.2,N,7.160
D_TURBIDEZ,Turbidez,246745,<0.20,N,0.090
M-019-AC1,Recuento de Estafilococos coagulasa +,246745,0,N,0.000
M-027,Recuento de E. coli,246745,<1,N,1.000
AMONI-CI-P,Amonio,246745,<0.15,N,0.000
D_CONDUCT,Conductividad a 20 ºC,246745,475,N,474.800
AMONI-CI-P,Amonio,246746,<0.15,N,0.000
TEMP-PH,pH-Temperatura de medida,246746,24.8,N,24.800
D_OXIDABIL,Oxidabilidad,246746,0.6,N,0.570
D_PH,pH,246746,7.3,N,7.330
D_TURBIDEZ,Turbidez,246746,<0.20,N,0.140
D_CONDUCT,Conductividad a 20 ºC,246746,898,N,897.900
M-034,Recuento de Pseudomonas aeruginosa,246746,<1,N,1.000
M-027,Recuento de bacterias coliformes,246746,<1,N,1.000
M-027,Recuento de E. coli,246746,<1,N,1.000
M-019-AC1,Recuento de Estafilococos coagulasa +,246746,42,N,42.000
D_TURBIDEZ,Turbidez,246747,<0.20,N,0.110
D_PH,pH,246747,7.8,N,7.830
D_OXIDABIL,Oxidabilidad,246747,1.1,N,1.050
D_CONDUCT,Conductividad a 20 ºC,246747,331,N,331.000
M-019-AC1,Recuento de Estafilococos coagulasa +,246747,27,N,27.000
TEMP-PH,pH-Temperatura de medida,246747,24.6,N,24.600
M-034,Recuento de Pseudomonas aeruginosa,246747,5,N,5.000
M-027,Recuento de bacterias coliformes,246747,27,N,27.000
M-027,Recuento de E. coli,246747,<1,N,1.000
AMONI-CI-P,Amonio,246747,<0.15,N,0.000
TEMP-PH,pH-Temperatura de medida,246748,24.6,N,24.600
M-034,Recuento de Pseudomonas aeruginosa,246748,1,N,1.000
M-027,Recuento de E. coli,246748,<1,N,1.000
M-019-AC1,Recuento de Estafilococos coagulasa +,246748,3,N,3.000
D_TURBIDEZ,Turbidez,246748,<0.20,N,0.160
D_PH,pH,246748,7.4,N,7.420
D_OXIDABIL,Oxidabilidad,246748,1.5,N,1.540
D_CONDUCT,Conductividad a 20 ºC,246748,550,N,550.200
AMONI-CI-P,Amonio,246748,<0.15,N,0.000
M-027,Recuento de bacterias coliformes,246748,31,N,31.000
M-019-AC1,Recuento de Estafilococos coagulasa +,246749,17,N,17.000
D_PH,pH,246749,7.5,N,7.500
D_TURBIDEZ,Turbidez,246749,0.24,N,0.240
D_CONDUCT,Conductividad a 20 ºC,246749,812,N,812.000
AMONI-CI-P,Amonio,246749,<0.15,N,0.000
M-027,Recuento de E. coli,246749,<1,N,1.000
TEMP-PH,pH-Temperatura de medida,246749,24.8,N,24.800
M-034,Recuento de Pseudomonas aeruginosa,246749,3,N,3.000
M-027,Recuento de bacterias coliformes,246749,32,N,32.000
D_OXIDABIL,Oxidabilidad,246749,1.5,N,1.490
AMONI-CI-P,Amonio,246750,<0.15,N,0.000
D_CONDUCT,Conductividad a 20 ºC,246750,568,N,567.600
D_OXIDABIL,Oxidabilidad,246750,1.0,N,0.970
D_PH,pH,246750,7.2,N,7.210
D_TURBIDEZ,Turbidez,246750,<0.20,N,0.160
TEMP-PH,pH-Temperatura de medida,246750,24.6,N,24.600
M-019-AC1,Recuento de Estafilococos coagulasa +,246750,3,N,3.000
M-027,Recuento de E. coli,246750,<1,N,1.000
M-027,Recuento de bacterias coliformes,246750,70,N,70.000
M-034,Recuento de Pseudomonas aeruginosa,246750,1,N,1.000
AMONI-CI-P,Amonio,246751,<0.15,N,0.000
D_CONDUCT,Conductividad a 20 ºC,246751,985,N,984.500
D_OXIDABIL,Oxidabilidad,246751,1.4,N,1.370
D_PH,pH,246751,7.3,N,7.250
D_TURBIDEZ,Turbidez,246751,0.26,N,0.260
TEMP-PH,pH-Temperatura de medida,246751,24.8,N,24.800
M-019-AC1,Recuento de Estafilococos coagulasa +,246751,6,N,6.000
M-027,Recuento de E. coli,246751,<1,N,1.000
M-027,Recuento de bacterias coliformes,246751,100,N,100.000
M-034,Recuento de Pseudomonas aeruginosa,246751,<1,N,1.000
AMONI-CI-P,Amonio,246752,<0.15,N,0.000
D_CONDUCT,Conductividad a 20 ºC,246752,984,N,983.700
D_OXIDABIL,Oxidabilidad,246752,1.4,N,1.410
D_PH,pH,246752,7.2,N,7.240
D_TURBIDEZ,Turbidez,246752,0.21,N,0.210
TEMP-PH,pH-Temperatura de medida,246752,24.7,N,24.700
M-019-AC1,Recuento de Estafilococos coagulasa +,246752,<1,N,1.000
M-027,Recuento de E. coli,246752,<1,N,1.000
M-027,Recuento de bacterias coliformes,246752,12,N,12.000
M-034,Recuento de Pseudomonas aeruginosa,246752,<1,N,1.000
AMONI-CI-P,Amonio,246753,<0.15,N,0.000
D_CONDUCT,Conductividad a 20 ºC,246753,361,N,360.900
D_OXIDABIL,Oxidabilidad,246753,0.7,N,0.650
D_PH,pH,246753,7.3,N,7.260
D_TURBIDEZ,Turbidez,246753,<0.20,N,0.120
TEMP-PH,pH-Temperatura de medida,246753,24.0,N,24.000
M-019-AC1,Recuento de Estafilococos coagulasa +,246753,0,N,0.000
M-027,Recuento de E. coli,246753,<1,N,1.000
M-027,Recuento de bacterias coliformes,246753,<1,N,1.000
M-034,Recuento de Pseudomonas aeruginosa,246753,<1,N,1.000
D_TURBIDEZ,Turbidez,246754,<0.20,N,0.140
M-019-AC1,Recuento de Estafilococos coagulasa +,246754,<1,N,1.000
D_PH,pH,246754,8.2,N,8.230
M-027,Recuento de bacterias coliformes,246754,1,N,1.000
M-034,Recuento de Pseudomonas aeruginosa,246754,<1,N,1.000
TEMP-PH,pH-Temperatura de medida,246754,25.0,N,25.000
AMONI-CI-P,Amonio,246754,<0.15,N,0.000
D_CONDUCT,Conductividad a 20 ºC,246754,323,N,323.100
D_OXIDABIL,Oxidabilidad,246754,0.7,N,0.730
M-027,Recuento de E. coli,246754,<1,N,1.000
AMONI-CI-P,Amonio,246755,<0.15,N,0.000
D_CONDUCT,Conductividad a 20 ºC,246755,329,N,329.300
D_OXIDABIL,Oxidabilidad,246755,0.8,N,0.810
D_PH,pH,246755,7.1,N,7.110
D_TURBIDEZ,Turbidez,246755,<0.20,N,0.170
TEMP-PH,pH-Temperatura de medida,246755,25.0,N,25.000
M-019-AC1,Recuento de Estafilococos coagulasa +,246755,0,N,0.000
M-027,Recuento de E. coli,246755,<1,N,1.000
M-027,Recuento de bacterias coliformes,246755,<1,N,1.000
M-034,Recuento de Pseudomonas aeruginosa,246755,<1,N,1.000
M-027,Recuento de E. coli,246756,<1,N,1.000
M-027,Recuento de bacterias coliformes,246756,1,N,1.000
M-034,Recuento de Pseudomonas aeruginosa,246756,<1,N,1.000
TEMP-PH,pH-Temperatura de medida,246756,24.9,N,24.900
AMONI-CI-P,Amonio,246756,<0.15,N,0.000
D_CONDUCT,Conductividad a 20 ºC,246756,362,N,362.200
D_OXIDABIL,Oxidabilidad,246756,0.6,N,0.570
D_PH,pH,246756,7.6,N,7.550
D_TURBIDEZ,Turbidez,246756,<0.20,N,0.160
M-019-AC1,Recuento de Estafilococos coagulasa +,246756,0,N,0.000
AMONI-CI-P,Amonio,246757,<0.15,N,0.000
TEMP-PH,pH-Temperatura de medida,246757,25.0,N,25.000
M-034,Recuento de Pseudomonas aeruginosa,246757,<1,N,1.000
M-027,Recuento de bacterias coliformes,246757,1,N,1.000
M-027,Recuento de E. coli,246757,<1,N,1.000
M-019-AC1,Recuento de Estafilococos coagulasa +,246757,0,N,0.000
D_CONDUCT,Conductividad a 20 ºC,246757,439,N,438.800
D_TURBIDEZ,Turbidez,246757,<0.20,N,0.150
D_PH,pH,246757,7.2,N,7.180
D_OXIDABIL,Oxidabilidad,246757,0.5,N,0.530
AMONI-CI-P,Amonio,246758,<0.15,N,0.000
D_OXIDABIL,Oxidabilidad,246758,0.7,N,0.650
D_PH,pH,246758,7.6,N,7.560
D_TURBIDEZ,Turbidez,246758,<0.20,N,0.120
M-019-AC1,Recuento de Estafilococos coagulasa +,246758,0,N,0.000
M-027,Recuento de E. coli,246758,<1,N,1.000
M-027,Recuento de bacterias coliformes,246758,<1,N,1.000
M-034,Recuento de Pseudomonas aeruginosa,246758,<1,N,1.000
D_CONDUCT,Conductividad a 20 ºC,246758,326,N,326.100
TEMP-PH,pH-Temperatura de medida,246758,25.0,N,25.000
AMONI-CI-P,Amonio,246759,<0.15,N,0.000
TEMP-PH,pH-Temperatura de medida,246759,24.9,N,24.900
M-034,Recuento de Pseudomonas aeruginosa,246759,<0,N,0.000
M-027,Recuento de bacterias coliformes,246759,<1,N,1.000
M-027,Recuento de E. coli,246759,<1,N,1.000
M-019-AC1,Recuento de Estafilococos coagulasa +,246759,1,N,1.000
D_TURBIDEZ,Turbidez,246759,<0.20,N,0.160
D_CONDUCT,Conductividad a 20 ºC,246759,337,N,337.400
D_OXIDABIL,Oxidabilidad,246759,1.2,N,1.170
D_PH,pH,246759,7.6,N,7.570
TEMP-PH,pH-Temperatura de medida,246760,22.6,N,22.600
M-034,Recuento de Pseudomonas aeruginosa,246760,<1,N,1.000
M-027,Recuento de bacterias coliformes,246760,<1,N,1.000
M-027,Recuento de E. coli,246760,<1,N,1.000
M-019-AC1,Recuento de Estafilococos coagulasa +,246760,0,N,0.000
AMONI-CI-P,Amonio,246760,<0.15,N,0.000
D_TURBIDEZ,Turbidez,246760,<0.20,N,0.140
D_PH,pH,246760,7.6,N,7.640
D_OXIDABIL,Oxidabilidad,246760,0.9,N,0.890
D_CONDUCT,Conductividad a 20 ºC,246760,338,N,337.700
TEMP-PH,pH-Temperatura de medida,246761,22.5,N,22.500
M-034,Recuento de Pseudomonas aeruginosa,246761,<1,N,1.000
M-027,Recuento de bacterias coliformes,246761,<1,N,1.000
M-027,Recuento de E. coli,246761,<1,N,1.000
M-019-AC1,Recuento de Estafilococos coagulasa +,246761,0,N,0.000
D_TURBIDEZ,Turbidez,246761,<0.20,N,0.110
D_PH,pH,246761,7.2,N,7.200
D_OXIDABIL,Oxidabilidad,246761,0.9,N,0.930
D_CONDUCT,Conductividad a 20 ºC,246761,393,N,392.800
AMONI-CI-P,Amonio,246761,<0.15,N,0.000
AMONI-CI-P,Amonio,246762,<0.15,N,0.000
D_CONDUCT,Conductividad a 20 ºC,246762,331,N,330.900
D_OXIDABIL,Oxidabilidad,246762,1.1,N,1.090
D_PH,pH,246762,7.5,N,7.520
D_TURBIDEZ,Turbidez,246762,<0.20,N,0.150
M-019-AC1,Recuento de Estafilococos coagulasa +,246762,3,N,3.000
M-027,Recuento de E. coli,246762,<1,N,1.000
M-027,Recuento de bacterias coliformes,246762,<1,N,1.000
M-034,Recuento de Pseudomonas aeruginosa,246762,<1,N,1.000
TEMP-PH,pH-Temperatura de medida,246762,23.1,N,23.100
AMONI-CI-P,Amonio,246763,<0.15,N,0.000
D_CONDUCT,Conductividad a 20 ºC,246763,333,N,332.700
D_OXIDABIL,Oxidabilidad,246763,0.9,N,0.850
D_PH,pH,246763,7.4,N,7.370
D_TURBIDEZ,Turbidez,246763,<0.20,N,0.140
TEMP-PH,pH-Temperatura de medida,246763,23.3,N,23.300
M-019-AC1,Recuento de Estafilococos coagulasa +,246763,>100,N,100.000
M-027,Recuento de E. coli,246763,<1,N,1.000
M-027,Recuento de bacterias coliformes,246763,1,N,1.000
M-034,Recuento de Pseudomonas aeruginosa,246763,1,N,1.000
AMONI-CI-P,Amonio,246764,<0.30,N,0.300
D_CONDUCT,Conductividad a 20 ºC,246764,2287,N,2287.000
D_OXIDABIL,Oxidabilidad,246764,<0.5,N,0.000
D_PH,pH,246764,7.2,N,7.160
D_TURBIDEZ,Turbidez,246764,<0.20,N,0.160
TEMP-PH,pH-Temperatura de medida,246764,22.9,N,22.900
M-019-AC1,Recuento de Estafilococos coagulasa +,246764,0,N,0.000
M-027,Recuento de E. coli,246764,<1,N,1.000
M-027,Recuento de bacterias coliformes,246764,5,N,5.000
M-034,Recuento de Pseudomonas aeruginosa,246764,<1,N,1.000
AMONI-CI-P,Amonio,246765,<0.15,N,0.150
D_CONDUCT,Conductividad a 20 ºC,246765,402,N,401.600
D_OXIDABIL,Oxidabilidad,246765,0.7,N,0.730
D_PH,pH,246765,7.2,N,7.230
D_TURBIDEZ,Turbidez,246765,<0.20,N,0.120
TEMP-PH,pH-Temperatura de medida,246765,22.9,N,22.900
M-019-AC1,Recuento de Estafilococos coagulasa +,246765,0,N,0.000
M-027,Recuento de E. coli,246765,<1,N,1.000
M-027,Recuento de bacterias coliformes,246765,<1,N,1.000
M-034,Recuento de Pseudomonas aeruginosa,246765,<1,N,1.000
AMONI-CI-P,Amonio,246766,<0.30,N,0.300
D_CONDUCT,Conductividad a 20 ºC,246766,1376,N,1376.000
D_OXIDABIL,Oxidabilidad,246766,<0.5,N,0.360
D_PH,pH,246766,8.0,N,8.010
D_TURBIDEZ,Turbidez,246766,<0.20,N,0.120
TEMP-PH,pH-Temperatura de medida,246766,22.9,N,22.900
M-019-AC1,Recuento de Estafilococos coagulasa +,246766,5,N,5.000
M-027,Recuento de E. coli,246766,<1,N,1.000
M-027,Recuento de bacterias coliformes,246766,6,N,6.000
M-034,Recuento de Pseudomonas aeruginosa,246766,<1,N,1.000
AMONI-CI-P,Amonio,246767,<0.15,N,0.150
D_CONDUCT,Conductividad a 20 ºC,246767,619,N,618.800
D_OXIDABIL,Oxidabilidad,246767,0.5,N,0.530
D_PH,pH,246767,7.4,N,7.380
D_TURBIDEZ,Turbidez,246767,<0.20,N,0.100
TEMP-PH,pH-Temperatura de medida,246767,22.5,N,22.500
M-019-AC1,Recuento de Estafilococos coagulasa +,246767,0,N,0.000
M-027,Recuento de E. coli,246767,<1,N,1.000
M-027,Recuento de bacterias coliformes,246767,4,N,4.000
M-034,Recuento de Pseudomonas aeruginosa,246767,<1,N,1.000
AMONI-CI-P,Amonio,246768,<0.30,N,0.300
D_CONDUCT,Conductividad a 20 ºC,246768,1478,N,1478.000
D_OXIDABIL,Oxidabilidad,246768,<0.5,N,0.400
D_PH,pH,246768,7.2,N,7.200
D_TURBIDEZ,Turbidez,246768,<0.20,N,0.160
TEMP-PH,pH-Temperatura de medida,246768,23.3,N,23.300
M-019-AC1,Recuento de Estafilococos coagulasa +,246768,15,N,15.000
M-027,Recuento de E. coli,246768,<1,N,1.000
M-027,Recuento de bacterias coliformes,246768,36,N,36.000
M-034,Recuento de Pseudomonas aeruginosa,246768,<1,N,1.000
D_OXIDABIL,Oxidabilidad,246769,<0.5,N,0.160
D_PH,pH,246769,7.3,N,7.265
D_TURBIDEZ,Turbidez,246769,0.20,N,0.200
M-019-AC1,Recuento de Estafilococos coagulasa +,246769,3,N,3.000
M-027,Recuento de E. coli,246769,<1,N,1.000
M-027,Recuento de bacterias coliformes,246769,7,N,7.000
M-034,Recuento de Pseudomonas aeruginosa,246769,2,N,2.000
TEMP-PH,pH-Temperatura de medida,246769,23.3,N,23.300
AMONI-CI-P,Amonio,246769,<0.30,N,0.300
D_CONDUCT,Conductividad a 20 ºC,246769,1930,N,1930.000
TEMP-PH,pH-Temperatura de medida,246770,23.2,N,23.200
M-034,Recuento de Pseudomonas aeruginosa,246770,<1,N,1.000
M-027,Recuento de bacterias coliformes,246770,13,N,13.000
M-027,Recuento de E. coli,246770,<1,N,1.000
M-019-AC1,Recuento de Estafilococos coagulasa +,246770,2,N,2.000
AMONI-CI-P,Amonio,246770,<0.30,N,0.300
D_TURBIDEZ,Turbidez,246770,<0.20,N,0.190
D_PH,pH,246770,7.4,N,7.400
D_OXIDABIL,Oxidabilidad,246770,<0.5,N,0.280
D_CONDUCT,Conductividad a 20 ºC,246770,1303,N,1303.000
M-034,Recuento de Pseudomonas aeruginosa,246771,<1,N,1.000
TEMP-PH,pH-Temperatura de medida,246771,23.2,N,23.200
M-027,Recuento de bacterias coliformes,246771,50,N,50.000
M-027,Recuento de E. coli,246771,<1,N,1.000
M-019-AC1,Recuento de Estafilococos coagulasa +,246771,2,N,2.000
D_TURBIDEZ,Turbidez,246771,<0.20,N,0.150
D_PH,pH,246771,7.7,N,7.650
D_OXIDABIL,Oxidabilidad,246771,0.6,N,0.610
D_CONDUCT,Conductividad a 20 ºC,246771,601,N,600.800
AMONI-CI-P,Amonio,246771,<0.15,N,0.150
AMONI-CI-P,Amonio,246776,<0.15,N,0.000
D_CONDUCT,Conductividad a 20 ºC,246776,348,N,348.300
D_OXIDABIL,Oxidabilidad,246776,0.6,N,0.570
D_PH,pH,246776,7.1,N,7.120
D_TURBIDEZ,Turbidez,246776,<0.20,N,0.160
TEMP-PH,pH-Temperatura de medida,246776,25.0,N,25.000
M-019-AC1,Recuento de Estafilococos coagulasa +,246776,0,N,0.000
M-027,Recuento de E. coli,246776,<1,N,1.000
M-027,Recuento de bacterias coliformes,246776,<1,N,1.000
M-034,Recuento de Pseudomonas aeruginosa,246776,<1,N,1.000
M-016-AC1,Recuento de E. coli,246785,0,N,0.000
WMM-LM-CAM,Cloro libre residual,246785,<0.10,N,0.000
D_TURBIDEZ,Turbidez,246785,<0.20,N,0.110
D_PH,pH,246785,7.7,N,7.700
D_CONDUCT,Conductividad a 20 ºC,246785,286,N,286.200
M-016-AC1,Recuento de bacterias coliformes,246785,0,N,0.000
MET-GRF-AC,Aluminio total,246785,53.3,N,53.340
MET-GRF-AC,Cobre total,246785,<0.050,N,0.005
MET-GRF-AC,Cromo total,246785,<10.0,N,-0.100
MET-GRF-AC,Hierro total,246785,<10.0,N,7.060
MET-GRF-AC,Niquel total,246785,<5.0,N,0.440
MET-GRF-AC,Plomo total,246785,<1.0,N,0.230
PE-IL-TEMP,Temperatura del agua,246785,20.8,N,20.800
TEMP-PH,pH-Temperatura de medida,246785,18.7,N,18.700
WMM-LM-CAM,Cloro combinado residual,246785,<0.10,N,0.000
M-016-AC1,Recuento de E. coli,246786,<1,N,1.000
D_TURBIDEZ,Turbidez,246786,<0.20,N,0.120
D_PH,pH,246786,7.9,N,7.880
D_CONDUCT,Conductividad a 20 ºC,246786,297,N,297.100
M-016-AC1,Recuento de bacterias coliformes,246786,11,N,11.000
WMM-LM-CAM,Cloro libre residual,246786,0.19,N,0.190
WMM-LM-CAM,Cloro combinado residual,246786,<0.10,N,0.050
TEMP-PH,pH-Temperatura de medida,246786,22.9,N,22.900
MET-GRF-AC,Plomo total,246786,<1.0,N,0.160
MET-GRF-AC,Niquel total,246786,<5.0,N,0.420
MET-GRF-AC,Hierro total,246786,<10.0,N,5.500
MET-GRF-AC,Cromo total,246786,<10.0,N,-0.050
MET-GRF-AC,Cobre total,246786,<0.050,N,0.004
MET-GRF-AC,Aluminio total,246786,53.3,N,53.340
D_CONDUCT,Conductividad a 20 ºC,246787,297,N,297.200
WMM-LM-CAM,Cloro libre residual,246787,<0.10,N,0.000
D_TURBIDEZ,Turbidez,246787,<0.20,N,0.170
M-016-AC1,Recuento de E. coli,246787,0,N,0.000
M-016-AC1,Recuento de bacterias coliformes,246787,0,N,0.000
WMM-LM-CAM,Cloro combinado residual,246787,<0.10,N,0.080
TEMP-PH,pH-Temperatura de medida,246787,24.2,N,24.200
PE-IL-TEMP,Temperatura del agua,246787,25.8,N,25.800
MET-GRF-AC,Plomo total,246787,<1.0,N,0.300
MET-GRF-AC,Niquel total,246787,<5.0,N,0.550
MET-GRF-AC,Hierro total,246787,<10.0,N,7.290
MET-GRF-AC,Cromo total,246787,<10.0,N,0.000
MET-GRF-AC,Cobre total,246787,<0.050,N,0.009
MET-GRF-AC,Aluminio total,246787,56.3,N,56.300
D_PH,pH,246787,7.7,N,7.730
M-016-AC1,Recuento de E. coli,246788,0,N,0.000
M-016-AC1,Recuento de bacterias coliformes,246788,0,N,0.000
MET-GRF-AC,Aluminio total,246788,55.6,N,55.580
MET-GRF-AC,Cobre total,246788,<0.050,N,0.003
PE-IL-TEMP,Temperatura del agua,246788,22,N,22.000
TEMP-PH,pH-Temperatura de medida,246788,24.0,N,24.000
WMM-LM-CAM,Cloro combinado residual,246788,0.22,N,0.220
WMM-LM-CAM,Cloro libre residual,246788,0.11,N,0.110
MET-GRF-AC,Cromo total,246788,<10.0,N,-0.050
MET-GRF-AC,Hierro total,246788,<10.0,N,7.320
MET-GRF-AC,Niquel total,246788,<5.0,N,0.570
MET-GRF-AC,Plomo total,246788,<1.0,N,0.080
D_CONDUCT,Conductividad a 20 ºC,246788,293,N,293.200
D_PH,pH,246788,7.8,N,7.780
D_TURBIDEZ,Turbidez,246788,<0.20,N,0.130
D_CONDUCT,Conductividad a 20 ºC,246789,305,N,305.200
WMM-LM-CAM,Cloro libre residual,246789,<0.10,N,0.000
D_TURBIDEZ,Turbidez,246789,<0.20,N,0.150
M-016-AC1,Recuento de E. coli,246789,0,N,0.000
M-016-AC1,Recuento de bacterias coliformes,246789,0,N,0.000
MET-GRF-AC,Aluminio total,246789,143,N,142.610
MET-GRF-AC,Cobre total,246789,<0.050,N,0.001
MET-GRF-AC,Cromo total,246789,<10.0,N,-0.120
MET-GRF-AC,Hierro total,246789,<10.0,N,8.340
MET-GRF-AC,Niquel total,246789,<5.0,N,0.400
MET-GRF-AC,Plomo total,246789,<1.0,N,0.260
TEMP-PH,pH-Temperatura de medida,246789,24.7,N,24.700
WMM-LM-CAM,Cloro combinado residual,246789,<0.10,N,0.080
D_PH,pH,246789,8.3,N,8.330
MET-GRF-AC,Hierro total,246790,11.3,N,11.300
MET-GRF-AC,Cromo total,246790,<10.0,N,-0.010
WMM-LM-CAM,Cloro libre residual,246790,<0.10,N,0.080
WMM-LM-CAM,Cloro combinado residual,246790,<0.10,N,0.080
TEMP-PH,pH-Temperatura de medida,246790,22.1,N,22.100
MET-GRF-AC,Plomo total,246790,<1.0,N,0.790
MET-GRF-AC,Niquel total,246790,<5.0,N,2.280
D_CONDUCT,Conductividad a 20 ºC,246790,293,N,293.300
D_PH,pH,246790,7.8,N,7.770
D_TURBIDEZ,Turbidez,246790,0.75,N,0.750
M-016-AC1,Recuento de E. coli,246790,<1,N,1.000
M-016-AC1,Recuento de bacterias coliformes,246790,9,N,9.000
MET-GRF-AC,Aluminio total,246790,61.2,N,61.190
MET-GRF-AC,Cobre total,246790,<0.050,N,0.021
MET-GRF-AC,Aluminio total,246791,57.7,N,57.730
MET-GRF-AC,Niquel total,246791,<5.0,N,2.940
MET-GRF-AC,Plomo total,246791,<1.0,N,0.960
TEMP-PH,pH-Temperatura de medida,246791,23.0,N,23.000
WMM-LM-CAM,Cloro combinado residual,246791,<0.10,N,0.040
WMM-LM-CAM,Cloro libre residual,246791,<0.10,N,0.020
M-016-AC1,Recuento de E. coli,246791,0,N,0.000
D_TURBIDEZ,Turbidez,246791,<0.20,N,0.160
D_PH,pH,246791,7.8,N,7.750
D_CONDUCT,Conductividad a 20 ºC,246791,298,N,298.100
MET-GRF-AC,Hierro total,246791,<10.0,N,6.310
MET-GRF-AC,Cromo total,246791,<10.0,N,-0.150
MET-GRF-AC,Cobre total,246791,<0.050,N,0.026
M-016-AC1,Recuento de bacterias coliformes,246791,1,N,1.000
WMM-LM-CAM,Cloro combinado residual,246792,0.13,N,0.130
TEMP-PH,pH-Temperatura de medida,246792,22.5,N,22.500
MET-GRF-AC,Plomo total,246792,<1.0,N,0.060
MET-GRF-AC,Niquel total,246792,<5.0,N,0.650
MET-GRF-AC,Hierro total,246792,<10.0,N,5.970
MET-GRF-AC,Cromo total,246792,<10.0,N,-0.090
MET-GRF-AC,Cobre total,246792,<0.050,N,0.002
MET-GRF-AC,Aluminio total,246792,71.0,N,70.970
M-016-AC1,Recuento de bacterias coliformes,246792,0,N,0.000
M-016-AC1,Recuento de E. coli,246792,0,N,0.000
D_PH,pH,246792,7.8,N,7.790
D_CONDUCT,Conductividad a 20 ºC,246792,292,N,292.300
WMM-LM-CAM,Cloro libre residual,246792,0.20,N,0.200
D_TURBIDEZ,Turbidez,246792,<0.20,N,0.170
M-016-AC1,Recuento de E. coli,246793,0,N,0.000
M-016-AC1,Recuento de bacterias coliformes,246793,2,N,2.000
MET-GRF-AC,Aluminio total,246793,58.6,N,58.550
MET-GRF-AC,Cobre total,246793,<0.050,N,0.032
MET-GRF-AC,Cromo total,246793,<10.0,N,0.670
MET-GRF-AC,Hierro total,246793,13.3,N,13.310
MET-GRF-AC,Niquel total,246793,<5.0,N,1.630
MET-GRF-AC,Plomo total,246793,<1.0,N,0.800
TEMP-PH,pH-Temperatura de medida,246793,24.8,N,24.800
WMM-LM-CAM,Cloro combinado residual,246793,<0.10,N,0.050
WMM-LM-CAM,Cloro libre residual,246793,<0.10,N,0.050
D_CONDUCT,Conductividad a 20 ºC,246793,300,N,299.500
D_PH,pH,246793,7.9,N,7.920
D_TURBIDEZ,Turbidez,246793,<0.20,N,0.160
M-016-AC1,Recuento de bacterias coliformes,246795,0,N,0.000
M-016-AC1,Recuento de E. coli,246795,0,N,0.000
M-016-AC1,Recuento de E. coli,246814,0,N,0.000
WMM-LM-CAM,Cloro libre residual,246814,<0.10,N,0.000
D_TURBIDEZ,Turbidez,246814,<0.20,N,0.100
D_PH,pH,246814,8.0,N,8.020
D_CONDUCT,Conductividad a 20 ºC,246814,303,N,303.300
M-016-AC1,Recuento de bacterias coliformes,246814,0,N,0.000
MET-GRF-AC,Aluminio total,246814,70.0,N,70.000
MET-GRF-AC,Cobre total,246814,<0.050,N,0.005
MET-GRF-AC,Cromo total,246814,<10.0,N,-0.030
MET-GRF-AC,Hierro total,246814,<10.0,N,4.870
MET-GRF-AC,Niquel total,246814,<5.0,N,0.450
MET-GRF-AC,Plomo total,246814,<1.0,N,0.230
TEMP-PH,pH-Temperatura de medida,246814,24.3,N,24.300
WMM-LM-CAM,Cloro combinado residual,246814,0.19,N,0.190
M-016-AC1,Recuento de E. coli,246815,0,N,0.000
D_TURBIDEZ,Turbidez,246815,0.25,N,0.250
D_PH,pH,246815,7.8,N,7.750
D_CONDUCT,Conductividad a 20 ºC,246815,293,N,292.500
M-016-AC1,Recuento de bacterias coliformes,246815,0,N,0.000
WMM-LM-CAM,Cloro libre residual,246815,0.17,N,0.170
WMM-LM-CAM,Cloro combinado residual,246815,0.20,N,0.200
TEMP-PH,pH-Temperatura de medida,246815,21.3,N,21.300
MET-GRF-AC,Plomo total,246815,<1.0,N,0.100
MET-GRF-AC,Niquel total,246815,<5.0,N,0.470
MET-GRF-AC,Hierro total,246815,<10.0,N,7.530
MET-GRF-AC,Cromo total,246815,<10.0,N,0.080
MET-GRF-AC,Cobre total,246815,<0.050,N,0.001
MET-GRF-AC,Aluminio total,246815,61.4,N,61.420
D_CONDUCT,Conductividad a 20 ºC,246816,296,N,296.100
WMM-LM-CAM,Cloro libre residual,246816,0.11,N,0.110
D_TURBIDEZ,Turbidez,246816,<0.20,N,0.170
M-016-AC1,Recuento de E. coli,246816,0,N,0.000
WMM-LM-CAM,Cloro combinado residual,246816,0.18,N,0.180
TEMP-PH,pH-Temperatura de medida,246816,23.1,N,23.100
MET-GRF-AC,Plomo total,246816,<1.0,N,0.140
MET-GRF-AC,Niquel total,246816,<5.0,N,0.820
MET-GRF-AC,Hierro total,246816,<10.0,N,6.130
MET-GRF-AC,Cromo total,246816,<10.0,N,0.140
MET-GRF-AC,Cobre total,246816,<0.050,N,0.003
MET-GRF-AC,Aluminio total,246816,58.6,N,58.580
M-016-AC1,Recuento de bacterias coliformes,246816,0,N,0.000
D_PH,pH,246816,7.8,N,7.800
D_TURBIDEZ,Turbidez,246817,<0.20,N,0.110
M-016-AC1,Recuento de E. coli,246817,0,N,0.000
M-016-AC1,Recuento de bacterias coliformes,246817,0,N,0.000
MET-GRF-AC,Aluminio total,246817,57.1,N,57.070
MET-GRF-AC,Cobre total,246817,<0.050,N,0.008
MET-GRF-AC,Cromo total,246817,<10.0,N,0.070
MET-GRF-AC,Hierro total,246817,<10.0,N,5.970
MET-GRF-AC,Niquel total,246817,<5.0,N,1.000
MET-GRF-AC,Plomo total,246817,<1.0,N,0.400
TEMP-PH,pH-Temperatura de medida,246817,23.4,N,23.400
WMM-LM-CAM,Cloro combinado residual,246817,0.11,N,0.110
WMM-LM-CAM,Cloro libre residual,246817,<0.10,N,0.000
D_CONDUCT,Conductividad a 20 ºC,246817,294,N,294.000
D_PH,pH,246817,7.7,N,7.690
D_CONDUCT,Conductividad a 20 ºC,246818,296,N,295.600
WMM-LM-CAM,Cloro libre residual,246818,0.10,N,0.100
D_TURBIDEZ,Turbidez,246818,<0.20,N,0.140
M-016-AC1,Recuento de E. coli,246818,0,N,0.000
M-016-AC1,Recuento de bacterias coliformes,246818,0,N,0.000
MET-GRF-AC,Aluminio total,246818,52.3,N,52.330
MET-GRF-AC,Cobre total,246818,<0.050,N,0.001
MET-GRF-AC,Cromo total,246818,<10.0,N,0.070
MET-GRF-AC,Hierro total,246818,<10.0,N,6.580
MET-GRF-AC,Niquel total,246818,<5.0,N,0.490
MET-GRF-AC,Plomo total,246818,<1.0,N,0.070
TEMP-PH,pH-Temperatura de medida,246818,24.2,N,24.200
WMM-LM-CAM,Cloro combinado residual,246818,0.12,N,0.120
D_PH,pH,246818,7.8,N,7.760
D_CONDUCT,Conductividad a 20 ºC,246820,295,N,295.100
D_PH,pH,246820,7.8,N,7.760
D_TURBIDEZ,Turbidez,246820,<0.20,N,0.120
M-016-AC1,Recuento de E. coli,246820,0,N,0.000
M-016-AC1,Recuento de bacterias coliformes,246820,0,N,0.000
MET-GRF-AC,Aluminio total,246820,<50.0,N,46.320
MET-GRF-AC,Cobre total,246820,<0.050,N,0.006
MET-GRF-AC,Cromo total,246820,<10.0,N,0.180
MET-GRF-AC,Hierro total,246820,<10.0,N,6.370
MET-GRF-AC,Niquel total,246820,<5.0,N,0.500
MET-GRF-AC,Plomo total,246820,<1.0,N,0.350
TEMP-PH,pH-Temperatura de medida,246820,24.3,N,24.300
WMM-LM-CAM,Cloro combinado residual,246820,<0.10,N,0.050
WMM-LM-CAM,Cloro libre residual,246820,<0.10,N,0.020
MET-GRF-AC,Plomo total,246821,<1.0,N,0.020
WMM-LM-CAM,Cloro libre residual,246821,0.18,N,0.180
MET-GRF-AC,Hierro total,246821,<10.0,N,4.090
MET-GRF-AC,Cromo total,246821,<10.0,N,-0.050
MET-GRF-AC,Cobre total,246821,<0.050,N,0.001
MET-GRF-AC,Aluminio total,246821,<50.0,N,45.420
M-016-AC1,Recuento de bacterias coliformes,246821,0,N,0.000
M-016-AC1,Recuento de E. coli,246821,0,N,0.000
D_TURBIDEZ,Turbidez,246821,<0.20,N,0.110
D_PH,pH,246821,7.7,N,7.710
D_CONDUCT,Conductividad a 20 ºC,246821,296,N,296.200
TEMP-PH,pH-Temperatura de medida,246821,24.6,N,24.600
WMM-LM-CAM,Cloro combinado residual,246821,<0.10,N,0.080
MET-GRF-AC,Niquel total,246821,<5.0,N,0.610
MET-GRF-AC,Plomo total,246822,1.1,N,1.120
TEMP-PH,pH-Temperatura de medida,246822,24.0,N,24.000
WMM-LM-CAM,Cloro combinado residual,246822,<0.10,N,0.000
WMM-LM-CAM,Cloro libre residual,246822,<0.10,N,0.000
D_CONDUCT,Conductividad a 20 ºC,246822,298,N,298.200
D_PH,pH,246822,7.8,N,7.750
D_TURBIDEZ,Turbidez,246822,<0.20,N,0.190
M-016-AC1,Recuento de E. coli,246822,0,N,0.000
M-016-AC1,Recuento de bacterias coliformes,246822,0,N,0.000
MET-GRF-AC,Aluminio total,246822,66.2,N,66.200
MET-GRF-AC,Cobre total,246822,<0.050,N,0.032
MET-GRF-AC,Cromo total,246822,<10.0,N,-0.070
MET-GRF-AC,Niquel total,246822,<5.0,N,0.910
MET-GRF-AC,Hierro total,246822,<10.0,N,6.130
WMM-LM-CAM,Cloro libre residual,246823,0.16,N,0.160
WMM-LM-CAM,Cloro combinado residual,246823,0.20,N,0.200
TEMP-PH,pH-Temperatura de medida,246823,23.2,N,23.200
MET-GRF-AC,Plomo total,246823,<1.0,N,0.040
MET-GRF-AC,Niquel total,246823,<5.0,N,0.350
MET-GRF-AC,Hierro total,246823,<10.0,N,5.310
MET-GRF-AC,Cromo total,246823,<10.0,N,-0.090
MET-GRF-AC,Cobre total,246823,<0.050,N,0.001
MET-GRF-AC,Aluminio total,246823,55.6,N,55.590
M-016-AC1,Recuento de bacterias coliformes,246823,0,N,0.000
M-016-AC1,Recuento de E. coli,246823,0,N,0.000
D_TURBIDEZ,Turbidez,246823,0.26,N,0.260
D_CONDUCT,Conductividad a 20 ºC,246823,293,N,293.400
D_PH,pH,246823,7.8,N,7.760
M-016-AC1,Recuento de E. coli,246846,0,N,0.000
M-016-AC1,Recuento de bacterias coliformes,246846,0,N,0.000