Sampled date,Collected by,Collected from,Customer id,Date authorised,Description,Group id,Id Numeric,Id Text,Job Name,Motivo ekuis,Obser ekuis,Product,Reception notes,Record id,Sample name,Sample type,Sampling point,Table name,Template id,Test schedule,Enviable ekuis
"17-FEB-2025 10:48:00","OSKAR     ","grifo baño masc                                                                                     ","LAB_MUN   ","08-OCT-2025 09:43:11","agua de grifo                                                                                       ","LM_CAMPO  ","    238091","AG_CONSUMO-D-010-080597       ","AGUAS-POT-2025      ","5         ","                                                                                                    ","AGUAS_POT ","                                                                                                    ","G1        ","Agua de consumo               ","AG_CONSUMO","G-98      ","REDES     ","WMM_LM_POT","POT-GRIFO ","N"
"17-FEB-2025 08:50:00","OSKAR     ","grifo vest ,2 1ºizd                                                                                 ","LAB_MUN   ","08-OCT-2025 09:43:11","agua de grifo                                                                                       ","LM_CAMPO  ","    238092","AG_CONSUMO-G-13-080598        ","AGUAS-POT-2025      ","5         ","                                                                                                    ","AGUAS_POT ","                                                                                                    ","G1        ","Agua de consumo               ","AG_CONSUMO","G-13      ","REDES     ","WMM_LM_POT","POT-GRIFO "," "
"17-FEB-2025 10:17:00","OSKAR     ","grifo vest 1, 1º izd                                                                                ","LAB_MUN   ","08-OCT-2025 09:43:11","agua de grifo                                                                                       ","LM_CAMPO  ","    238093","AG_CONSUMO-G-14-080599        ","AGUAS-POT-2025      ","5         ","                                                                                                    ","AGUAS_POT ","                                                                                                    ","G1        ","Agua de consumo               ","AG_CONSUMO","G-14      ","REDES     ","WMM_LM_POT","POT-GRIFO "," "
"17-FEB-2025 09:05:00","OSKAR     ","grifo baño masc 1º izd                                                                              ","LAB_MUN   ","08-OCT-2025 09:43:11","agua de grifo                                                                                       ","LM_CAMPO  ","    238094","AG_CONSUMO-G-15-080600        ","AGUAS-POT-2025      ","5         ","                                                                                                    ","AGUAS_POT ","                                                                                                    ","G1        ","Agua de consumo               ","AG_CONSUMO","G-15      ","REDES     ","WMM_LM_POT","POT-GRIFO "," "
"17-FEB-2025 11:33:00","OSKAR     ","grifo baño masc 1º dch                                                                              ","LAB_MUN   ","08-OCT-2025 09:43:11","agua de grifo                                                                                       ","LM_CAMPO  ","    238095","AG_CONSUMO-D-010-080601       ","AGUAS-POT-2025      ","5         ","                                                                                                    ","AGUAS_POT ","                                                                                                    ","G1        ","Agua de consumo               ","AG_CONSUMO","G-16      ","REDES     ","WMM_LM_POT","POT-GRIFO "," "
"17-FEB-2025 11:05:00","OSKAR     ","grifo baño masc 1º izd                                                                              ","LAB_MUN   ","08-OCT-2025 09:43:11","agua de grifo                                                                                       ","LM_CAMPO  ","    238096","AG_CONSUMO-D-010-080602       ","AGUAS-POT-2025      ","5         ","                                                                                                    ","AGUAS_POT ","                                                                                                    ","G1        ","Agua de consumo               ","AG_CONSUMO","G-18      ","REDES     ","WMM_LM_POT","POT-GRIFO "," "
"17-FEB-2025 09:15:00","OSKAR     ","grifo bar                                                                                           ","LAB_MUN   ","08-OCT-2025 09:43:11","agua de grifo                                                                                       ","LM_CAMPO  ","    238097","AG_CONSUMO-G-61-080603        ","AGUAS-POT-2025      ","5         ","                                                                                                    ","AGUAS_POT ","                                                                                                    ","G1        ","Agua de consumo               ","AG_CONSUMO","G-61      ","REDES     ","WMM_LM_POT","POT-GRIFO "," "
"17-FEB-2025 11:18:00","OSKAR     ","grifo bar                                                                                           ","LAB_MUN   ","08-OCT-2025 09:43:11","agua de grifo                                                                                       ","LM_CAMPO  ","    238098","AG_CONSUMO-G-62-080604        ","AGUAS-POT-2025      ","5         ","                                                                                                    ","AGUAS_POT ","                                                                                                    ","G1        ","Agua de consumo               ","AG_CONSUMO","G-62      ","REDES     ","WMM_LM_POT","POT-GRIFO "," "
"18-FEB-2025 10:18:00","OSKAR     ","baño masc grifo único                                                                               ","LAB_MUN   ","08-OCT-2025 09:43:17","agua de grifo                                                                                       ","LM_CAMPO  ","    238103","AG_CONSUMO-G-19-080609        ","AGUAS-POT-2025      ","5         ","                                                                                                    ","AGUAS_POT ","                                                                                                    ","          ","Agua de consumo               ","AG_CONSUMO","G-19      ","REDES     ","WMM_LM_POT","POT-GRIFO ","E"
"18-FEB-2025 11:00:00","OSKAR     ","baño masc 1ºdch                                                                                     ","LAB_MUN   ","08-OCT-2025 09:43:17","agua de grifo                                                                                       ","LM_CAMPO  ","    238104","AG_CONSUMO-G-21-080610        ","AGUAS-POT-2025      ","5         ","                                                                                                    ","AGUAS_POT ","                                                                                                    ","          ","Agua de consumo               ","AG_CONSUMO","G-21      ","REDES     ","WMM_LM_POT","POT-GRIFO ","E"
"18-FEB-2025 12:22:00","OSKAR     ","baño masc 1º iz                                                                                     ","LAB_MUN   ","08-OCT-2025 09:43:17","agua de grifo                                                                                       ","LM_CAMPO  ","    238105","AG_CONSUMO-D-035-080611       ","AGUAS-POT-2025      ","5         ","                                                                                                    ","AGUAS_POT ","                                                                                                    ","          ","Agua de consumo               ","AG_CONSUMO","G-96      ","REDES     ","WMM_LM_POT","POT-GRIFO ","E"
"18-FEB-2025 12:10:00","OSKAR     ","baño masc 1 dch                                                                                     ","LAB_MUN   ","08-OCT-2025 09:43:17","agua de grifo                                                                                       ","LM_CAMPO  ","    238106","AG_CONSUMO-D-033-080612       ","AGUAS-POT-2025      ","5         ","                                                                                                    ","AGUAS_POT ","                                                                                                    ","          ","Agua de consumo               ","AG_CONSUMO","G-97      ","REDES     ","WMM_LM_POT","POT-GRIFO ","E"
"18-FEB-2025 11:22:00","OSKAR     ","baño masc 1ºdch                                                                                     ","LAB_MUN   ","08-OCT-2025 09:43:17","agua de grifo                                                                                       ","LM_CAMPO  ","    238107","AG_CONSUMO-G-17-080613        ","AGUAS-POT-2025      ","5         ","                                                                                                    ","AGUAS_POT ","                                                                                                    ","          ","Agua de consumo               ","AG_CONSUMO","G-17      ","REDES     ","WMM_LM_POT","POT-GRIFO ","E"
"18-FEB-2025 12:37:00","OSKAR     ","baño masc 1 dch                                                                                     ","LAB_MUN   ","08-OCT-2025 09:43:17","agua de grifo                                                                                       ","LM_CAMPO  ","    238108","AG_CONSUMO-G-38-080614        ","AGUAS-POT-2025      ","5         ","                                                                                                    ","AGUAS_POT ","                                                                                                    ","          ","Agua de consumo               ","AG_CONSUMO","G-38      ","REDES     ","WMM_LM_POT","POT-GRIFO ","E"
"18-FEB-2025 11:39:00","OSKAR     ","baño masc 1izd                                                                                      ","LAB_MUN   ","08-OCT-2025 09:43:17","agua de grifo                                                                                       ","LM_CAMPO  ","    238109","AG_CONSUMO-G-64-080615        ","AGUAS-POT-2025      ","5         ","                                                                                                    ","AGUAS_POT ","                                                                                                    ","          ","Agua de consumo               ","AG_CONSUMO","G-64      ","REDES     ","WMM_LM_POT","POT-GRIFO ","E"
"18-FEB-2025 11:52:00","OSKAR     ","baño masc 1izd                                                                                      ","LAB_MUN   ","08-OCT-2025 09:43:17","agua de grifo                                                                                       ","LM_CAMPO  ","    238110","AG_CONSUMO-G-65-080616        ","AGUAS-POT-2025      ","5         ","                                                                                                    ","AGUAS_POT ","                                                                                                    ","          ","Agua de consumo               ","AG_CONSUMO","G-65      ","REDES     ","WMM_LM_POT","POT-GRIFO ","E"
"18-FEB-2025 11:10:00","OSKAR     ","baño masc 1izd                                                                                      ","LAB_MUN   ","08-OCT-2025 09:43:17","agua de grifo                                                                                       ","LM_CAMPO  ","    238111","AG_CONSUMO-G-66-080617        ","AGUAS-POT-2025      ","5         ","                                                                                                    ","AGUAS_POT ","                                                                                                    ","          ","Agua de consumo               ","AG_CONSUMO","G-66      ","REDES     ","WMM_LM_POT","POT-GRIFO ","E"
"18-MAR-2025 11:10:00","OSKAR     ","grifo cocina pistola agua filtrada                                                                  ","LAB_MUN   ","08-OCT-2025 09:43:25","agua de red                                                                                         ","LM_CAMPO  ","    238518","AG_CONSUMO-G-4-080619         ","AGUAS-POT-2025      ","5         ","                                                                                                    ","AGUAS_POT ","                                                                                                    ","GRIFO     ","Agua de consumo               ","AG_CONSUMO","G-4       ","REDES     ","WMM_LM_POT","POT-GRIFO ","E"
"18-MAR-2025 11:35:00","OSKAR     ","grifo cocina                                                                                        ","LAB_MUN   ","08-OCT-2025 09:43:25","agua de red                                                                                         ","LM_CAMPO  ","    238519","AG_CONSUMO-G-35-080620        ","AGUAS-POT-2025      ","5         ","                                                                                                    ","AGUAS_POT ","                                                                                                    ","GRIFO     ","Agua de consumo               ","AG_CONSUMO","G-35      ","REDES     ","WMM_LM_POT","POT-GRIFO ","E"
"18-MAR-2025 10:05:00","OSKAR     ","grifo cocina                                                                                        ","LAB_MUN   ","08-OCT-2025 09:43:25","agua de red                                                                                         ","LM_CAMPO  ","    238520","AG_CONSUMO-G-60-080621        ","AGUAS-POT-2025      ","5         ","                                                                                                    ","AGUAS_POT ","                                                                                                    ","GRIFO     ","Agua de consumo               ","AG_CONSUMO","G-60      ","REDES     ","WMM_LM_POT","POT-GRIFO ","E"
"18-MAR-2025 12:00:00","OSKAR     ","grifo taller                                                                                        ","LAB_MUN   ","08-OCT-2025 09:43:25","agua de red                                                                                         ","LM_CAMPO  ","    238521","AG_CONSUMO-D-017-080622       ","AGUAS-POT-2025      ","5         ","                                                                                                    ","AGUAS_POT ","                                                                                                    ","GRIFO     ","Agua de consumo               ","AG_CONSUMO","G-73      ","REDES     ","WMM_LM_POT","POT-GRIFO ","E"
"18-MAR-2025 10:30:00","OSKAR     ","grifo cocina                                                                                        ","LAB_MUN   ","08-OCT-2025 09:43:25","agua de red                                                                                         ","LM_CAMPO  ","    238522","AG_CONSUMO-G-58-080623        ","AGUAS-POT-2025      ","5         ","                                                                                                    ","AGUAS_POT ","                                                                                                    ","GRIFO     ","Agua de consumo               ","AG_CONSUMO","G-58      ","REDES     ","WMM_LM_POT","POT-GRIFO ","E"
"18-MAR-2025 12:05:00","OSKAR     ","grifo bar                                                                                           ","LAB_MUN   ","08-OCT-2025 09:43:25","agua de red                                                                                         ","LM_CAMPO  ","    238523","AG_CONSUMO-G-73-080624        ","AGUAS-POT-2025      ","3         ","                                                                                                    ","AGUAS_POT ","                                                                                                    ","GRIFO     ","Agua de consumo               ","AG_CONSUMO","G-73      ","REDES     ","WMM_LM_POT","POT-GRIFO ","E"
"19-MAR-2025 09:15:00","OSKAR     ","grifo bar cafeteria                                                                                 ","LAB_MUN   ","08-OCT-2025 09:43:25","agua de grifo                                                                                       ","LM_CAMPO  ","    238529","AG_CONSUMO-G-67-080625        ","AGUAS-POT-2025      ","5         ","                                                                                                    ","AGUAS_POT ","                                                                                                    ","GRIFOS    ","Agua de consumo               ","AG_CONSUMO","G-67      ","          ","WMM_LM_POT","POT-GRIFO "," "
"19-MAR-2025 10:15:00","OSKAR     ","grifo cafeteria                                                                                     ","LAB_MUN   ","08-OCT-2025 09:43:25","agua de grifo                                                                                       ","LM_CAMPO  ","    238530","AG_CONSUMO-G-68-080626        ","AGUAS-POT-2025      ","5         ","                                                                                                    ","AGUAS_POT ","                                                                                                    ","GRIFOS    ","Agua de consumo               ","AG_CONSUMO","G-68      ","          ","WMM_LM_POT","POT-GRIFO "," "
"19-MAR-2025 09:45:00","OSKAR     ","grifo cafetería no pedal                                                                            ","LAB_MUN   ","08-OCT-2025 09:43:25","agua de grifo                                                                                       ","LM_CAMPO  ","    238531","AG_CONSUMO-G-69-080627        ","AGUAS-POT-2025      ","5         ","                                                                                                    ","AGUAS_POT ","                                                                                                    ","GRIFOS    ","Agua de consumo               ","AG_CONSUMO","G-69      ","          ","WMM_LM_POT","POT-GRIFO "," "
"19-MAR-2025 11:05:00","OSKAR     ","lavabo izd vest hombresgimnasio abajo                                                               ","LAB_MUN   ","08-OCT-2025 09:43:25","agua de grifo                                                                                       ","LM_CAMPO  ","    238532","AG_CONSUMO-D-023-080628       ","AGUAS-POT-2025      ","5         ","                                                                                                    ","AGUAS_POT ","                                                                                                    ","GRIFOS    ","Agua de consumo               ","AG_CONSUMO","G-95      ","          ","WMM_LM_POT","POT-GRIFO "," "
"19-MAR-2025 12:05:00","OSKAR     ","1º lavabo baño masc. al lado cafetería                                                              ","LAB_MUN   ","08-OCT-2025 09:43:25","agua de grifo                                                                                       ","LM_CAMPO  ","    238533","AG_CONSUMO-G-25-080629        ","AGUAS-POT-2025      ","5         ","                                                                                                    ","AGUAS_POT ","                                                                                                    ","GRIFOS    ","Agua de consumo               ","AG_CONSUMO","G-25      ","          ","WMM_LM_POT","POT-GRIFO "," "
"19-MAR-2025 11:50:00","OSKAR     ","lavabo central baño masc. mod.1 pta baja                                                            ","LAB_MUN   ","08-OCT-2025 09:43:25","agua de grifo                                                                                       ","LM_CAMPO  ","    238534","AG_CONSUMO-G-70-080630        ","AGUAS-POT-2025      ","5         ","                                                                                                    ","AGUAS_POT ","                                                                                                    ","GRIFOS    ","Agua de consumo               ","AG_CONSUMO","G-70      ","          ","WMM_LM_POT","POT-GRIFO "," "
"19-MAR-2025 12:25:00","OSKAR     ","grifo vest.masc. 1ºlavabo izd                                                                       ","LAB_MUN   ","08-OCT-2025 09:43:25","agua de grifo                                                                                       ","LM_CAMPO  ","    238535","AG_CONSUMO-G-71-080631        ","AGUAS-POT-2025      ","5         ","                                                                                                    ","AGUAS_POT ","                                                                                                    ","GRIFOS    ","Agua de consumo               ","AG_CONSUMO","G-71      ","          ","WMM_LM_POT","POT-GRIFO "," "
"19-MAR-2025 10:50:00","OSKAR     ","grifo cafetería pedal                                                                               ","LAB_MUN   ","08-OCT-2025 09:43:25","agua de grifo                                                                                       ","LM_CAMPO  ","    238536","AG_CONSUMO-G-72-080632        ","AGUAS-POT-2025      ","5         ","                                                                                                    ","AGUAS_POT ","                                                                                                    ","GRIFOS    ","Agua de consumo               ","AG_CONSUMO","G-72      ","          ","WMM_LM_POT","POT-GRIFO "," "
"29-APR-2025 13:03:00","OSKAR     ","CC Arana  grifo 1º izd sin descarga                                                                 ","LAB_MUN   ","08-OCT-2025 09:44:14","agua de red                                                                                         ","LM_CAMPO  ","    239188","AG_CONSUMO-D-031-080655       ","AGUAS-POT-2025      ","3         ","                                                                                                    ","AGUAS_POT ","                                                                                                    ","          ","Agua de consumo               ","AG_CONSUMO","D-031     ","          ","WMM_LM_POT","POT-SANITA"," "
"29-APR-2025 13:13:00","OSKAR     ","CC Arana dejando correr 10 min                                                                      ","LAB_MUN   ","08-OCT-2025 09:44:14","agua de red a los 10 minutos                                                                        ","LM_CAMPO  ","    239189","AG_CONSUMO-D-031-080656       ","AGUAS-POT-2025      ","2         ","comprobacion incidencia Al 238886                                                                   ","AGUAS_POT ","                                                                                                    ","          ","Agua de consumo               ","AG_CONSUMO","D-031     ","          ","WMM_LM_POT","POT-SANITA"," "
"29-APR-2025 12:45:00","OSKAR     ","grifo podología muy cercano a la acometida                                                          ","LAB_MUN   ","08-OCT-2025 09:44:14","agua de red                                                                                         ","LM_CAMPO  ","    239192","AG_CONSUMO-D-1077-080657      ","AGUAS-POT-2025      ","3         ","                                                                                                    ","AGUAS_POT ","                                                                                                    ","REDES     ","Agua de consumo               ","AG_CONSUMO","D-1077    ","          ","WMM_LM_POT","          "," "
"06-MAY-2025 11:36:00","OSKAR     ","fuente                                                                                              ","LAB_MUN   ","08-OCT-2025 09:44:34","agua de red                                                                                         ","LM_CAMPO  ","    239226","AG_CONSUMO-D-161-080674       ","AGUAS-POT-2025      ","3         ","                                                                                                    ","AGUAS_POT ","                                                                                                    ","P2        ","Agua de consumo               ","AG_CONSUMO","D-161     ","PUEBLOS   ","WMM_LM_POT","POT-SANITA"," "
"12-MAY-2025 10:25:00","OSKAR     ","fuente                                                                                              ","LAB_MUN   ","08-OCT-2025 09:44:51","agua de red                                                                                         ","LM_CAMPO  ","    239377","AG_CONSUMO-D-111-080680       ","AGUAS-POT-2025      ","3         ","                                                                                                    ","AGUAS_POT ","                                                                                                    ","P3        ","Agua de consumo               ","AG_CONSUMO","D-111     ","PUEBLOS   ","WMM_LM_POT","POT-SANITA"," "
"12-MAY-2025 10:00:00","OSKAR     ","fuente                                                                                              ","LAB_MUN   ","08-OCT-2025 09:44:51","agua de red                                                                                         ","LM_CAMPO  ","    239378","AG_CONSUMO-D-112-080681       ","AGUAS-POT-2025      ","3         ","                                                                                                    ","AGUAS_POT ","                                                                                                    ","P3        ","Agua de consumo               ","AG_CONSUMO","D-112     ","PUEBLOS   ","WMM_LM_POT","POT-SANITA"," "
"12-MAY-2025 09:50:00","OSKAR     ","fuente                                                                                              ","LAB_MUN   ","08-OCT-2025 09:44:51","agua de red                                                                                         ","LM_CAMPO  ","    239379","AG_CONSUMO-D-115-080682       ","AGUAS-POT-2025      ","3         ","                                                                                                    ","AGUAS_POT ","                                                                                                    ","P3        ","Agua de consumo               ","AG_CONSUMO","D-115     ","PUEBLOS   ","WMM_LM_POT","POT-SANITA"," "
"12-MAY-2025 10:10:00","OSKAR     ","fuente                                                                                              ","LAB_MUN   ","08-OCT-2025 09:44:51","agua de red                                                                                         ","LM_CAMPO  ","    239380","AG_CONSUMO-D-116-080683       ","AGUAS-POT-2025      ","3         ","                                                                                                    ","AGUAS_POT ","                                                                                                    ","P3        ","Agua de consumo               ","AG_CONSUMO","D-116     ","PUEBLOS   ","WMM_LM_POT","POT-SANITA"," "
"12-MAY-2025 11:25:00","OSKAR     ","casa 6b cocina                                                                                      ","LAB_MUN   ","08-OCT-2025 09:44:51","agua de red                                                                                         ","LM_CAMPO  ","    239381","AG_CONSUMO-D-122-080684       ","AGUAS-POT-2025      ","3         ","                                                                                                    ","AGUAS_POT ","                                                                                                    ","P3        ","Agua de consumo               ","AG_CONSUMO","D-122     ","PUEBLOS   ","WMM_LM_POT","POT-SANITA"," "
"12-MAY-2025 10:55:00","OSKAR     ","fuente                                                                                              ","LAB_MUN   ","08-OCT-2025 09:44:51","agua de red                                                                                         ","LM_CAMPO  ","    239382","AG_CONSUMO-D-124-080685       ","AGUAS-POT-2025      ","3         ","                                                                                                    ","AGUAS_POT ","                                                                                                    ","P3        ","Agua de consumo               ","AG_CONSUMO","D-124     ","PUEBLOS   ","WMM_LM_POT","POT-SANITA"," "
"12-MAY-2025 11:40:00","OSKAR     ","fuente                                                                                              ","LAB_MUN   ","08-OCT-2025 09:44:51","agua de red                                                                                         ","LM_CAMPO  ","    239383","AG_CONSUMO-D-125-080686       ","AGUAS-POT-2025      ","3         ","                                                                                                    ","AGUAS_POT ","                                                                                                    ","P3        ","Agua de consumo               ","AG_CONSUMO","D-125     ","PUEBLOS   ","WMM_LM_POT","POT-SANITA"," "
"12-MAY-2025 11:05:00","OSKAR     ","fuente                                                                                              ","LAB_MUN   ","08-OCT-2025 09:44:51","agua de red                                                                                         ","LM_CAMPO  ","    239384","AG_CONSUMO-D-126-080687       ","AGUAS-POT-2025      ","3         ","                                                                                                    ","AGUAS_POT ","                                                                                                    ","P3        ","Agua de consumo               ","AG_CONSUMO","D-126     ","PUEBLOS   ","WMM_LM_POT","POT-SANITA"," "
"12-MAY-2025 11:50:00","OSKAR     ","fuente                                                                                              ","LAB_MUN   ","08-OCT-2025 09:44:51","agua de red                                                                                         ","LM_CAMPO  ","    239385","AG_CONSUMO-D-131-080688       ","AGUAS-POT-2025      ","3         ","                                                                                                    ","AGUAS_POT ","                                                                                                    ","P3        ","Agua de consumo               ","AG_CONSUMO","D-131     ","PUEBLOS   ","WMM_LM_POT","POT-SANITA"," "
"12-MAY-2025 12:00:00","OSKAR     ","fuente                                                                                              ","LAB_MUN   ","08-OCT-2025 09:44:51","agua de red                                                                                         ","LM_CAMPO  ","    239386","AG_CONSUMO-D-132-080689       ","AGUAS-POT-2025      ","3         ","                                                                                                    ","AGUAS_POT ","                                                                                                    ","P3        ","Agua de consumo               ","AG_CONSUMO","D-132     ","PUEBLOS   ","WMM_LM_POT","POT-SANITA"," "
"12-MAY-2025 12:10:00","OSKAR     ","fuente                                                                                              ","LAB_MUN   ","08-OCT-2025 09:44:51","agua de red                                                                                         ","LM_CAMPO  ","    239387","AG_CONSUMO-D-133-080690       ","AGUAS-POT-2025      ","3         ","                                                                                                    ","AGUAS_POT ","                                                                                                    ","P3        ","Agua de consumo               ","AG_CONSUMO","D-133     ","PUEBLOS   ","WMM_LM_POT","POT-SANITA"," "
"13-MAY-2025 10:40:00","OSKAR     ","fuente                                                                                              ","LAB_MUN   ","08-OCT-2025 09:44:51","agua de red                                                                                         ","LM_CAMPO  ","    239403","AG_CONSUMO-D-027-080691       ","AGUAS-POT-2025      ","3         ","                                                                                                    ","AGUAS_POT ","                                                                                                    ","P4        ","Agua de consumo               ","AG_CONSUMO","D-027     ","PUEBLOS   ","WMM_LM_POT","POT-SANITA"," "
"13-MAY-2025 11:25:00","OSKAR     ","fuente                                                                                              ","LAB_MUN   ","08-OCT-2025 09:44:51","agua de red                                                                                         ","LM_CAMPO  ","    239404","AG_CONSUMO-D-151-080692       ","AGUAS-POT-2025      ","3         ","                                                                                                    ","AGUAS_POT ","                                                                                                    ","P4        ","Agua de consumo               ","AG_CONSUMO","D-151     ","PUEBLOS   ","WMM_LM_POT","POT-SANITA"," "
"13-MAY-2025 10:50:00","OSKAR     ","fuente                                                                                              ","LAB_MUN   ","08-OCT-2025 09:44:51","agua de red                                                                                         ","LM_CAMPO  ","    239405","AG_CONSUMO-D-160-080693       ","AGUAS-POT-2025      ","3         ","                                                                                                    ","AGUAS_POT ","                                                                                                    ","P4        ","Agua de consumo               ","AG_CONSUMO","D-160     ","PUEBLOS   ","WMM_LM_POT","POT-SANITA"," "
"13-MAY-2025 11:05:00","OSKAR     ","fuente                                                                                              ","LAB_MUN   ","08-OCT-2025 09:44:51","agua de red                                                                                         ","LM_CAMPO  ","    239406","AG_CONSUMO-D-166-080694       ","AGUAS-POT-2025      ","3         ","                                                                                                    ","AGUAS_POT ","                                                                                                    ","P4        ","Agua de consumo               ","AG_CONSUMO","D-166     ","PUEBLOS   ","WMM_LM_POT","POT-SANITA"," "
"13-MAY-2025 12:08:00","OSKAR     ","fuente                                                                                              ","LAB_MUN   ","08-OCT-2025 09:44:51","agua de red                                                                                         ","LM_CAMPO  ","    239407","AG_CONSUMO-D-170-080695       ","AGUAS-POT-2025      ","3         ","                                                                                                    ","AGUAS_POT ","                                                                                                    ","P4        ","Agua de consumo               ","AG_CONSUMO","D-170     ","PUEBLOS   ","WMM_LM_POT","POT-SANITA"," "
"13-MAY-2025 11:53:00","OSKAR     ","fuente                                                                                              ","LAB_MUN   ","08-OCT-2025 09:44:51","agua de red                                                                                         ","LM_CAMPO  ","    239408","AG_CONSUMO-D-171-080696       ","AGUAS-POT-2025      ","3         ","                                                                                                    ","AGUAS_POT ","                                                                                                    ","P4        ","Agua de consumo               ","AG_CONSUMO","D-171     ","PUEBLOS   ","WMM_LM_POT","POT-SANITA"," "
"13-MAY-2025 12:00:00","OSKAR     ","fuente                                                                                              ","LAB_MUN   ","08-OCT-2025 09:44:51","agua de red                                                                                         ","LM_CAMPO  ","    239409","AG_CONSUMO-D-174-080697       ","AGUAS-POT-2025      ","3         ","                                                                                                    ","AGUAS_POT ","                                                                                                    ","P4        ","Agua de consumo               ","AG_CONSUMO","D-174     ","PUEBLOS   ","WMM_LM_POT","POT-SANITA"," "
"13-MAY-2025 11:45:00","NUMARTIN  ","fuente                                                                                              ","LAB_MUN   ","08-OCT-2025 09:44:51","agua de red                                                                                         ","LM_CAMPO  ","    239410","AG_CONSUMO-D-175-080698       ","AGUAS-POT-2025      ","3         ","                                                                                                    ","AGUAS_POT ","                                                                                                    ","P4        ","Agua de consumo               ","AG_CONSUMO","D-175     ","PUEBLOS   ","WMM_LM_POT","POT-SANITA"," "
"13-MAY-2025 11:35:00","OSKAR     ","fuente                                                                                              ","LAB_MUN   ","08-OCT-2025 09:44:51","agua de red                                                                                         ","LM_CAMPO  ","    239411","AG_CONSUMO-D-176-080699       ","AGUAS-POT-2025      ","3         ","                                                                                                    ","AGUAS_POT ","                                                                                                    ","P4        ","Agua de consumo               ","AG_CONSUMO","D-176     ","PUEBLOS   ","WMM_LM_POT","POT-SANITA"," "
"13-MAY-2025 12:20:00","NUMARTIN  ","fuente                                                                                              ","LAB_MUN   ","08-OCT-2025 09:44:51","agua de red                                                                                         ","LM_CAMPO  ","    239412","AG_CONSUMO-D-172-080700       ","AGUAS-POT-2025      ","3         ","                                                                                                    ","AGUAS_POT ","                                                                                                    ","P4        ","Agua de consumo               ","AG_CONSUMO","D-172     ","PUEBLOS   ","WMM_LM_POT","POT-SANITA"," "
"13-MAY-2025 12:12:00","OSKAR     ","fuente                                                                                              ","LAB_MUN   ","08-OCT-2025 09:44:51","agua de red                                                                                         ","LM_CAMPO  ","    239413","AG_CONSUMO-D-176-080701       ","AGUAS-POT-2025      ","3         ","                                                                                                    ","AGUAS_POT ","                                                                                                    ","P4        ","Agua de consumo               ","AG_CONSUMO","D-173     ","PUEBLOS   ","WMM_LM_POT","POT-SANITA"," "
"13-MAY-2025 10:25:00","OSKAR     ","fuente                                                                                              ","LAB_MUN   ","08-OCT-2025 09:44:51","agua de red                                                                                         ","LM_CAMPO  ","    239414","AG_CONSUMO-D-172-080702       ","AGUAS-POT-2025      ","3         ","                                                                                                    ","AGUAS_POT ","                                                                                                    ","P4        ","Agua de consumo               ","AG_CONSUMO","D-180     ","PUEBLOS   ","WMM_LM_POT","POT-SANITA"," "
"13-MAY-2025 09:51:00","OSKAR     ","baño adaptado sin descarga                                                                          ","LAB_MUN   ","08-OCT-2025 09:44:51","agua de red                                                                                         ","LM_CAMPO  ","    239415","AG_CONSUMO-D-173-080703       ","AGUAS-POT-2025      ","3         ","                                                                                                    ","AGUAS_POT ","                                                                                                    ","REDES     ","Agua de consumo               ","AG_CONSUMO","D-017     ","GRIFO     ","WMM_LM_POT","POT-SANITA"," "
"13-MAY-2025 10:01:00","OSKAR     ","baño adaptado 10min descarga AFCH                                                                   ","LAB_MUN   ","08-OCT-2025 09:44:52","agua de red                                                                                         ","LM_CAMPO  ","    239416","AG_CONSUMO-D-180-080704       ","AGUAS-POT-2025      ","3         ","                                                                                                    ","AGUAS_POT ","                                                                                                    ","REDES     ","Agua de consumo               ","AG_CONSUMO","D-1013    ","DISTRIBUCI","WMM_LM_POT","POT-SANITA"," "
"14-MAY-2025 10:45:00","OSKAR     ","FUENTE                                                                                              ","LAB_MUN   ","08-OCT-2025 09:45:18","agua de red                                                                                         ","LM_CAMPO  ","    239425","AG_CONSUMO-D-130-080706       ","AGUAS-POT-2025      ","2         ","239198                                                                                              ","AGUAS_POT ","                                                                                                    ","PUEBLOS-01","Agua de consumo               ","AG_CONSUMO","D-130     ","PUEBLOS   ","WMM_LM_POT","POT-SANITA"," "
"14-MAY-2025 11:10:00","OSKAR     ","FUENTE                                                                                              ","LAB_MUN   ","08-OCT-2025 09:45:18","agua de red                                                                                         ","LM_CAMPO  ","    239426","AG_CONSUMO-D-124-080707       ","AGUAS-POT-2025      ","2         ","239382                                                                                              ","AGUAS_POT ","                                                                                                    ","PUEBLOS-03","Agua de consumo               ","AG_CONSUMO","D-124     ","PUEBLOS   ","WMM_LM_POT","POT-SANITA"," "
"21-MAY-2025 09:54:00","OSKAR     ","fuente                                                                                              ","LAB_MUN   ","08-OCT-2025 09:45:18","agua de red                                                                                         ","LM_CAMPO  ","    239515","AG_CONSUMO-D-148-080710       ","AGUAS-POT-2025      ","2         ","comprobacion incidencia 239377                                                                      ","AGUAS_POT ","                                                                                                    ","          ","Agua de consumo               ","AG_CONSUMO","D-111     ","PUEBLOS   ","WMM_LM_POT","          ","N"
"21-MAY-2025 09:40:00","OSKAR     ","fuente                                                                                              ","LAB_MUN   ","08-OCT-2025 09:45:18","agua de red                                                                                         ","LM_CAMPO  ","    239516","AG_CONSUMO-D-115-080711       ","AGUAS-POT-2025      ","2         ","comprobacion incidencia 239379                                                                      ","AGUAS_POT ","                                                                                                    ","          ","Agua de consumo               ","AG_CONSUMO","D-115     ","PUEBLOS   ","WMM_LM_POT","          ","N"
"21-MAY-2025 09:15:00","OSKAR     ","fuente                                                                                              ","LAB_MUN   ","08-OCT-2025 09:45:18","agua de red                                                                                         ","LM_CAMPO  ","    239517","AG_CONSUMO-D-111-080712       ","AGUAS-POT-2025      ","2         ","comprobacion incidencia 239223                                                                      ","AGUAS_POT ","                                                                                                    ","          ","Agua de consumo               ","AG_CONSUMO","D-148     ","PUEBLOS   ","WMM_LM_POT","          ","N"
"09-JUN-2025 11:35:00","NANCY     ","acometida                                                                                           ","LAB_MUN   ","08-OCT-2025 09:45:18","agua de red                                                                                         ","LM_CAMPO  ","    239852","AG_CONSUMO-D-1013-080717      ","AGUAS-POT-2025      ","3         ","                                                                                                    ","AGUAS_POT ","                                                                                                    ","REDVITORIA","Agua de consumo               ","AG_CONSUMO","D-1013    ","REDES     ","WMM_LM_POT","POT-SANITA","E"
"09-JUN-2025 12:00:00","OSKAR     ","baño masc                                                                                           ","LAB_MUN   ","08-OCT-2025 09:45:18","agua de red                                                                                         ","LM_CAMPO  ","    239853","AG_CONSUMO-D-1014-080718      ","AGUAS-POT-2025      ","3         ","                                                                                                    ","AGUAS_POT ","                                                                                                    ","REDVITORIA","Agua de consumo               ","AG_CONSUMO","D-1014    ","REDES     ","WMM_LM_POT","POT-SANITA","E"
"09-JUN-2025 11:10:00","OSKAR     ","vest abajo masc                                                                                     ","LAB_MUN   ","08-OCT-2025 09:45:19","agua de red                                                                                         ","LM_CAMPO  ","    239854","AG_CONSUMO-D-1021-080719      ","AGUAS-POT-2025      ","3         ","                                                                                                    ","AGUAS_POT ","                                                                                                    ","REDVITORIA","Agua de consumo               ","AG_CONSUMO","D-1021    ","REDES     ","WMM_LM_POT","POT-SANITA","E"
"09-JUN-2025 12:41:00","NANCY     ","baño masc.                                                                                          ","LAB_MUN   ","08-OCT-2025 09:45:19","agua de red                                                                                         ","LM_CAMPO  ","    239855","AG_CONSUMO-D-031-080720       ","AGUAS-POT-2025      ","3         ","                                                                                                    ","AGUAS_POT ","                                                                                                    ","REDVITORIA","Agua de consumo               ","AG_CONSUMO","D-031     ","REDES     ","WMM_LM_POT","POT-SANITA","E"
"09-JUN-2025 13:00:00","NANCY     ","baño masc.                                                                                          ","LAB_MUN   ","08-OCT-2025 09:45:19","agua de red                                                                                         ","LM_CAMPO  ","    239856","AG_CONSUMO-D-034-080721       ","AGUAS-POT-2025      ","3         ","                                                                                                    ","AGUAS_POT ","                                                                                                    ","REDVITORIA","Agua de consumo               ","AG_CONSUMO","D-034     ","REDES     ","WMM_LM_POT","POT-SANITA","E"
"09-JUN-2025 12:25:00","OSKAR     ","baño masc                                                                                           ","LAB_MUN   ","08-OCT-2025 09:45:19","agua de red                                                                                         ","LM_CAMPO  ","    239857","AG_CONSUMO-D-1025-080722      ","AGUAS-POT-2025      ","3         ","                                                                                                    ","AGUAS_POT ","                                                                                                    ","REDVITORIA","Agua de consumo               ","AG_CONSUMO","D-1025    ","REDES     ","WMM_LM_POT","POT-SANITA","E"
"09-JUN-2025 10:37:00","OSKAR     ","acometida                                                                                           ","LAB_MUN   ","08-OCT-2025 09:45:19","agua de red                                                                                         ","LM_CAMPO  ","    239858","AG_CONSUMO-D-1022-080723      ","AGUAS-POT-2025      ","3         ","                                                                                                    ","AGUAS_POT ","                                                                                                    ","REDVITORIA","Agua de consumo               ","AG_CONSUMO","D-1022    ","REDES     ","WMM_LM_POT","POT-SANITA","E"
"09-JUN-2025 10:15:00","OSKAR     ","baño femenino                                                                                       ","LAB_MUN   ","08-OCT-2025 09:45:19","agua de red                                                                                         ","LM_CAMPO  ","    239859","AG_CONSUMO-D-1078-080724      ","AGUAS-POT-2025      ","3         ","                                                                                                    ","AGUAS_POT ","                                                                                                    ","REDVITORIA","Agua de consumo               ","AG_CONSUMO","D-1078    ","REDES     ","WMM_LM_POT","POT-SANITA","E"
"10-JUN-2025 11:52:00","OSKAR     ","fuente                                                                                              ","LAB_MUN   ","08-OCT-2025 09:45:19","agua de red                                                                                         ","LM_CAMPO  ","    239867","AG_CONSUMO-D-026-080725       ","AGUAS-POT-2025      ","3         ","                                                                                                    ","AGUAS_POT ","                                                                                                    ","PUEBLOS-05","Agua de consumo               ","AG_CONSUMO","D-026     ","PUEBLOS   ","WMM_LM_POT","POT-SANITA","E"
"10-JUN-2025 09:42:00","NUMARTIN  ","fuente                                                                                              ","LAB_MUN   ","08-OCT-2025 09:45:19","agua de red                                                                                         ","LM_CAMPO  ","    239868","AG_CONSUMO-D-145-080726       ","AGUAS-POT-2025      ","3         ","                                                                                                    ","AGUAS_POT ","                                                                                                    ","PUEBLOS-05","Agua de consumo               ","AG_CONSUMO","D-145     ","PUEBLOS   ","WMM_LM_POT","POT-SANITA","E"
"10-JUN-2025 10:05:00","NUMARTIN  ","fuente                                                                                              ","LAB_MUN   ","08-OCT-2025 09:45:19","agua de red                                                                                         ","LM_CAMPO  ","    239869","AG_CONSUMO-D-146-080727       ","AGUAS-POT-2025      ","3         ","                                                                                                    ","AGUAS_POT ","                                                                                                    ","PUEBLOS-05","Agua de consumo               ","AG_CONSUMO","D-146     ","PUEBLOS   ","WMM_LM_POT","POT-SANITA","E"
"10-JUN-2025 10:40:00","NUMARTIN  ","fuente                                                                                              ","LAB_MUN   ","08-OCT-2025 09:45:19","agua de red                                                                                         ","LM_CAMPO  ","    239870","AG_CONSUMO-D-150-080728       ","AGUAS-POT-2025      ","3         ","                                                                                                    ","AGUAS_POT ","                                                                                                    ","PUEBLOS-05","Agua de consumo               ","AG_CONSUMO","D-150     ","PUEBLOS   ","WMM_LM_POT","POT-SANITA","E"
"10-JUN-2025 10:54:00","OSKAR     ","fuente                                                                                              ","LAB_MUN   ","08-OCT-2025 09:45:19","agua de red                                                                                         ","LM_CAMPO  ","    239871","AG_CONSUMO-D-152-080729       ","AGUAS-POT-2025      ","3         ","                                                                                                    ","AGUAS_POT ","                                                                                                    ","PUEBLOS-05","Agua de consumo               ","AG_CONSUMO","D-152     ","PUEBLOS   ","WMM_LM_POT","POT-SANITA","E"
"10-JUN-2025 11:10:00","OSKAR     ","fuente                                                                                              ","LAB_MUN   ","08-OCT-2025 09:45:19","agua de red                                                                                         ","LM_CAMPO  ","    239872","AG_CONSUMO-D-153-080730       ","AGUAS-POT-2025      ","3         ","                                                                                                    ","AGUAS_POT ","                                                                                                    ","PUEBLOS-05","Agua de consumo               ","AG_CONSUMO","D-153     ","PUEBLOS   ","WMM_LM_POT","POT-SANITA","E"
"10-JUN-2025 11:39:00","OSKAR     ","casa nº 7, grifo patio                                                                              ","LAB_MUN   ","08-OCT-2025 09:45:19","agua de red                                                                                         ","LM_CAMPO  ","    239873","AG_CONSUMO-D-155-080731       ","AGUAS-POT-2025      ","3         ","                                                                                                    ","AGUAS_POT ","                                                                                                    ","PUEBLOS-05","Agua de consumo               ","AG_CONSUMO","D-155     ","PUEBLOS   ","WMM_LM_POT","POT-SANITA","E"
"10-JUN-2025 12:09:00","OSKAR     ","fuente                                                                                              ","LAB_MUN   ","08-OCT-2025 09:45:19","agua de red                                                                                         ","LM_CAMPO  ","    239874","AG_CONSUMO-D-164-080732       ","AGUAS-POT-2025      ","3         ","                                                                                                    ","AGUAS_POT ","                                                                                                    ","PUEBLOS-05","Agua de consumo               ","AG_CONSUMO","D-164     ","PUEBLOS   ","WMM_LM_POT","POT-SANITA","E"
"10-JUN-2025 10:20:00","NUMARTIN  ","fuente                                                                                              ","LAB_MUN   ","08-OCT-2025 09:45:19","agua de red                                                                                         ","LM_CAMPO  ","    239875","AG_CONSUMO-D-1055-080733      ","AGUAS-POT-2025      ","3         ","                                                                                                    ","AGUAS_POT ","                                                                                                    ","PUEBLOS-05","Agua de consumo               ","AG_CONSUMO","D-1055    ","PUEBLOS   ","WMM_LM_POT","POT-SANITA","E"
"10-JUN-2025 09:30:00","NUMARTIN  ","fuente                                                                                              ","LAB_MUN   ","08-OCT-2025 09:45:19","agua de red                                                                                         ","LM_CAMPO  ","    239876","AG_CONSUMO-D-1056-080734      ","AGUAS-POT-2025      ","3         ","                                                                                                    ","AGUAS_POT ","                                                                                                    ","PUEBLOS-05","Agua de consumo               ","AG_CONSUMO","D-1056    ","PUEBLOS   ","WMM_LM_POT","POT-SANITA","E"
"11-JUN-2025 09:40:00","OSKAR     ","escuela agraria, baño 1º grifo                                                                      ","LAB_MUN   ","08-OCT-2025 09:45:19","agua de red                                                                                         ","LM_CAMPO  ","    239878","AG_CONSUMO-D-014-080735       ","AGUAS-POT-2025      ","3         ","                                                                                                    ","AGUAS_POT ","                                                                                                    ","PUEBLOS-06","Agua de consumo               ","AG_CONSUMO","D-014     ","PUEBLOS   ","WMM_LM_POT","POT-SANITA","E"
"11-JUN-2025 11:42:00","OSKAR     ","fuente                                                                                              ","LAB_MUN   ","08-OCT-2025 09:45:19","agua de red                                                                                         ","LM_CAMPO  ","    239879","AG_CONSUMO-D-018-080736       ","AGUAS-POT-2025      ","3         ","                                                                                                    ","AGUAS_POT ","                                                                                                    ","PUEBLOS-06","Agua de consumo               ","AG_CONSUMO","D-018     ","PUEBLOS   ","WMM_LM_POT","POT-SANITA","E"
"11-JUN-2025 09:09:00","NUMARTIN  ","fuente                                                                                              ","LAB_MUN   ","08-OCT-2025 09:45:19","agua de red                                                                                         ","LM_CAMPO  ","    239880","AG_CONSUMO-D-024-080737       ","AGUAS-POT-2025      ","3         ","                                                                                                    ","AGUAS_POT ","                                                                                                    ","PUEBLOS-06","Agua de consumo               ","AG_CONSUMO","D-024     ","PUEBLOS   ","WMM_LM_POT","POT-SANITA","E"
"11-JUN-2025 10:00:00","OSKAR     ","edificio piscinas, baño masculino 1º grifo                                                          ","LAB_MUN   ","08-OCT-2025 09:45:19","agua de red                                                                                         ","LM_CAMPO  ","    239881","AG_CONSUMO-D-028-080738       ","AGUAS-POT-2025      ","3         ","                                                                                                    ","AGUAS_POT ","                                                                                                    ","PUEBLOS-06","Agua de consumo               ","AG_CONSUMO","D-028     ","PUEBLOS   ","WMM_LM_POT","POT-SANITA","E"
"11-JUN-2025 10:46:00","NUMARTIN  ","fuente                                                                                              ","LAB_MUN   ","08-OCT-2025 09:45:19","agua de red                                                                                         ","LM_CAMPO  ","    239882","AG_CONSUMO-D-181-080739       ","AGUAS-POT-2025      ","3         ","                                                                                                    ","AGUAS_POT ","                                                                                                    ","PUEBLOS-06","Agua de consumo               ","AG_CONSUMO","D-181     ","PUEBLOS   ","WMM_LM_POT","POT-SANITA","E"
"11-JUN-2025 10:58:00","OSKAR     ","fuente                                                                                              ","LAB_MUN   ","08-OCT-2025 09:45:19","agua de red                                                                                         ","LM_CAMPO  ","    239883","AG_CONSUMO-D-182-080740       ","AGUAS-POT-2025      ","3         ","                                                                                                    ","AGUAS_POT ","                                                                                                    ","PUEBLOS-06","Agua de consumo               ","AG_CONSUMO","D-182     ","PUEBLOS   ","WMM_LM_POT","POT-SANITA","E"
"11-JUN-2025 11:16:00","OSKAR     ","fuente                                                                                              ","LAB_MUN   ","08-OCT-2025 09:45:19","agua de red                                                                                         ","LM_CAMPO  ","    239884","AG_CONSUMO-D-183-080741       ","AGUAS-POT-2025      ","3         ","                                                                                                    ","AGUAS_POT ","                                                                                                    ","PUEBLOS-06","Agua de consumo               ","AG_CONSUMO","D-183     ","PUEBLOS   ","WMM_LM_POT","POT-SANITA","E"
"11-JUN-2025 10:17:00","OSKAR     ","fuente                                                                                              ","LAB_MUN   ","08-OCT-2025 09:45:20","agua de red                                                                                         ","LM_CAMPO  ","    239885","AG_CONSUMO-D-184-080742       ","AGUAS-POT-2025      ","3         ","                                                                                                    ","AGUAS_POT ","                                                                                                    ","PUEBLOS-06","Agua de consumo               ","AG_CONSUMO","D-184     ","PUEBLOS   ","WMM_LM_POT","POT-SANITA","E"
"11-JUN-2025 10:34:00","NUMARTIN  ","fuente                                                                                              ","LAB_MUN   ","08-OCT-2025 09:45:20","agua de red                                                                                         ","LM_CAMPO  ","    239886","AG_CONSUMO-D-185-080743       ","AGUAS-POT-2025      ","3         ","                                                                                                    ","AGUAS_POT ","                                                                                                    ","PUEBLOS-06","Agua de consumo               ","AG_CONSUMO","D-185     ","PUEBLOS   ","WMM_LM_POT","POT-SANITA","E"
"23-JUN-2025 08:03:00","NUMARTIN  ","grifo acometida sin descarga previa                                                                 ","LAB_MUN   ","08-OCT-2025 09:45:20","agua de red                                                                                         ","LM_CAMPO  ","    240122","AG_CONSUMO-D-017-080744       ","AGUAS-POT-2025      ","0         ","Vigilancia municipal                                                                                ","AGUAS_POT ","                                                                                                    ","          ","Agua de consumo               ","AG_CONSUMO","D-017     ","REDES     ","WMM_LM_POT","          ","N"
"23-JUN-2025 08:33:00","NUMARTIN  ","grifo acometida tras estancamiento 30 min                                                           ","LAB_MUN   ","08-OCT-2025 09:45:20","agua de red                                                                                         ","LM_CAMPO  ","    240123","AG_CONSUMO-D-017-080745       ","AGUAS-POT-2025      ","0         ","Vigilancia municipal                                                                                ","AGUAS_POT ","                                                                                                    ","          ","Agua de consumo               ","AG_CONSUMO","D-017     ","REDES     ","WMM_LM_POT","          ","N"
"23-JUN-2025 08:05:00","NUMARTIN  ","grifo bar sin descarga previa                                                                       ","LAB_MUN   ","08-OCT-2025 09:45:20","agua de red                                                                                         ","LM_CAMPO  ","    240124","AG_CONSUMO-D-017-080746       ","AGUAS-POT-2025      ","0         ","Vigilancia municipal                                                                                ","AGUAS_POT ","                                                                                                    ","          ","Agua de consumo               ","AG_CONSUMO","D-017     ","REDES     ","WMM_LM_POT","          ","N"
"23-JUN-2025 08:35:00","NUMARTIN  ","grifo bar tras estancamiento 30 min                                                                 ","LAB_MUN   ","08-OCT-2025 09:45:20","agua de red                                                                                         ","LM_CAMPO  ","    240125","AG_CONSUMO-D-017-080747       ","AGUAS-POT-2025      ","0         ","Vigilancia municipal                                                                                ","AGUAS_POT ","                                                                                                    ","          ","Agua de consumo               ","AG_CONSUMO","D-017     ","REDES     ","WMM_LM_POT","          ","N"
"23-JUN-2025 08:07:00","NUMARTIN  ","grifo baño adaptado sin descarga previa                                                             ","LAB_MUN   ","08-OCT-2025 09:45:20","agua de red                                                                                         ","LM_CAMPO  ","    240126","AG_CONSUMO-D-017-080748       ","AGUAS-POT-2025      ","0         ","Vigilancia municipal                                                                                ","AGUAS_POT ","                                                                                                    ","          ","Agua de consumo               ","AG_CONSUMO","D-017     ","REDES     ","WMM_LM_POT","          ","N"
"23-JUN-2025 08:37:00","NUMARTIN  ","grifo baño adaptado tras estancamiento 30 min                                                       ","LAB_MUN   ","08-OCT-2025 09:45:20","agua de red                                                                                         ","LM_CAMPO  ","    240127","AG_CONSUMO-D-017-080749       ","AGUAS-POT-2025      ","0         ","Vigilancia municipal                                                                                ","AGUAS_POT ","                                                                                                    ","          ","Agua de consumo               ","AG_CONSUMO","D-017     ","REDES     ","WMM_LM_POT","          ","N"
"23-JUN-2025 15:00:00","OSKAR     ","grifo acometida sin descarga previa                                                                 ","LAB_MUN   ","08-OCT-2025 09:45:20","agua de red                                                                                         ","LM_CAMPO  ","    240140","AG_CONSUMO-D-016-080750       ","AGUAS-POT-2025      ","0         ","Vigilancia municipal                                                                                ","AGUAS_POT ","                                                                                                    ","          ","Agua de consumo               ","AG_CONSUMO","D-017     ","REDES     ","WMM_LM_POT","          ","N"
"23-JUN-2025 15:33:00","OSKAR     ","grifo acometida tras estancamiento 30 min                                                           ","LAB_MUN   ","08-OCT-2025 09:45:20","agua de red                                                                                         ","LM_CAMPO  ","    240141","AG_CONSUMO-D-016-080751       ","AGUAS-POT-2025      ","0         ","Vigilancia municipal                                                                                ","AGUAS_POT ","                                                                                                    ","          ","Agua de consumo               ","AG_CONSUMO","D-017     ","REDES     ","WMM_LM_POT","          ","N"
"23-JUN-2025 14:51:00","OSKAR     ","grifo baño adaptado sin descarga previa                                                             ","LAB_MUN   ","08-OCT-2025 09:45:32","agua de red                                                                                         ","LM_CAMPO  ","    240142","AG_CONSUMO-D-016-080752       ","AGUAS-POT-2025      ","0         ","Vigilancia municipal                                                                                ","AGUAS_POT ","                                                                                                    ","          ","Agua de consumo               ","AG_CONSUMO","D-017     ","REDES     ","WMM_LM_POT","          ","N"
"23-JUN-2025 15:27:00","OSKAR     ","grifo baño adaptado tras estancamiento 30 min                                                       ","LAB_MUN   ","08-OCT-2025 09:45:33","agua de red                                                                                         ","LM_CAMPO  ","    240143","AG_CONSUMO-D-016-080753       ","AGUAS-POT-2025      ","0         ","Vigilancia municipal                                                                                ","AGUAS_POT ","                                                                                                    ","          ","Agua de consumo               ","AG_CONSUMO","D-017     ","REDES     ","WMM_LM_POT","          ","N"
"23-JUN-2025 14:55:00","OSKAR     ","grifo bar sin descarga previa                                                                       ","LAB_MUN   ","08-OCT-2025 09:45:33","agua de red                                                                                         ","LM_CAMPO  ","    240144","AG_CONSUMO-D-016-080754       ","AGUAS-POT-2025      ","0         ","Vigialncia municipal                                                                                ","AGUAS_POT ","                                                                                                    ","          ","Agua de consumo               ","AG_CONSUMO","D-017     ","REDES     ","WMM_LM_POT","          ","N"
"23-JUN-2025 15:31:00","OSKAR     ","grifo bar tras estancamiento 30 min                                                                 ","LAB_MUN   ","08-OCT-2025 09:45:33","agua de red                                                                                         ","LM_CAMPO  ","    240145","AG_CONSUMO-D-016-080755       ","AGUAS-POT-2025      ","0         ","Vigilancia municipal                                                                                ","AGUAS_POT ","                                                                                                    ","          ","Agua de consumo               ","AG_CONSUMO","D-017     ","REDES     ","WMM_LM_POT","          ","N"
"25-JUN-2025 08:18:00","NUMARTIN  ","grifo acometida sin descarga previa                                                                 ","LAB_MUN   ","08-OCT-2025 09:45:33","agua de red                                                                                         ","LM_CAMPO  ","    240172","AG_CONSUMO-D-017-080756       ","AGUAS-POT-2025      ","0         ","Vigilancia municipal                                                                                ","AGUAS_POT ","                                                                                                    ","          ","Agua de consumo               ","AG_CONSUMO","D-017     ","REDES     ","WMM_LM_POT","          ","N"
"25-JUN-2025 08:48:00","NUMARTIN  ","grifo acometida tras estancamiento 30 min                                                           ","LAB_MUN   ","08-OCT-2025 09:45:33","agua de red                                                                                         ","LM_CAMPO  ","    240173","AG_CONSUMO-D-017-080757       ","AGUAS-POT-2025      ","0         ","Vigilancia municipal                                                                                ","          ","                                                                                                    ","          ","Agua de consumo               ","AG_CONSUMO","D-017     ","REDES     ","WMM_LM_POT","          ","N"
"25-JUN-2025 08:02:00","NUMARTIN  ","grifo bar sin descarga previa                                                                       ","LAB_MUN   ","08-OCT-2025 09:45:33","agua de red                                                                                         ","LM_CAMPO  ","    240174","AG_CONSUMO-D-017-080758       ","AGUAS-POT-2025      ","0         ","Vigilancia municipal                                                                                ","AGUAS_POT ","                                                                                                    ","          ","Agua de consumo               ","AG_CONSUMO","D-017     ","REDES     ","WMM_LM_POT","          ","N"
"25-JUN-2025 08:32:00","NUMARTIN  ","grifo bar tras estancamiento 30 min                                                                 ","LAB_MUN   ","08-OCT-2025 09:45:33","agua de red                                                                                         ","LM_CAMPO  ","    240175","AG_CONSUMO-D-017-080759       ","AGUAS-POT-2025      ","0         ","Vigilancia municipal                                                                                ","AGUAS_POT ","                                                                                                    ","          ","Agua de consumo               ","AG_CONSUMO","D-017     ","REDES     ","WMM_LM_POT","          ","N"
"25-JUN-2025 08:10:00","NUMARTIN  ","grifo baño adaptado sin descarga inicial                                                            ","LAB_MUN   ","08-OCT-2025 09:45:33","agua de red                                                                                         ","LM_CAMPO  ","    240176","AG_CONSUMO-D-017-080760       ","AGUAS-POT-2025      ","0         ","Vigilancia municipal                                                                                ","AGUAS_POT ","                                                                                                    ","          ","Agua de consumo               ","AG_CONSUMO","D-017     ","REDES     ","WMM_LM_POT","AGUAS_POT ","N"
"25-JUN-2025 08:40:00","NUMARTIN  ","grifo baño adaptado tras estancamiento 30 min                                                       ","LAB_MUN   ","08-OCT-2025 09:45:33","agua de red                                                                                         ","LM_CAMPO  ","    240177","AG_CONSUMO-D-017-080761       ","AGUAS-POT-2025      ","0         ","Vigilancia municipal                                                                                ","AGUAS_POT ","                                                                                                    ","          ","Agua de consumo               ","AG_CONSUMO","D-017     ","REDES     ","WMM_LM_POT","          ","N"
"25-JUN-2025 12:50:00","OSKAR     ","grifo acometida sin descarga previa                                                                 ","LAB_MUN   ","08-OCT-2025 09:45:33","agua de red                                                                                         ","LM_CAMPO  ","    240178","AG_CONSUMO-D-017-080762       ","AGUAS-POT-2025      ","0         ","Vigilancia municipal                                                                                ","AGUAS_POT ","                                                                                                    ","          ","Agua de consumo               ","AG_CONSUMO","D-017     ","REDES     ","WMM_LM_POT","          ","N"
"25-JUN-2025 13:54:00","OSKAR     ","grifo acometida tras estancamiento 30 min                                                           ","LAB_MUN   ","08-OCT-2025 09:45:33","agua de red                                                                                         ","LM_CAMPO  ","    240179","AG_CONSUMO-D-017-080763       ","AGUAS-POT-2025      ","0         ","Vigilancia municipal                                                                                ","AGUAS_POT ","                                                                                                    ","          ","Agua de consumo               ","AG_CONSUMO","D-017     ","REDES     ","WMM_LM_POT","          ","N"
"25-JUN-2025 12:59:00","OSKAR     ","grifo cocina sin descarga previa                                                                    ","LAB_MUN   ","08-OCT-2025 09:45:33","agua de red                                                                                         ","LM_CAMPO  ","    240180","AG_CONSUMO-D-017-080764       ","AGUAS-POT-2025      ","0         ","Vigilancia municipal                                                                                ","AGUAS_POT ","                                                                                                    ","          ","Agua de consumo               ","AG_CONSUMO","D-017     ","REDES     ","WMM_LM_POT","          ","N"
"25-JUN-2025 14:00:00","OSKAR     ","grifo cocina tras estancamiento 30 min                                                              ","LAB_MUN   ","08-OCT-2025 09:45:33","agua de red                                                                                         ","LM_CAMPO  ","    240181","AG_CONSUMO-D-017-080765       ","AGUAS-POT-2025      ","0         ","Vigilancia municipal                                                                                ","AGUAS_POT ","                                                                                                    ","          ","Agua de consumo               ","AG_CONSUMO","D-017     ","REDES     ","WMM_LM_POT","          ","N"
"25-JUN-2025 12:50:00","OSKAR     ","grifo baño adaptado sin descarga previa                                                             ","LAB_MUN   ","08-OCT-2025 09:45:33","agua de red                                                                                         ","LM_CAMPO  ","    240182","AG_CONSUMO-D-017-080766       ","AGUAS-POT-2025      ","0         ","Vigilancia municipal                                                                                ","AGUAS_POT ","                                                                                                    ","          ","Agua de consumo               ","AG_CONSUMO","D-017     ","REDES     ","WMM_LM_POT","          ","N"
"25-JUN-2025 13:52:00","OSKAR     ","grifo baño adaptado tras estancamiento 30 min                                                       ","LAB_MUN   ","08-OCT-2025 09:45:33","agua de red                                                                                         ","LM_CAMPO  ","    240183","AG_CONSUMO-D-017-080767       ","AGUAS-POT-2025      ","0         ","Vigilancia municipal                                                                                ","AGUAS_POT ","                                                                                                    ","          ","Agua de consumo               ","AG_CONSUMO","D-017     ","REDES     ","WMM_LM_POT","          ","N"
"27-JUN-2025 07:53:00","NUMARTIN  ","grifo acometida sin descarga previa                                                                 ","LAB_MUN   ","08-OCT-2025 09:45:33","agua de red                                                                                         ","LM_CAMPO  ","    240200","AG_CONSUMO-D-017-080768       ","AGUAS-POT-2025      ","0         ","Vigilancia municipal                                                                                ","AGUAS_POT ","                                                                                                    ","GRIFO     ","Agua de consumo               ","AG_CONSUMO","D-017     ","REDES     ","WMM_LM_POT","AGUAS_POT ","N"
"27-JUN-2025 08:25:00","NUMARTIN  ","grifo acometida tras estancamiento 30 min                                                           ","LAB_MUN   ","08-OCT-2025 09:45:33","agua de grifo                                                                                       ","LM_CAMPO  ","    240201","AG_CONSUMO-D-017-080769       ","AGUAS-POT-2025      ","0         ","Vigilancia municipal                                                                                ","AGUAS_POT ","                                                                                                    ","GRIFO     ","Agua de consumo               ","AG_CONSUMO","D-017     ","REDES     ","WMM_LM_POT","AGUAS_POT ","N"
"27-JUN-2025 07:55:00","NUMARTIN  ","grifo bar sin descarga previa                                                                       ","LAB_MUN   ","08-OCT-2025 09:45:33","agua de red                                                                                         ","LM_CAMPO  ","    240202","AG_CONSUMO-D-017-080770       ","AGUAS-POT-2025      ","0         ","Vigilancia municipal                                                                                ","AGUAS_POT ","                                                                                                    ","GRIFO     ","Agua de consumo               ","AG_CONSUMO","D-017     ","REDES     ","WMM_LM_POT","AGUAS_POT ","N"
"27-JUN-2025 08:27:00","NUMARTIN  ","grifo bar tras estancamiento 30 min                                                                 ","LAB_MUN   ","08-OCT-2025 09:45:33","agua de red                                                                                         ","LM_CAMPO  ","    240203","AG_CONSUMO-D-017-080771       ","AGUAS-POT-2025      ","0         ","Vigilancia municipal                                                                                ","AGUAS_POT ","                                                                                                    ","GRIFO     ","Agua de consumo               ","AG_CONSUMO","D-017     ","REDES     ","WMM_LM_POT","AGUAS_POT ","N"
"27-JUN-2025 07:57:00","NUMARTIN  ","grifo baño adaptado sin descarga previa                                                             ","LAB_MUN   ","08-OCT-2025 09:45:33","agua de red                                                                                         ","LM_CAMPO  ","    240204","AG_CONSUMO-D-017-080772       ","AGUAS-POT-2025      ","0         ","Vigilancia municipal                                                                                ","AGUAS_POT ","                                                                                                    ","GRIFO     ","Agua de consumo               ","AG_CONSUMO","D-017     ","REDES     ","WMM_LM_POT","AGUAS_POT ","N"
"27-JUN-2025 08:30:00","NUMARTIN  ","grifo baño adaptado tras estancamiento 30 min                                                       ","LAB_MUN   ","08-OCT-2025 09:45:33","agua de red                                                                                         ","LM_CAMPO  ","    240205","AG_CONSUMO-D-017-080773       ","AGUAS-POT-2025      ","0         ","Vigilancia municipal                                                                                ","AGUAS_POT ","                                                                                                    ","GRIFO     ","Agua de consumo               ","AG_CONSUMO","D-017     ","REDES     ","WMM_LM_POT","AGUAS_POT ","N"
"27-JUN-2025 12:58:00","OSKAR     ","grifo acometida sin descarga previa                                                                 ","LAB_MUN   ","08-OCT-2025 09:45:33","agua de red                                                                                         ","LM_CAMPO  ","    240206","AG_CONSUMO-D-017-080774       ","AGUAS-POT-2025      ","0         ","Vigilancia municipal                                                                                ","AGUAS_POT ","                                                                                                    ","          ","Agua de consumo               ","AG_CONSUMO","D-017     ","REDES     ","WMM_LM_POT","AGUAS_POT ","N"
"27-JUN-2025 13:31:00","OSKAR     ","grifo acometida tras estancamiento 30 min                                                           ","LAB_MUN   ","08-OCT-2025 09:45:33","agua de red                                                                                         ","LM_CAMPO  ","    240207","AG_CONSUMO-D-017-080775       ","AGUAS-POT-2025      ","0         ","Vigilancia municipal                                                                                ","AGUAS_POT ","                                                                                                    ","          ","Agua de consumo               ","AG_CONSUMO","D-017     ","REDES     ","WMM_LM_POT","AGUAS_POT ","N"
"27-JUN-2025 12:51:00","OSKAR     ","grifo bar sin descarga previa                                                                       ","LAB_MUN   ","08-OCT-2025 09:45:33","agua de red                                                                                         ","LM_CAMPO  ","    240208","AG_CONSUMO-D-017-080776       ","AGUAS-POT-2025      ","0         ","Vigialncia municipal                                                                                ","AGUAS_POT ","                                                                                                    ","          ","Agua de consumo               ","AG_CONSUMO","D-017     ","REDES     ","WMM_LM_POT","AGUAS_POT ","N"
"27-JUN-2025 13:22:00","OSKAR     ","grifo bar tras estancamiento 30 min                                                                 ","LAB_MUN   ","08-OCT-2025 09:45:33","agua de red                                                                                         ","LM_CAMPO  ","    240209","AG_CONSUMO-D-017-080777       ","AGUAS-POT-2025      ","0         ","Vigilancia municipal                                                                                ","AGUAS_POT ","                                                                                                    ","          ","Agua de consumo               ","AG_CONSUMO","D-017     ","REDES     ","WMM_LM_POT","AGUAS_POT ","N"
"27-JUN-2025 12:56:00","OSKAR     ","grifo baño adaptado sin descarga previa                                                             ","LAB_MUN   ","08-OCT-2025 09:45:33","agua de red                                                                                         ","LM_CAMPO  ","    240210","AG_CONSUMO-D-017-080778       ","AGUAS-POT-2025      ","0         ","Vigialncia municipal                                                                                ","AGUAS_POT ","                                                                                                    ","          ","Agua de consumo               ","AG_CONSUMO","D-017     ","REDES     ","WMM_LM_POT","AGUAS_POT ","N"
"27-JUN-2025 13:27:00","OSKAR     ","grifo baño adaptado tras estancamiento 30 min                                                       ","LAB_MUN   ","08-OCT-2025 09:45:33","agua de red                                                                                         ","LM_CAMPO  ","    240211","AG_CONSUMO-D-017-080779       ","AGUAS-POT-2025      ","0         ","Vigilancia municipal                                                                                ","AGUAS_POT ","                                                                                                    ","          ","Agua de consumo               ","AG_CONSUMO","D-017     ","REDES     ","WMM_LM_POT","AGUAS_POT ","N"
"30-JUN-2025 12:00:00","OSKAR     ","vaso                                                                                                ","LAB_MUN   ","25-SEP-2025 10:48:27","Agua de aporte de red                                                                               ","LM_CAMPO  ","    240254","LUD-D-223-30-JUN-2025-013746  ","LUDICAS-2025        ","          ","                                                                                                    ","LUDICAS   ","                                                                                                    ","PISCINAS  ","Agua de piscina               ","AG_LUDICA ","D-223     ","LUDES     ","WMM_LUD   ","LUD-LEGIO "," "
"07-JUL-2025 11:15:00","NUMARTIN  ","fuente                                                                                              ","LAB_MUN   ","08-OCT-2025 09:45:33","agua de red                                                                                         ","LM_CAMPO  ","    240373","AG_CONSUMO-D-113-080780       ","AGUAS-POT-2025      ","0         ","                                                                                                    ","AGUAS_POT ","                                                                                                    ","PUEBLO-EXT","Agua de consumo               ","AG_CONSUMO","D-113     ","PUEBLOS   ","WMM_LM_POT","POT-SANITA","N"
"07-JUL-2025 11:05:00","NUMARTIN  ","fuente                                                                                              ","LAB_MUN   ","08-OCT-2025 09:45:33","agua de red                                                                                         ","LM_CAMPO  ","    240374","AG_CONSUMO-D-114-080781       ","AGUAS-POT-2025      ","0         ","                                                                                                    ","AGUAS_POT ","                                                                                                    ","PUEBLO-EXT","Agua de consumo               ","AG_CONSUMO","D-114     ","PUEBLOS   ","WMM_LM_POT","POT-SANITA","N"
"07-JUL-2025 09:50:00","NUMARTIN  ","fuente                                                                                              ","LAB_MUN   ","08-OCT-2025 09:45:33","agua de red                                                                                         ","LM_CAMPO  ","    240375","AG_CONSUMO-D-120-080782       ","AGUAS-POT-2025      ","0         ","                                                                                                    ","AGUAS_POT ","                                                                                                    ","PUEBLO-EXT","Agua de consumo               ","AG_CONSUMO","D-120     ","PUEBLOS   ","WMM_LM_POT","POT-SANITA","N"
"07-JUL-2025 08:20:00","NUMARTIN  ","fuente                                                                                              ","LAB_MUN   ","08-OCT-2025 09:45:33","agua de red                                                                                         ","LM_CAMPO  ","    240376","AG_CONSUMO-D-130-080783       ","AGUAS-POT-2025      ","0         ","                                                                                                    ","AGUAS_POT ","                                                                                                    ","PUEBLO-EXT","Agua de consumo               ","AG_CONSUMO","D-130     ","PUEBLOS   ","WMM_LM_POT","POT-SANITA","N"
"07-JUL-2025 09:10:00","NUMARTIN  ","fuente                                                                                              ","LAB_MUN   ","08-OCT-2025 09:45:33","agua de red                                                                                         ","LM_CAMPO  ","    240377","AG_CONSUMO-D-123-080784       ","AGUAS-POT-2025      ","0         ","                                                                                                    ","AGUAS_POT ","                                                                                                    ","PUEBLO-EXT","Agua de consumo               ","AG_CONSUMO","D-123     ","PUEBLOS   ","WMM_LM_POT","POT-SANITA","N"
"07-JUL-2025 10:25:00","NUMARTIN  ","fuente                                                                                              ","LAB_MUN   ","08-OCT-2025 09:45:33","agua de red                                                                                         ","LM_CAMPO  ","    240378","AG_CONSUMO-D-111-080785       ","AGUAS-POT-2025      ","0         ","                                                                                                    ","AGUAS_POT ","                                                                                                    ","PUEBLO-EXT","Agua de consumo               ","AG_CONSUMO","D-111     ","PUEBLOS   ","WMM_LM_POT","POT-SANITA","N"
"07-JUL-2025 08:50:00","NUMARTIN  ","fuente                                                                                              ","LAB_MUN   ","08-OCT-2025 09:45:33","agua de red                                                                                         ","LM_CAMPO  ","    240379","AG_CONSUMO-D-122-080786       ","AGUAS-POT-2025      ","0         ","                                                                                                    ","AGUAS_POT ","                                                                                                    ","PUEBLO-EXT","Agua de consumo               ","AG_CONSUMO","D-122     ","PUEBLOS   ","WMM_LM_POT","POT-SANITA","N"
"07-JUL-2025 08:35:00","NUMARTIN  ","fuente                                                                                              ","LAB_MUN   ","08-OCT-2025 09:45:33","agua de red                                                                                         ","LM_CAMPO  ","    240380","AG_CONSUMO-D-132-080787       ","AGUAS-POT-2025      ","0         ","                                                                                                    ","AGUAS_POT ","                                                                                                    ","PUEBLO-EXT","Agua de consumo               ","AG_CONSUMO","D-132     ","PUEBLOS   ","WMM_LM_POT","POT-SANITA","N"
"09-JUL-2025 08:45:00","NUMARTIN  ","fuente                                                                                              ","LAB_MUN   ","08-OCT-2025 09:46:05","agua de red                                                                                         ","LM_CAMPO  ","    240382","AG_CONSUMO-D-170-080789       ","AGUAS-POT-2025      ","0         ","                                                                                                    ","AGUAS_POT ","                                                                                                    ","PUEBLOEXT ","Agua de consumo               ","AG_CONSUMO","D-170     ","PUEBLOS   ","WMM_LM_POT","POT-SANITA","N"
"09-JUL-2025 09:05:00","NUMARTIN  ","fuente                                                                                              ","LAB_MUN   ","08-OCT-2025 09:46:05","agua de red                                                                                         ","LM_CAMPO  ","    240383","AG_CONSUMO-D-174-080790       ","AGUAS-POT-2025      ","0         ","                                                                                                    ","AGUAS_POT ","                                                                                                    ","PUEBLOEXT ","Agua de consumo               ","AG_CONSUMO","D-174     ","PUEBLOS   ","WMM_LM_POT","POT-SANITA","N"
"09-JUL-2025 09:20:00","NUMARTIN  ","fuente                                                                                              ","LAB_MUN   ","08-OCT-2025 09:46:05","agua de red                                                                                         ","LM_CAMPO  ","    240384","AG_CONSUMO-D-175-080791       ","AGUAS-POT-2025      ","0         ","                                                                                                    ","AGUAS_POT ","                                                                                                    ","PUEBLOEXT ","Agua de consumo               ","AG_CONSUMO","D-175     ","PUEBLOS   ","WMM_LM_POT","POT-SANITA","N"
"09-JUL-2025 09:35:00","NUMARTIN  ","fuente                                                                                              ","LAB_MUN   ","08-OCT-2025 09:46:05","agua de red                                                                                         ","LM_CAMPO  ","    240385","AG_CONSUMO-D-171-080792       ","AGUAS-POT-2025      ","0         ","                                                                                                    ","AGUAS_POT ","                                                                                                    ","PUEBLOEXT ","Agua de consumo               ","AG_CONSUMO","D-171     ","PUEBLOS   ","WMM_LM_POT","POT-SANITA","N"
"09-JUL-2025 10:40:00","NUMARTIN  ","fuente                                                                                              ","LAB_MUN   ","08-OCT-2025 09:46:05","agua de red                                                                                         ","LM_CAMPO  ","    240386","AG_CONSUMO-D-176-080793       ","AGUAS-POT-2025      ","0         ","                                                                                                    ","AGUAS_POT ","                                                                                                    ","PUEBLOEXT ","Agua de consumo               ","AG_CONSUMO","D-176     ","PUEBLOS   ","WMM_LM_POT","POT-SANITA","N"
"09-JUL-2025 11:00:00","NUMARTIN  ","fuente                                                                                              ","LAB_MUN   ","08-OCT-2025 09:46:05","agua de red                                                                                         ","LM_CAMPO  ","    240387","AG_CONSUMO-D-151-080794       ","AGUAS-POT-2025      ","0         ","                                                                                                    ","AGUAS_POT ","                                                                                                    ","PUEBLOEXT ","Agua de consumo               ","AG_CONSUMO","D-151     ","PUEBLOS   ","WMM_LM_POT","POT-SANITA","N"
"09-JUL-2025 11:25:00","NUMARTIN  ","fuente                                                                                              ","LAB_MUN   ","08-OCT-2025 09:46:05","agua de red                                                                                         ","LM_CAMPO  ","    240388","AG_CONSUMO-D-150-080795       ","AGUAS-POT-2025      ","0         ","                                                                                                    ","AGUAS_POT ","                                                                                                    ","PUEBLOEXT ","Agua de consumo               ","AG_CONSUMO","D-150     ","PUEBLOS   ","WMM_LM_POT","POT-SANITA","N"
"09-JUL-2025 12:00:00","NUMARTIN  ","fuente                                                                                              ","LAB_MUN   ","08-OCT-2025 09:46:05","agua de red                                                                                         ","LM_CAMPO  ","    240389","AG_CONSUMO-D-1055-080796      ","AGUAS-POT-2025      ","0         ","                                                                                                    ","AGUAS_POT ","                                                                                                    ","PUEBLOEXT ","Agua de consumo               ","AG_CONSUMO","D-1055    ","PUEBLOS   ","WMM_LM_POT","POT-SANITA","N"
"09-JUL-2025 11:40:00","NUMARTIN  ","fuente                                                                                              ","LAB_MUN   ","08-OCT-2025 09:46:05","agua de red                                                                                         ","LM_CAMPO  ","    240390","AG_CONSUMO-D-156-080797       ","AGUAS-POT-2025      ","0         ","                                                                                                    ","AGUAS_POT ","                                                                                                    ","PUEBLOEXT ","Agua de consumo               ","AG_CONSUMO","D-156     ","PUEBLOS   ","WMM_LM_POT","POT-SANITA","N"
"16-JUL-2025 10:10:00","OSKAR     ","fuente                                                                                              ","LAB_MUN   ","08-OCT-2025 09:47:03","agua de red                                                                                         ","LM_CAMPO  ","    240567","AG_CONSUMO-POT-000-080798     ","FUENTES             ","5         ","                                                                                                    ","AGUAS_POT ","                                                                                                    ","FUENTE-RED","Agua de consumo               ","AG_CONSUMO","F-208     ","VARIOS    ","WMM_LM_POT","POT-FUENTE","N"
"16-JUL-2025 10:51:00","OSKAR     ","fuente.                                                                                             ","LAB_MUN   ","08-OCT-2025 09:47:03","agua de red                                                                                         ","LM_CAMPO  ","    240568","AG_CONSUMO-POT-000-080799     ","FUENTES             ","5         ","                                                                                                    ","AGUAS_POT ","                                                                                                    ","FUENTE-RED","Agua de consumo               ","AG_CONSUMO","F-347     ","VARIOS    ","WMM_LM_POT","POT-FUENTE","N"
"16-JUL-2025 11:06:00","OSKAR     ","fuentes.                                                                                            ","LAB_MUN   ","08-OCT-2025 09:47:03","agua de red                                                                                         ","LM_CAMPO  ","    240569","AG_CONSUMO-POT-000-080800     ","FUENTES             ","5         ","                                                                                                    ","AGUAS_POT ","                                                                                                    ","FUENTE-RED","Agua de consumo               ","AG_CONSUMO","F-356     ","VARIOS    ","WMM_LM_POT","POT-FUENTE","N"
"16-JUL-2025 11:22:00","OSKAR     ","fuente.                                                                                             ","LAB_MUN   ","08-OCT-2025 09:47:03","agua de red                                                                                         ","LM_CAMPO  ","    240570","AG_CONSUMO-POT-000-080801     ","FUENTES             ","5         ","                                                                                                    ","AGUAS_POT ","                                                                                                    ","FUENTE-RED","Agua de consumo               ","AG_CONSUMO","F-345     ","VARIOS    ","WMM_LM_POT","POT-FUENTE","N"
"16-JUL-2025 11:40:00","OSKAR     ","fuente.                                                                                             ","LAB_MUN   ","08-OCT-2025 09:47:03","agua de red                                                                                         ","LM_CAMPO  ","    240571","AG_CONSUMO-POT-000-080802     ","FUENTES             ","5         ","                                                                                                    ","AGUAS_POT ","                                                                                                    ","FUENTE-RED","Agua de consumo               ","AG_CONSUMO","F-342     ","VARIOS    ","WMM_LM_POT","POT-FUENTE","N"
"16-JUL-2025 11:53:00","OSKAR     ","fuente.                                                                                             ","LAB_MUN   ","08-OCT-2025 09:47:03","agua de red                                                                                         ","LM_CAMPO  ","    240572","AG_CONSUMO-POT-000-080803     ","FUENTES             ","5         ","                                                                                                    ","AGUAS_POT ","                                                                                                    ","FUENTE-RED","Agua de consumo               ","AG_CONSUMO","F-341     ","VARIOS    ","WMM_LM_POT","POT-FUENTE","N"
"16-JUL-2025 12:08:00","OSKAR     ","fuente.                                                                                             ","LAB_MUN   ","08-OCT-2025 09:47:03","agua de red                                                                                         ","LM_CAMPO  ","    240573","AG_CONSUMO-POT-000-080804     ","FUENTES             ","5         ","                                                                                                    ","AGUAS_POT ","                                                                                                    ","FUENTE-RED","Agua de consumo               ","AG_CONSUMO","F-25      ","VARIOS    ","WMM_LM_POT","POT-FUENTE","N"
"16-JUL-2025 10:51:00","OSKAR     ","fuente.                                                                                             ","LAB_MUN   ","08-OCT-2025 09:48:55","blanco agua consumo                                                                                 ","LM_CAMPO  ","    240574","AG_CONSUMO-POT-000-080805     ","CCI-INSPECCION-2025 ","5         ","                                                                                                    ","AGUAS_POT ","                                                                                                    ","FUENTE-RED","Blanco proceso                ","CONTROL-PO","F-347     ","VARIOS    ","WMM_LM_POT","POT-FUENTE","N"
"21-JUL-2025 10:00:00","OSKAR     ","fuente                                                                                              ","LAB_MUN   ","08-OCT-2025 09:47:03","agua de red                                                                                         ","LM_CAMPO  ","    240679","AG_CONSUMO-POT-000-080806     ","FUENTES             ","5         ","                                                                                                    ","AGUAS_POT ","                                                                                                    ","FUENTE-RED","Agua de consumo               ","AG_CONSUMO","F54       ","VARIOS    ","WMM_LM_POT","POT-FUENTE","N"
"21-JUL-2025 10:23:00","OSKAR     ","fuente                                                                                              ","LAB_MUN   ","08-OCT-2025 09:47:03","agua de red                                                                                         ","LM_CAMPO  ","    240680","AG_CONSUMO-POT-000-080807     ","FUENTES             ","5         ","                                                                                                    ","AGUAS_POT ","                                                                                                    ","FUENTE-RED","Agua de consumo               ","AG_CONSUMO","F-97      ","VARIOS    ","WMM_LM_POT","POT-FUENTE","N"
"21-JUL-2025 10:44:00","OSKAR     ","fuente                                                                                              ","LAB_MUN   ","08-OCT-2025 09:47:03","agua de red                                                                                         ","LM_CAMPO  ","    240681","AG_CONSUMO-POT-000-080808     ","FUENTES             ","5         ","                                                                                                    ","AGUAS_POT ","                                                                                                    ","FUENTE-RED","Agua de consumo               ","AG_CONSUMO","F-291     ","VARIOS    ","WMM_LM_POT","POT-FUENTE","N"
"21-JUL-2025 11:00:00","OSKAR     ","fuente                                                                                              ","LAB_MUN   ","08-OCT-2025 09:47:03","agua de red                                                                                         ","LM_CAMPO  ","    240682","AG_CONSUMO-POT-000-080809     ","FUENTES             ","5         ","                                                                                                    ","AGUAS_POT ","                                                                                                    ","FUENTE-RED","Agua de consumo               ","AG_CONSUMO","F-292     ","VARIOS    ","WMM_LM_POT","POT-FUENTE","N"
"21-JUL-2025 11:18:00","OSKAR     ","fuente                                                                                              ","LAB_MUN   ","08-OCT-2025 09:47:03","agua de red                                                                                         ","LM_CAMPO  ","    240683","AG_CONSUMO-POT-000-080810     ","FUENTES             ","5         ","                                                                                                    ","AGUAS_POT ","                                                                                                    ","FUENTE-RED","Agua de consumo               ","AG_CONSUMO","F72       ","VARIOS    ","WMM_LM_POT","POT-FUENTE","N"
"21-JUL-2025 11:37:00","OSKAR     ","fuente                                                                                              ","LAB_MUN   ","08-OCT-2025 09:47:03","agua de red                                                                                         ","LM_CAMPO  ","    240684","AG_CONSUMO-POT-000-080811     ","FUENTES             ","5         ","                                                                                                    ","AGUAS_POT ","                                                                                                    ","FUENTE-RED","Agua de consumo               ","AG_CONSUMO","F-40      ","VARIOS    ","WMM_LM_POT","POT-FUENTE","N"
"21-JUL-2025 11:50:00","OSKAR     ","fuente                                                                                              ","LAB_MUN   ","08-OCT-2025 09:47:03","agua de red                                                                                         ","LM_CAMPO  ","    240685","AG_CONSUMO-POT-000-080812     ","FUENTES             ","5         ","                                                                                                    ","AGUAS_POT ","                                                                                                    ","FUENTE-RED","Agua de consumo               ","AG_CONSUMO","F-42      ","VARIOS    ","WMM_LM_POT","POT-FUENTE","N"
"21-JUL-2025 12:11:00","OSKAR     ","fuente                                                                                              ","LAB_MUN   ","08-OCT-2025 09:47:03","agua de red                                                                                         ","LM_CAMPO  ","    240686","AG_CONSUMO-POT-000-080813     ","FUENTES             ","5         ","                                                                                                    ","AGUAS_POT ","                                                                                                    ","FUENTE-RED","Agua de consumo               ","AG_CONSUMO","F223      ","VARIOS    ","WMM_LM_POT","POT-FUENTE","N"
"28-JUL-2025 12:03:00","OSKAR     ","fuente                                                                                              ","LAB_MUN   ","08-OCT-2025 09:47:03","agua de red                                                                                         ","LM_CAMPO  ","    240741","AG_CONSUMO-F-304-080814       ","FUENTES             ","5         ","                                                                                                    ","AGUAS_POT ","                                                                                                    ","FUENTES   ","Agua de consumo               ","AG_CONSUMO","F-304     ","VARIOS    ","WMM_LM_POT","POT-FUENTE","N"
"28-JUL-2025 11:51:00","OSKAR     ","fuente                                                                                              ","LAB_MUN   ","08-OCT-2025 09:47:03","agua de red                                                                                         ","LM_CAMPO  ","    240742","AG_CONSUMO-F-312-080815       ","FUENTES             ","5         ","                                                                                                    ","AGUAS_POT ","                                                                                                    ","FUENTES   ","Agua de consumo               ","AG_CONSUMO","F-313     ","VARIOS    ","WMM_LM_POT","POT-FUENTE","N"
"28-JUL-2025 12:40:00","OSKAR     ","fuente                                                                                              ","LAB_MUN   ","08-OCT-2025 09:47:03","agua de red                                                                                         ","LM_CAMPO  ","    240743","AG_CONSUMO-F-313-080816       ","FUENTES             ","5         ","                                                                                                    ","AGUAS_POT ","                                                                                                    ","FUENTES   ","Agua de consumo               ","AG_CONSUMO","F-312     ","VARIOS    ","WMM_LM_POT","POT-FUENTE","N"
"28-JUL-2025 10:20:00","NUMARTIN  ","fuente                                                                                              ","LAB_MUN   ","08-OCT-2025 09:47:03","agua de red                                                                                         ","LM_CAMPO  ","    240744","AG_CONSUMO-F-332-080817       ","FUENTES             ","5         ","                                                                                                    ","AGUAS_POT ","                                                                                                    ","FUENTE-RED","Agua de consumo               ","AG_CONSUMO","F-332     ","VARIOS    ","WMM_LM_POT","POT-FUENTE","N"
"28-JUL-2025 12:23:00","OSKAR     ","fuente                                                                                              ","LAB_MUN   ","08-OCT-2025 09:47:03","agua de red                                                                                         ","LM_CAMPO  ","    240745","AG_CONSUMO-F-201-080818       ","FUENTES             ","5         ","                                                                                                    ","AGUAS_POT ","                                                                                                    ","FUENTE-RED","Agua de consumo               ","AG_CONSUMO","F-201     ","VARIOS    ","WMM_LM_POT","POT-FUENTE","N"
"28-JUL-2025 13:14:00","OSKAR     ","fuente                                                                                              ","LAB_MUN   ","08-OCT-2025 09:47:03","agua de red                                                                                         ","LM_CAMPO  ","    240746","AG_CONSUMO-F-157-080819       ","FUENTES             ","5         ","                                                                                                    ","AGUAS_POT ","                                                                                                    ","FUENTE-RED","Agua de consumo               ","AG_CONSUMO","F154      ","VARIOS    ","WMM_LM_POT","POT-FUENTE","N"
"28-JUL-2025 10:30:00","OSKAR     ","fuente                                                                                              ","LAB_MUN   ","08-OCT-2025 09:47:03","agua de red                                                                                         ","LM_CAMPO  ","    240747","AG_CONSUMO-F-152-080820       ","FUENTES             ","5         ","                                                                                                    ","AGUAS_POT ","                                                                                                    ","FUENTE-RED","Agua de consumo               ","AG_CONSUMO","F-209     ","VARIOS    ","WMM_LM_POT","POT-FUENTE","N"
"19-AUG-2025 09:42:00","NANCY     ","FUENTE                                                                                              ","LAB_MUN   ","08-OCT-2025 09:47:21","Agua de red                                                                                         ","LM_CAMPO  ","    240949","--080822                      ","FUENTES             ","3         ","                                                                                                    ","AGUAS_POT ","                                                                                                    ","FUENTE-RED","Agua de consumo               ","AG_CONSUMO","F154      ","VARIOS    ","AGUAS-POT ","POT-FUENTE","N"
"19-AUG-2025 10:05:00","NANCY     ","fuente                                                                                              ","LAB_MUN   ","08-OCT-2025 09:47:21","Agua de red                                                                                         ","LM_CAMPO  ","    240950","--080823                      ","FUENTES             ","3         ","                                                                                                    ","AGUAS_POT ","                                                                                                    ","FUENTE-RED","Agua de consumo               ","AG_CONSUMO","F-158     ","VARIOS    ","AGUAS-POT ","POT-FUENTE","N"
"19-AUG-2025 10:31:00","NANCY     ","fuente                                                                                              ","LAB_MUN   ","08-OCT-2025 09:47:21","agua de red                                                                                         ","LM_CAMPO  ","    240951","--080824                      ","FUENTES             ","3         ","                                                                                                    ","AGUAS_POT ","                                                                                                    ","FUENTE-RED","Agua de consumo               ","AG_CONSUMO","F-157     ","VARIOS    ","AGUAS-POT ","POT-FUENTE","N"
"19-AUG-2025 10:49:00","NANCY     ","fuente                                                                                              ","LAB_MUN   ","08-OCT-2025 09:47:21","Agua de red                                                                                         ","LM_CAMPO  ","    240952","--080825                      ","FUENTES             ","3         ","                                                                                                    ","AGUAS_POT ","                                                                                                    ","FUENTE-RED","Agua de consumo               ","AG_CONSUMO","F-232     ","VARIOS    ","AGUAS-POT ","POT-FUENTE","N"
"19-AUG-2025 11:02:00","NANCY     ","fuente                                                                                              ","LAB_MUN   ","08-OCT-2025 09:47:21","Agua de red                                                                                         ","LM_CAMPO  ","    240953","--080826                      ","FUENTES             ","3         ","                                                                                                    ","AGUAS_POT ","                                                                                                    ","FUENTE-RED","Agua de consumo               ","AG_CONSUMO","F-350     ","VARIOS    ","AGUAS-POT ","POT-FUENTE","N"
"19-AUG-2025 11:20:00","NANCY     ","fuente                                                                                              ","LAB_MUN   ","08-OCT-2025 09:47:21","Agua de red                                                                                         ","LM_CAMPO  ","    240954","--080827                      ","FUENTES             ","3         ","                                                                                                    ","AGUAS_POT ","                                                                                                    ","FUENTE-RED","Agua de consumo               ","AG_CONSUMO","F-102     ","VARIOS    ","AGUAS-POT ","POT-FUENTE","N"
"19-AUG-2025 11:30:00","NANCY     ","fuente                                                                                              ","LAB_MUN   ","08-OCT-2025 09:47:21","Agua de red                                                                                         ","LM_CAMPO  ","    240955","--080828                      ","FUENTES             ","3         ","                                                                                                    ","AGUAS_POT ","                                                                                                    ","FUENTE-RED","Agua de consumo               ","AG_CONSUMO","F104      ","VARIOS    ","AGUAS-POT ","POT-FUENTE","N"
"19-AUG-2025 11:50:00","NANCY     ","fuente                                                                                              ","LAB_MUN   ","08-OCT-2025 09:46:05","Agua de red                                                                                         ","LM_CAMPO  ","    240956","--080829                      ","AGUAS-POT-2025      ","3         ","                                                                                                    ","AGUAS_POT ","                                                                                                    ","FUENTE-RED","Agua de consumo               ","AG_CONSUMO","F103      ","VARIOS    ","AGUAS-POT ","POT-FUENTE","N"
"20-AUG-2025 09:36:00","NANCY     ","fuente                                                                                              ","LAB_MUN   ","08-OCT-2025 09:47:21","Agua de red                                                                                         ","LM_CAMPO  ","    240957","--080830                      ","FUENTES             ","3         ","                                                                                                    ","AGUAS_POT ","                                                                                                    ","FUENTE-RED","Agua de consumo               ","AG_CONSUMO","F-113     ","VARIOS    ","AGUAS-POT ","POT-FUENTE","N"
"20-AUG-2025 09:56:00","NANCY     ","fuente                                                                                              ","LAB_MUN   ","08-OCT-2025 09:47:21","Agya de red                                                                                         ","LM_CAMPO  ","    240958","--080831                      ","FUENTES             ","3         ","                                                                                                    ","AGUAS_POT ","                                                                                                    ","FUENTE-RED","Agua de consumo               ","AG_CONSUMO","F-110     ","VARIOS    ","AGUAS-POT ","POT-FUENTE","N"
"20-AUG-2025 10:09:00","NANCY     ","fuente                                                                                              ","LAB_MUN   ","08-OCT-2025 09:47:21","Agua de red                                                                                         ","LM_CAMPO  ","    240959","--080832                      ","FUENTES             ","3         ","                                                                                                    ","AGUAS_POT ","                                                                                                    ","FUENTE-RED","Agua de consumo               ","AG_CONSUMO","F-112     ","VARIOS    ","AGUAS-POT ","POT-FUENTE","N"
"20-AUG-2025 10:23:00","NANCY     ","fuente                                                                                              ","LAB_MUN   ","08-OCT-2025 09:46:05","Agua de red                                                                                         ","LM_CAMPO  ","    240960","--080833                      ","AGUAS-POT-2025      ","3         ","                                                                                                    ","AGUAS_POT ","                                                                                                    ","FUENTE-RED","Agua de consumo               ","AG_CONSUMO","F-111     ","VARIOS    ","AGUAS-POT ","POT-FUENTE","N"
"20-AUG-2025 10:45:00","NANCY     ","fuente                                                                                              ","LAB_MUN   ","08-OCT-2025 09:46:05","Agua de red                                                                                         ","LM_CAMPO  ","    240961","--080834                      ","AGUAS-POT-2025      ","3         ","                                                                                                    ","AGUAS_POT ","                                                                                                    ","FUENTE-RED","Agua de consumo               ","AG_CONSUMO","F-198     ","VARIOS    ","AGUAS-POT ","POT-FUENTE","N"
"20-AUG-2025 11:45:00","NANCY     ","fuente                                                                                              ","LAB_MUN   ","08-OCT-2025 09:46:05","Agua de red                                                                                         ","LM_CAMPO  ","    240962","--080835                      ","AGUAS-POT-2025      ","3         ","                                                                                                    ","AGUAS_POT ","                                                                                                    ","FUENTE-RED","Agua de consumo               ","AG_CONSUMO","F-71      ","VARIOS    ","AGUAS-POT ","POT-FUENTE","N"
"20-AUG-2025 12:00:00","NANCY     ","fuente                                                                                              ","LAB_MUN   ","08-OCT-2025 09:46:05","Agua de red                                                                                         ","LM_CAMPO  ","    240963","--080836                      ","AGUAS-POT-2025      ","3         ","                                                                                                    ","AGUAS_POT ","                                                                                                    ","FUENTE-RED","Agua de consumo               ","AG_CONSUMO","F-49      ","VARIOS    ","AGUAS-POT ","POT-FUENTE","N"
"20-AUG-2025 11:29:00","NANCY     ","fuente                                                                                              ","LAB_MUN   ","08-OCT-2025 09:46:05","Agua de red                                                                                         ","LM_CAMPO  ","    240964","--080837                      ","AGUAS-POT-2025      ","3         ","                                                                                                    ","AGUAS_POT ","                                                                                                    ","FUENTE-RED","Agua de consumo               ","AG_CONSUMO","F-3       ","VARIOS    ","AGUAS-POT ","POT-FUENTE","N"
"25-AUG-2025 07:47:27","CLIENTE   ","Vaso                                                                                                ","PISCI_AYTO","08-OCT-2025 09:56:25","Agua no de consumo tratada                                                                          ","LAB_MUN   ","    241022","AUTOCONTROL-2025-8491         ","AUTOCONTROL-2025    ","          ","                                                                                                    ","LUDICAS   ","                                                                                                    ","PISCINAS  ","Agua Lúdica                   ","AG_LUDICA ","VASO-M2   ","MUN-R1    ","WMN_LUD_CL","LUD-LEGIO "," "
"26-AUG-2025 09:56:00","NANCY     ","cocina                                                                                              ","LAB_MUN   ","16-SEP-2025 07:37:53","agua de grifo cocina (más cercano a caldera individual)                                             ","LM_CAMPO  ","    241026","LEGIONELLA-2025-8492          ","LEGIONELLA-2025     ","          ","                                                                                                    ","          ","                                                                                                    ","          ","Agua Caliente Sanitaria       ","AG_ACS    ","D-1148    ","          ","LEGIONELLA","LEGIO-IDEX"," "
"26-AUG-2025 10:01:00","NANCY     ","baño al lado de cocina                                                                              ","LAB_MUN   ","16-SEP-2025 07:37:59","agua de ducha                                                                                       ","LM_CAMPO  ","    241028","LEGIONELLA-2025-8493          ","LEGIONELLA-2025     ","          ","                                                                                                    ","          ","                                                                                                    ","          ","Agua Caliente Sanitaria       ","AG_ACS    ","D-1148    ","          ","LEGIONELLA","LEGIO-IDEX"," "
"26-AUG-2025 09:50:00","NANCY     ","baño adaptado más alejado del depósito                                                              ","LAB_MUN   ","16-SEP-2025 07:38:13","agua de ducha                                                                                       ","LM_CAMPO  ","    241031","LEGIONELLA-2025-8494          ","LEGIONELLA-2025     ","          ","                                                                                                    ","          ","                                                                                                    ","          ","Agua caliente sanitaria       ","AG_ACS    ","D-1148    ","          ","LEGIONELLA","LEGIO-IDEX"," "
"26-AUG-2025 11:15:00","NANCY     ","baño 2 (frente a habitación ricallor)                                                               ","LAB_MUN   ","16-SEP-2025 07:38:19","agua de ducha                                                                                       ","LM_CAMPO  ","    241035","LEGIONELLA-2025-8498          ","LEGIONELLA-2025     ","          ","                                                                                                    ","          ","                                                                                                    ","          ","Agua caliente sanitaria       ","AG_ACS    ","D-1149    ","          ","LEGIONELLA","LEGIO-IDEX"," "
"26-AUG-2025 11:10:00","NANCY     ","baño 1 cercano a oficina                                                                            ","LAB_MUN   ","16-SEP-2025 07:38:24","agua de ducha                                                                                       ","LM_CAMPO  ","    241036","LEGIONELLA-2025-8499          ","LEGIONELLA-2025     ","0         ","                                                                                                    ","          ","                                                                                                    ","          ","Agua caliente sanitaria       ","AG_ACS    ","D-1149    ","          ","LEGIONELLA","LEGIO-IDEX","E"
"26-AUG-2025 11:25:00","NANCY     ","baño 6                                                                                              ","LAB_MUN   ","16-SEP-2025 07:38:31","agua de ducha                                                                                       ","LM_CAMPO  ","    241037","LEGIONELLA-2025-8500          ","LEGIONELLA-2025     ","          ","                                                                                                    ","          ","                                                                                                    ","          ","Agua caliente sanitaria       ","AG_ACS    ","D-1149    ","          ","LEGIONELLA","LEGIO-IDEX"," "
"27-AUG-2025 13:29:00","NANCY     ","fuente                                                                                              ","LAB_MUN   ","08-OCT-2025 09:47:21","agua de red                                                                                         ","LM_CAMPO  ","    241048","--080838                      ","FUENTES             ","3         ","Incumplimiento Al y Fe                                                                              ","AGUAS_POT ","                                                                                                    ","FUENTE-RED","Agua de consumo               ","AG_CONSUMO","F-110     ","VARIOS    ","AGUAS-POT ","POT-FUENTE","N"
"27-AUG-2025 13:29:00","NANCY     ","fuente                                                                                              ","LAB_MUN   ","08-OCT-2025 09:47:21","agua de red                                                                                         ","LM_CAMPO  ","    241049","--080839                      ","FUENTES             ","3         ","incumplimiento en Ni                                                                                ","AGUAS_POT ","                                                                                                    ","FUENTE-RED","Agua de consumo               ","AG_CONSUMO","F-111     ","VARIOS    ","AGUAS-POT ","POT-FUENTE","N"
"27-AUG-2025 13:29:00","NANCY     ","fuente                                                                                              ","LAB_MUN   ","08-OCT-2025 09:47:21","agua de red                                                                                         ","LM_CAMPO  ","    241050","--080840                      ","FUENTES             ","3         ","Incumplimiento Al                                                                                   ","AGUAS_POT ","                                                                                                    ","FUENTE-RED","Agua de consumo               ","AG_CONSUMO","F-198     ","VARIOS    ","AGUAS-POT ","POT-FUENTE","N"
"08-SEP-2025 11:25:00","NUMARTIN  ","fuente                                                                                              ","LAB_MUN   ","08-OCT-2025 09:47:21","agua de red                                                                                         ","LM_CAMPO  ","    241154","AG_CONSUMO-F-326-080841       ","FUENTES             ","5         ","                                                                                                    ","AGUAS_POT ","                                                                                                    ","FUENTE-RED","Agua de consumo               ","AG_CONSUMO","F-168     ","VARIOS    ","WMM_LM_POT","POT-FUENTE","N"
"08-SEP-2025 11:15:00","NUMARTIN  ","fuente                                                                                              ","LAB_MUN   ","08-OCT-2025 09:47:22","agua de red                                                                                         ","LM_CAMPO  ","    241155","AG_CONSUMO-F-328-080842       ","FUENTES             ","5         ","                                                                                                    ","AGUAS_POT ","                                                                                                    ","FUENTE-RED","Agua de consumo               ","AG_CONSUMO","F-169     ","VARIOS    ","WMM_LM_POT","POT-FUENTE","N"
"01-SEP-2025 12:30:00","NUMARTIN  ","fuente                                                                                              ","LAB_MUN   ","08-OCT-2025 09:47:22","agua de red                                                                                         ","LM_CAMPO  ","    241156","AG_CONSUMO-F-321-080843       ","FUENTES             ","5         ","                                                                                                    ","AGUAS_POT ","                                                                                                    ","FUENTE-RED","Agua de consumo               ","AG_CONSUMO","F-321     ","VARIOS    ","WMM_LM_POT","POT-FUENTE","N"
"01-SEP-2025 12:10:00","NUMARTIN  ","fuente                                                                                              ","LAB_MUN   ","08-OCT-2025 09:47:22","agua de red                                                                                         ","LM_CAMPO  ","    241157","AG_CONSUMO-F-332-080844       ","FUENTES             ","5         ","                                                                                                    ","AGUAS_POT ","                                                                                                    ","FUENTE-RED","Agua de consumo               ","AG_CONSUMO","F-322     ","VARIOS    ","WMM_LM_POT","POT-FUENTE","N"
"01-SEP-2025 11:20:00","NUMARTIN  ","fuente                                                                                              ","LAB_MUN   ","08-OCT-2025 09:47:22","agua de red                                                                                         ","LM_CAMPO  ","    241158","AG_CONSUMO-F-301-080845       ","FUENTES             ","5         ","                                                                                                    ","AGUAS_POT ","                                                                                                    ","FUENTE-RED","Agua de consumo               ","AG_CONSUMO","F-301     ","VARIOS    ","WMM_LM_POT","POT-FUENTE","N"
"01-SEP-2025 11:50:00","NUMARTIN  ","fuente                                                                                              ","LAB_MUN   ","08-OCT-2025 09:47:22","agua de red                                                                                         ","LM_CAMPO  ","    241159","AG_CONSUMO-F-301-080846       ","FUENTES             ","5         ","                                                                                                    ","AGUAS_POT ","                                                                                                    ","FUENTE-RED","Agua de consumo               ","AG_CONSUMO","F-302     ","VARIOS    ","WMM_LM_POT","POT-FUENTE","N"
"01-SEP-2025 11:35:00","NUMARTIN  ","fuente                                                                                              ","LAB_MUN   ","08-OCT-2025 09:47:22","agua de red                                                                                         ","LM_CAMPO  ","    241160","AG_CONSUMO-F-300-080847       ","FUENTES             ","5         ","                                                                                                    ","AGUAS_POT ","                                                                                                    ","FUENTE-RED","Agua de consumo               ","AG_CONSUMO","F-300     ","VARIOS    ","WMM_LM_POT","POT-FUENTE","N"
"08-SEP-2025 11:45:00","NUMARTIN  ","fuente                                                                                              ","LAB_MUN   ","08-OCT-2025 09:47:22","agua de red                                                                                         ","LM_CAMPO  ","    241161","AG_CONSUMO-F-363-080848       ","FUENTES             ","5         ","                                                                                                    ","AGUAS_POT ","                                                                                                    ","FUENTE-RED","Agua de consumo               ","AG_CONSUMO","F-173     ","VARIOS    ","WMM_LM_POT","POT-FUENTE","N"
"02-SEP-2025 09:35:00","NUMARTIN  ","grifo baño adaptado                                                                                 ","LAB_MUN   ","08-OCT-2025 09:46:05","agua de red                                                                                         ","LM_CAMPO  ","    241162","AG_CONSUMO-D-1013-080849      ","AGUAS-POT-2025      ","3         ","                                                                                                    ","AGUAS_POT ","                                                                                                    ","RED-VIT   ","Agua de consumo               ","AG_CONSUMO","D-1013    ","REDES     ","WMM_LM_POT","POT-SANITA"," "
"02-SEP-2025 09:55:00","NUMARTIN  ","grifo 1, baño femenino                                                                              ","LAB_MUN   ","08-OCT-2025 09:46:05","agua de red                                                                                         ","LM_CAMPO  ","    241163","AG_CONSUMO-D-1014-080850      ","AGUAS-POT-2025      ","3         ","                                                                                                    ","AGUAS_POT ","                                                                                                    ","RED-VIT   ","Agua de consumo               ","AG_CONSUMO","D-1014    ","REDES     ","WMM_LM_POT","POT-SANITA"," "
"02-SEP-2025 10:20:00","NUMARTIN  ","grifo 1, vestuario femenino cancha                                                                  ","LAB_MUN   ","08-OCT-2025 09:46:05","agua de red                                                                                         ","LM_CAMPO  ","    241164","AG_CONSUMO-D-1021-080851      ","AGUAS-POT-2025      ","3         ","                                                                                                    ","AGUAS_POT ","                                                                                                    ","RED-VIT   ","Agua de consumo               ","AG_CONSUMO","D-1021    ","REDES     ","WMM_LM_POT","POT-SANITA","E"
"02-SEP-2025 08:40:00","NUMARTIN  ","grifo adaptado baño femenino                                                                        ","LAB_MUN   ","08-OCT-2025 09:46:05","agua de red                                                                                         ","LM_CAMPO  ","    241165","AG_CONSUMO-D-031-080852       ","AGUAS-POT-2025      ","3         ","                                                                                                    ","AGUAS_POT ","                                                                                                    ","RED-VIT   ","Agua de consumo               ","AG_CONSUMO","D-031     ","REDES     ","WMM_LM_POT","POT-SANITA","E"
"02-SEP-2025 11:50:00","NUMARTIN  ","grifo 1, baño masculino                                                                             ","LAB_MUN   ","08-OCT-2025 09:46:05","agua de red                                                                                         ","LM_CAMPO  ","    241166","AG_CONSUMO-D-034-080853       ","AGUAS-POT-2025      ","3         ","                                                                                                    ","AGUAS_POT ","                                                                                                    ","RED-VIT   ","Agua de consumo               ","AG_CONSUMO","D-034     ","REDES     ","WMM_LM_POT","POT-SANITA"," "
"02-SEP-2025 09:05:00","NUMARTIN  ","grifo 1, aseo femenino                                                                              ","LAB_MUN   ","08-OCT-2025 09:46:06","agua de red                                                                                         ","LM_CAMPO  ","    241167","AG_CONSUMO-D-1025-080854      ","AGUAS-POT-2025      ","3         ","                                                                                                    ","AGUAS_POT ","                                                                                                    ","RED-VIT   ","Agua de consumo               ","AG_CONSUMO","D-1025    ","REDES     ","WMM_LM_POT","POT-SANITA"," "
"02-SEP-2025 10:45:00","NUMARTIN  ","grifo 1, vestuario 3 femenino                                                                       ","LAB_MUN   ","08-OCT-2025 09:46:06","agua de red                                                                                         ","LM_CAMPO  ","    241168","AG_CONSUMO-D-1022-080855      ","AGUAS-POT-2025      ","3         ","                                                                                                    ","AGUAS_POT ","                                                                                                    ","RED-VIT   ","Agua de consumo               ","AG_CONSUMO","D-1022    ","REDES     ","WMM_LM_POT","POT-SANITA"," "
"02-SEP-2025 11:10:00","NUMARTIN  ","grifo 2, aseo femenino                                                                              ","LAB_MUN   ","08-OCT-2025 09:46:06","agua de red                                                                                         ","LM_CAMPO  ","    241169","AG_CONSUMO-D-1078-080856      ","AGUAS-POT-2025      ","3         ","                                                                                                    ","AGUAS_POT ","                                                                                                    ","RED-VIT   ","Agua de consumo               ","AG_CONSUMO","D-1078    ","REDES     ","WMM_LM_POT","POT-SANITA"," "
"04-SEP-2025 07:55:00","NUMARTIN  ","ducha en domicilio C/ Puerto Rico 14                                                                ","LAB_MUN   ","22-SEP-2025 09:52:04","agua de ducha                                                                                       ","LM_CAMPO  ","    241174","LEGIONELLA-2025-8566          ","LEGIONELLA-2025     ","          ","Caso 012507                                                                                         ","          ","                                                                                                    ","          ","Agua Caliente Sanitaria       ","AG_ACS    ","LEGIO-000 ","          ","LEGIONELLA","LEGIO-IDEX"," "
"04-SEP-2025 08:20:00","NUMARTIN  ","depósito                                                                                            ","LAB_MUN   ","22-SEP-2025 09:52:10","agua de depósito                                                                                    ","LM_CAMPO  ","    241175","LEGIONELLA-2025-8567          ","LEGIONELLA-2025     ","          ","                                                                                                    ","          ","                                                                                                    ","          ","agua lavacoches               ","AG-LAVACO ","D-1147    ","          ","LEGIONELLA","LEGIO-PA-S"," "
"04-SEP-2025 08:50:00","NUMARTIN  ","lanza 2                                                                                             ","LAB_MUN   ","22-SEP-2025 09:52:17","agua de lanza 2                                                                                     ","LM_CAMPO  ","    241176","LEGIONELLA-2025-8568          ","LEGIONELLA-2025     ","          ","                                                                                                    ","          ","                                                                                                    ","          ","agua depósito                 ","AG-LAVACO ","D-1083    ","          ","LEGIONELLA","LEGIO-PA-S"," "
"04-SEP-2025 09:20:00","NUMARTIN  ","lanza 1                                                                                             ","LAB_MUN   ","22-SEP-2025 09:52:23","agua de depósito                                                                                    ","LM_CAMPO  ","    241177","LEGIONELLA-2025-8569          ","LEGIONELLA-2025     ","          ","                                                                                                    ","          ","                                                                                                    ","          ","Agua lavacoches               ","AG-LAVACO ","D-1079    ","          ","LEGIONELLA","LEGIO-PA-S"," "
"04-SEP-2025 09:30:00","NUMARTIN  ","lanza 1                                                                                             ","LAB_MUN   ","22-SEP-2025 09:52:29","agua de lavacoches                                                                                  ","LM_CAMPO  ","    241178","LEGIONELLA-2025-8570          ","LEGIONELLA-2025     ","          ","                                                                                                    ","          ","                                                                                                    ","          ","agua depósito                 ","AG-LAVACO ","D-1080    ","          ","LEGIONELLA","LEGIO-PA-S"," "
"08-SEP-2025 11:05:00","NUMARTIN  ","fuente                                                                                              ","LAB_MUN   ","08-OCT-2025 09:47:22","agua de red                                                                                         ","LM_CAMPO  ","    241226","AG_CONSUMO-F-175-080857       ","FUENTES             ","5         ","                                                                                                    ","AGUAS_POT ","                                                                                                    ","FUENTE-RED","Agua de consumo               ","AG_CONSUMO","F-175     ","VARIOS    ","WMM_LM_POT","POT-FUENTE","N"
"08-SEP-2025 10:35:00","NUMARTIN  ","fuente                                                                                              ","LAB_MUN   ","08-OCT-2025 09:47:22","agua de red                                                                                         ","LM_CAMPO  ","    241227","AG_CONSUMO-F-176-080858       ","FUENTES             ","5         ","                                                                                                    ","AGUAS_POT ","                                                                                                    ","FUENTE-RED","Agua de consumo               ","AG_CONSUMO","F-176     ","VARIOS    ","WMM_LM_POT","POT-FUENTE","N"
"08-SEP-2025 10:55:00","NUMARTIN  ","fuente                                                                                              ","LAB_MUN   ","08-OCT-2025 09:47:22","agua de red                                                                                         ","LM_CAMPO  ","    241228","AG_CONSUMO-F-178-080859       ","FUENTES             ","5         ","                                                                                                    ","AGUAS_POT ","                                                                                                    ","FUENTE-RED","Agua de consumo               ","AG_CONSUMO","F-178     ","VARIOS    ","WMM_LM_POT","POT-FUENTE","N"
"08-SEP-2025 11:35:00","NUMARTIN  ","fuente                                                                                              ","LAB_MUN   ","08-OCT-2025 09:47:22","agua de red                                                                                         ","LM_CAMPO  ","    241229","AG_CONSUMO-F-181-080860       ","FUENTES             ","5         ","                                                                                                    ","AGUAS_POT ","                                                                                                    ","FUENTE-RED","Agua de consumo               ","AG_CONSUMO","F-181     ","VARIOS    ","WMM_LM_POT","POT-FUENTE","N"
"08-SEP-2025 10:45:00","NUMARTIN  ","fuente                                                                                              ","LAB_MUN   ","08-OCT-2025 09:47:29","agua de red                                                                                         ","LM_CAMPO  ","    241230","AG_CONSUMO-F-184-080861       ","FUENTES             ","5         ","                                                                                                    ","AGUAS_POT ","                                                                                                    ","FUENTE-RED","Agua de consumo               ","AG_CONSUMO","F-184     ","VARIOS    ","WMM_LM_POT","POT-FUENTE","N"
"10-SEP-2025 10:34:00","OSKAR     ","ducha baño fondo 1                                                                                  ","LAB_MUN   ","22-SEP-2025 10:51:00","agua de ducha                                                                                       ","LM_CAMPO  ","    241247","LEGIONELLA-2025-8577          ","LEGIONELLA-2025     ","          ","                                                                                                    ","          ","                                                                                                    ","          ","agua caliente sanitaria       ","AG_ACS    ","D-1150    ","          ","LEGIONELLA","LEGIO-IDEX"," "
"10-SEP-2025 10:40:00","OSKAR     ","ducha baño fondo 3                                                                                  ","LAB_MUN   ","22-SEP-2025 10:51:00","agua de ducha                                                                                       ","LM_CAMPO  ","    241248","LEGIONELLA-2025-8578          ","LEGIONELLA-2025     ","          ","                                                                                                    ","          ","                                                                                                    ","          ","agua caliente sanitaria       ","AG_ACS    ","D-1150    ","          ","LEGIONELLA","LEGIO-IDEX"," "
"10-SEP-2025 10:45:00","OSKAR     ","ducha baño pasillo 2                                                                                ","LAB_MUN   ","22-SEP-2025 10:51:00","agua de ducha                                                                                       ","LM_CAMPO  ","    241249","LEGIONELLA-2025-8579          ","LEGIONELLA-2025     ","          ","                                                                                                    ","          ","                                                                                                    ","          ","agua caliente sanitaria       ","AG_ACS    ","D-1150    ","          ","LEGIONELLA","LEGIO-IDEX"," "
"10-SEP-2025 09:53:00","OSKAR     ","ducha vest. masc planta 0 alejada                                                                   ","LAB_MUN   ","22-SEP-2025 10:51:00","agua de ducha                                                                                       ","LM_CAMPO  ","    241250","LEGIONELLA-2025-8580          ","LEGIONELLA-2025     ","          ","                                                                                                    ","          ","                                                                                                    ","          ","agua caliente sanitaria       ","AG_ACS    ","D-1154    ","          ","LEGIONELLA","LEGIO-IDEX"," "
"10-SEP-2025 10:03:00","NUMARTIN  ","ducha ap 310                                                                                        ","LAB_MUN   ","22-SEP-2025 10:51:00","agua de ducha                                                                                       ","LM_CAMPO  ","    241251","LEGIONELLA-2025-8581          ","LEGIONELLA-2025     ","          ","                                                                                                    ","          ","                                                                                                    ","          ","agua caliente sanitaria       ","AG_ACS    ","D-1154    ","          ","LEGIONELLA","LEGIO-IDEX"," "
"10-SEP-2025 10:10:00","NUMARTIN  ","ducha ap 502                                                                                        ","LAB_MUN   ","22-SEP-2025 10:51:00","agua de ducha                                                                                       ","LM_CAMPO  ","    241252","LEGIONELLA-2025-8582          ","LEGIONELLA-2025     ","          ","                                                                                                    ","          ","                                                                                                    ","          ","agua caliente sanitaria       ","AG_ACS    ","D-1154    ","          ","LEGIONELLA","LEGIO-IDEX"," "
"10-SEP-2025 11:10:00","OSKAR     ","ducha baño ático                                                                                    ","LAB_MUN   ","22-SEP-2025 10:51:00","agua de ducha                                                                                       ","LM_CAMPO  ","    241258","LEGIONELLA-2025-8586          ","LEGIONELLA-2025     ","          ","                                                                                                    ","          ","                                                                                                    ","          ","agua caliente sanitaria       ","AG_ACS    ","D-1152    ","          ","LEGIONELLA","LEGIO-IDEX"," "
"10-SEP-2025 11:20:00","OSKAR     ","ducha baño planta 1                                                                                 ","LAB_MUN   ","22-SEP-2025 10:51:00","agua de ducha                                                                                       ","LM_CAMPO  ","    241259","LEGIONELLA-2025-8587          ","LEGIONELLA-2025     ","          ","                                                                                                    ","          ","                                                                                                    ","          ","agua caliente sanitaria       ","AG_ACS    ","D-1152    ","          ","LEGIONELLA","LEGIO-IDEX"," "
"10-SEP-2025 11:25:00","OSKAR     ","ducha baño abajo planta 0                                                                           ","LAB_MUN   ","22-SEP-2025 10:51:00","agua de ducha                                                                                       ","LM_CAMPO  ","    241260","LEGIONELLA-2025-8588          ","LEGIONELLA-2025     ","          ","                                                                                                    ","          ","                                                                                                    ","          ","agua caliente sanitaria       ","AG_ACS    ","D-1152    ","          ","LEGIONELLA","LEGIO-IDEX"," "
"16-SEP-2025 10:35:00","OSKAR     ","grifo 2º derecha, vestuario masculino cancha                                                        ","LAB_MUN   ","08-OCT-2025 09:46:06","agua de grifo (instalaciones interiores)                                                            ","LM_CAMPO  ","    241422","AG_CONSUMO-G-23-080862        ","AGUAS-POT-2025      ","5         ","                                                                                                    ","AGUAS_POT ","                                                                                                    ","GRIFO     ","Agua de consumo               ","AG_CONSUMO","G-23      ","REDES     ","WMM_LM_POT","POT-GRIFO ","N"
"16-SEP-2025 09:55:00","OSKAR     ","grifo 1º izquierda, aseo femenino cancha                                                            ","LAB_MUN   ","08-OCT-2025 09:46:06","agua de grifo (instalaciones interiores)                                                            ","LM_CAMPO  ","    241423","AG_CONSUMO-G-44-080863        ","AGUAS-POT-2025      ","5         ","                                                                                                    ","AGUAS_POT ","                                                                                                    ","GRIFO     ","Agua de consumo               ","AG_CONSUMO","G-44      ","REDES     ","WMM_LM_POT","POT-GRIFO ","N"
"16-SEP-2025 10:10:00","OSKAR     ","grifo 1º derecha, vestuario 2 abajo femenino                                                        ","LAB_MUN   ","26-SEP-2025 13:23:10","agua de grifo (instalaciones interiores)                                                            ","LM_CAMPO  ","    241424","AG_CONSUMO-G-26-080864        ","AGUAS-POT-2025      ","5         ","                                                                                                    ","AGUAS_POT ","                                                                                                    ","GRIFO     ","Agua de consumo               ","AG_CONSUMO","G-26      ","REDES     ","WMM_LM_POT","POT-GRIFO ","E"
"16-SEP-2025 10:55:00","OSKAR     ","grifo 1º derecha,vestuario 2 masculino cancha                                                       ","LAB_MUN   ","26-SEP-2025 13:23:15","agua de grifo (instalaciones interiores)                                                            ","LM_CAMPO  ","    241425","AG_CONSUMO-G-22-080865        ","AGUAS-POT-2025      ","5         ","                                                                                                    ","AGUAS_POT ","                                                                                                    ","GRIFO     ","Agua de consumo               ","AG_CONSUMO","G-22      ","REDES     ","WMM_LM_POT","POT-GRIFO ","E"
"16-SEP-2025 11:25:00","OSKAR     ","grifo 1º derecha, aseo masculino planta 0                                                           ","LAB_MUN   ","08-OCT-2025 09:46:25","agua de grifo (instalaciones interiores)                                                            ","LM_CAMPO  ","    241426","AG_CONSUMO-G-41-080866        ","AGUAS-POT-2025      ","5         ","                                                                                                    ","AGUAS_POT ","                                                                                                    ","GRIFO     ","Agua de consumo               ","AG_CONSUMO","G-41      ","REDES     ","WMM_LM_POT","POT-GRIFO ","N"
"16-SEP-2025 09:15:00","OSKAR     ","grifo 1º derecha, vestuario 4                                                                       ","LAB_MUN   ","08-OCT-2025 09:46:25","agua de grifo (instalaciones interiores)                                                            ","LM_CAMPO  ","    241427","AG_CONSUMO-G-20-080867        ","AGUAS-POT-2025      ","5         ","                                                                                                    ","AGUAS_POT ","                                                                                                    ","GRIFO     ","Agua de consumo               ","AG_CONSUMO","G-20      ","REDES     ","WMM_LM_POT","POT-GRIFO ","N"
"18-SEP-2025 13:00:00","OSKAR     ","lanza 3                                                                                             ","LAB_MUN   ","03-OCT-2025 13:08:47","agua de lanza                                                                                       ","LM_CAMPO  ","    241437","LEGIONELLA-2025-8633          ","LEGIONELLA-2025     ","          ","                                                                                                    ","          ","                                                                                                    ","          ","agua de lavacoches            ","AG-LAVACO ","D-1038    ","          ","LEGIONELLA","LEGIO-PA-S"," "
"18-SEP-2025 13:30:00","OSKAR     ","lanza 2                                                                                             ","LAB_MUN   ","03-OCT-2025 13:08:52","agua de lanza                                                                                       ","LM_CAMPO  ","    241438","LEGIONELLA-2025-8634          ","LEGIONELLA-2025     ","          ","                                                                                                    ","          ","                                                                                                    ","          ","agua de lavacoches            ","AG-LAVACO ","D-1069    ","          ","LEGIONELLA","LEGIO-PA-S"," "
"18-SEP-2025 13:15:00","OSKAR     ","lanza 2                                                                                             ","LAB_MUN   ","03-OCT-2025 13:08:59","agua de lanza                                                                                       ","LM_CAMPO  ","    241439","LEGIONELLA-2025-8635          ","LEGIONELLA-2025     ","          ","                                                                                                    ","          ","                                                                                                    ","          ","agua de lavacoches            ","AG-LAVACO ","D-1071    ","          ","LEGIONELLA","LEGIO-PA-S"," "
"18-SEP-2025 12:10:00","OSKAR     ","acumulador                                                                                          ","LAB_MUN   ","03-OCT-2025 13:09:05","agua de acumulador                                                                                  ","LM_CAMPO  ","    241440","LEGIONELLA-2025-8636          ","LEGIONELLA-2025     ","          ","                                                                                                    ","          ","                                                                                                    ","          ","agua caliente sanitaria       ","AG_ACS    ","D-322     ","          ","LEGIONELLA","LEGIO-PA  "," "
"18-SEP-2025 12:15:00","OSKAR     ","ducha habitación 114 A                                                                              ","LAB_MUN   ","08-OCT-2025 09:53:52","agua de ducha                                                                                       ","LM_CAMPO  ","    241441","LEGIONELLA-2025-8637          ","LEGIONELLA-2025     ","          ","                                                                                                    ","          ","                                                                                                    ","          ","agua caliente sanitaria       ","AG_ACS    ","D-322     ","          ","LEGIONELLA","LEGIO-PA  "," "
"18-SEP-2025 12:20:00","OSKAR     ","ducha habitación 157 B                                                                              ","LAB_MUN   ","08-OCT-2025 09:53:52","agua de ducha                                                                                       ","LM_CAMPO  ","    241442","LEGIONELLA-2025-8638          ","LEGIONELLA-2025     ","          ","                                                                                                    ","          ","                                                                                                    ","          ","agua caliente sanitaria       ","AG_ACS    ","D-322     ","          ","LEGIONELLA","LEGIO-PA  "," "
"22-SEP-2025 09:46:56","CLIENTE   ","vaso                                                                                                ","PISCI_AYTO","08-OCT-2025 09:56:40","Agua no de consumo tratada                                                                          ","LAB_MUN   ","    241450","AUTOCONTROL-2025-8643         ","AUTOCONTROL-2025    ","          ","                                                                                                    ","LUDICAS   ","                                                                                                    ","PISCINAS  ","Agua Lúdica                   ","AG_LUDICA ","VASO-A1   ","MUN-R1    ","WMN_LUD_CL","LUD-AMPLIA"," "
"22-SEP-2025 09:46:56","CLIENTE   ","vaso                                                                                                ","PISCI_AYTO","08-OCT-2025 09:56:40","Agua no de consumo tratada                                                                          ","LAB_MUN   ","    241451","AUTOCONTROL-2025-8644         ","AUTOCONTROL-2025    ","          ","                                                                                                    ","LUDICAS   ","                                                                                                    ","PISCINAS  ","Agua Lúdica                   ","AG_LUDICA ","VASO-A2   ","MUN-R1    ","WMN_LUD_CL","LUD-AMPLIA"," "
"22-SEP-2025 09:46:56","CLIENTE   ","vaso                                                                                                ","PISCI_AYTO","08-OCT-2025 09:56:40","Agua no de consumo tratada                                                                          ","LAB_MUN   ","    241452","AUTOCONTROL-2025-8645         ","AUTOCONTROL-2025    ","          ","                                                                                                    ","LUDICAS   ","                                                                                                    ","PISCINAS  ","Agua Lúdica                   ","AG_LUDICA ","VASO-I1   ","MUN-R1    ","WMN_LUD_CL","LUD-AMPLIA"," "
"22-SEP-2025 09:46:56","CLIENTE   ","vaso                                                                                                ","PISCI_AYTO","08-OCT-2025 09:56:40","Agua no de consumo tratada                                                                          ","LAB_MUN   ","    241453","AUTOCONTROL-2025-8646         ","AUTOCONTROL-2025    ","          ","                                                                                                    ","LUDICAS   ","                                                                                                    ","PISCINAS  ","Agua Lúdica                   ","AG_LUDICA ","VASO-I2   ","MUN-R1    ","WMN_LUD_CL","LUD-AMPLIA"," "
"22-SEP-2025 09:46:56","CLIENTE   ","vaso                                                                                                ","PISCI_AYTO","08-OCT-2025 09:56:40","Agua no de consumo tratada                                                                          ","LAB_MUN   ","    241454","AUTOCONTROL-2025-8647         ","AUTOCONTROL-2025    ","          ","                                                                                                    ","LUDICAS   ","                                                                                                    ","PISCINAS  ","Agua Lúdica                   ","AG_LUDICA ","VASO-AB1  ","MUN-R1    ","WMN_LUD_CL","LUD-AMPLIA"," "
"22-SEP-2025 09:46:56","CLIENTE   ","vaso                                                                                                ","PISCI_AYTO","08-OCT-2025 09:56:40","Agua no de consumo tratada                                                                          ","LAB_MUN   ","    241455","AUTOCONTROL-2025-8648         ","AUTOCONTROL-2025    ","          ","                                                                                                    ","LUDICAS   ","                                                                                                    ","PISCINAS  ","Agua Lúdica                   ","AG_LUDICA ","VASO-AB2  ","MUN-R1    ","WMN_LUD_CL","LUD-AMPLIA"," "
"22-SEP-2025 09:46:56","CLIENTE   ","vaso                                                                                                ","PISCI_AYTO","08-OCT-2025 09:56:40","Agua no de consumo tratada                                                                          ","LAB_MUN   ","    241456","AUTOCONTROL-2025-8649         ","AUTOCONTROL-2025    ","          ","                                                                                                    ","LUDICAS   ","                                                                                                    ","PISCINAS  ","Agua Lúdica                   ","AG_LUDICA ","VASO-IB-1 ","MUN-R1    ","WMN_LUD_CL","LUD-AMPLIA"," "
"22-SEP-2025 09:46:56","CLIENTE   ","vaso                                                                                                ","PISCI_AYTO","08-OCT-2025 09:56:40","Agua no de consumo tratada                                                                          ","LAB_MUN   ","    241457","AUTOCONTROL-2025-8650         ","AUTOCONTROL-2025    ","          ","                                                                                                    ","LUDICAS   ","                                                                                                    ","PISCINAS  ","Agua Lúdica                   ","AG_LUDICA ","VASO-IB-2 ","MUN-R1    ","WMN_LUD_CL","LUD-AMPLIA"," "
"22-SEP-2025 09:46:56","CLIENTE   ","vaso                                                                                                ","PISCI_AYTO","08-OCT-2025 09:56:40","Agua no de consumo tratada                                                                          ","LAB_MUN   ","    241458","AUTOCONTROL-2025-8651         ","AUTOCONTROL-2025    ","          ","                                                                                                    ","LUDICAS   ","                                                                                                    ","PISCINAS  ","Agua Lúdica                   ","AG_LUDICA ","VASO-IB-3 ","MUN-R1    ","WMN_LUD_CL","LUD-AMPLIA"," "
"22-SEP-2025 09:46:56","CLIENTE   ","vaso                                                                                                ","PISCI_AYTO","08-OCT-2025 09:56:40","Agua no de consumo tratada                                                                          ","LAB_MUN   ","    241459","AUTOCONTROL-2025-8652         ","AUTOCONTROL-2025    ","          ","                                                                                                    ","LUDICAS   ","                                                                                                    ","PISCINAS  ","Agua Lúdica                   ","AG_LUDICA ","VASO-M1   ","MUN-R1    ","WMN_LUD_CL","LUD-AMPLIA"," "
"22-SEP-2025 09:46:56","CLIENTE   ","vaso                                                                                                ","PISCI_AYTO","08-OCT-2025 09:56:40","Agua no de consumo tratada                                                                          ","LAB_MUN   ","    241460","AUTOCONTROL-2025-8653         ","AUTOCONTROL-2025    ","          ","                                                                                                    ","LUDICAS   ","                                                                                                    ","PISCINAS  ","Agua Lúdica                   ","AG_LUDICA ","VASO-M2   ","MUN-R1    ","WMN_LUD_CL","LUD-AMPLIA"," "
"23-SEP-2025 08:09:23","CLIENTE   ","vaso                                                                                                ","PISCI_AYTO","08-OCT-2025 09:56:40","Agua no de consumo tratada                                                                          ","LAB_MUN   ","    241462","AUTOCONTROL-2025-8654         ","AUTOCONTROL-2025    ","          ","                                                                                                    ","LUDICAS   ","                                                                                                    ","PISCINAS  ","Agua Lúdica                   ","AG_LUDICA ","VASO-H1   ","MUN-R2    ","WMN_LUD_CL","LUD-AMPLIA"," "
"23-SEP-2025 08:09:23","CLIENTE   ","vaso                                                                                                ","PISCI_AYTO","08-OCT-2025 09:56:40","Agua no de consumo tratada                                                                          ","LAB_MUN   ","    241463","AUTOCONTROL-2025-8655         ","AUTOCONTROL-2025    ","          ","                                                                                                    ","LUDICAS   ","                                                                                                    ","PISCINAS  ","Agua Lúdica                   ","AG_LUDICA ","VASO-L1   ","MUN-R2    ","WMN_LUD_CL","LUD-AMPLIA"," "
"23-SEP-2025 08:09:23","CLIENTE   ","vaso                                                                                                ","PISCI_AYTO","08-OCT-2025 09:56:40","Agua no de consumo tratada                                                                          ","LAB_MUN   ","    241464","AUTOCONTROL-2025-8656         ","AUTOCONTROL-2025    ","          ","                                                                                                    ","LUDICAS   ","                                                                                                    ","PISCINAS  ","Agua Lúdica                   ","AG_LUDICA ","VASO-L2   ","MUN-R2    ","WMN_LUD_CL","LUD-AMPLIA"," "
"23-SEP-2025 08:09:23","CLIENTE   ","vaso                                                                                                ","PISCI_AYTO","08-OCT-2025 09:56:40","Agua no de consumo tratada                                                                          ","LAB_MUN   ","    241465","AUTOCONTROL-2025-8657         ","AUTOCONTROL-2025    ","          ","                                                                                                    ","LUDICAS   ","                                                                                                    ","PISCINAS  ","Agua Lúdica                   ","AG_LUDICA ","VASO-SA1  ","MUN-R2    ","WMN_LUD_CL","LUD-AMPLIA"," "
"23-SEP-2025 08:09:23","CLIENTE   ","vaso                                                                                                ","PISCI_AYTO","08-OCT-2025 09:56:40","Agua no de consumo tratada                                                                          ","LAB_MUN   ","    241466","AUTOCONTROL-2025-8658         ","AUTOCONTROL-2025    ","          ","                                                                                                    ","LUDICAS   ","                                                                                                    ","PISCINAS  ","Agua Lúdica                   ","AG_LUDICA ","VASO-SA2  ","MUN-R2    ","WMN_LUD_CL","LUD-AMPLIA"," "
"23-SEP-2025 08:09:23","CLIENTE   ","vaso                                                                                                ","PISCI_AYTO","08-OCT-2025 09:56:40","Agua no de consumo tratada                                                                          ","LAB_MUN   ","    241467","AUTOCONTROL-2025-8659         ","AUTOCONTROL-2025    ","          ","                                                                                                    ","LUDICAS   ","                                                                                                    ","PISCINAS  ","Agua Lúdica                   ","AG_LUDICA ","VASO-SB1  ","MUN-R2    ","WMN_LUD_CL","LUD-AMPLIA"," "
"23-SEP-2025 08:09:23","CLIENTE   ","vaso                                                                                                ","PISCI_AYTO","08-OCT-2025 09:56:40","Agua no de consumo tratada                                                                          ","LAB_MUN   ","    241468","AUTOCONTROL-2025-8660         ","AUTOCONTROL-2025    ","          ","                                                                                                    ","LUDICAS   ","                                                                                                    ","PISCINAS  ","Agua Lúdica                   ","AG_LUDICA ","VASO-SB2  ","MUN-R2    ","WMN_LUD_CL","LUD-AMPLIA"," "
"23-SEP-2025 08:09:23","CLIENTE   ","vaso                                                                                                ","PISCI_AYTO","08-OCT-2025 09:56:40","Agua no de consumo tratada                                                                          ","LAB_MUN   ","    241469","AUTOCONTROL-2025-8661         ","AUTOCONTROL-2025    ","          ","                                                                                                    ","LUDICAS   ","                                                                                                    ","PISCINAS  ","Agua Lúdica                   ","AG_LUDICA ","VASO-ZA1  ","MUN-R2    ","WMN_LUD_CL","LUD-AMPLIA"," "
"23-SEP-2025 08:09:23","CLIENTE   ","vaso                                                                                                ","PISCI_AYTO","08-OCT-2025 09:56:40","Agua no de consumo tratada                                                                          ","LAB_MUN   ","    241470","AUTOCONTROL-2025-8662         ","AUTOCONTROL-2025    ","          ","                                                                                                    ","LUDICAS   ","                                                                                                    ","PISCINAS  ","Agua Lúdica                   ","AG_LUDICA ","VASO-ZA2  ","MUN-R2    ","WMN_LUD_CL","LUD-AMPLIA"," "
"24-SEP-2025 10:30:00","OSKAR     ","vaso                                                                                                ","LAB_MUN   ","08-OCT-2025 09:47:58","Agua de aporte de red                                                                               ","LM_CAMPO  ","    241514","LUD-D-221-24-SEP-2025-013757  ","LUDICAS-2025        ","          ","                                                                                                    ","LUDICAS   ","                                                                                                    ","PISCINAS  ","Agua de piscina               ","AG_LUDICA ","D-221     ","CUBIERTA-1","WMM_LUD   ","LUD-BASICO"," "
"24-SEP-2025 10:55:00","NUMARTIN  ","vaso                                                                                                ","LAB_MUN   ","08-OCT-2025 09:47:58","Agua de aporte de red                                                                               ","LM_CAMPO  ","    241516","LUD-D-225-24-SEP-2025-013759  ","LUDICAS-2025        ","          ","                                                                                                    ","LUDICAS   ","                                                                                                    ","PISCINAS  ","Agua de piscina               ","AG_LUDICA ","D-225     ","CUBIERTA-1","WMM_LUD   ","LUD-BASICO"," "
"24-SEP-2025 09:50:00","OSKAR     ","vaso                                                                                                ","LAB_MUN   ","08-OCT-2025 09:47:58","Agua de aporte de red                                                                               ","LM_CAMPO  ","    241517","LUD-D-237-24-SEP-2025-013760  ","LUDICAS-2025        ","          ","                                                                                                    ","LUDICAS   ","                                                                                                    ","PISCINAS  ","Agua de piscina               ","AG_LUDICA ","D-237     ","CUBIERTA-1","WMM_LUD   ","LUD-BASICO"," "
"24-SEP-2025 09:40:00","NUMARTIN  ","vaso                                                                                                ","LAB_MUN   ","08-OCT-2025 09:47:58","Agua de aporte de red                                                                               ","LM_CAMPO  ","    241518","LUD-D-238-24-SEP-2025-013761  ","LUDICAS-2025        ","          ","                                                                                                    ","LUDICAS   ","                                                                                                    ","PISCINAS  ","Agua de piscina               ","AG_LUDICA ","D-238     ","CUBIERTA-1","WMM_LUD   ","LUD-BASICO"," "
"24-SEP-2025 09:50:00","NUMARTIN  ","vaso                                                                                                ","LAB_MUN   ","08-OCT-2025 09:47:58","Agua de aporte de red                                                                               ","LM_CAMPO  ","    241519","LUD-D-252-24-SEP-2025-013762  ","LUDICAS-2025        ","          ","                                                                                                    ","LUDICAS   ","                                                                                                    ","PISCINAS  ","Agua de piscina               ","AG_LUDICA ","D-252     ","CUBIERTA-1","WMM_LUD   ","LUD-BASICO"," "
"24-SEP-2025 10:00:00","NUMARTIN  ","vaso                                                                                                ","LAB_MUN   ","08-OCT-2025 09:47:58","Agua de aporte de red                                                                               ","LM_CAMPO  ","    241520","LUD-D-254-24-SEP-2025-013763  ","LUDICAS-2025        ","          ","                                                                                                    ","LUDICAS   ","                                                                                                    ","PISCINAS  ","Agua de piscina               ","AG_LUDICA ","D-254     ","CUBIERTA-1","WMM_LUD   ","LUD-BASICO"," "
"29-SEP-2025 08:10:00","NUMARTIN  ","ducha domicilio caso 12510                                                                          ","LAB_MUN   ","08-OCT-2025 09:54:27","agua de ducha                                                                                       ","LM_CAMPO  ","    241653","LEGIONELLA-2025-8758          ","LEGIONELLA-2025     ","0         ","                                                                                                    ","          ","                                                                                                    ","          ","Agua Caliente Sanitaria       ","AG_ACS    ","LEGIO-000 ","          ","LEGIONELLA","LEGIO-IDEX","N"
"29-SEP-2025 10:10:00","OSKAR     ","G-40                                                                                                ","LAB_MUN   ","08-OCT-2025 09:48:55","blanco potables proceso                                                                             ","LAB_MUN   ","    241654","CCI-INSPECCION-2025-8759      ","CCI-INSPECCION-2025 ","0         ","                                                                                                    ","          ","                                                                                                    ","          ","agua blanco potables grifo    ","CONTROL-PO","G-40      ","          ","AGUAS     ","POT-GRIFO ","N"
"29-SEP-2025 10:15:00","OSKAR     ","grifo 1º izquierda, aseo masculino 3                                                                ","LAB_MUN   ","08-OCT-2025 09:46:25","agua de red                                                                                         ","LM_CAMPO  ","    241655","AG_CONSUMO-G-40-080868        ","AGUAS-POT-2025      ","5         ","                                                                                                    ","AGUAS_POT ","                                                                                                    ","GRIFO     ","Agua de consumo               ","AG_CONSUMO","G-40      ","REDES     ","WMM_LM_POT","POT-GRIFO ","E"
"29-SEP-2025 10:33:00","OSKAR     ","grifo 1º izquierda, vestuario 1, planta 0                                                           ","LAB_MUN   ","08-OCT-2025 09:46:25","agua de red                                                                                         ","LM_CAMPO  ","    241656","AG_CONSUMO-G-42-080869        ","AGUAS-POT-2025      ","5         ","                                                                                                    ","AGUAS_POT ","                                                                                                    ","GRIFO     ","Agua de consumo               ","AG_CONSUMO","G-94      ","REDES     ","WMM_LM_POT","POT-GRIFO ","E"
"29-SEP-2025 10:55:00","OSKAR     ","grifo 2º izquierda zona interior, aseo masculino cancha                                             ","LAB_MUN   ","08-OCT-2025 09:46:25","agua de red                                                                                         ","LM_CAMPO  ","    241657","AG_CONSUMO-G-43-080870        ","AGUAS-POT-2025      ","5         ","                                                                                                    ","AGUAS_POT ","                                                                                                    ","GRIFO     ","Agua de consumo               ","AG_CONSUMO","G-43      ","REDES     ","WMM_LM_POT","POT-GRIFO ","E"
"29-SEP-2025 10:45:00","OSKAR     ","grifo, aseo masculino, planta -2                                                                    ","LAB_MUN   ","08-OCT-2025 09:46:26","agua de red                                                                                         ","LM_CAMPO  ","    241658","AG_CONSUMO-G-36-080871        ","AGUAS-POT-2025      ","5         ","                                                                                                    ","AGUAS_POT ","                                                                                                    ","GRIFO     ","Agua de consumo               ","AG_CONSUMO","G-36      ","REDES     ","WMM_LM_POT","POT-GRIFO ","E"
"01-OCT-2025 11:25:00","OSKAR     ","ducha nº 2, vestuario masculino                                                                     ","LAB_MUN   ","08-OCT-2025 09:54:27","agua de ducha                                                                                       ","LM_CAMPO  ","    241683","LEGIONELLA-2025-8764          ","LEGIONELLA-2025     ","          ","                                                                                                    ","          ","                                                                                                    ","          ","agua caliente sanitaria       ","AG_ACS    ","D-1058    ","          ","LEGIONELLA","LEGIO-LAMP"," "
"01-OCT-2025 10:55:00","NUMARTIN  ","ducha 1º derecha, vestuario femenino                                                                ","LAB_MUN   ","08-OCT-2025 09:54:27","agua de ducha                                                                                       ","LM_CAMPO  ","    241684","LEGIONELLA-2025-8765          ","LEGIONELLA-2025     ","0         ","                                                                                                    ","          ","                                                                                                    ","          ","agua caliente sanitaria       ","AG_ACS    ","D-1157    ","          ","LEGIONELLA","LEGIO-LAMP","E"
"01-OCT-2025 09:35:00","OSKAR     ","ducha 2º izquierda, vestuario masculino                                                             ","LAB_MUN   ","08-OCT-2025 09:54:27","agua de ducha                                                                                       ","LM_CAMPO  ","    241685","LEGIONELLA-2025-8766          ","LEGIONELLA-2025     ","          ","                                                                                                    ","          ","                                                                                                    ","          ","agua caliente sanitaria       ","AG_ACS    ","D-1116    ","          ","LEGIONELLA","LEGIO-LAMP"," "
"01-OCT-2025 10:45:00","OSKAR     ","ducha 1º, vestuario masculino                                                                       ","LAB_MUN   ","08-OCT-2025 09:54:27","agua de ducha                                                                                       ","LM_CAMPO  ","    241686","LEGIONELLA-2025-8767          ","LEGIONELLA-2025     ","          ","                                                                                                    ","          ","                                                                                                    ","          ","agua caliente sanitaria       ","AG_ACS    ","D-1057    ","          ","LEGIONELLA","LEGIO-LAMP"," "
"01-OCT-2025 10:24:00","NUMARTIN  ","ducha vestuario femenino adaptado                                                                   ","LAB_MUN   ","08-OCT-2025 09:54:27","agua de ducha                                                                                       ","LM_CAMPO  ","    241687","LEGIONELLA-2025-8768          ","LEGIONELLA-2025     ","          ","                                                                                                    ","          ","                                                                                                    ","          ","agua caliente sanitaria       ","AG_ACS    ","D-1059    ","          ","LEGIONELLA","LEGIO-LAMP"," "
"01-OCT-2025 11:50:00","OSKAR     ","ducha 1º izquierda, vestuario masculino                                                             ","LAB_MUN   ","08-OCT-2025 09:54:27","agua de ducha                                                                                       ","LM_CAMPO  ","    241688","LEGIONELLA-2025-8769          ","LEGIONELLA-2025     ","          ","                                                                                                    ","          ","                                                                                                    ","          ","agua caliente sanitaria       ","AG_ACS    ","D-1128    ","          ","LEGIONELLA","LEGIO-LAMP"," "
"01-OCT-2025 12:20:00","NUMARTIN  ","ducha derecha                                                                                       ","LAB_MUN   ","08-OCT-2025 09:54:27","agua de ducha                                                                                       ","LM_CAMPO  ","    241689","LEGIONELLA-2025-8770          ","LEGIONELLA-2025     ","          ","                                                                                                    ","          ","                                                                                                    ","          ","agua caliente sanitaria       ","AG_ACS    ","D-1155    ","          ","LEGIONELLA","LEGIO-LAMP"," "
"01-OCT-2025 10:15:00","OSKAR     ","ducha 1º izquierda, vestuario masculino                                                             ","LAB_MUN   ","08-OCT-2025 09:54:27","agua de ducha                                                                                       ","LM_CAMPO  ","    241690","LEGIONELLA-2025-8771          ","LEGIONELLA-2025     ","          ","                                                                                                    ","          ","                                                                                                    ","          ","agua caliente sanitaria       ","AG_ACS    ","D-1156    ","          ","LEGIONELLA","LEGIO-LAMP"," "
"02-OCT-2025 12:50:00","OSKAR     ","ducha vest femenino 1º ducha izd                                                                    ","LAB_MUN   ","08-OCT-2025 09:54:27","agua de ducha                                                                                       ","LM_CAMPO  ","    241701","LEGIONELLA-2025-8772          ","LEGIONELLA-2025     ","          ","                                                                                                    ","          ","                                                                                                    ","          ","agua caliente sanitaria       ","AG_ACS    ","D-1166    ","          ","LEGIONELLA","LEGIO-LAMP"," "
"02-OCT-2025 10:55:00","OSKAR     ","ducha individual dcha vest masc.                                                                    ","LAB_MUN   ","08-OCT-2025 09:54:27","agua de ducha                                                                                       ","LM_CAMPO  ","    241702","LEGIONELLA-2025-8773          ","LEGIONELLA-2025     ","          ","                                                                                                    ","          ","                                                                                                    ","          ","agua caliente sanitaria       ","AG_ACS    ","D-1159    ","          ","LEGIONELLA","LEGIO-LAMP"," "
"02-OCT-2025 09:44:00","NUMARTIN  ","ducha frente 1º vestuario único                                                                     ","LAB_MUN   ","08-OCT-2025 09:54:27","agua de ducha                                                                                       ","LM_CAMPO  ","    241703","LEGIONELLA-2025-8774          ","LEGIONELLA-2025     ","          ","                                                                                                    ","          ","                                                                                                    ","          ","agua caliente sanitaria       ","AG_ACS    ","D-1160    ","          ","LEGIONELLA","LEGIO-LAMP"," "
"02-OCT-2025 12:05:00","OSKAR     ","ducha 2º izd vest. mascul.                                                                          ","LAB_MUN   ","08-OCT-2025 09:54:27","agua de ducha                                                                                       ","LM_CAMPO  ","    241704","LEGIONELLA-2025-8775          ","LEGIONELLA-2025     ","          ","                                                                                                    ","          ","                                                                                                    ","          ","agua caliente sanitaria       ","AG_ACS    ","D-1161    ","          ","LEGIONELLA","LEGIO-LAMP"," "
"02-OCT-2025 11:30:00","NUMARTIN  ","ducha adaptada vest. femen.                                                                         ","LAB_MUN   ","08-OCT-2025 09:54:27","agua de ducha                                                                                       ","LM_CAMPO  ","    241705","LEGIONELLA-2025-8776          ","LEGIONELLA-2025     ","          ","                                                                                                    ","          ","                                                                                                    ","          ","agua caliente sanitaria       ","AG_ACS    ","D-1162    ","          ","LEGIONELLA","LEGIO-LAMP"," "
"02-OCT-2025 10:10:00","NUMARTIN  ","ducha 1º dcha vest. femenino                                                                        ","LAB_MUN   ","08-OCT-2025 09:54:27","agua de ducha                                                                                       ","LM_CAMPO  ","    241706","LEGIONELLA-2025-8777          ","LEGIONELLA-2025     ","          ","                                                                                                    ","          ","                                                                                                    ","          ","agua caliente sanitaria       ","AG_ACS    ","D-1163    ","          ","LEGIONELLA","LEGIO-LAMP"," "
"02-OCT-2025 10:32:00","NUMARTIN  ","ducha adaptada                                                                                      ","LAB_MUN   ","08-OCT-2025 09:54:27","agua de ducha                                                                                       ","LM_CAMPO  ","    241707","LEGIONELLA-2025-8778          ","LEGIONELLA-2025     ","          ","                                                                                                    ","          ","                                                                                                    ","          ","agua caliente sanitaria       ","AG_ACS    ","D-1164    ","          ","LEGIONELLA","LEGIO-LAMP"," "
"02-OCT-2025 12:20:00","NUMARTIN  ","ducha 1º dcha ves. femenino                                                                         ","LAB_MUN   ","08-OCT-2025 09:54:27","agua de ducha                                                                                       ","LM_CAMPO  ","    241708","LEGIONELLA-2025-8779          ","LEGIONELLA-2025     ","          ","                                                                                                    ","          ","                                                                                                    ","          ","agua caliente sanitaria       ","AG_ACS    ","D-1165    ","          ","LEGIONELLA","LEGIO-LAMP"," "
